Master Record Number,Agency,Local Code,County,Township,City,Collision Date,Collision Time,Vehicles Involved,Trailers Involved,Number Injured,Number Dead,Number Deer,House Number,Roadway Name,Roadway Suffix,Roadway Number,Roadway Interchange,Roadway Ramp,Roadway Id,Intersecting Road,Intersecting Road Number,Mile Marker,Interchange,Corporate Limits?,Property Type,Feet From,Direction,Latitude,Longitude,Roadway Class,Traffic Control Devices?,Aggressive Driving?,Hit and Run?,Locality,School Zone?,Rumble Strips?,Construction?,Construction Type,Light Condition,Weather Conditions,Surface Condition,Type of Median,Roadway Junction Type,Road Character,Roadway Surface,Primary Factor,Damage Estimate,Manner of Collision,Time Notified,Time Arrived,Investigation Complete?,Photos Taken?,Unique Location Id,State Property Damage?,Traffic Control,NARRATIVE
903291567,BLOOMINGTON PD,B1900603,MONROE,PERRY,BLOOMINGTON,1/5/2019,11:57 AM,2,0,0,0,0,409,S WALNUT,ST,,,,S WALNUT,,,,,Y,,,,39.16273306,-86.5336,UNKNOWN,,N,Y,URBAN,N,N,N,,DAYLIGHT,CLEAR,DRY,,NO JUNCTION INVOLVED,STRAIGHT/LEVEL,ASPHALT,UNSAFE BACKING,UNDER $1001,BACKING CRASH,1157,1205,N,N,SWALNUTST,0,NONE,"THE OWNER OF V2 STATED HE WAS NOTIFIED BY MANAGEMENT OF BEDRAK CAFE THAT HIS VEHICLE WAS STRUCK IN THE PARKING LOT AND THE OFFENDING VEHICLE HAD LEFT THE SCENE. A WITNESS WAS ABLE TO PROVIDE A VEHICLE DISCRIPTION AND PLATE NUMBER OF THE OFFENDING VEHICLE. THE PLATE WAS A INDIANA PASSENGER PLATE WITH NUMBER ASN191. THE VEHICLE DISCRIPTION OF THE VEHICLE WAS A MAROON PASSENGER VEHICLE. I PLACED A CALL TO THE WITNESS WHO INDICATED THAT THE OFFENDING VEHICLE STRUCK V2 HARD ENOUGH TO MAKE IT SURGE FORWARD. W 1 PROVIDED A PHYSICAL DISCRIPTION OF D1. SHE SAID THE DRIVER WAS AN ASIAN MALE, IN HIS 20'S WEARING GLASSES AND HAD SHORT HAIR. SHE ADDED THAT IT LOOKED LIKE V1 HAD BACKED NORTH FROM A PARKING SPACE WHEN IT STRUCK V2. THE PLATE INFORMATION PROVIDED BY THE WITNESS DID RETURN TO A 2008 MAROON TOYOTA, REGISTERED TO A DUC HUNG LE. AS OF TODAYS DATE I HAVE NOT LOCATED THE OFFENDING VEHICLE. ON 01/06/2019 I WENT TO 2677 E 7TH ST APT A AND OBSERVED A MAROON TOYOTA WITH A MATCHING PLATE NUMBER THAT THE WITNESS PROVIDED. I THEN MADE CONTACT WITH MR. HOANG DO WHO ADMITTED TO OPERATING THE 2008 MAROON TOYOTA IN THE PARKING LOT OF 409 S WALNUT YESTERDAY. HE ALSO SAID HE STRUCK A VEHICLE BUT DID NOT THINK THERE WAS ANY DAMAGE. MR. DO SAID HE DID NOT ATTEMPT TO MAKE CONTACT WITH THE OWNER AND LEFT. MR. DO WAS CITED FOR LEAVING THE SCENE."
903291701,BLOOMINGTON PD,B1900656,MONROE,PERRY,BLOOMINGTON,1/5/2019,7:06 PM,2,0,0,0,0,,BLOOMFIELD,RD,,,,W BLOOMFIELD,SB I69 ENTRANCE,,,,Y,,,,0,0,LOCAL/CITY ROAD,Y,N,N,URBAN,N,N,N,,DARK (LIGHTED),CLEAR,DRY,,FOUR-WAY INTERSECTION,STRAIGHT/GRADE,ASPHALT,OTHER (DRIVER) - EXPLAIN IN NARRATIVE,$1001 TO $2500,REAR END,711,730,Y,N,SBI69ENTRANCERAMPWBLOOMFIELDRD,0,TRAFFIC CONTROL SIGNAL,"V1 WAS TRAVELING WB ON W BLOOMFIELD ROAD AT THE INTERSECTION FOR THE I-69 SB ENTRY RAMP. V2 WAS IN FRONT OF V1 NEAR THE TRAFFIC SIGNAL AT THE SAME INTERSECTION. V1 STATED THAT A WATER BOTTLE ROLLED INTO HER FLOORBOARD AND WEDGED ITSELF BEHIND HER BRAKE PEDAL, NOT ALLOWING HER TO BRAKE. SUBSEQUENTLY, THE FRONT OF V1 COLLIDED WITH THE REAR OF V2.*UPDATED V1 INFORMATION, INITIALLY ENTERED INCORRECT VIN, MAKE, MODEL*"
903292109,MONROE SD,M19A477,MONROE,PERRY,BLOOMINGTON,1/5/2019,5:43 AM,2,0,0,0,0,,,,SR37S,,,SR37S,DELLSVILLE,,,,N,,,,39.06614,-86.54152,STATE ROAD,,N,N,RURAL,N,N,N,,DARK (NOT LIGHTED),CLEAR,ICE,,T-INTERSECTION,CURVE/GRADE,ASPHALT,SPEED TOO FAST FOR WEATHER CONDITIONS,$5001 TO $10000,RAN OFF ROAD,543,543,Y,Y,SOUTHDELLSVILLERDSR37S,0,NONE,"Vehicle 1 was traveling northbound in the 7300 Block of South Old State Road 37 when it lost traction due to ice forming on the roadway. Vehicle 1 slid across the southbound lanes and traveled off the west side of the roadway into the gravel driveway of 7390 South Old 37 and continued sliding into the grass separating 7390 and 7380 South Old 37 before colliding with a concrete retaining wall separating the two properties.Vehicle 2 was parked in the driveway of 7380 South Old State Road 37 investigating an earlier collision and sustained numerous scratches and dents to the passenger side doors and quarter panels from the mud and gravel debris dislodged during vehicle 1's slide. Vehicle 1 and 2 did not contact each other during the collision and no injuries were sustained by any persons involved.No significant damage was observed to the lawn, driveway, or retaining wall."
903292108,MONROE SD,M19A476,MONROE,PERRY,BLOOMINGTON,1/5/2019,5:04 AM,1,0,1,0,0,,,,SR37S,,,SR37S,DELLSVILLE,,,,N,,,,39.06614,-86.54152,STATE ROAD,,N,N,RURAL,N,N,N,,DARK (NOT LIGHTED),CLEAR,ICE,,T-INTERSECTION,CURVE/GRADE,ASPHALT,SPEED TOO FAST FOR WEATHER CONDITIONS,$5001 TO $10000,RAN OFF ROAD,504,513,Y,N,SOUTHDELLSVILLERDSR37S,0,NONE,"Vehicle 1 was northbound in the 7300 Block of South Old State Road 37 when ice forming on the roadway caused the vehicle to lose traction. Vehicle 1 began sliding into the southbound lanes and ultimately traveled off the west edge of the roadway into a ditch and stand of trees/vegetation.Driver 1's injuries included a complaint of neck pain and minor lacerations to his arms, hands, and legs. Driver 1 was evaluated by EMS at the scene and was not transported to the hospital."
903291574,BLOOMINGTON PD,B190599,MONROE,BLOOMINGTON,BLOOMINGTON,1/5/2019,10:30 AM,2,0,0,0,0,2424,S WALNUT,ST,,,,S WALNUT,,,,,Y,,,,39.18942433,-86.53338906,UNKNOWN,,N,N,URBAN,N,N,N,,DAYLIGHT,CLEAR,DRY,,NO JUNCTION INVOLVED,STRAIGHT/GRADE,ASPHALT,UNSAFE BACKING,$1001 TO $2500,BACKING CRASH,1035,1046,Y,N,SWALNUTST,0,NONE,V1 HAD JUST TURNED TO GO SOUTH IN THE PARKING LOT OF LUCKYS MARKET AT 2424 S WALNUT ST.V2 WAS BACKING OUT OF A PARKING SPACE IN THE ROW THAT V1 WAS PULLING INTO.D1 SAID WHEN SHE TURNED SHE DID NOT REALIZE 2 WAS BACKING OUT. SHE SAID AS SHE TURNED SHE HIT V2.D2 SAID HE HAD BACKED MOST OF THE WAY OUT OF THE PARKING SPACE WHEN HE SAW V1 COMING AT HIM AND THEY COLLIDED.
903291769,BLOOMINGTON PD,B1900646,MONROE,BLOOMINGTON,BLOOMINGTON,1/5/2019,6:10 PM,2,0,7,0,0,,W 3RD,ST,,,,W 3RD,S CORY,,,,Y,,,,39.164544,-86.560096,LOCAL/CITY ROAD,Y,N,N,URBAN,N,N,N,,DARK (LIGHTED),CLOUDY,DRY,,FOUR-WAY INTERSECTION,STRAIGHT/LEVEL,ASPHALT,FAILURE TO YIELD RIGHT OF WAY,$25001 TO $50000,RIGHT ANGLE,614,618,N,Y,SCORYLNW3RDST,0,TRAFFIC CONTROL SIGNAL,"D1 stated that she was at the intersection of W. 3rd Street and S. Cory Lane preparing to turn left, N/B, into the private lot located at 1918 W 3rd Street; Culver's Ice Cream. D1 stated that she had the green light, not turn arrow, and began entering into the intersection to make her turn. D1 stated that upon entering into the intersection she did not see V2 traveling W/B and V2 collided into the passenger's side of V1. D1 stated that V1 then rolled-over onto its' top and rested on the Northwest side of the intersection. D2 stated that she was traveling W/B on W. 3rd Street approaching the intersection at S. Cory Lane. D2 stated that upon approaching the intersection she had the green light to proceed into and through the intersection. D2 stated that upon entering into the intersection V1 pulled out in front of her and V2 collided into the passenger's side of V1. W1 stated that she was in the S/B turn lane off of W 3rd Street, at the intersection of S. Cory Lane, when the Accident occurred. W1 stated that V1 entered into the intersection to proceed N/B into the private lot at Culver's when V2 that was traveling W/B collided into the passenger's side of V1. W1 stated that V1 then rolled over onto its' top and rested on the Northwest side of the intersection. W2, Off-Duty Ellettsville Officer Alex Leggio, was not witness to the accident, but had dash camera footage of the event. After reviewing the video it confirmed the details in all parties statements listed above.All parties involved in the collision were transported to the IU Health Bloomington Hospital for Medical Evaluation, The following injuries have been reported; D1 had a complaint of pain to her right flank or ""ribs"". Front Seat Passenger of V1, Denise Terrell, reported a possible right collarbone break and had a minor cut to her chin.Rear Driver's side Passenger of V1, Jasper Keithley, reported a complaint of pain to his head.Rear Passenger's side Passenger of V1, Emmalyn Keithley, reported a complaint of pain to the abdomen and right arm.D2 had a complaint of pain to her chest and right arm. D2 would later refuse medical treatment at the hospital.Front Passenger of V2, Cameron Rayhill, reported a complaint of pain to his abdomen and shoulders. Rear Driver's side passenger of V2, Connor Guthrie, suffered a detached esophagus, laceration to the liver, and laceration to the spleen. Mr. Guthrie was transported by helicopter from IU Health Bloomington Hospital to Riley Hospital in Indianapolis. Mr. Guthrie is still listed in Critical Condition at the time of this Initial Report. At this time, based on the investigation detailed in the initial report, it appears that due to D1 failing to yield right-of-way to V2 resulted in the collision between V1 and V2."
903296790,ELLETTSVILLE PD,E1900122,MONROE,RICHLAND,ELLETTSVILLE,1/5/2019,11:50 AM,2,0,0,0,0,,,,SR46W,,,SR46W,RED HIIL,,,,Y,,400,E,39.24574,-86.63675465,STATE ROAD,,N,N,URBAN,N,N,N,,DAYLIGHT,CLEAR,DRY,,NO JUNCTION INVOLVED,CURVE/LEVEL,ASPHALT,FAILURE TO YIELD RIGHT OF WAY,$1001 TO $2500,REAR END,1150,1153,Y,N,REDHIILRDSR46W,0,LANE CONTROL,Narrative By Chief Deputy William Jay HumphreyEllettsville Police Department January 5th 2019Driver #1 McCuthchanDriver #2 CircleDriver of Vehicle #1 going East Bound On S.R.46 West just East of Red Hill Road Struck rear of Vehicle #2 also going East Bound on S.R.46 West. Driver of Vehicle #1 at Fault.Both Drivers of Vehicles pulled over on Jacob St. Where report was taken.
903291930,BLOOMINGTON PD,B1900746,MONROE,PERRY,BLOOMINGTON,1/6/2019,1:02 PM,2,0,0,0,0,,SOUTH ROGERS,ST,,,,SOUTH ROGERS,WEST 3RD,,,,Y,,,,39.16472,-86.538592,LOCAL/CITY ROAD,Y,N,N,URBAN,N,N,N,,DAYLIGHT,CLEAR,DRY,,FOUR-WAY INTERSECTION,STRAIGHT/GRADE,ASPHALT,DISREGARD SIGNAL/REG SIGN,$5001 TO $10000,RIGHT ANGLE,103,106,Y,N,SOUTHROGERSSTWEST3RDST,0,TRAFFIC CONTROL SIGNAL,"V1 was northbound on South Rogers Street when it disregarded the red light at West Third Street. As V1 entered the intersection V2, who had the green light, was traveling eastbound on 3rd Street and V1 struck V2. V1 stated he was northbound on South Rogers Street when he ran the red light at West 3rd Street, striking V2. I was not able to get a statement from V2 due to a language barrier. W1 stated she was behind V1, northbound on Rogers Street, when V1 ran the red light at 3rd Street and struck V2."
903292638,BLOOMINGTON PD,B1900909,MONROE,BLOOMINGTON,BLOOMINGTON,1/7/2019,9:15 AM,2,0,0,0,0,810,N WOODLAWN,AVE,,,,N WOODLAWN,,,,,Y,,80,N,39.1735249,-86.5236209,UNKNOWN,,N,N,URBAN,N,N,N,,DAYLIGHT,CLOUDY,DRY,,NO JUNCTION INVOLVED,STRAIGHT/LEVEL,ASPHALT,UNSAFE BACKING,UNDER $1001,BACKING CRASH,436,445,Y,Y,NWOODLAWNAVE,0,NONE,BOTH VEHICLES WERE LOCATED AT THE BLOOMINGTON FIRE DEPARTMENT STATION 3 LOCATED AT 810 N. WOODLAWN AVE. D1 OCCUPIED V1 AND BACKED OUT OF WHERE HE WAS PARKED AND INTO THE UNOCCUPIED V2. D1 STATED HE WAS USING V1'S BACK UP CAMERA BUT DID NOT SEE V2 ON THE SCREEN. V1 HAS MINOR DAMAGE IN THE FORM OF A DENT AND LIGHT PAINT SCRAPES TO THE REAR DRIVER SIDE SIDE PANEL ABOVE THE WHEEL WELL. V2 HAS MINOR DAMAGE TO THE REAR DRIVER SIDE BUMPER IN THE FORM OF PAINT SCRAPES.
903292635,BLOOMINGTON PD,B1900908,MONROE,BLOOMINGTON,BLOOMINGTON,1/7/2019,4:35 PM,2,0,0,0,0,,N COLLEGE,AVE,,,,N COLLEGE,W KIRKWOOD,,,,Y,,30,N,39.16664,-86.5348,LOCAL/CITY ROAD,,N,N,URBAN,N,N,N,,DAYLIGHT,CLEAR,WET,,NO JUNCTION INVOLVED,STRAIGHT/GRADE,ASPHALT,WRONG WAY ON ONE WAY,$2501 TO $5000,RIGHT ANGLE,636,637,Y,N,NCOLLEGEAVEWKIRKWOODAVE,0,NONE,"V1 WAS HEADING EAST ON W. KIRKWOOD AVE. V1 TURNED LEFT AT THE INTERSECTION OF W. KIRKWOOD AVE. AND N. COLLEGE AVE., TRAVELING NORTH AND THE WRONG WAY OR A ONE WAY. V1 SWERVED TO AVOID ONCOMING TRAFFIC AND STRUCK V2 ON THE PASSENGER SIDE REAR CORNER, WHICH WAS PARKED ON THE EAST SIDE OF N. COLLEGE AVE.D1 STATED THAT SHE WAS FOLLOWING HER PHONE GPS AND NOT PAYING ATTENTION WHEN IT SAID TO ""TURN LEFT NOW"". D1 STATED THAT SHE TURNED LEFT AND REALIZED IT WAS THE WRONG WAY ON A ONE WAY. D1 STATED THAT SHE WAS ATTEMPTING TO AVOID HITTING ONCOMING TRAFFIC AND SWERVED TO THE RIGHT, STRIKING V2. D1 STATED THAT SHE CONTINUED UNTIL SHE COULD PULL INTO A PARKING SPOT TO STOP.V2 WAS PARKED AND UNOCCUPIED ALONG THE EAST SIDE OF N. COLLEGE AVE. V2 WAS PARKED FACING SOUTHEAST IN A DIAGONAL PARKING SPOT."
903292125,BLOOMINGTON PD,B1900835,MONROE,BLOOMINGTON,BLOOMINGTON,1/7/2019,3:35 AM,1,0,2,0,0,,,,I69,,,I69S,,,120,,Y,,300,S,41.23833117,-85.09281739,INTERSTATE,,N,N,URBAN,N,N,Y,WORK ON SHOULDER,DARK (NOT LIGHTED),CLEAR,DRY,,NO JUNCTION INVOLVED,STRAIGHT/LEVEL,ASPHALT,DRIVER ASLEEP OR FATIGUED,$5001 TO $10000,RAN OFF ROAD,336,338,Y,Y,I69S120,0,NONE,V1 was traveling South on I69 Southbound just south of the intersection with State Road 46 near mile marker 120. V1 was traveling in the right hand lane of travel when the vehicle ran off the roadway. V1 struck a road sign at the edge of the road and continued to drive off the roadway. V1 then came back onto the roadway before overturning twice in the roadway. V1 landed back upright and was facing Northeast. V1 continued driving forward and struck the concrete barrier wall. V1 sustained significant damage on many areas of the vehicle. D1 advised that he had been tired and fell asleep while driving. V1 was towed by Hawkins Towing to a friend of the owner at a private residence. D1 was treated on scene by EMS personnel for minor lacerations to his head. D1 submitted to SFST tests which did not indicate any intoxication. D1 was cited for Driving while Suspended with a prior conviction in the last 10 years. Passenger of V1 was treated at the scene for complaint of pain to his ankle.
903292708,BLOOMINGTON PD,B1900901,MONROE,PERRY,BLOOMINGTON,1/7/2019,3:50 PM,1,0,0,0,0,,,,SR46N,,,SR46N,E3RD,,,,Y,,,,39.16424,-86.473296,STATE ROAD,Y,N,N,URBAN,N,N,N,,DAYLIGHT,RAIN,WET,,FOUR-WAY INTERSECTION,STRAIGHT/LEVEL,ASPHALT,OVERCORRECTING/OVERSTEERING,$1001 TO $2500,RAN OFF ROAD,353,358,Y,N,E3RDSTSR46N,0,TRAFFIC CONTROL SIGNAL,"V1 was attempting to turn onto N State Road 46 from E 3rd St at the intersection when the driver lost control of the vehicle and proceeded to strike the curb causing disabling damage to her vehicle. D1/V1 stated as she was turning right onto N State Road 46 from E 3rd St, her lost control of her vehicle prior to it striking the curb which caused significant damage to her left rear tire/wheel assembly area. V1 was towed from the scene by Rick's Towing due to disabling damage."
903293156,BLOOMINGTON PD,B1901005,MONROE,BLOOMINGTON,BLOOMINGTON,1/7/2019,2:20 AM,1,0,0,0,0,2110,N WALNUT,ST,,,,N WALNUT,,,,,Y,,,,39.232544,-86.540704,UNKNOWN,,N,N,URBAN,N,N,N,,DARK (LIGHTED),CLEAR,DRY,,NO JUNCTION INVOLVED,STRAIGHT/LEVEL,ASPHALT,UNSAFE BACKING,$1001 TO $2500,OTHER - EXPLAIN IN NARRATIVE,1116,1130,Y,N,NWALNUTST,0,NONE,"The management for the Circle S gas station at 2110 N Walnut St reported that vehicle 1 backed into a gas pump in their lot on 1/7/19 at 2:20 am. Management stated that the driver did not leave any information because it appeared there was no or very little damage to the pump. Management later found the a safety valve under the pump had been damaged. Management provided the plate number and images from security camera of the vehicle and driver. At the time of report I was unable to make contact with driver 1. The plate number and drivers license information does match the vehicle and driver in the images from the security camera. On 2/22/19 I located vehicle 1 at 221 E 16th St and made contact with the owner, Jon Noble. Mr Noble advised that he didn't think he did any damage to the pump and thought the clerk getting his license plate was enough."
903292609,BLOOMINGTON PD,B1900899,MONROE,BLOOMINGTON,BLOOMINGTON,1/7/2019,3:27 PM,1,0,0,0,0,,CURRY,PIKE,,,,S CURRY,ROLL,,,,Y,OTHER,,,39.1472,-86.58259,LOCAL/CITY ROAD,,N,N,URBAN,N,N,N,,DAYLIGHT,RAIN,WET,,FOUR-WAY INTERSECTION,STRAIGHT/LEVEL,ASPHALT,FOLLOWING TOO CLOSELY,$2501 TO $5000,RAN OFF ROAD,329,334,Y,N,SCURRYPIKEWROLLAVE,0,STOP SIGN,D1 stated he was northbound on South Curry Pike when he was approaching the intersection of South Curry Pike and West Roll Avenue. D1 stated the vehicle in front of him stopped suddenly to make a left hand turn at the intersection right in front of him. D1 stated he did not have enough time to stop so he swerved around the vehicle and ran off the roadway and hit a fire hydrant and then came to final rest in a ditch.The fire hydrant is owned by the City of Bloomington.V1 sustained major right front damage and had to be towed due to disabling damage.No injuries were reported. No other vehicle were involved.
903292624,INDIANA UNIV BLOOMINGTON PD,190033,MONROE,BLOOMINGTON,BLOOMINGTON,1/7/2019,3:45 PM,1,0,0,0,0,1101,17TH,ST,,,,17TH,,,,,Y,,,,39.17906557,-86.5474887,UNKNOWN,,N,N,URBAN,N,N,N,,DARK (LIGHTED),CLOUDY,WET,,NO JUNCTION INVOLVED,STRAIGHT/LEVEL,ASPHALT,UNSAFE BACKING,UNDER $1001,COLLISION WITH OBJECT IN ROAD,350,353,Y,N,17THST,0,NONE,"V1 was backing northbound out of a parking space, in the parking lot on the north side of the Gladstein Fieldhouse. V1 then backed into the large yellow curb directly behind the parking stall V1 was leaving. V1 had minor damage to the drivers side rear bumper. There was no damage to the curb. D1 stated that he was backing northbound and checked his mirrors. D1 stated that he did not see any obstructions or problems and continued to back. D1 stated that he then felt a bump and noticed that he had struck the curb. The vehicle did not need to be towed and there were no injuries at the scene."
903294362,ISP BLOOMINGTON 33,2.019E+11,MONROE,BLOOMINGTON,BLOOMINGTON,1/7/2019,6:20 PM,1,0,1,0,0,,,,SR46,,,SR46,,I69,,,N,,450,W,0,0,STATE ROAD,,N,Y,RURAL,N,N,N,,DAWN/DUSK,CLOUDY,WET,,NO JUNCTION INVOLVED,CURVE/LEVEL,ASPHALT,RAN OFF ROAD RIGHT,$10001 TO $25000,RAN OFF ROAD,621,624,N,Y,I69SR46,0,LANE CONTROL,"State Road 46 is a four lane, two way highway that runs primarily east and west. At the time of the crash traffic was medium to heavy. It was dark outside and it had rained just prior to the crash, leaving the ground and road wet. Vehicle 1, a black Dodge Ram, was traveling west on SR 46 west of I 69. V1 traveled off of the roadway into the median. V1 hit the guard rail, flipped over the guard rail, then came to rest on the driver side of the truck in the middle of the median between two guard rails. Driver 1, Bradley Dewees, stated he was traveling west on SR 46 west of I 69. D1 said he remembered little of the crash. D1 said all he remembered was traveling west on SR 46 in the passing lane (left lane) when all of a sudden he hit the guard rail and flipped onto the driver side of the truck. Witness 1, Det./ Sgt. Eric Chaudion of the Ellettsville Police Department, was heading east on SR 46 just east of Curry Pike. W1 stated he watched V1 traveling west on SR 46 miss the curve and proceeded into the median. W1 said he watched as V1 climbed over the guard rail and started coming towards his vehicle. W1 told me he slowed down and merged into the right lane do to V1 coming towards his car. W1 watched as V1 flipped on its side and continued towards his car. W1 stated V1 came to rest a short distance later in between both guard rails. Evidence shows V1 was heavily damaged all over the truck and possible totaled. Evidence shows V1 was located flipped over on its driver side. Evidence shows heavy damage to the guard rail. Evidence shows D1 had been drinking alcohol prior to the accident. **Later D1 admitted to have been drinking just prior to the accident. He blew a .192% BaC on a Portable Breath Test (PBT) while still on scene. D1 also attempted to leave the crash scene prior to the arrival of law enforcement."
903292357,BLOOMINGTON PD,B1900867,MONROE,PERRY,BLOOMINGTON,1/7/2019,11:54 AM,2,0,0,0,0,2966,E 3RD,ST,,,,E 3RD,,,,,Y,,,,39.16424,-86.49425989,UNKNOWN,,N,N,URBAN,N,N,N,,DAYLIGHT,CLOUDY,DRY,,NO JUNCTION INVOLVED,STRAIGHT/LEVEL,ASPHALT,UNSAFE BACKING,$5001 TO $10000,BACKING CRASH,1154,1210,Y,N,E3RDST,0,NONE,D1 STATED SHE WAS PARKED IN AN EAST FACING SPACE AND BEGAN TO BACK SOUTHWEST. D1 INDICATED SHE LOOKED IN HER MIRRORS PRIOR TO BACKING. D1 SAID SHE COLLIDED WITH V2 IN THE CENTER OF THE LANE. D2 STATED SHE WAS PARKED IN A WEST FACING SPACE AND LOOKED IN HER MIRRORS PRIOR TO BACKING EAST. D2 STATED SHE COLLIDED WITH V1 IN THE CENTER OF THE LANE.
903292722,BLOOMINGTON PD,B1900912,MONROE,BLOOMINGTON,BLOOMINGTON,1/7/2019,4:46 PM,2,0,0,0,0,,E KIRKWOOD,AVE,,,,E KIRKWOOD,S WASHINGTON,,,,Y,,,,39.16664,-86.5324,LOCAL/CITY ROAD,,N,Y,URBAN,N,N,N,,DAYLIGHT,CLEAR,DRY,,FOUR-WAY INTERSECTION,STRAIGHT/LEVEL,ASPHALT,UNSAFE BACKING,UNDER $1001,BACKING CRASH,446,500,Y,Y,EKIRKWOODAVESWASHINGTONST,0,STOP SIGN,"V2 was parked facing E/B on Kirkwood. V1 was traveling E/B on Kirkwood attempting to parallel park in front of V2. V1 backed into V2 causing damage to the vehicle.D1 left the scene of the accident.V2 was parked facing E/B on Kirkwood. V2 was not occupied and I was not able to speak with the owner of V2. I made contact with two employees that work for the organization. I spoke with both employees who advised that they where sitting in the office when they heard a loud noise that they indicted sounded like a vehicle striking another vehicle. They advised that they went outside and noticed that the gray Chevrolet bearing plate (YFF165) which belonged to the organization had been struck.W1 was traveling E/B on Kirkwood Ave. W1 observed a black SUV with Indiana plate (TA****) back into V2 and drive away from the scene.Due to D1 unsafe backing, V1 struck V2 causing damage to V2."
903293446,MONROE SD,M19A778,MONROE,RICHLAND,BLOOMINGTON,1/7/2019,11:11 PM,2,0,1,0,0,4111,VERNAL,PIKE,,,,WEST VERNAL,,,,,N,,,,39.17753,-86.58026,UNKNOWN,,N,N,URBAN,N,N,N,,DARK (LIGHTED),CLEAR,DRY,,NO JUNCTION INVOLVED,STRAIGHT/LEVEL,ASPHALT,UNSAFE BACKING,UNDER $1001,SAME DIRECTION SIDESWIPE,1111,1117,Y,Y,WESTVERNALPIKE,1,NONE,"On 1/7/2019 the Monroe County Sheriff's Office responded to a disturbance occurring at 4111 West Vernal Pike Lot 102 in Bloomington, Monroe County, Indiana where a male had been run over by a pickup truck. While officers were responding to the scene, Monroe County Central Dispatch received 911 calls from Andrew Ducker who was at Lot 102 and Ozzy Vaught who was the driver of the pickup truck involved. Ozzy Vaught advised dispatchers that he was the driver that hit a person, however left due to the volatile atmosphere at lot 102 and believed that it was unsafe to remain there until officers arrived. Ozzy Vaught met Deputy Dillon at a nearby grocery store and cooperated with the investigation.EMS and Deputy Walls and Brooks arrived at lot 102 and located the male that had been struck by the pickup truck, Wade Osborne. Deputies and EMS personnel at lot 102 requested additional assistance due to the volatile nature of the other individuals at the property. During the investigation, cell phone video recorded by Andrew Ducker showed Wade Osborne standing on the front porch of lot 102 and Ozzy Vaught and Gage Vaught inside of a silver Chevrolet truck parked in the street. The Vaughts and Mr. Osborne were attempting to yelling derogatory statements at each other and challenging the other to a fight. Near the end of the recording, Mr. Osborne exits the porch towards the Vaught's truck. The camera is pointed towards the ground, however the truck can be heard moving and a loud banging sound is believed to be Mr. Osborne striking the rear driver's side of the truck bed. Moments later, the truck can be heard moving and people screaming that the truck is on top of Mr. Osborne.Evidence at the scene suggests that the Chevrolet struck Mr. Osborne and his Lincoln Town Car during the incident. The Chevrolet sustained damage to the driver side front bumper and the Town Car sustained damage to the passenger side doors and rear quarter panel.Additional information regarding this investigation can be requested through the Monroe County Sheriff's Office Records Division for Report # M19-00778."