Master Record Number,Agency,Local Code,County,Township,City,Collision Date,Collision Time,Vehicles Involved,Trailers Involved,Number Injured,Number Dead,Number Deer,House Number,Roadway Name,Roadway Suffix,Roadway Number,Roadway Interchange,Roadway Ramp,Roadway Id,Intersecting Road,Intersecting Road Number,Mile Marker,Interchange,Corporate Limits?,Property Type,Feet From,Direction,Latitude,Longitude,Roadway Class,Traffic Control Devices?,Aggressive Driving?,Hit and Run?,Locality,School Zone?,Rumble Strips?,Construction?,Construction Type,Light Condition,Weather Conditions,Surface Condition,Type of Median,Roadway Junction Type,Road Character,Roadway Surface,Primary Factor,Damage Estimate,Manner of Collision,Time Notified,Time Arrived,Investigation Complete?,Photos Taken?,Unique Location Id,State Property Damage?,Traffic Control,NARRATIVE
903297644,BLOOMINGTON PD,B1901250,MONROE,PERRY,BLOOMINGTON,1/9/2019,3:00 PM,2,0,0,0,0,581,E HILLSIDE,DR,,,,E HILLSIDE,,,,,Y,,,,39.15063412,-86.5273538,UNKNOWN,,N,Y,URBAN,N,N,N,,UNKNOWN,,DRY,,NO JUNCTION INVOLVED,STRAIGHT/LEVEL,ASPHALT,UNSAFE BACKING,$1001 TO $2500,BACKING CRASH,345,358,N,Y,EHILLSIDEDR,0,NONE,"UNKNOWN DESCRIPTORS ON V1/D1. V2 WAS PARKED IN THE WEST PARKING LOT OF 581 E. HILLSIDE DR. IN A PARKING STALL. SOMETIME BETWEEN 2200 HOURS ON 1/8/19 AND 1500 HOURS ON 1/9/19 V2 WAS STRUCK. V2 SUSTAINED DAMAGE IN THE FORM OF SMALL DENTS, SCRATCHES, AND PAINT SCRAPES ALONG THE PASSENGER SIDE OF THE VEHICLES FRONT AND REAR BUMPER AND QUARTER PANEL. IT IS BELIEVED THAT V1 WAS PARKED IN THE STALL TO THE LEFT AND WHILE BACKING UP, STRUCK V2."
903294047,BLOOMINGTON PD,B1901297,MONROE,BLOOMINGTON,BLOOMINGTON,1/9/2019,9:00 PM,1,0,1,0,0,,3RD,ST,,,,W 3RD,LANDMARK,,,,Y,,,,39.16443,-86.55631,LOCAL/CITY ROAD,Y,N,N,URBAN,N,N,N,,DARK (LIGHTED),CLEAR,DRY,,FOUR-WAY INTERSECTION,STRAIGHT/LEVEL,ASPHALT,PEDESTRIAN ACTION,UNDER $1001,OTHER - EXPLAIN IN NARRATIVE,913,915,Y,Y,SLANDMARKAVEW3RDST,1,TRAFFIC CONTROL SIGNAL,D1 stated he was traveling westbound on West 3rd Street in the far right lane. As D1 approached the intersection at South Landmark Avenue a pedestrian stumbled out into the roadway causing D1 to clip the pedestrian damaging the passenger side mirror. D1 stated he had the green light. I spoke with the pedestrian who stated he was crossing the street at South Landmark Avenue when he was struck by a vehicle. The pedestrian stated he had a few alcoholic beverages this evening and I did observe the odor of alcohol on his person. The pedestrian reported pain on his back as well as his head. I observed a small abrasion on the right side of his head. He was transported to IU Health Bloomington by EMS truck 214. It should be noted that both D1 and the pedestrian went to 215 S. Westplex Ave after the accident occurred to make the report. During my investigation it was discovered that D1's license is suspended infraction. A citation was issued. Photos were taken at the scene.
903293817,BLOOMINGTON PD,B1901212,MONROE,VAN BUREN,BLOOMINGTON,1/9/2019,10:55 AM,2,0,1,0,0,,COLLEGE,AVE,,,,COLLEGE,DODDS,,,,Y,,,,39.157315,-86.533785,LOCAL/CITY ROAD,,N,Y,URBAN,N,N,N,,DAYLIGHT,CLEAR,DRY,,NO JUNCTION INVOLVED,CURVE/GRADE,ASPHALT,UNSAFE LANE MOVEMENT,$2501 TO $5000,SAME DIRECTION SIDESWIPE,1145,1145,N,Y,COLLEGEAVEDODDSST,0,NONE,D2 stated she was heading South on College Avenue in the right hand lane near Dodds Street. D2 stated as she was going around the corner V1 struck her driver side door pushing her off the roadway.D2 stated that V1 left the area very quickly.
903296407,ISP BLOOMINGTON 33,2.019E+11,MONROE,WASHINGTON,BLOOMINGTON,1/9/2019,8:45 AM,1,0,0,0,0,,,,I69,,,I69,,,125,,N,,100,N,0,0,INTERSTATE,,N,N,RURAL,N,Y,N,,DAYLIGHT,CLEAR,DRY,,NO JUNCTION INVOLVED,STRAIGHT/LEVEL,ASPHALT,ANIMAL/OBJECT IN ROADWAY,$1001 TO $2500,NON-COLLISION,845,849,Y,N,I69125,0,LANE CONTROL,"Vehicle 1 was southbound on I-69 north of the 125mm. V1 was behind the Other Participant when OP's trailer struck a construction barrel. The barrel was pushed out into the roadway and V1 collided with the barrel causing damage to V1.Driver of V1 stated he was southbound on I-69 behind the Other Participant. The Other participant struck a construction barrel with his trailer and it went out into the roadway. Driver of V1 stated the barrel came out into the path of his vehicle and he was unable to avoid colliding with it. Driver of V1 struck the barrel and caused damage to the front end of the vehicle. The Other Participant stated he was southbound on I-69 north of the 125 mm and was pulling off the roadway onto the emergency strip. OP stated the trailer he was pulling clipped a construction barrel and pushed it out into the roadway. The barrel ended up in the path of V1 who collided with the barrel.The Other Participant:Martin Minton, DOB: 03/06/19892005, green, Chevrolet, pick-upPlate # TK196LCKVIN# 1GCHK39UX5E211866Trailer Plate # L492972018 modelVIN# 4P5DH1424J3027820Insurance Info: National Trust Ins.Policy # CA100011857-01"
903294596,BLOOMINGTON PD,B1901439,MONROE,BLOOMINGTON,BLOOMINGTON,1/10/2019,8:19 PM,2,0,1,0,0,,2ND,ST,,,,W 2ND,PATTERSON,,,,Y,,,,39.1606,-86.548355,LOCAL/CITY ROAD,Y,Y,Y,URBAN,N,N,N,,DARK (LIGHTED),CLEAR,DRY,,FOUR-WAY INTERSECTION,STRAIGHT/LEVEL,ASPHALT,DISREGARD SIGNAL/REG SIGN,$2501 TO $5000,HEAD ON BETWEEN TWO MOTOR VEHICLES,819,820,Y,Y,SPATTERSONDRW2NDST,0,TRAFFIC CONTROL SIGNAL,"V1 was traveling S/B on Patterson DR. V2 was traveling N/B on Patterson DR. V1 struck V2 while disregarding a red traffic control signal. D1 left the scene of the accident.D2 advised that he was traveling N/B on Patterson DR approaching the intersection of 2nd ST. D2 advised that the traffic control signal had turned green in his direction and he proceeded through the intersection. D2 advised that V1 heading S/B on Patterson DR continued through traffic to turn E/B on 2nd St. D2 advised that he then felt the impact of V1. D2 advised that D1 left the scene. D2 had a complaint of pain of 7 out of 10 to his left arm and was transported to IU Health Bloomington for his injury. I spoke with W1 who advised that he witnessed the accident. He stated that he was directly behind V2 when the traffic control signal in his direction had turned green. W1 advised that D1 traffic control signal had turned red and he saw D1proceed through the intersection as well before striking V2. W1 advised that D1 left the scene.Due to D1 disregarding the traffic control signal, V1 struck V2 causing damage to V2."
903294660,MONROE SD,M19A1067,MONROE,RICHLAND,BLOOMINGTON,1/10/2019,1:47 PM,1,0,0,0,0,,W WOODYARD,RD,,,,W WOODYARD,WALCOTT,,,,N,,1500,S,39.201488,-86.601968,LOCAL/CITY ROAD,,N,N,RURAL,N,N,N,,DAYLIGHT,CLEAR,DRY,,NO JUNCTION INVOLVED,CURVE/GRADE,ASPHALT,RAN OFF ROAD RIGHT,$10001 TO $25000,RAN OFF ROAD,147,153,Y,N,WWOODYARDRDWALCOTTRD,0,NONE,"DRIVER ADVISED THAT SHE WAS TRAVELING SOUTH EAST ON W WOODYARD ROAD WHEN SHE RAN OFF THE ROAD, HIT A POT HOLE AND LOST CONTROL OF HER VEHICLE."
903299731,STINESVILLE PD,S1900030,MONROE,RICHLAND,ELLETTSVILLE,1/10/2019,3:30 PM,2,0,0,0,0,,LOVE,LN,,,,N LOVE,LOVE,,,,N,,,,39.21984,-86.601104,STATE ROAD,,N,N,URBAN,N,N,N,,DAYLIGHT,CLEAR,DRY,,NO JUNCTION INVOLVED,STRAIGHT/LEVEL,ASPHALT,FOLLOWING TOO CLOSELY,$1001 TO $2500,REAR END,340,359,Y,N,LOVELNNLOVELN,0,NONE,DRIVER NUMBER 1 STATED SHE WAS DRIVING VEHICLE NUMBER 1 TRAVELLING EAST BOUND SR46 APROXIMATELY 5225 BLOCK WHEN VEHICLE NUMBER 2 PULLED OUT IN FRONT OF VEHICLE NUMBER 1 SLAMMING ON BRAKES CAUSING VEHICLE NUMBER 1 TO REAR END VEHICLE NUMBER 2.DRIVER NUMBER 2 STATED HE WAS EAST BOUND SR46 WHEN HE OBSERVED A SCHOOL BUS WEST BOUND SR46 ILLUMINATE ITS STOP LIGHTS AND SIGN. VEHICLE NUMBER 2 CAME TO AN ABRUPT STOP AND WAS STRUCK BY VEHICLE NUMBER 1.
903294546,MONROE SD,M19A1094,MONROE,BLOOMINGTON,BLOOMINGTON,1/10/2019,7:30 PM,1,0,0,0,1,,,,SR46W,,,SR46W,CURRY,,,,N,,500,W,39.19444812,-86.57173599,STATE ROAD,,N,N,RURAL,N,N,N,,DARK (NOT LIGHTED),CLEAR,DRY,,NO JUNCTION INVOLVED,STRAIGHT/GRADE,ASPHALT,ANIMAL/OBJECT IN ROADWAY,$2501 TO $5000,COLLISION WITH DEER,834,838,Y,N,CURRYPIKESR46W,0,NONE,"Driver was east bound on State Road 46 when a deer entered the roadway in his lane of travel. The driver was unable to avoid hitting the deer with the front of his vehicle causing heavy damage. The driver drove the vehicle to Community Chrysler on south Walnut St in Bloomington, IN. I met the driver at Community Chrysler to take the crash report."
903294348,BLOOMINGTON PD,B1901390,MONROE,BLOOMINGTON,BLOOMINGTON,1/10/2019,12:30 AM,2,0,0,0,0,,2ND,ST,,,,SECOND,MITCHELL,,,,Y,,,,39.16102,-86.51418,LOCAL/CITY ROAD,,N,N,URBAN,N,N,N,,DAYLIGHT,CLEAR,DRY,,FOUR-WAY INTERSECTION,STRAIGHT/LEVEL,ASPHALT,FAILURE TO YIELD RIGHT OF WAY,$1001 TO $2500,RIGHT ANGLE,1234,1240,Y,Y,MITCHELLSTSECONDST,0,STOP SIGN,"Vehicle 2 was traveling east on Second Street. Vehicle 1 was traveling south on Mitchell St. Both vehicles stopped at the 4-way stop at the intersection of Second and Mitchell at the same time. Both driver's stated that a third vehicle proceeded through the intersection first. Because vehicle 1 and 2 arrived at the intersection at the same time, Vehicle 2 had the right of way and began into the intersection. Vehicle 1 failed to yield right of way to vehicle 2 and the vehicles collided in the middle of the intersection. Vehicle 2 has damage to the front and Vehicle 1 has damage to the passenger side of the vehicle. Driver of vehicle 1 reported minor chest pain but denied any medical treatment from EMS. Driver of vehicle 2 had no injuries. Both vehicles still drivable and were not towed."
903294606,INDIANA UNIV BLOOMINGTON PD,190075,MONROE,BLOOMINGTON,BLOOMINGTON,1/10/2019,10:05 PM,3,0,0,0,0,,11TH,ST,,,,E 11TH,FEE,,,,Y,,,,39.171584,-86.518688,LOCAL/CITY ROAD,,N,N,URBAN,N,N,N,,DARK (LIGHTED),CLEAR,DRY,,FOUR-WAY INTERSECTION,STRAIGHT/LEVEL,ASPHALT,FAILURE TO YIELD RIGHT OF WAY,$25001 TO $50000,RIGHT ANGLE,1008,1016,Y,N,E11THSTFEELN,0,NONE,"V1 was traveling north on Fee Lane, and was attempting to make a left turn to head west on 11th street. V2 was heading south on Fee Lane at the same intersection. V3 was stopped at the stop sign on 11th street, facing east, at the same intersection. V1 turned left from Fee Lane, to go west on 11th street, failing to yield to V2. V2 then struck V1 in the passenger side door, causing V1 to be pushed towards 11th street, and ultimately making contact with the front bumper of V3, with the driver side rear door of V1.D1 stated he was attempting to turn left onto 11th street, to go west, and did not see V2 until it was too late. D1 stated he was then struck by V2 in the passenger side door. D1 said the impact caused his vehicle to be pushed into V3, striking V3 with the driver side rear door. There was heavy damage to the passenger side door, and light damage to the driver side rear door, but the vehicle was able to drive away from the scene. D2 said she was traveling south on Fee Lane. D2 said V1 turned towards 11th street right in front of her, and she was not able to get stopped in time. D2 said she then struck V1 in the passenger side door with the front end of her vehicle. There was heavy damage to the front end of V2, and the vehicle had to be towed away from the scene by Bland's Towing. D3 said he was stopped at the stop sign on 11th street, facing east. D3 said V2 struck V1 in the passenger side door, which caused V1 to be pushed towards his vehicle. D3 said V1 struck the front bumper of his vehicle, with the driver side rear door of V1. There was very light damage to the front bumper of V3, and the vehicle was able to drive away from the scene."
903294961,MONROE SD,M19A1066,MONROE,PERRY,BLOOMINGTON,1/10/2019,1:29 PM,2,0,0,0,0,,S OLD STATE 37,RD,,,,S OLD STATE 37,E DILLMAN,,,,N,,,,39.092944,-86.544,COUNTY ROAD,,N,N,RURAL,N,N,N,,DAYLIGHT,CLEAR,DRY,,FOUR-WAY INTERSECTION,STRAIGHT/GRADE,ASPHALT,FAILURE TO YIELD RIGHT OF WAY,$1001 TO $2500,RIGHT ANGLE,130,136,N,N,EDILLMANRDSOLDSTATE37RD,0,STOP SIGN,"V1 WAS TRAVELING EB ON E DILLMAN ROAD, ATTEMPTED TO CROSS S OLD SR 37 AND HIT V2 WHO WAS TRAVELING NB IN THE REAR DRIVER'S SIDE.D1 STATED THAT SHE DID NOT SEE V2.D2 STATED THAT V1 STRUCK HIS VEHICLE.FOLLOWING THE COLLSION, BOTH VEHICLES MOVED FROM THE POINT OF IMPACT OFF THE ROADWAY, SO NO DIAGRAM COMPLETED."
903294518,MONROE SD,M19A1074,MONROE,PERRY,BLOOMINGTON,1/10/2019,4:16 PM,2,0,0,0,0,,SOUTH ROGERS,ST,,,,SOUTH ROGERS,WEST GORDON,,,,N,,,,39.121648,-86.539088,LOCAL/CITY ROAD,Y,N,N,RURAL,Y,N,N,,DAYLIGHT,CLEAR,DRY,,FOUR-WAY INTERSECTION,STRAIGHT/LEVEL,ASPHALT,FAILURE TO YIELD RIGHT OF WAY,$5001 TO $10000,HEAD ON BETWEEN TWO MOTOR VEHICLES,416,416,Y,N,SOUTHROGERSSTWESTGORDONPIKE,0,TRAFFIC CONTROL SIGNAL,"VEHICLE 1 WAS TRAVELING WEST BOUND ON WEST GORDON PIKE. VEHICLE 2 WAAS TRAVELING NORTH BOUND ON SOUTH ROGERS STREET. VEHICLE 1 STUCK VEHICLE 2 IN THE FRONT PASSENGER DOOR AT THE INTERSECTION OF SOUTH ROGERS STREET AND WEST GORDON PIKE.DRIVER 1 STATED SHE WAS GOING STRAIGHT, THOUGHT IT WAS HER TURN, TWO CARS WENT BEFORE HER.DRIVER 2 THOUGHT ITWAS HER TURN AND THEN WAS T-BONED IN THE INTERESECTION.BOTH DRIVER 1 AND DRIVER 2 REFUSED ANY MEDICAL ATTENTION. BOTH VEHICLE 1 AND VEHICLE 2 WERE DRVIABLE AND DRIVEN FROM THE SCENE."
903294322,BLOOMINGTON PD,B1901378,MONROE,PERRY,BLOOMINGTON,1/10/2019,11:00 AM,1,0,1,0,0,,HIGH,ST,,,,HIGH,COVENANTER,,,,Y,PRIVATE,100,N,39.15451466,-86.508288,LOCAL/CITY ROAD,,N,N,URBAN,N,N,N,,DAYLIGHT,CLOUDY,ICE,,NO JUNCTION INVOLVED,STRAIGHT/GRADE,ASPHALT,ROADWAY SURFACE CONDITION,$1001 TO $2500,RAN OFF ROAD,1103,1115,Y,N,COVENANTERDRHIGHST,0,NONE,"V1 was traveling northbound on High Street. V1 slid on the ice causing V1 to leave the roadway, driving thru a fence.D1 stated that she was traveling northbound on High Street when her car began to slide on the ice. V1 slid off the roadway, going thru a fence."
903294381,BLOOMINGTON PD,B1901388,MONROE,BLOOMINGTON,BLOOMINGTON,1/10/2019,9:30 AM,2,0,1,0,0,,N DUNN,ST,,,,N DUNN,E KIRKWOOD,,,,Y,,,,39.16664,-86.528192,LOCAL/CITY ROAD,,N,N,URBAN,N,N,N,,DAYLIGHT,CLEAR,DRY,,FOUR-WAY INTERSECTION,CURVE/LEVEL,ASPHALT,DISREGARD SIGNAL/REG SIGN,$1001 TO $2500,RIGHT ANGLE,1207,1213,Y,Y,EKIRKWOODAVENDUNNST,0,STOP SIGN,"V2 was traveling southbound on N Dunn Street approaching E Kirkwood Avenue. V2 stopped at the red stop sign at the intersection of N Dunn Street and E Kirkwood Avenue. As V2 proceeded through the intersection, continuing southbound, V1 came from the west eastbound. V1 is an electric motor-driven ""Lime"" scooter. V1 was riding on the sidewalk on the north side of E Kirkwood Avenue and did not stop at the intersection. Police were not called to the scene and D2 later reported the accident. D1 stated to D2 that they were not injured on scene, but later complained of numbness. V1 was operating on the sidewalk and did not stop at the red stop sign, causing a collision with V2."
903294328,BLOOMINGTON PD,B1901370,MONROE,BLOOMINGTON,BLOOMINGTON,1/10/2019,10:02 AM,2,0,1,0,0,,KINGSTON,DR,,,,KINGSTON,3RD,,,,Y,,,,39.16424,-86.492944,LOCAL/CITY ROAD,Y,N,N,URBAN,N,N,N,,DAYLIGHT,CLOUDY,DRY,,FOUR-WAY INTERSECTION,STRAIGHT/LEVEL,ASPHALT,FOLLOWING TOO CLOSELY,$2501 TO $5000,REAR END,1002,1002,Y,N,3RDSTKINGSTONDR,0,TRAFFIC CONTROL SIGNAL,"Driver 1 stated he was stopped behind vehicle 2 southbound on Kingston Dr at the red light for 3rd St. Driver 1 stated the light turned green and vehicle 2 started to go, but then stopped. Driver 1 stated he then collided with the rear of vehicle 2. Driver 1 stated vehicle 2 was not using a turn signal. Driver 2 stated that he intended to turn right when the light changed to green and that he had his turn signal on. Driver 2 stated when the light turned green he started to pull forward to turn, but then stopped because a pedestrian was crossing 3rd St from south to north in his path. Driver 2 stated vehicle 1 then hit him from behind."
903296361,MONROE SD,M19A1174,MONROE,PERRY,BLOOMINGTON,1/10/2019,7:17 PM,2,0,0,0,0,8660,FAIRFAX,RD,,,,S FAIRFAX,,,,,N,,,,39.034,-86.49062,UNKNOWN,,N,Y,RURAL,N,N,N,,DARK (LIGHTED),CLEAR,DRY,,NO JUNCTION INVOLVED,NON-ROADWAY CRASH,ASPHALT,OTHER (DRIVER) - EXPLAIN IN NARRATIVE,$5001 TO $10000,RIGHT ANGLE,1140,1212,N,Y,SFAIRFAXRD,0,NONE,"On January 11th, 2019, D2 reported a collision that occurred the night prior on January 10th, 2019. There was video surveillance of the collision. I observed the video surveillance. D1 is seen traveling north of S Fairfax Road then turns into the Fairfax Inn parking lot. D2 is seen traveling south through the parking lot. D1 collides into the left side of D2 at a right angle. D1 then reverses back onto Fairfax Road (almost hits another vehicle) then drives north. Video shows the collision occurred January 10th, 2019 at 7:17 P.M. D1 left the scene of the accident. D1 did not make contact with D2.Investigation is on going to locate D1.***Supplement 1/20/2019***D1 was located and interviewed. D1 admitted to being involved in the collision and stated he left the scene because he panicked and ""freaked out"" because the vehicle was not plated and possibly did not have insurance."
903294425,INDIANA UNIV BLOOMINGTON PD,190073,MONROE,BLOOMINGTON,BLOOMINGTON,1/10/2019,2:20 PM,2,0,0,0,0,,FACULTY,LN,,,,FACULTY,THIRD,,,,Y,,150,S,39.14840347,-86.520865,LOCAL/CITY ROAD,,N,Y,URBAN,N,N,N,,DAYLIGHT,CLEAR,DRY,,NO JUNCTION INVOLVED,STRAIGHT/LEVEL,ASPHALT,UNSAFE BACKING,$1001 TO $2500,BACKING CRASH,222,231,N,N,FACULTYLNTHIRDST,0,STOP SIGN,V1 fled the scene. V1 and V2 were facing North on Faculty Lane. D2 stated that she turned left out of the Atwater Parking Garage on to Faculty Lane. D2 stated that as she turned on to Faculty Lane D1 started to back up. D2 stated that she stopped and was unable to get out of the way when V1 struck V2. D2 stated that she pulled in to the nearby alley and D1 followed her. D2 stated that D1 asked her if she was hurt and noticed that she was on the phone and drove off East bound down the alley. D2 described the vehicle as a newer dark blue Subaru Crosstrek. D2 was unable to get any plate information.
903295199,ISP BLOOMINGTON 33,2.019E+11,MONROE,BLOOMINGTON,BLOOMINGTON,1/11/2019,11:15 PM,2,0,0,0,0,,,,SR46,,,SR46,3RD,,,,Y,,,,39.16424,-86.473296,STATE ROAD,Y,N,N,URBAN,N,N,N,,DARK (LIGHTED),SNOW,SNOW/SLUSH,,FOUR-WAY INTERSECTION,STRAIGHT/HILLCREST,ASPHALT,FOLLOWING TOO CLOSELY,$1001 TO $2500,REAR END,1117,1117,Y,N,3RDSTSR46,0,TRAFFIC CONTROL SIGNAL,"Vehicle #1(Black 2013 Mazda 3) was slowed in traffic, eastbound on SR 46, at the intersection of 3rd Street. Vehicle #2 (Silver 2010 Volkswagen Eos) was stopped at the stop light eastbound on SR 46, at 3rd Street. Vehicle #1 struck Vehicle #2 in the rear. This resulted in damage to the front of Vehicle #1, and light damage to the rear of Vehicle #2.Driver #1(Evan Tiffany) stated he was stopped at the traffic light on SR46, at the intersection of 3rd Street, when the light turned green. Driver #1 stated that he thought Vehicle #2 had began accelerating, but realized Vehicle #1 was still stopped before he could stop in time to avoid the collision. Driver #2(Emma Schilling) stated she was stopped in traffic on SR46 eastbound at the intersection of 3rd Street. Driver #2 stated that while she was stopped at the light, Vehicle #1 rear ended her."
903295130,BLOOMINGTON PD,B1901594,MONROE,PERRY,BLOOMINGTON,1/11/2019,6:55 PM,1,0,1,0,0,350,LANDMARK,AVE,,,,S LANDMARK,,,,,Y,,,,39.16306,-86.55664,UNKNOWN,,N,N,URBAN,N,N,N,,DARK (LIGHTED),CLOUDY,DRY,,NO JUNCTION INVOLVED,STRAIGHT/LEVEL,ASPHALT,IMPROPER TURNING,UNDER $1001,LEFT TURN,703,722,Y,Y,SLANDMARKAVE,1,NONE,"D1 stated that she was in the private parking lot of 350 S Landmark Avenue, preparing to leave. D1 stated that she began pulling out of the parking stall, SE/B, and turning left. D1 stated that it was at this time she noticed P1 in front of her vehicle at which time V1 collided with P1.P1 stated that she was walking through the parking lot W/B towards to the business at 250 S Landmark Avenue. P1 stated that V1 pulled out of a parking stall striking her right knee. P1 stated that her knee ""popped"" at impact and has a complaint of pain.At this time based on the statements provided at the scene, due to D1 improperly turning resulted in the collision between V1 and P1."
903294903,BLOOMINGTON PD,B1901539,MONROE,BLOOMINGTON,BLOOMINGTON,1/11/2019,11:00 AM,2,0,0,0,0,502,2ND,ST,,,,W 2ND,,,,,Y,,,,39.16169,-86.53904,UNKNOWN,,,Y,URBAN,N,N,N,,DAYLIGHT,CLEAR,DRY,,NO JUNCTION INVOLVED,STRAIGHT/LEVEL,ASPHALT,UNSAFE BACKING,UNDER $1001,BACKING CRASH,1220,1230,Y,Y,W2NDST,0,NONE,Vehicle 2 was backed into a parking spot in the parking lot of 502 W. 2nd Street facing east bound. According to a witness at approximately 11:00 AM vehicle 1 backed into the front of vehicle 2 knocking out the headlight and cracking the grill. Vehicle 1 then left the scene of the accident.No information is known about the vehicle owner or driver of vehicle 1.
903294746,BLOOMINGTON PD,B1901510,MONROE,BLOOMINGTON,BLOOMINGTON,1/11/2019,7:30 AM,2,0,0,0,0,205,S MADISON,ST,,,,S MADISON,,,,,Y,,,,39.16564016,-86.537296,LOCAL/CITY ROAD,,N,Y,URBAN,N,N,N,,DARK (LIGHTED),CLEAR,DRY,,NO JUNCTION INVOLVED,STRAIGHT/LEVEL,ASPHALT,OTHER (DRIVER) - EXPLAIN IN NARRATIVE,$5001 TO $10000,HEAD ON BETWEEN TWO MOTOR VEHICLES,731,740,N,Y,SMADISONST,0,NONE,"V1 was facing southbound in the parking lot at 205 S Madison St. V2 was facing northbound in the parking lot. V1 was stolen and attempted to exit the lot glancing off V2 as it left. V1 then traveled west across Madison St, glancing off a small tree, and then traveled south striking another tree head on. The male driver, then fled the area."
903294820,BLOOMINGTON PD,B1901511,MONROE,PERRY,BLOOMINGTON,1/11/2019,7:31 AM,1,0,,0,0,205,S MADISON,ST,,,,S MADISON,,,,,Y,PRIVATE,,,39.164704,-86.537296,UNKNOWN,,Y,Y,URBAN,N,N,N,,DAWN/DUSK,CLEAR,DRY,,NO JUNCTION INVOLVED,STRAIGHT/LEVEL,ASPHALT,,$5001 TO $10000,OTHER - EXPLAIN IN NARRATIVE,734,739,Y,Y,SMADISONST,0,NONE,V1 was parked in parking space at Vectren at 205 S Madison street facing SB. An unknown driver got in the unlocked vehicle that was running and drove the vehicle into a fence just south of where it was parked. The unknown driver then fled the scene.
903294860,INDIANA UNIV BLOOMINGTON PD,190083,MONROE,BLOOMINGTON,BLOOMINGTON,1/11/2019,11:00 AM,2,0,0,0,0,,JORDAN,AVE,,,,JORDAN,TENTH,,,,Y,,,,39.171385,-86.51568,LOCAL/CITY ROAD,Y,N,N,URBAN,N,N,N,,DAYLIGHT,CLEAR,DRY,,FOUR-WAY INTERSECTION,STRAIGHT/GRADE,ASPHALT,FOLLOWING TOO CLOSELY,$1001 TO $2500,REAR END,1105,1105,Y,N,JORDANAVETENTHST,0,TRAFFIC CONTROL SIGNAL,"V2 was slowing or stopped facing south, on Jordan Avenue, at the intersection of 10th Street and Jordan Avenue. V1 was traveling south on Jordan towards 10th Street. V1 then rear ended V2. V2 had light damage to the rear bumper. V1 had no damage. D1 stated that he was traveling south on Jordan towards 10th Street. D1 stated that he looked over for a minute to talk to his friend and did not notice that V2 had stopped in front of him. D1 stated that V1 then rear ended V2. D2 stated the same story that she was stopped at the light and V1 rear ended V2. There were no injuries reported at the scene and no vehicles had to be towed from the scene."
903295240,INDIANA UNIV BLOOMINGTON PD,190092,MONROE,BLOOMINGTON,BLOOMINGTON,1/12/2019,4:00 AM,2,0,0,0,0,,,,SR46,,,SR46,MILO B SAMPSON,,,,Y,,500,W,39.18622,-86.52210673,STATE ROAD,,N,N,URBAN,N,N,N,,DARK (NOT LIGHTED),SNOW,SNOW/SLUSH,,NO JUNCTION INVOLVED,STRAIGHT/LEVEL,ASPHALT,SPEED TOO FAST FOR WEATHER CONDITIONS,$5001 TO $10000,RIGHT ANGLE,408,412,Y,N,NMILOBSAMPSONLNSR46,0,LANE CONTROL,"V1 was traveling eastbound on State Road 45/46 at approximately 35-45 MPH. V2 was also traveling eastbound on State Route 45/46, approximately 1 car length behind V1 according to D2. D2 advised me that he was in the lane to the left of V1. The roadway at the time of the accident had 2-3 inches of snow accumulation with persistent snowfall as well. D2 advised me that while behind V1 he observed V1 begin to lose control. He stated that the rear end of V1 began to swing to the right. D2 said at this point he left his lane and move 1 lane over to the left, to the center turn lane. D2 stated that V1 then turned completely sideways in the roadway and traveled north across the lanes of traffic and impacted his front right bumper and tire. When I asked D1 about the incident he confirmed the sequence of events that D2 had previously advised me of. He stated he was going straight and suddenly lost control."
903331648,BLOOMINGTON PD,B1904026,MONROE,BLOOMINGTON,BLOOMINGTON,1/12/2019,1:55 AM,2,0,0,0,0,,3RD,ST,,HW37,N,W 3RD,,,,,Y,,,,0,0,LOCAL/CITY ROAD,Y,N,N,URBAN,N,N,N,,DAYLIGHT,CLEAR,DRY,,FOUR-WAY INTERSECTION,STRAIGHT/LEVEL,ASPHALT,FAILURE TO YIELD RIGHT OF WAY,$2501 TO $5000,LEFT TURN,200,215,Y,N,W3RDST,0,TRAFFIC CONTROL SIGNAL,"V1 and V2 were traveling east on West 3rd St. At the intersection of W 3rd and hwy 37 V1 stopped in the right side turn lane to travel north onto HWY 37. V2 stopped in the left side turn lane to travel north on HWY 37. As the traffic light turned green both V1 and V2 accelerated and began to turn left onto HWY 37 North. At that time V2 collided with the rear driver side corner of V2 causing damage to the rear of V1 and the front of V2.D1 stated that she was in the right side turn lane attempting to travel onto HWY 37 and as she was driving V2 collided with the rear of her vehicle. D1 stated that she was not aware what lane V2 was in when they began to turn. When asked D1 stated that she was unsure if she stayed in the defined lane, but believed that she did.D2 stated that they had been in the left turn lane to travel onto HWY 37 and as they began to turn V1 veered from the right turn lane and traveled into the left turn lane causing V1 to be in the line of travel of V2. D2 stated that he attempted to apply his brakes but was unable to in time to avoid the accident. D2 stated that is when V2 collided with the rear of V1.Damage to the vehicles did match the statement made by D2."