Master Record Number,Agency,Local Code,County,Township,City,Collision Date,Collision Time,Vehicles Involved,Trailers Involved,Number Injured,Number Dead,Number Deer,House Number,Roadway Name,Roadway Suffix,Roadway Number,Roadway Interchange,Roadway Ramp,Roadway Id,Intersecting Road,Intersecting Road Number,Mile Marker,Interchange,Corporate Limits?,Property Type,Feet From,Direction,Latitude,Longitude,Roadway Class,Traffic Control Devices?,Aggressive Driving?,Hit and Run?,Locality,School Zone?,Rumble Strips?,Construction?,Construction Type,Light Condition,Weather Conditions,Surface Condition,Type of Median,Roadway Junction Type,Road Character,Roadway Surface,Primary Factor,Damage Estimate,Manner of Collision,Time Notified,Time Arrived,Investigation Complete?,Photos Taken?,Unique Location Id,State Property Damage?,Traffic Control,NARRATIVE
903296167,ISP BLOOMINGTON 33,2.019E+11,MONROE,BLOOMINGTON,BLOOMINGTON,1/12/2019,6:25 AM,2,0,0,0,0,,,,SR46,,,SR46,CURRY,,,,N,,,,39.19444812,-86.57177928,STATE ROAD,Y,N,N,RURAL,N,N,N,,DARK (NOT LIGHTED),SNOW,SNOW/SLUSH,,FOUR-WAY INTERSECTION,STRAIGHT/LEVEL,ASPHALT,SPEED TOO FAST FOR WEATHER CONDITIONS,$10001 TO $25000,RIGHT ANGLE,627,659,Y,N,CURRYPIKESR46,0,TRAFFIC CONTROL SIGNAL,"State Road 46 is a four lane, two way highway that runs primarily east and west. At the time of the crash, it was dark outside, it was snowing, and the roadway was slick with slush and ice. A winter storm advisory had been in affect. Vehicle 1, a yellow state highway dump truck with a large snow plow on front, was traveling east on SR 46, approaching the Curry Pike intersection. Vehicle 2, a white ford pick-up with a snow plow on the front, was turning south onto Curry Pike from westbound SR 46. V1 struck the passenger side of V2. V2 spun counter clockwise before coming to rest facing northwest in the middle of north bound Curry Pike and east bound SR 46. V1 came to a stop facing east on SR 46 in the middle of north bound Curry Pike. Driver 1, Carl Strange, stated he was traveling east on SR 46 approaching the Curry Pike intersection. As he came to the intersection, D1 said the light turned red. D1 said he applied his brakes, but his truck slid through the intersection. D1 told me he struck V2 with the large plow that was attached to the front of his truck. D1 said he finally came to a stop in the right lane of SR 46 facing east in the middle of the northbound Curry Pike. Driver 2, Steven Deckard, said he was turning south onto Curry Pike from westbound SR 46. D2 said the traffic light had indicated his right of way by flashing a green turn arrow to turn south onto Curry Pike. While starting to head south on Curry Pike, D2 advised that V1 struck his truck near the rear passenger side of his vehicle. D2 told me his truck spun counter clock wise before coming to rest facing northwest in the middle of north bound Curry Pike and east bound SR 46.Evidence shows little to no damage to V1. Evidence shows heavy damage to the passenger side of V2. Evidence shows heavy snow fall at the time of the crash with slush, snow, and ice on the roadway. Evidence shows the traffic light was fully operational at the time of the crash."
903301442,MONROE SD,M19A1275,MONROE,PERRY,BLOOMINGTON,1/12/2019,11:00 AM,1,0,0,0,0,,BETHEL,LN,,,,BETHEL,BAUGH,,,,N,PRIVATE,2000,E,39.21193,-86.49621299,COUNTY ROAD,,N,N,RURAL,N,N,N,,DAYLIGHT,CLOUDY,SNOW/SLUSH,,NO JUNCTION INVOLVED,STRAIGHT/HILLCREST,ASPHALT,UNSAFE SPEED,$5001 TO $10000,RAN OFF ROAD,1100,1120,Y,N,BAUGHRDBETHELLN,0,NONE,"Driver one state while driving East on Bethel Lane, his vehicle got away from him. Vehicle one drove off the road and hit a utility pole and knocked it down. Tacks in the road indicate vehicle one attempted to slow/stop leaving approximately 300 feet of tire track marks before hitting the pole."
903296103,MONROE SD,M19A1256,MONROE,BLOOMINGTON,BLOOMINGTON,1/12/2019,5:31 AM,1,0,0,0,0,,ROBINSON,RD,,,,ROBINSON,MILLER,,,,N,,1000,N,39.25107994,-86.47343296,COUNTY ROAD,,N,N,RURAL,N,N,N,,DARK (NOT LIGHTED),SNOW,SNOW/SLUSH,,NO JUNCTION INVOLVED,CURVE/GRADE,ASPHALT,SPEED TOO FAST FOR WEATHER CONDITIONS,$10001 TO $25000,RAN OFF ROAD,532,610,Y,N,MILLERRDROBINSONRD,0,NONE,"Driver #1 stated she was traveling west on Robinson Road when she lost control due to the current weather conditions. At the time of the crash, it had been snowing overnight with approximately 4 inches of snow on the roadway and it was still currently snowing. Driver #1 stated she went off the roadway where her vehicle struck a tree, causing severe damage to the front and sides of the truck. I met the driver and vehicle at Pritchards towing for the report as the weather conditions extended out arrival to the scene and for safety reasons it was better to get the vehicle loaded and away from the crash area to avoid any other crashes."
903295388,INDIANA UNIV BLOOMINGTON PD,190093,MONROE,BLOOMINGTON,BLOOMINGTON,1/12/2019,8:19 AM,2,0,0,0,0,200,DUNN,ST,,,,NORTH DUNN,,,,,Y,,,,39.1676875,-86.52818339,UNKNOWN,,N,N,URBAN,N,N,N,,DAYLIGHT,SNOW,SNOW/SLUSH,,NO JUNCTION INVOLVED,STRAIGHT/LEVEL,ASPHALT,UNSAFE BACKING,$1001 TO $2500,BACKING CRASH,821,849,Y,Y,NORTHDUNNST,0,NONE,V2 was parked in the parking lot in a parking space facing south unattended. V1 was plowing snow in the parking lot and was backing up southeast in direction prior to the crash. D1 said he was plowing snow in the parking lot on the northeast corner at the intersection of 6th Street and Dunn Street in V1. D1 said V2 was the only vehicle in the parking lot at the time. D1 said he put V1 in reverse and backed up striking V1 bumper into V2 rear passenger quarter panel.Both V1 and V2 had minimal damage.Pictures of the accident are available.Owner of V2 was notified of accident and provided crash number.
903301935,ELLETTSVILLE PD,E1900286,MONROE,RICHLAND,ELLETTSVILLE,1/12/2019,12:54 AM,1,0,0,0,0,,PROMINENCE,PT,,,,PROMINENCE,THOMAS,,,,Y,OTHER,,,39.2217,-86.63047,LOCAL/CITY ROAD,,N,N,URBAN,N,N,N,,DARK (LIGHTED),SNOW,SNOW/SLUSH,,FOUR-WAY INTERSECTION,STRAIGHT/LEVEL,ASPHALT,ROADWAY SURFACE CONDITION,$1001 TO $2500,OTHER - EXPLAIN IN NARRATIVE,1254,1254,Y,Y,PROMINENCEPTTHOMASRD,0,NONE,Vehicle 1 was traveling south on North Thomas Road attempting to turn right (west) onto West Prominence Point. The roadway was snow-covered. As Vehicle 1 was executing its turn it slid off the roadway and into the stop/street sign located at the intersection. Damage to Vehicle 1 was on the driver's side. Photographs were taken. No diagram was completed. Invoice for sign replacement attached.
903295763,BLOOMINGTON PD,B1901716,MONROE,PERRY,BLOOMINGTON,1/12/2019,12:00 AM,2,0,0,0,0,,LAURELWOOD,DR,,,,452 E LAURELWOOD,WYLIE FARM,,,,Y,,200,S,39.11857456,-86.52283,LOCAL/CITY ROAD,,N,Y,URBAN,N,N,N,,DARK (NOT LIGHTED),SNOW,SNOW/SLUSH,,NO JUNCTION INVOLVED,CURVE/LEVEL,ASPHALT,IMPROPER TURNING,$1001 TO $2500,LEFT/RIGHT TURN,406,410,Y,Y,452ELAURELWOODDRWYLIEFARMDR,0,NONE,"THE OWNER OF V2 STATED THAT HE HAD PARKED V1 IN FRONT OF HIS RESIDENCE, 452 EAST LAURELWOOD DRIVE, FACING WEST.THE OWNER OF V2 STATED THAT AT SOME POINT AROUND 12:00 AM ON 01/12/2019 ANOTHER VEHICLE DID MAKE CONTACT WITH THE REAR PASSENGER CORNER OF V2, RESULTING IN DAMAGE TO THE REAR PASSENGER CORNER OF V2.D1 DID NOT STOP AND DID NOT MAKE CONTACT WITH THE OWNER OF V2.THERE IS NO SUSPECT/VEHICLE INFORMATION IN REGARDS TO V1 OR D1.V2 DID NOT HAVE DISABLING DAMAGE."
903295223,INDIANA UNIV BLOOMINGTON PD,190090,MONROE,BLOOMINGTON,BLOOMINGTON,1/12/2019,1:30 AM,1,0,0,0,0,501,N JORDAN,AVE,,,,N JORDAN,,,,,Y,,,,39.17013209,-86.5158848,LOCAL/CITY ROAD,,N,N,URBAN,N,N,N,,DARK (LIGHTED),BLOWING SAND/SOIL/SNOW,SNOW/SLUSH,,NO JUNCTION INVOLVED,CURVE/GRADE,ASPHALT,SPEED TOO FAST FOR WEATHER CONDITIONS,$2501 TO $5000,OTHER - EXPLAIN IN NARRATIVE,137,137,Y,N,NJORDANAVE,0,NONE,"V1 was driving southbound through the Wright Quad circle drive when he lost control of his vehicle and struck a curb. Wright Quad is a one way circle drive that curves and is on a hill. V1 was driving the wrong way.I spoke to D1 who stated he had just dropped off some people at Wright Quad. He stated he was unfamiliar with the area and did not realize it is a one way road. D1 then began driving southwest through the drive. D1 stated that as he reached the hill on the turn, he stepped on the brakes however they locked and he could not stop or turn his vehicle. He stated this was when his vehicle struck the curb. He stated the rear wheel also struck the curb when he finally came to a stop. There is major damage to the entire front wheel, some scuffs on the front bumper, and some minor damage to the rear wheel. V1 had to be towed."
903296769,MONROE SD,M19A1269,MONROE,CLEAR CREEK,BLOOMINGTON,1/12/2019,9:20 AM,1,0,0,0,0,,MONROE DAM,RD,,,,MONROE DAM,STRAIN RIDGE,,,,N,,300,W,39.01933756,-86.52348961,COUNTY ROAD,,N,N,RURAL,N,N,N,,DAYLIGHT,SNOW,SNOW/SLUSH,,NO JUNCTION INVOLVED,CURVE/HILLCREST,ASPHALT,SPEED TOO FAST FOR WEATHER CONDITIONS,$5001 TO $10000,RAN OFF ROAD,922,936,Y,N,MONROEDAMRDSTRAINRIDGERD,0,NONE,"DRIVER OF UNIT 1 STATED SHE WAS DRIVING WHEN SHE LOST CONTROL DUE TO THE SNOWY WEATHER CONDITIONS AND IMPACTED A TREE ON THE SIDE OF THE ROAD. SHE STATED THAT SHE MOVED AFTER THE INCIDENT TO GET OFF OF THE ROADWAY. DUE TO THE DRIVER MOVING FROM THE ORIGINAL SCENE OF THE ACCIDENT PRIOR TO MY ARRIVAL, I WILL NOT BE SUBMITTING A COLLISION DIAGRAM."
903297755,MONROE SD,M19A1246,MONROE,PERRY,BLOOMINGTON,1/12/2019,1:45 AM,1,0,0,0,0,5055,S OLD SR 37,RD,,,,S OLD SR 37,,,,,N,,,,39.137088,-86.53056,UNKNOWN,,N,N,URBAN,N,N,N,,DARK (LIGHTED),SNOW,SNOW/SLUSH,,NO JUNCTION INVOLVED,STRAIGHT/LEVEL,ASPHALT,SPEED TOO FAST FOR WEATHER CONDITIONS,$2501 TO $5000,RAN OFF ROAD,157,202,Y,N,SOLDSR37RD,0,NONE,DRIVER 1 ADVISED SHE WAS NB ON S OLD SR 37 IN THE 5000 BLOCK WHEN SHE LOST CONTROL OF THE VEHICLE AND SLID OFF THE EAST SIDE OF THE ROADWAY STRIKING THE MAILBOXES LOCATED AT 5055 AND 5057 S OLD SR 37.
903295824,BLOOMINGTON PD,B1901718,MONROE,VAN BUREN,BLOOMINGTON,1/12/2019,4:15 PM,1,0,2,0,0,,LEONARD SPRINGS,RD,,,,S LEONARD SPRINGS,MAYBURY,,,,Y,,60,S,0,0,LOCAL/CITY ROAD,,N,N,URBAN,N,N,N,,DAYLIGHT,CLOUDY,SNOW/SLUSH,,T-INTERSECTION,STRAIGHT/GRADE,ASPHALT,RAN OFF ROAD RIGHT,$2501 TO $5000,RAN OFF ROAD,420,428,Y,Y,SLEONARDSPRINGSRDWMAYBURYMALL,0,NONE,"D1 STATED THAT HE WAS DRIVING SOUTHBOUND ON S LEONARD SPRINGS ROAD APPROACHING W MAYBURY MALL. D1 STATED THAT HE CRESTED THE HILL AND BRAKED. D1 STATED THAT HE HAS ISSUES WITH THE ABS AND TRACTION CONTROL ON HIS VEHICLE. D1 STATED HIS VEHICLE THEN BEGAN TO LOSE CONTROL AND HE LEFT THE ROADWAY ON THE WEST SIDE OF S LEONARD SPRINGS RD.D1 STATED HE THEN WENT THROUGH TWO MAILBOXES AND CAME TO REST UP AGAINST A FENCE. THERE ARE LARGE RUT MARKS IN THE GRASS. PICTURES WERE TAKEN OF THE SCENE, VEHICLE, AND THE INJURY TO D1. THERE WERE NO PHOTOGRAPHABLE INJURIES TO THE FRONT RIGHT PASSENGER. I ALSO RESPONDED TO THE IU HEALTH HOSPITAL TO FINISH MY INVESTIGATION. END."
903296104,MONROE SD,M19A1260,MONROE,CLEAR CREEK,BLOOMINGTON,1/12/2019,6:56 AM,2,0,0,0,0,,STRAIN RIDGE,RD,,,,STRAIN RIDGE,MONROE DAM,,,,N,,500,N,39.01962202,-86.52193951,COUNTY ROAD,,N,N,RURAL,N,N,N,,DARK (NOT LIGHTED),SNOW,SNOW/SLUSH,,NO JUNCTION INVOLVED,STRAIGHT/LEVEL,ASPHALT,SPEED TOO FAST FOR WEATHER CONDITIONS,$5001 TO $10000,OPPOSITE DIRECTION SIDESWIPE,656,730,Y,N,MONROEDAMRDSTRAINRIDGERD,0,NONE,"Driver #1 stated he was heading south on Strain Ridge Road when he lost control of his vehicle due to the snow covered roads. This sent Vehicle #1 left of center where it struck Vehicle #2, which was driving north on Strain Ridge Road. Vehicle #2 attempted to swerve off the right side of the roadway to avoid the crash but was unable to do so."
903295761,ISP BLOOMINGTON 33,2.019E+11,MONROE,WASHINGTON,BLOOMINGTON,1/12/2019,1:55 PM,2,1,0,0,0,,,,I69,,,I69,,,124,,N,,0,S,0,0,INTERSTATE,,N,N,RURAL,N,N,N,,DAYLIGHT,SNOW,SNOW/SLUSH,,NO JUNCTION INVOLVED,CURVE/LEVEL,ASPHALT,SPEED TOO FAST FOR WEATHER CONDITIONS,$5001 TO $10000,SAME DIRECTION SIDESWIPE,200,201,Y,N,I69124.0,0,LANE CONTROL,"This crash occurred on southbound Interstate 69 at the 124 mile marker. Interstate 69 is multi-lane interstate, divided by a guardrail, that primarily runs north and south. At the scene of the crash there were three lanes southbound.Vehicle #1, a 2016 Ford F-350 pickup truck, was southbound in the far left lane. Vehicle #2, a 2019 Freightliner conventional cab semi pulling a 53 foot box trailer, was traveling in the far right lane. As vehicle #1 was attempting to pass vehicle #2, it hit snow/slush on the roadway, lost control, slid across the middle lane and into the driver side of vehicle #2.Driver #1, Jonathan Crill, stated that he was southbound on I-69 in the far left lane when he hit snow/slush causing him to lose control. Driver #1 stated that his vehicle slid across the middle lane and into the side of vehicle #2 who was traveling in the far right lane. Driver #2, Marcel Laloi, stated that he was traveling south on I-69 in the far right lane. As vehicle #1 was passing in the far left lane, vehicle #1 hit snow/slush, lost control and slid into the side of vehicle #2. Evidence on the scene indicates that vehicle #1 was traveling too fast for road conditions, hit snow/slush causing driver #1 to lose control and hit vehicle #2."
903295537,BLOOMINGTON PD,B1901691,MONROE,BLOOMINGTON,BLOOMINGTON,1/12/2019,1:00 PM,2,0,0,0,0,,VALLEY VIEW,DR,,,,VALLEY VIEW,WINDING,,,,Y,,500,S,39.19499483,-86.5465062,LOCAL/CITY ROAD,,N,N,URBAN,N,N,N,,DAYLIGHT,CLOUDY,SNOW/SLUSH,,NO JUNCTION INVOLVED,CURVE/GRADE,ASPHALT,SPEED TOO FAST FOR WEATHER CONDITIONS,$1001 TO $2500,OPPOSITE DIRECTION SIDESWIPE,102,115,Y,Y,VALLEYVIEWDRWINDINGWAY,0,NONE,"Driver 1 stated that he was rounding the turn from Briarcliff Dr onto northbound Valley View Dr. Driver 1 stated that a truck parked on the side of the road blocked his view around the corner. Driver 1 stated that when he came around the corner there was a City of Bloomington snow plow stopped in the road. Driver 1 stated he tried to stop, but slid downhill on the snow/slush covered roadway. Driver 1 stated that he clipped the front of the plow and then slid into a mailbox at 3131 N Valley View Dr. Driver 2 stated that he had gone around a car that was stuck going uphill on Valley View Dr and had stopped in order to back up to lay down snow melt to assist the stuck vehicle. Driver 2 stated that vehicle 1 then came around the corner onto Valley View and tried to stop, but lost control and slid into the plow."
903296168,INDIANA UNIV BLOOMINGTON PD,190095,MONROE,PERRY,BLOOMINGTON,1/12/2019,9:13 PM,2,0,0,0,0,,ATWATER,AVE,,,,ATWATER,EASTSIDE,,,,Y,,,,39.16308,-86.51321,LOCAL/CITY ROAD,,N,N,URBAN,N,N,N,,DAWN/DUSK,SLEET/HAIL/FREEZING RAIN,SNOW/SLUSH,,FOUR-WAY INTERSECTION,STRAIGHT/GRADE,ASPHALT,OTHER (DRIVER) - EXPLAIN IN NARRATIVE,$1001 TO $2500,BACKING CRASH,913,913,Y,Y,ATWATERAVEEASTSIDEDR,0,LANE CONTROL,"V2 is an Indiana University Police Department marked squad car (#35217). V1 had just been pulled over by V2 after D1 was observed driving erratically. V1 was sitting facing east on Atwater Ave just east of Eastside Dr. V2 was parked behind V1 on the traffic stop.Officer T. Zeiser was speaking with D1 at the driver's window. D1 showed signs of heavy intoxication. D1 took his foot off of the brake and turned the ignition off while leaving the vehicle in drive while speaking to the officer. V1 then rolled backward and collided with the front of V2, damaging both vehicles.D1 was arrested for OWI, Driving without Ever Receiving a License, and Driving While Suspended-Prior. D1 does not have a license, but nonetheless has suspended privileges anyway (IN OLN 8010525860).D1 consented to a blood draw and results are pending.On 03-25-19 IUPD received a copy of D1's alcohol analysis toxicology report. D1 had more than .400 g/100 mL of ethanol in his blood. His BAC was so high that the ISDT lab was unable to provide a more exact result. The lab also found .011 g/100 mL of methanol, also. On 08-14-19 IUPD received the drug analysis report, which showed no substances that the lab tests for."
903297756,MONROE SD,M19A1257,MONROE,PERRY,BLOOMINGTON,1/12/2019,5:47 AM,1,0,1,0,0,,,,SR37N,,,SR37N,N OLD SR 37,,,,N,,,,39.085632,-86.542304,STATE ROAD,Y,N,N,RURAL,N,Y,N,,DARK (LIGHTED),SNOW,SNOW/SLUSH,,FOUR-WAY INTERSECTION,STRAIGHT/LEVEL,ASPHALT,SPEED TOO FAST FOR WEATHER CONDITIONS,$5001 TO $10000,RAN OFF ROAD,551,602,Y,Y,NOLDSR37RDSR37N,0,TRAFFIC CONTROL SIGNAL,DRIVER 1 ADVISED HE WAS NB ON SR 37. DRIVER 1 ADVISED HE WENT TO TURN EAST ONTO S OLD SR 37 AND LOST CONTROL OF HIS VEHICLE SLIDING OFF THE N SIDE OF S OLD SR 37 AND INTO A CULVERT.
903295474,ISP BLOOMINGTON 33,2.019E+11,MONROE,WASHINGTON,BLOOMINGTON,1/12/2019,10:08 AM,1,0,0,0,0,,,,I69,,,I69,,,130,,N,,,,0,0,INTERSTATE,,N,N,RURAL,N,N,N,,DAYLIGHT,SNOW,WET,,NO JUNCTION INVOLVED,STRAIGHT/GRADE,ASPHALT,RAN OFF ROAD RIGHT,$5001 TO $10000,RAN OFF ROAD,1028,1028,Y,N,I69130,0,LANE CONTROL,"V1, maroon Honda, was traveling north on I69 near the 130 mile marker. V1 traveled off the east side of the roadway. V1 struck a ditch, rolled and came to final rest on its wheels in the ditch facing northwest. D1, Leinheiser, stated he was traveling north on I69 in the left lane. D1 stated V1 pulled to the right suddenly. D1 stated he began to slide on the wet roadway. D1 stated he traveled off the right side of the roadway, struck a ditch and the vehicle rolled over. Evidence shows tire marks leading from the from I69N off the right side of the roadway. Evidence shows damage to V1 consistent with a rollover collision, including damage to the roof. Evidence shows it was snowing and the roadway was wet during the accident investigation. V1 was also occupied by a white female, Courtney Hester, DOB 8-19-1998, who advised she was not injured in the collision."
903295381,BLOOMINGTON PD,B1901672,MONROE,BLOOMINGTON,BLOOMINGTON,1/12/2019,8:40 AM,1,0,2,0,0,,N OLD STATE ROAD 37,RD,,,,N OLD STATE ROAD 37,N HILLVIEW,,,,Y,,100,W,39.207984,-86.529568,LOCAL/CITY ROAD,,N,N,RURAL,N,N,N,,DAYLIGHT,SNOW,SNOW/SLUSH,,NO JUNCTION INVOLVED,CURVE/GRADE,ASPHALT,ROADWAY SURFACE CONDITION,$10001 TO $25000,RAN OFF ROAD,840,847,Y,Y,NHILLVIEWDRNOLDSTATEROAD37RD,0,NONE,"V1 was traveling westbound on N Old State Road 37 passing the intersection at N Hillview Drive. As V1 entered the slight curve in the road, it began to lose traction due to the poor road conditions. The roadway was covered in slush slow that made it slick. V1 slid off the roadway onto the north side of the road and into a tree. The tree broke and fell overtop of V1, pinning the passenger inside. The passenger was removed from the vehicle and transported to the hospital. D1 was treated on scene and not transported. V1 was then towed from the scene by Rick's Towing. The poor road surface conditions caused V1 to slide off the roadway and collide with a tree."
903296147,INDIANA UNIV BLOOMINGTON PD,190097,MONROE,BLOOMINGTON,BLOOMINGTON,1/12/2019,12:00 AM,2,0,0,0,0,,HOOSIER COURT,AVE,,,,W HOOSIER COURT,GOURLEY,,,,Y,,,,39.18650633,-86.55180504,UNKNOWN,,N,N,URBAN,N,N,N,,DARK (NOT LIGHTED),SLEET/HAIL/FREEZING RAIN,SNOW/SLUSH,,NO JUNCTION INVOLVED,NON-ROADWAY CRASH,ASPHALT,UNSAFE BACKING,UNDER $1001,BACKING CRASH,1258,104,Y,Y,GOURLEYPIKEWHOOSIERCOURTAVE,0,NONE,At approximately 2345 hours on 1/12/2019 V1 was backing northwest in the northern parking lot of The Arch apartment complex. V1's driver side rear bumper struck the driver side front bumper of V2. V2 was parked facing west.V1 advised that while backing she did not see V2. V1 had a small chip missing from the rear bumper. There was very minimal paint transfer to V2.
903295448,MONROE SD,M19A1261,MONROE,VAN BUREN,BLOOMINGTON,1/12/2019,6:59 AM,2,0,2,0,0,,,,I69,,,I69S,,,106.5,,N,,1000,S,41.09022561,-85.21952416,INTERSTATE,,N,N,RURAL,N,N,N,,DARK (NOT LIGHTED),SNOW,SNOW/SLUSH,,NO JUNCTION INVOLVED,STRAIGHT/GRADE,ASPHALT,RAN OFF ROAD RIGHT,$5001 TO $10000,RAN OFF ROAD,701,729,Y,Y,I69S106.5,0,LANE CONTROL,"Vehicle 2 was traveling southbound on I69, near mile marker 106. Vehicle 2 lost control and ran off the roadway into guard rail.Occupants of Vehicle 2 activated flashers and had exited the vehicle, moving to the rear of the vehicle. Shortly after,Vehicle 1 was traveling southbound on I69. Vehicle 1 lost control and slid off the roadway, hitting Vehicle 2 and causing Vehicle 1 to spin and finish facing northbound. Vehicle 1, while spinning, hit both occupants of Vehicle 2 who were standing toward the rear of their vehicle.Occupants of Vehicle 2 were transported to IU health. According to medical staff, the passenger sustained an open fracture to the right leg, the driver sustained a compound fracture to the left leg."
903296460,BLOOMINGTON PD,B19-01826,MONROE,BLOOMINGTON,BLOOMINGTON,1/13/2019,2:08 PM,2,0,0,0,0,,3RD,ST,,,,W 3RD,GATES,,,,Y,,,,39.164785,-86.576035,LOCAL/CITY ROAD,Y,N,N,URBAN,N,N,N,,DAYLIGHT,CLOUDY,WET,,FOUR-WAY INTERSECTION,STRAIGHT/GRADE,ASPHALT,FAILURE TO YIELD RIGHT OF WAY,$2501 TO $5000,LEFT TURN,210,219,Y,N,SGATESDRW3RDST,0,TRAFFIC CONTROL SIGNAL,Driver one stated she was in the left turn lane on W 3rd Street at S Gates Drive attempting to turn south. Driver one stated she had a blinking yellow arrow to turn left. Driver one stated she began the turn and then noticed vehicle two. Driver one stated she slammed on her brake but her ABS system engaged and her vehicle struck vehicle two on the driver side.Driver two stated he was in the right lane traveling east on W 3rd Street. Driver two stated he had a green light and was proceeding through the intersection at S Gates Drive. Driver two stated he saw vehicle one enter the intersection and he attempted to swerve but was unsuccessful and vehicle one struck his vehicle on the driver side.
903298838,ISP BLOOMINGTON 33,2.019E+11,MONROE,VAN BUREN,BLOOMINGTON,1/13/2019,10:14 AM,1,0,0,0,0,,TAPP,RD,,,,TAPP,,,,,Y,OTHER,,,0,0,LOCAL/CITY ROAD,,N,N,URBAN,N,N,N,,DAYLIGHT,SNOW,SNOW/SLUSH,,INTERCHANGE,CURVE/LEVEL,CONCRETE,RAN OFF ROAD RIGHT,$1001 TO $2500,RAN OFF ROAD,1014,1018,Y,N,I69TAPPRD,0,LANE CONTROL,Vehicle 1 was eastbound on Tapp Rd from the west side roundabout. Vehicle 1 approached the east side roundabout and began to slide on the snow to avoid a vehicle in front of her that was sliding as well. Vehicle 1 went up onto the divider of the roundabout and struck a street sign with the front right corner of her vehicle. The impact also caused Vehicle 1's front left tire to deflate. Driver of V1 stated she was coming out of the west side roundabout and crossing the Tapp Rd bridge when she saw a vehicle in front of her lose control. Driver of V1 stated she began to brake to avoid a collison and lost control of the vehicle in the snow. Driver of V1 stated she went onto the divider of the east side roundabout sideways and collided with a street sign. The impact was on the front right corner of V1 and also caused the front left tire to deflate when it hit the curb.
903296101,BLOOMINGTON PD,B1901775,MONROE,BLOOMINGTON,BLOOMINGTON,1/13/2019,12:30 AM,1,0,1,0,0,,S WALNUT,ST,,,,S WALNUT,E 1ST,,,,Y,OTHER,,,39.17784,-86.533408,LOCAL/CITY ROAD,Y,N,N,URBAN,N,N,N,,DARK (LIGHTED),RAIN,WET,,FOUR-WAY INTERSECTION,STRAIGHT/LEVEL,ASPHALT,RAN OFF ROAD RIGHT,$25001 TO $50000,RAN OFF ROAD,1239,1242,Y,Y,E1STSTSWALNUTST,0,TRAFFIC CONTROL SIGNAL,"V1 WAS TRAVELING NORTHBOUND ON S WALNUT ST. OP STATED THAT SHE WAS MAD AT D1, SO SHE GRABBED THE STEERING WHEEL AND WRECKED THE VEHICLE.V1 STRUCK A FIRE HYDRANT AND CAUSED A LOT OF DAMAGE TO A TRAFFIC CONTROL BOX, MAKING THE TRAFFIC CONTROL DEVICES STOP WORKING.VEHICLE WAS TOWED TO RICKS TOW LOT DUE TO DAMAGE.D1 WAS CITED FOR DRIVING WHILE SUSPENDED MISDEMEANOROP WAS CITED FOR CRIMINAL RECKLESSNESS"
903296362,MONROE SD,M19A1366,MONROE,BLOOMINGTON,BLOOMINGTON,1/13/2019,7:51 AM,1,0,0,0,0,,,,I69,,,I69N,,,123,,N,OTHER,100,N,41.28117292,-85.0869413,INTERSTATE,,N,N,RURAL,Y,Y,N,,DAWN/DUSK,SNOW,ICE,,NO JUNCTION INVOLVED,STRAIGHT/GRADE,ASPHALT,SPEED TOO FAST FOR WEATHER CONDITIONS,$2501 TO $5000,RAN OFF ROAD,756,806,Y,N,I69N123,0,NONE,D1 stated he was traveling north on I69 at approximately 45-50 mph when he encountered ice on the roadway. D1 stated his vehicle slid off the road into the guardrail.
903296657,MONROE SD,M19A1324,MONROE,PERRY,BLOOMINGTON,1/13/2019,11:45 AM,1,0,0,0,0,3425,ROGERS,ST,,,,SOUTH ROGERS,,,,,N,PRIVATE,,,39.12614,-86.53824,COUNTY ROAD,,Y,Y,URBAN,N,N,N,,DARK (NOT LIGHTED),RAIN,WET,,NO JUNCTION INVOLVED,STRAIGHT/LEVEL,ASPHALT,RAN OFF ROAD RIGHT,$10001 TO $25000,RAN OFF ROAD,1146,1154,Y,Y,SOUTHROGERSST,0,NONE,D1 WAS TRAVELING NB ON ROGERS ST WHEN THE VEHICLE LEFT THE ROADWAY STRIKING A UTILITY POLE ON THE EAST SIDE OF THE ROAD. THE VEHICLE THEN STRUCK THE FENCE AT 3425 S ROGERS ST AND CONTINUED THROUGH THE YARD STRIKING A MAILBOX BEFORE RETURNING TO THE ROADWAY. THE VEHICLE THEN CONTINUED NB TO THE DRIVERS ADDRESS. D1'S VEHICLE LEFT PARTS IN THE YARD OF THE ACCIDENT WHICH MATCHED THE VEHICLE AT D1'S ADDRESS. D1 ADMITTED TO LEAVING THE SCENE OF THE ACCIDENT.