Master Record Number,Agency,Local Code,County,Township,City,Collision Date,Collision Time,Vehicles Involved,Trailers Involved,Number Injured,Number Dead,Number Deer,House Number,Roadway Name,Roadway Suffix,Roadway Number,Roadway Interchange,Roadway Ramp,Roadway Id,Intersecting Road,Intersecting Road Number,Mile Marker,Interchange,Corporate Limits?,Property Type,Feet From,Direction,Latitude,Longitude,Roadway Class,Traffic Control Devices?,Aggressive Driving?,Hit and Run?,Locality,School Zone?,Rumble Strips?,Construction?,Construction Type,Light Condition,Weather Conditions,Surface Condition,Type of Median,Roadway Junction Type,Road Character,Roadway Surface,Primary Factor,Damage Estimate,Manner of Collision,Time Notified,Time Arrived,Investigation Complete?,Photos Taken?,Unique Location Id,State Property Damage?,Traffic Control,NARRATIVE
903296349,BLOOMINGTON PD,B1901818,MONROE,PERRY,BLOOMINGTON,1/13/2019,3:00 AM,2,0,0,0,0,,E SOUTHERN,DR,,,,E SOUTHERN,WALNUT,,,,Y,OTHER,500,W,39.14984,-86.533392,LOCAL/CITY ROAD,,N,Y,URBAN,N,N,N,,DARK (LIGHTED),SNOW,SNOW/SLUSH,,NO JUNCTION INVOLVED,STRAIGHT/LEVEL,ASPHALT,OTHER (DRIVER) - EXPLAIN IN NARRATIVE,$1001 TO $2500,OTHER - EXPLAIN IN NARRATIVE,1212,1220,Y,Y,ESOUTHERNDRWALNUTST,0,NONE,"Vehicle 2 was parked on E Southern Dr. In front of the residence located at 210. Vehicle 2 was parked on the south side of the roadway facing east. Vehicle 1 was traveling east on E. Southern Dr. As Vehicle 1 approached 210, it veered to the south side of the roadway and struck vehicle 2 in the rear driver's side. Vehicle 1 continued east and drove over a sign marking the end of southern Dr. On the west side. Vehicle 1 then went over a small concrete barrier and continued off the roadway. Then, vehicle 1 ran over another sign marking the end of Southern Dr on the east side off the dead end area. Vehicle 1 continued east and drove up onto the sidewalk before driving back onto the road way and leaving the scene.Vehicle tracks were found in the snow on the ground showing the route of travel for vehicle one. Parts of the vehicle were located at the accident scene. The suspect vehicle is a black Mercedes Benz. A neighbor stated she heard the accident and believes it occurred on 01/13/2019 between 03:00 AM and 05:00 AM."
903296249,BLOOMINGTON PD,B1901801,MONROE,PERRY,BLOOMINGTON,1/13/2019,8:24 AM,2,0,0,0,0,,S WALNUT,ST,,,,S WALNUT,E WINSLOW,,,,Y,,,,39.136144,-86.528688,LOCAL/CITY ROAD,,N,N,URBAN,N,N,N,,DAWN/DUSK,CLOUDY,WET,,FOUR-WAY INTERSECTION,STRAIGHT/LEVEL,ASPHALT,FAILURE TO YIELD RIGHT OF WAY,$2501 TO $5000,RIGHT ANGLE,826,828,Y,N,EWINSLOWRDSWALNUTST,0,NONE,V1 was in the parking lot at the marathon gas station on the corner of Walnut and Winslow. V1 was exiting out the west exit onto S Walnut street. V2 was NB on S Walnut street approaching Winslow road. V1 failed to yield the right of way and started to pull out onto Walnut street. V1 hit V2 in the passenger side rear with the front bumper of her vehicle. D1 stated that she was going to pull out and go north on Walnut street. She stated she stopped and didn't see anyone coming. She started to pull out and hit V2.D2 stated that he was NB on Walnut street and he was in the right lane as he approached Winslow road. He stated that V1 started to pull out and he was unable to avoid getting hit.W1 was SB on Walnut street and was stopped at traffic light at Winslow road. She stated she saw V1 pull up to Walnut street and briefly stop and then pull out and hit V2.
903296548,BLOOMINGTON PD,B1901847,MONROE,BLOOMINGTON,BLOOMINGTON,1/13/2019,6:06 PM,2,0,0,0,0,,E 10TH,ST,,,,E 10TH,N PETE ELLIS,,,,Y,,400,E,39.171504,-86.495312,LOCAL/CITY ROAD,,N,N,URBAN,N,N,N,,DARK (NOT LIGHTED),CLEAR,WET,,NO JUNCTION INVOLVED,STRAIGHT/GRADE,ASPHALT,FOLLOWING TOO CLOSELY,$1001 TO $2500,REAR END,608,615,Y,N,E10THSTNPETEELLISDR,0,NONE,"V1 WAS TRAVELING EB ON E 10TH STREET. V2 WAS TRAVELING EB ON E 10TH STREET IN FRONT OF V1. WHILE TRAVELING, THE FRONT OF V1 COLLIDED WITH THE REAR OF V2. IT APPEARED THAT V1 ATTEMPTED TO SWERVE TO AVOID COLLISION AND ENDED UP ON THE SIDE EMBANKMENT. V1 HAD DAMAGE TO THE FRONT DRIVER'S SIDE AND V2 HAD DAMAGE TO THE PASSENGERS SIDE REAR.ON 01-21-19 THE CASE NUMBER WAS CORRECTED FROM B18-01847 TO THE CORRECT NUMBER OF B19-01847."
903296360,MONROE SD,M19A1373,MONROE,VAN BUREN,BLOOMINGTON,1/13/2019,9:52 AM,1,0,0,0,0,,FULLERTON,PIKE,,,,W FULLERTON,REDDY,,,,N,OTHER,,,0,0,LOCAL/CITY ROAD,,N,N,RURAL,N,N,N,,DAYLIGHT,CLOUDY,ICE,,T-INTERSECTION,STRAIGHT/LEVEL,ASPHALT,RAN OFF ROAD RIGHT,$2501 TO $5000,RAN OFF ROAD,955,1018,Y,N,WFULLERTONPIKEWREDDYWAY,0,NONE,DRIVER OF VEHICLE 1 STATED SHE WAS GOING EAST BOUND ON W. FULLERTON PIKE AT REDDY WAY WHEN SHE HIT A PATCH OF ICE. SHE STATED SHE RAN OFF THE ROAD WAY AND IMPACTED ON THE GUARDRAIL CAUSING MINOR DAMAGE TO GUARDRAIL AND DAMAGE TO THE PASSENGER SIDE FRONT OF VEHICLE 1.
903297983,MONROE SD,M19A1367,MONROE,BLOOMINGTON,BLOOMINGTON,1/13/2019,8:08 AM,1,0,0,0,0,,,,I69,,,I69N,,,123,,N,,300,N,41.28117292,-85.0869413,INTERSTATE,,N,N,RURAL,N,N,N,,DAYLIGHT,CLOUDY,ICE,,NO JUNCTION INVOLVED,STRAIGHT/LEVEL,ASPHALT,ROADWAY SURFACE CONDITION,$10001 TO $25000,RAN OFF ROAD,809,813,Y,N,I69N123,0,NONE,"The driver stated that while he was traveling north on I-69 at mile marker 123, he began traveling on a bridge. Due to the icy condition of the bridge, he then lost control. He impacted the concrete wall of the bridge and then slid off of the road on the east side into a ditch. The vehicle came to a rest at the bottom of the embankment facing south east."
903297093,BLOOMINGTON PD,B1901916,MONROE,BLOOMINGTON,BLOOMINGTON,1/14/2019,8:30 AM,2,0,0,0,0,,WILSON,ST,,,,105 E WILSON,WASHINGTON,,,,Y,,40,W,39.15159,-86.53282653,LOCAL/CITY ROAD,,,Y,URBAN,N,N,N,,DAYLIGHT,CLEAR,DRY,,NO JUNCTION INVOLVED,STRAIGHT/LEVEL,ASPHALT,,UNDER $1001,,1045,1050,Y,Y,105EWILSONST1400SWASHINGTONST,0,NONE,"V1/D1 IS UNKNOWN, LSA.V2 WAS PARKED UNATTENDED IN FRONT OF 105 E. WILSON DR. OWNER STATED SHE PARKED HER CAR AT 0800 WITH NO DAMAGE. SHE WAS INFORMED THAT THE TRASH TRUCKS CAME THROUGH AROUND 0830. NOTICED DAMAGE AROUND 1030. SANITATION DEPARTMENT FOR THE CITY IS GOING TO SPEAK WITH THEIR DRIVER AND INSPECT THEIR TRUCKS. V1 STRUCK V2 AND LEFT THE AREA."
903297174,MONROE SD,M19A1448,MONROE,VAN BUREN,BLOOMINGTON,1/14/2019,7:47 AM,2,1,1,0,0,,SOUTH CURRY,PIKE,,,,SOUTH CURRY,DOYLE,,,,N,,50,N,39.158352,-86.582752,LOCAL/CITY ROAD,,N,N,RURAL,N,N,N,,DAYLIGHT,CLEAR,DRY,,NO JUNCTION INVOLVED,STRAIGHT/GRADE,ASPHALT,FOLLOWING TOO CLOSELY,$2501 TO $5000,RIGHT TURN,749,757,Y,N,DOYLEAVESOUTHCURRYPIKE,0,NONE,"Driver 1 stated he was checking his instruments in his vehicle and when he looked back up,vehicle 2 was stopped in front of him. Driver 1 attempted to swerve and miss vehicle 2, however struck the passenger rear of the vehicle.Driver 2 stated she was attempting to make a left turn into 927 S. Curry when vehicle 1 struck her vehicle from behind.Driver 1 refused any medical.Driver 2 complained of neck and hip pain and was transported to IU Health Bloomington via ambulance.Vehicle 1 was undamaged and driven from the scene.Vehicle 2 was not drivable and towed to Ken's Westside by Ken's Westside."
903297642,BLOOMINGTON PD,B1901960,MONROE,BLOOMINGTON,BLOOMINGTON,1/14/2019,4:06 PM,3,0,1,0,0,,E 10TH,ST,,,,E 10TH,N PETE ELLIS,,,,Y,,100,W,39.171504,-86.495312,LOCAL/CITY ROAD,Y,N,N,URBAN,N,N,N,,DAYLIGHT,CLEAR,DRY,,FOUR-WAY INTERSECTION,STRAIGHT/GRADE,ASPHALT,FOLLOWING TOO CLOSELY,UNDER $1001,REAR END,406,418,Y,Y,E10THSTNPETEELLISDR,0,TRAFFIC CONTROL SIGNAL,All three vehicles were traveling eastbound on E. 10th St. Near the intersection with N. Pete Ellis Dr. V2 and V3 were slowing and subsequently stopping in traffic. V1 was coming to the stopped traffic too quickly after coming to the top of the nearby hill. V1 was unable to brake in time before rear ending V2. The collision pushed V2 into V3.V1 has damage to the front bumper in the form of cracks to the plastic.V2 has damage in the form of a dent on the trunk and more dents and scratches on the front bumper. V2 sustained a cut on the little finger on his right hand. He also complained of having a stiff neck. He declined all medical treatment.V3. Has damage to the tow hitch on the rear bumper.
903297715,INDIANA UNIV BLOOMINGTON PD,190111,MONROE,BLOOMINGTON,BLOOMINGTON,1/14/2019,8:45 PM,2,0,0,0,0,1320,3RD,ST,,,,E 3RD,,,,,Y,,,,39.1644925,-86.54987186,UNKNOWN,,N,N,URBAN,N,N,N,,DARK (LIGHTED),CLOUDY,DRY,,NO JUNCTION INVOLVED,STRAIGHT/LEVEL,ASPHALT,UNSAFE BACKING,$1001 TO $2500,BACKING CRASH,847,857,Y,N,E3RDST,0,NONE,"V1 was parked in the Village Pantry (1320 E 3rd Street) parking lot facing westbound. V2 was driving eastbound in the convenient store parking lot.V1 was backing out of the Village Pantry parking lot eastbound towards Jordan Ave. when it struck V2's front, driver-side bumper. V2 was driving eastbound in the middle of the Village Pantry parking lot towards Jordan Ave. when V1's rear, driver-side bumper struck V2.D2 stated he honked his horn at D1, however D1 stated he was unaware it was directed towards him.V1 sustained damage to the rear, driver-side bumper. V2 sustained damage to the front, driver-side bumper."
903297419,BLOOMINGTON PD,B1901934,MONROE,PERRY,BLOOMINGTON,1/14/2019,1:20 PM,2,0,0,0,0,1115,WALNUT,ST,,,,SOUTH WALNUT,,,,,Y,,,,39.15422171,-86.5336,LOCAL/CITY ROAD,,N,Y,URBAN,N,N,N,,DAYLIGHT,CLEAR,DRY,,NO JUNCTION INVOLVED,STRAIGHT/LEVEL,ASPHALT,UNSAFE BACKING,$2501 TO $5000,BACKING CRASH,132,140,Y,Y,SOUTHWALNUTST,0,NONE,"MICHAEL ROBINSON, WHO WITNESSED THE ACCIDENT, WAS INSIDE THE GAS STATION LOCATED AT 1115 SOUTH WALNUT STREET.MR. ROBINSON STATED THAT V1 WAS PARKED ON THE DRIVER'S SIDE OF V2.MR. ROBINSON STATED THAT V1 WAS PARKED FURTHER FORWARD THAN V2.MR. ROBINSON STATED THAT V1 DID ATTEMPT TO BACK UP OUT OF THE PARKING SPOT, GOING WEST.MR. ROBINSON STATED THAT THE REAR PASSENGER CORNER OF V1 DID MAKE CONTACT WITH THE DRIVER'S SIDE FRONT DOOR OF V2, RESULTING IN DAMAGE TO THE DOOR OF V2.MR. ROBINSON STATED THAT V1 DID THEN PULL FORWARD AND DID LEAVE THE AREA.MR. ROBINSON STATED V1 LOOKED LIKE AN OLDER MODEL SUBARU SUV, WHITE IN COLOR.MR. ROBINSON COULD NOT SAY WHAT THE LICENSE PLATE WAS FOR V1.THE OWNER OF V2 DID NOT WITNESS THE ACCIDENT.THE OWNER OF V2 WAS ALSO INSIDE THE GAS STATION DURING THIS INCIDENT. V2 WAS NOT TOWED DUE TO DISABLING DAMAGE."
903297213,BLOOMINGTON PD,B1901923,MONROE,BLOOMINGTON,BLOOMINGTON,1/14/2019,11:50 AM,2,0,0,0,0,,3RD,ST,,,,3RD,37,,,,Y,,,,39.164752,-86.573104,LOCAL/CITY ROAD,Y,N,N,URBAN,N,N,N,,DAYLIGHT,CLEAR,DRY,,FOUR-WAY INTERSECTION,STRAIGHT/LEVEL,ASPHALT,FOLLOWING TOO CLOSELY,$1001 TO $2500,REAR END,1140,1150,Y,N,37HWY3RDST,0,TRAFFIC CONTROL SIGNAL,Vehicle 1 was traveling west on 3rd street directly behind vehicle 2. Both vehicles proceeded through the intersection of 3rd and the State Road 37 North ramp. Vehicle 2 had to stop just after the intersection due to traffic being stopped at the next intersection. Driver of vehicle 1 was unaware vehicle 2 was coming to a stop. When driver of vehicle 1 noticed vehicle 2 was stopping he attempted to miss vehicle 2 but was unable because he was to close and collided with vehicle 2. Vehicle one has damage to front passenger side and Vehicle 2 to rear driver's side. No injuries from this accident. Both vehicles were able to drive from the accident scene.
903297930,ISP BLOOMINGTON 33,2.019E+11,MONROE,BLOOMINGTON,BLOOMINGTON,1/14/2019,8:20 AM,2,1,0,0,0,,,,SR46,,,SR46,CURRY,,,,N,,2000,E,39.19444812,-86.57195242,STATE ROAD,,N,Y,RURAL,N,N,N,,DAYLIGHT,CLEAR,DRY,,T-INTERSECTION,STRAIGHT/GRADE,ASPHALT,UNSAFE BACKING,$2501 TO $5000,BACKING CRASH,824,828,Y,N,CURRYPIKESR46,0,LANE CONTROL,"Vehicle 1 (2019 Volvo Semi) was traveling east on SR46 in the right lane, approximately 2000 feet east of Curry Pike. Vehicle 2( White 2015 Ford Fusion) was traveling east on SR46 in the right lane, approximately 2000 feet east of Curry Pike. Vehicle 1 backup up, striking vehicle 2. This resulted in damage to the front of vehicle 2. Vehicle 1 turned south onto I69, before being stopped by police in Lawrence County.Driver 1 (Krishnamoorthy Periyathamby) advised that he was traveling east on SR46, and missed his turn for I69. He advised that he backed up in traffic so that he could turn south on I69. He advised that he did not see any vehicles behind him and was not aware that he struck any. Driver 1 was not aware a crash occurred until he was stopped by law enforcement.Driver 2 (Kirstin Moore) said that she was stopped at the stoplight in the right lane east bound behind a semi-tractor trailer. When the light turned green, the truck reversed and backed up, hitting her car with the bottom bar on the rear of the box trailer. It then proceeded forward and made a wide right turn onto the southbound merge ramp to I69, continuing out of sight. Vehicle 1 and 2 were driven from the scene.. No obvious damage was located on the rear of Vehicle 1. Neither driver reported injuries to law enforcement."
903297399,BLOOMINGTON PD,B1901937,MONROE,BLOOMINGTON,BLOOMINGTON,1/14/2019,1:55 PM,1,0,0,0,0,,EAST 3RD,ST,,,,EAST 3RD,SOUTH JEFFERSON,,,,Y,OTHER,,,39.164304,-86.506992,LOCAL/CITY ROAD,,N,N,URBAN,N,N,N,,DAYLIGHT,CLEAR,DRY,,T-INTERSECTION,STRAIGHT/LEVEL,ASPHALT,RAN OFF ROAD RIGHT,$2501 TO $5000,RAN OFF ROAD,158,158,Y,N,EAST3RDSTSOUTHJEFFERSONST,0,NONE,D1 stated she was going eastbound on East 3rd Street and was not paying attention and ran off the road onto the curb raised median and struck a street sign in the middle of the median. It occurred about 20 feet east of the intersection of East 3rd Street and South Jefferson Street.No other motor vehicles were involved. No injuries were reported. The City of Bloomington was made aware of the damaged street sign.
903296969,ELLETTSVILLE PD,E1900320,MONROE,RICHLAND,ELLETTSVILLE,1/14/2019,9:01 AM,2,0,0,0,0,,,,SR46W,,,SR46W,UNION VALLEY,,,,Y,,,,39.215152,-86.5928,STATE ROAD,Y,N,N,URBAN,N,N,N,,DAYLIGHT,CLEAR,LOOSE MATERIAL ON ROAD,,FOUR-WAY INTERSECTION,STRAIGHT/GRADE,ASPHALT,FOLLOWING TOO CLOSELY,$1001 TO $2500,REAR END,905,908,Y,Y,SR46WUNIONVALLEYRD,0,TRAFFIC CONTROL SIGNAL,Vehicle Two just got stopped at the light at SR 46 W and Union valley Rd when he was struck from behind by Vehicle one
903297652,INDIANA UNIV BLOOMINGTON PD,190109,MONROE,BLOOMINGTON,BLOOMINGTON,1/14/2019,5:40 PM,2,0,0,0,0,,,,SR46,,,SR46,,SR45,,,Y,,240,N,39.21156264,-86.52138,STATE ROAD,,N,N,URBAN,N,N,N,,DAWN/DUSK,CLEAR,DRY,,NO JUNCTION INVOLVED,STRAIGHT/LEVEL,ASPHALT,FOLLOWING TOO CLOSELY,UNDER $1001,REAR END,542,546,Y,N,SR45SR46,0,NONE,V1 was driving south on SR 46. V2 was also driving south on SR 46.D1 stated she was driving south on SR 46 and checked her rear view mirror. D1 stated when she looked back at the road V2 had stopped due to traffic and she collided with V2's rear bumper.D2 stated he was driving south on SR 46 and had stopped due to traffic when V1 collided with his rear bumper.
903298649,BLOOMINGTON PD,B1902068,MONROE,BLOOMINGTON,BLOOMINGTON,1/14/2019,6:30 PM,2,0,,0,0,115,,,SR,,,SR,,,,,Y,,,,39.36809282,-86.26248632,STATE ROAD,,,Y,URBAN,N,N,N,,DARK (LIGHTED),CLEAR,DRY,,NO JUNCTION INVOLVED,STRAIGHT/LEVEL,ASPHALT,UNSAFE BACKING,,BACKING CRASH,100,100,Y,N,SR,0,NONE,Complainant Andrew Gonzalez stated that when he came into work there was a note that a local homeless man that hangs out in the area saw an older white female in a navy Honda CRV (V1) with a temp tag back out of the handicapped spot in front of the recruiting center and back into a parked car (V2). The note stated the woman got out and checked the damage and then drove away. I have no contatc information for the witness and the temp plate does not return.
903298206,INDIANA UNIV BLOOMINGTON PD,190115,MONROE,BLOOMINGTON,BLOOMINGTON,1/15/2019,12:05 PM,2,0,0,0,0,,,,SR45W,,,SR45W,TENTH,,,,Y,,,,0,0,STATE ROAD,Y,N,N,URBAN,N,N,N,,DAYLIGHT,CLOUDY,DRY,,FOUR-WAY INTERSECTION,STRAIGHT/LEVEL,ASPHALT,FOLLOWING TOO CLOSELY,$1001 TO $2500,REAR END,1209,1217,Y,N,SR45WTENTHST,0,TRAFFIC CONTROL SIGNAL,V1 and V2 were in the lane to turn westbound on 10th Street from the 45/46 Bypass. V1 and V2 were stopped in the turn lane waiting on the traffic light to turn green. D1 stated that he saw the light turn green and started to accelerate and did not notice the V2 was not movie and rear ended V2. D1 stated that it was fully his fault.
903298374,INDIANA UNIV BLOOMINGTON PD,190123,MONROE,BLOOMINGTON,BLOOMINGTON,1/15/2019,3:10 PM,2,0,0,0,0,,10TH,ST,,,,10TH,45 46,,,,Y,,100,S,39.16120362,-86.502535,LOCAL/CITY ROAD,,N,N,URBAN,N,N,N,,DAYLIGHT,CLOUDY,WET,,RAILROAD CROSSINGS,STRAIGHT/GRADE,ASPHALT,DRIVER DISTRACTED - EXPLAIN IN NARRATIVE,$1001 TO $2500,REAR END,318,333,Y,N,10THST4546BYP,0,RR CROSSING CROSSBUCKS WITH YIELD SIGN,"Distracted Driver (explain in narrative): D1 said he glanced down at his cell phone.V1 and V2 were both traveling northbound on the 45/46 Bypass, and was south of the railroad tracks near the intersection of 10th Street and the 45/46 Bypass. V1 was directly behind V2 prior to the crash.D1 said he was traveling northbound on the 45/46 Bypass in V1. D1 said he was directly behind V2 in V1 in the same lane of travel. D1 said he looked down at his cell phone at a text message and slowly moved forward thinking V2 had moved. D1 said V1 struck V2 in the rear bumper. D2 said she was northbound on the 45/46 Bypass in V2. D2 said V1 was directly behind her in the same lane of travel. D2 said V1 struck V2 in the rear of V2. Both V1 and V2 had minor damage. No injuries to either party."
903298327,INDIANA UNIV BLOOMINGTON PD,190114,MONROE,BLOOMINGTON,BLOOMINGTON,1/15/2019,12:11 PM,1,0,1,0,0,,THIRD,ST,,,,THIRD,JORDAN,,,,Y,,,,39.164315,-86.51655,LOCAL/CITY ROAD,Y,N,N,URBAN,N,N,N,,DAYLIGHT,CLOUDY,DRY,,FOUR-WAY INTERSECTION,STRAIGHT/LEVEL,ASPHALT,UNSAFE LANE MOVEMENT,$2501 TO $5000,RIGHT TURN,1213,1213,Y,Y,JORDANAVETHIRDST,1,TRAFFIC CONTROL SIGNAL,"D1 advised she was driving westbound on Third Street. D1 advised she initially intended to continue westbound through the intersection of Third Street and Jordan Avenue, however once at the intersection she changed her mind and started to turn northbound onto Jordan Avenue. D1 advised when she started turning northbound V1 and P1 crashed into each other. D1 advised she turned her turn signal on just prior to turning.P1 advised he was riding his bike west bound on Third Street. P1 advised while he was riding westbound through the intersection of Third Street and Jordan Avenue, V1 turned northbound and crashed into him. Medics on scene advised P1 had a broken right clavicle. P1 had scratches on his face and a bloody nose when I arrived on scene.W1 advised P1 was riding his bike westbound on Third Street. W1 advised V1 was traveling westbound on Third Street then quickly turned northbound before crashing into P1."
903298324,INDIANA UNIV BLOOMINGTON PD,190116,MONROE,BLOOMINGTON,BLOOMINGTON,1/15/2019,1:29 PM,2,0,1,0,0,,7TH,ST,,,,7TH,JORDAN,,,,Y,,,,39.168944,-86.516016,LOCAL/CITY ROAD,,N,N,URBAN,N,N,N,,DAYLIGHT,CLOUDY,WET,,FOUR-WAY INTERSECTION,STRAIGHT/GRADE,ASPHALT,DRIVER DISTRACTED - EXPLAIN IN NARRATIVE,$1001 TO $2500,REAR END,131,144,Y,Y,7THSTJORDANAVE,0,STOP SIGN,"Driver Distracted (explain in narrative): D1 was looking at paperwork in the front passenger seat.V1 and V2 both were traveling southbound on Jordan Ave. Both V1 and V2 were at the intersection of E. 7th Street and Jordan Ave. V1 was directly behind V2 prior to the crash. D1 said he was traveling southbound in V1 on Jordan Ave, and was at the intersection of E. 7th St. and Jordan Ave. D1 said he was looking at paperwork to see what building he needed to go to next. D1 said V1 rolled into V2 which was stopped at the four way intersection. V1 struck V2 in the rear bumper.D2 said he was in V2 southbound on Jordan Ave. And was at the intersection of E. 7th Street and Jordan Ave. D2 said he was stopped at four way intersection stop sign. D2 said V1 rolled into V2 striking V2 in the rear bumper. D2 had complaint of pain to the neck area. D2 and OP1 were both checked out by medics and released on scene. All parties signed a SOR declining further medical treatment at that time.Photos of the crash are available."
903298549,BLOOMINGTON PD,B1902087,MONROE,BLOOMINGTON,BLOOMINGTON,1/15/2019,11:00 AM,2,0,0,0,0,1760,N WASHINGTON,ST,,,,N WASHINGTON,,,,,Y,,,,39.18184,-86.532192,UNKNOWN,,,Y,URBAN,N,N,N,,DAYLIGHT,CLOUDY,DRY,,NO JUNCTION INVOLVED,STRAIGHT/LEVEL,ASPHALT,,UNDER $1001,,237,243,N,Y,NWASHINGTONST,0,NONE,"V2 was parked in the parking lot facing the west with no one inside. V2 was last seen undamaged at 1630 hours on 01/14/2019. Damage was noticed to V2 at 1100 hours. The damage was a scratch on the rear driver side bumper. There appeared to be red paint transfer. Photos were taken of the damage. There are cameras in the area that may have captured the incident. I will follow up on a later date to look at the footage. Due to no one seeing V1 and not being able to determine the position of V1 based on the damage of V2, I am unable to notate in the diagram where V1 was positioned at the time of impact. No suspects at this time."
903297889,BLOOMINGTON PD,B1902050,MONROE,PERRY,BLOOMINGTON,1/15/2019,7:59 AM,2,0,0,0,0,,HENDERSON,ST,,,,HENDERSON,NORTH,,,,Y,,,,39.144848,-86.526848,LOCAL/CITY ROAD,,N,N,URBAN,Y,N,N,,DAWN/DUSK,CLOUDY,DRY,,FOUR-WAY INTERSECTION,STRAIGHT/LEVEL,ASPHALT,FAILURE TO YIELD RIGHT OF WAY,$2501 TO $5000,RIGHT ANGLE,759,810,Y,N,HENDERSONSTNORTHDR,0,STOP SIGN,"V1 was traveling Eastbound on North Dr. V2 was traveling southbound on Henderson St. V1 attempted to make a left turn onto Henderson St., pulling out in front of V2.D1 stated that he was traveling on North Dr and was trying to make a left turn onto Henderson St. He did not see V2 and pulled out. He did say it was his fault.V1 did fail to yield to V2 causing damage to both vehicles."
903297984,MONROE SD,M19A1589,MONROE,VAN BUREN,BLOOMINGTON,1/15/2019,8:44 AM,1,0,0,0,0,,WEST FULLERTON,PIKE,,,,WEST FULLERTON,SOUTH LEONARD SPRINGS,,,,N,,100,E,39.123376,-86.582592,LOCAL/CITY ROAD,,N,N,RURAL,N,N,N,,DAYLIGHT,CLOUDY,DRY,,NO JUNCTION INVOLVED,STRAIGHT/GRADE,ASPHALT,RAN OFF ROAD RIGHT,$2501 TO $5000,RAN OFF ROAD,857,904,Y,N,SOUTHLEONARDSPRINGSRDWESTFULLERTONPIKE,0,NONE,DRIVER STATED HE GRABBED FOR HIS COFFEE AND HIS FRONT TIRE WENT OFF THE ROAD AND PULLED HIM OFF THE ROAD. VEHICLE 1 WAS TRAVELING EASTBOUND ON WEST FULLERTON PIKE. VEHICLE 1 WAS DRIVEN OFF THE ROAD AND STRUCK A TREE HEAD ON.DRIVER 1WAS UNINJURED AND REFUSED MEDICAL.VEHICLE 1 WAS NOT DRIVABLE. VEHICLE 1 WAS TOWED TO STONE CITY COLLISION.
903299176,MONROE SD,M19A1727,MONROE,RICHLAND,BLOOMINGTON,1/16/2019,3:15 PM,2,0,0,0,0,,,,SR46W,,,SR46W,W FOREST PARK,,,,N,,,,39.212048,-86.5872,STATE ROAD,,N,N,RURAL,N,N,N,,DAYLIGHT,CLOUDY,WET,,FOUR-WAY INTERSECTION,STRAIGHT/LEVEL,ASPHALT,FAILURE TO YIELD RIGHT OF WAY,$5001 TO $10000,LEFT TURN,316,318,Y,N,SR46WWFORESTPARKDR,0,NONE,"DRIVER OF VEHICLE 1 STATED HE WAS TRAVELING EAST BOUND ON W SR46, HE STATED HE LOOKED DOWN AND WHEN HE LOOKED BACK UP HE SAW VEHICLE 2 TURNING SOUTH ON TO FOREST PARK DR AND HIT VEHICLE 2. THE DRIVER OF VEHICLE 2 STATED HE WAS TURNING SOUTH ON TO FOREST PARK DR WHEN HIS VEHICLE WAS STRUCK IN THE PASSENGER SIDE REAR QUARTER BY VEHICLE 1. VEHICLE 1 HAD EXTENSIVE DAMAGE TO FRONT END AND DAMAGE TO RADITOR. VEHICLE 2 HAS HEAVY DAMAGE TO THE PASSENGER SIDE REAR QUARTER."
903299884,MONROE SD,M19A1748,MONROE,BLOOMINGTON,BLOOMINGTON,1/16/2019,8:42 PM,1,0,1,0,0,,HINKLE,RD,,,,N HINKLE,BETHE,,,,N,,1500,S,39.05400808,-86.50541,LOCAL/CITY ROAD,,N,N,RURAL,N,Y,N,,DARK (NOT LIGHTED),RAIN,WET,,NO JUNCTION INVOLVED,CURVE/GRADE,ASPHALT,RAN OFF ROAD RIGHT,$5001 TO $10000,RAN OFF ROAD,846,855,Y,N,EBETHELNNHINKLERD,0,NONE,V1 was traveling south bound on North Hinkle Road. V1 ran off the west side of the roadway and struck several trees before coming to a stop approximately 100 ft off the roadway. D1 was transported by ambulance for immediate medical attention.
903299548,ISP BLOOMINGTON 33,2.019E+11,MONROE,BLOOMINGTON,BLOOMINGTON,1/16/2019,8:00 AM,2,0,0,0,0,,,,SR45,,,SR45,MONROE,,,,Y,,,,39.186944,-86.5468,STATE ROAD,,N,N,URBAN,N,N,N,,DAWN/DUSK,CLOUDY,WET,,FOUR-WAY INTERSECTION,STRAIGHT/GRADE,CONCRETE,FAILURE TO YIELD RIGHT OF WAY,$5001 TO $10000,LEFT TURN,804,804,Y,N,NMONROESTSR45,0,LANE CONTROL,"V1, beige Volvo, was attempting to make a left turn from westbound SR45/46 Bypass to Monroe Street. V2, silver Dodge, was traveling east on SR45/46 Bypass in the left lane. V1 began to make the left turn and traveled across the eastbound lanes of SR45/46 Bypass in front of V2. V2 struck the right rear quarter panel and wheel of V1 with the front right corner of V2. V2 continued east after impact and came to final rest along the inside raised divider. V1 spun clockwise after impact and came to final rest facing southwest in the eastbound lane of SR45/46 Bypass.D1, Hunt, stated he was attempting to make a left turn from SR45/46 Bypass. D1 stated eastbound traffic was slowing to a stop due to heavy traffic volume. D1 stated he believed he was clear to travel across the eastbound lanes and began to make the left turn. D1 stated he did not see V2 traveling east on SR45/46 Bypass. D1 stated V2 struck V1 as he made the left turn. D2, Devitt, stated she was traveling east on SR45/46 Bypass in the left lane. D2 stated V1 turned left across her lane of travel. D2 stated she was unable to avoid collision and truck the passenger side of V1 with the front right corner of V2.Evidence shows damage to the passenger side rear quarter panel and rear wheel of V1. Evidence shows damage to damage to the front right corner of V2. Evidence shows heavy traffic volume in the eastbound lanes of SR45/46 Bypass during the accident investigation."