Master Record Number,Agency,Local Code,County,Township,City,Collision Date,Collision Time,Vehicles Involved,Trailers Involved,Number Injured,Number Dead,Number Deer,House Number,Roadway Name,Roadway Suffix,Roadway Number,Roadway Interchange,Roadway Ramp,Roadway Id,Intersecting Road,Intersecting Road Number,Mile Marker,Interchange,Corporate Limits?,Property Type,Feet From,Direction,Latitude,Longitude,Roadway Class,Traffic Control Devices?,Aggressive Driving?,Hit and Run?,Locality,School Zone?,Rumble Strips?,Construction?,Construction Type,Light Condition,Weather Conditions,Surface Condition,Type of Median,Roadway Junction Type,Road Character,Roadway Surface,Primary Factor,Damage Estimate,Manner of Collision,Time Notified,Time Arrived,Investigation Complete?,Photos Taken?,Unique Location Id,State Property Damage?,Traffic Control,NARRATIVE
903299274,BLOOMINGTON PD,B1902209,MONROE,BLOOMINGTON,BLOOMINGTON,1/16/2019,12:49 PM,2,0,0,0,0,,3RD,ST,,,,W 3RD,ENT TO KROGER,,,,Y,,,,0,0,LOCAL/CITY ROAD,,N,N,URBAN,N,N,N,,DAYLIGHT,CLOUDY,DRY,,T-INTERSECTION,STRAIGHT/LEVEL,ASPHALT,FAILURE TO YIELD RIGHT OF WAY,$5001 TO $10000,RIGHT ANGLE,1255,1255,Y,N,ENTTOKROGERWESTDRW3RDST,0,STOP SIGN,"D1 ADVISED HE WAS TURNING LEFT FROM KROGER WEST (N BOUND) ONTO W 3RD ST, WEST BOUND, AND A BLUE VEHICLE HAD STOPPED IN THE SOUTHERN MOST EAST BOUND LANE TO LET HIM OUT. D1 SAID AS HE STARTED TO TURN LEFT, JUST STARTING IN TRAFFIC, HE DID NOT SEE V2 AND TURNED INTO V2. D1 SAID HE DID NOT SEE V2 PRIOR TO PULLING OUT. D1 ADVISED V1 DOES NOT HAVE CAR INSURANCE.D2 SAID SHE WAS EAST BOUND ON W 3RD ST JUST WEST OF THE ENTRANCE FOR THE GAS PUMPS AT KROGER WEST IN THE NORTHERN MOST LANE, AT APPROXIMATELY 30 MPH, WHEN V1 PULLED OUT RIGHT IN FRONT OF HER AND THEN STRUCK THE SIDE OF V2. D2 SAID V2 THEN SPUN 180 DEGREES TO THE SOUTH AND THEN WEST, STOPPING FACING WEST, AND SOMEHOW DID NOT HIT ANYTHING ELSE."
903299171,BLOOMINGTON PD,B1902245,MONROE,PERRY,BLOOMINGTON,1/16/2019,5:00 PM,2,0,0,0,0,,S COLLEGE,AVE,,,,S COLLEGE,W 2ND,,,,Y,,100,W,39.16144,-86.534848,LOCAL/CITY ROAD,,N,N,URBAN,N,N,N,,DAYLIGHT,CLEAR,DRY,,FOUR-WAY INTERSECTION,STRAIGHT/LEVEL,ASPHALT,FAILURE TO YIELD RIGHT OF WAY,$1001 TO $2500,RIGHT ANGLE,503,512,Y,Y,SCOLLEGEAVEW2NDST,0,NONE,"D1 was headed N/B out of the parking lot of 528 S College Ave, Kroger, approaching W 2nd St. D2 was headed E/B on W 2nd St. D1 stopped at W 2nd St and waited to turn left and travel W/B on W 2nd St. D1 believed the roadway to be clear and proceeded to enter the E/B lane of W 2nd St, striking V2 on the passenger side of the vehicle. No injuries were reported at this time. Both vehicles were able to be driven from the scene. D1 stated that she was headed N/B out of the parking lot of 528 S College Ave, Kroger, approaching W 2nd St. D1 stated that she stopped at W 2nd St and waited to turn left. D1 stated that D2 was headed E/B on W 2nd St, and stopped to let her make her turn. D1 stated that she believed to roadway to be clear and proceeded to make her turn. D1 stated she then struck V2 in the passenger side with the front of her vehicle. D1 stated that she did not see V2 until it was too late. D2 staed that she was headed E/B on W 2nd St, passing 528 S College Ave, Kroger. D2 stated that she stopped to let D1 turn W/B onto W 2nd St, however D1 was on her phone not paying attention. D2 stated that she then had a green traffic signal, so she proceeded straight toward S College Ave. D2 stated that V1 then struck her rear passenger side with the front of her vehicle."
903299319,MONROE SD,M19A1679,MONROE,INDIAN CREEK,BLOOMINGTON,1/16/2019,6:58 AM,1,0,0,0,0,,S ROCKPORT,RD,,,,S ROCKPORT,POPCORN,,,,N,,2000,N,39.002752,-86.59,LOCAL/CITY ROAD,,N,N,RURAL,N,N,N,,DARK (NOT LIGHTED),SLEET/HAIL/FREEZING RAIN,WET,,NO JUNCTION INVOLVED,CURVE/GRADE,ASPHALT,HOLES/RUTS IN SURFACE,$1001 TO $2500,COLLISION WITH OBJECT IN ROAD,658,729,Y,N,POPCORNRDSROCKPORTRD,0,NONE,"D1 ADVISED SHE WAS TRAVELING SOUTH ON ROCKPORT ROAD, NEAR ROCKEAST ROAD WHEN SHE STRUCK A LARGE POTHOLE IN THE ROADWAY. D1 ADVISED THAT SHE CONTINUED ON FOR A SHORT TIME, STOPPING IN THE DRIVEWAY OF 8992 ROCKPORT RD, WHEN SHE REALIZED THE POT HOLE HAD CAUSED HER LEFT FRONT TIRE TO GO FLAT."
903303449,ELLETTSVILLE PD,E1900380,MONROE,RICHLAND,ELLETTSVILLE,1/17/2019,7:55 AM,3,0,0,0,0,601,EDGEWOOD,DR,,,,EDGEWOOD,,,,,Y,,,,39.2364,-86.631248,UNKNOWN,,N,N,URBAN,Y,N,N,,DARK (LIGHTED),RAIN,WET,,NO JUNCTION INVOLVED,STRAIGHT/LEVEL,ASPHALT,SPEED TOO FAST FOR WEATHER CONDITIONS,$5001 TO $10000,REAR END,800,800,Y,N,EDGEWOODDR,0,NONE,"Driver one was driving through the parking lot at Edgewood High School towards Edgewood Drive. Driver two was backing out of a parking spot and driver one admitted that she did not see driver two and struck driver two's vehicle in the passenger rear quarter panel and pushing driver two's car into vehicle 3. Vehicle three sustained damage to the passenger side rear bumper.Vehicle one sustained damage to the passenger side front quarter panel, bumper, and headlight assembly area. This impact occurred at approximately 7:55 AM on January 17, 2019. It was dark and raining near 33 degrees Fahrenheit. The parking lot has overhead lights illuminating the parking lot less than 50 feet from the crash site. The light was illuminated and working as intended upon my arrival."
903299527,BLOOMINGTON PD,B1902367,MONROE,BLOOMINGTON,BLOOMINGTON,1/17/2019,11:22 AM,2,0,0,0,0,400,E 4TH,ST,,,,E 4TH,,,,,Y,,,,39.165648,-86.529712,LOCAL/CITY ROAD,,N,N,URBAN,N,N,N,,DAYLIGHT,RAIN,WET,,NO JUNCTION INVOLVED,STRAIGHT/LEVEL,ASPHALT,UNSAFE BACKING,$10001 TO $25000,BACKING CRASH,1122,1127,Y,N,E4THST,0,NONE,D1 STATED HE WAS BACKING FROM A SOUTH FACING PARKING SPACE AT THE LOT LOCATED AT 4TH ST AND DUNN. D1 SAID AS HE WAS BACKING HE LOOKED AT HIS DRIVERS FRONT TO MAKE SURE IT CLEARED THE PARKED VEHICLE NEXT TO HIM AND STRUCK V2. D2 STATED HE WAS EAST BOUND THROUGH THE LOT AND V1 BACKED INTO HIM.
903303419,ELLETTSVILLE PD,E1900382,MONROE,RICHLAND,ELLETTSVILLE,1/17/2019,4:06 PM,1,0,0,0,0,640,W TECUMSEH,DR,,,,W TECUMSEH,,,,,Y,PRIVATE,,,39.222848,-86.63048,LOCAL/CITY ROAD,,N,N,URBAN,N,N,N,,DAYLIGHT,CLEAR,WET,,T-INTERSECTION,STRAIGHT/LEVEL,ASPHALT,BRAKE FAILURE OR DEFECTIVE,$5001 TO $10000,RAN OFF ROAD,411,421,Y,Y,WTECUMSEHDR,0,NONE,D1 STATED HE WAS TURNING RIGHT ONTO TECUMSEH AND THE BRAKES WENT TO THE FLOOR AND WHEN HE TURNED HE WAS GOING TO FAST. THE DRIVERS DOOR CAME OPEN AND HE FELL OUT OF THE TRUCK. BUT WAS ABLE TO GET VEH INTO NUETRAL AS HE FELL OUT. THE TRUCK THEN CONTINUED UP HILL THROUGH TWO YARDS AND STRUCK THE HOUSE AT 640 W TECUMSEH. IN THE AREA OF THE FRONT DOOR.
903299853,BLOOMINGTON PD,B1902430,MONROE,BLOOMINGTON,BLOOMINGTON,1/17/2019,9:10 PM,2,0,0,0,0,,S CURRY,PIKE,,,,S CURRY,W 3RD,,,,Y,,,,39.164544,-86.560096,LOCAL/CITY ROAD,Y,N,N,URBAN,N,N,N,,DARK (LIGHTED),CLOUDY,WET,,FOUR-WAY INTERSECTION,STRAIGHT/LEVEL,ASPHALT,FOLLOWING TOO CLOSELY,$2501 TO $5000,REAR END,710,720,Y,N,SCURRYPIKEW3RDST,0,TRAFFIC CONTROL SIGNAL,"Vehicle 2 was driving north on S. Curry Pike and entering the intersection with a green light, heading north when an emergency vehicle entered the intersection with emergency lights and sirens engaged. V2 applied his brakes to yield to the emergency vehicle. Vehicle 1 was following behind V2 and attempted to apply his brakes to avoid colliding with the rear of V2's vehicle. V1 then collided with the rear of V2 causing significant damage to V1 and minor damage to the rear of V2. V1 was not operable after the incident and was towed privately at a later time. V1 was still operable. Driver 2 stated that he did not hear or see the emergency vehicle entering the intersection until D2 had entered the intersection himself. Driver 2 then said that he applied his brakes and Vehicle 1 collided with the rear of his vehicle.Driver 1 stated that he suddenly saw V2 braking and then heard the sirens from the emergency vehicle. D1 then attempted to stop but collided with the rear of V2."
903299630,BLOOMINGTON PD,B1902344,MONROE,BLOOMINGTON,BLOOMINGTON,1/17/2019,8:06 AM,2,0,0,0,0,3901,N KINSER,PIKE,,,,N KINSER,,,,,Y,,,,39.20304,-86.547392,UNKNOWN,,N,N,URBAN,Y,Y,N,,DAYLIGHT,RAIN,WET,,NO JUNCTION INVOLVED,STRAIGHT/LEVEL,ASPHALT,UNSAFE BACKING,$5001 TO $10000,BACKING CRASH,811,825,Y,N,NKINSERPIKE,0,LANE CONTROL,"D1 ADVISED HE WAS BACKING NORTHEAST TO GO SOUTH FROM THE FRONT ROW OF THE PARKING LOT FACING THE SCHOOL (WEST BOUND) AT 3901 N KINSER PIKE AND DID NOT SEE V2 WAS STOPPED IN TRAFFIC BEHIND HIM AND STRUCK V2 WITH V1. D1 SAID HE WAS GOING 2-3 MPH AS HE WAS BACKING FROM THE PARKING SPACE AND HE DID NOT RECALL CHECKING HIS CENTER AND OUTSIDE DRIVER'S REAR VIEW MIRROR, BUT DOES RECALL CHCEKING THE PASSENGER OUTSIDE REARVIEW MIRROR. D1 SAID THE DRIVER OF THE CAR NORTH OF HIM WAS ALSO BACKING FROM IT'S PARKING SPACE AT THE SAME TIME.D2 SAID SHE WAS N BOUND FROM THE PARKING LOT JUST EAST OF THE FRONT ENTRANCE OF THE SCHOOL AT 3901 N KINSER PIKE, JUST BEHIND THE FIRST ROW OF CARS, NEAR THE BAND DIRECTOR'S TOWER, LEAVING THE LOT, BUT THERE WAS A CAR NORTH OF HER IN THAT FIRST ROW OF PARKING BACKING OUT SO V2 WAS STOPPED IN TRAFFIC, AND V1 BACKED OUT OF THE SPACE IT WAS IN AND INTO V2, STRIKING THE DRIVER'S SIDE IN FRONT OF THE DRIVER'S DOOR."
903299258,BLOOMINGTON PD,B1902318,MONROE,BLOOMINGTON,BLOOMINGTON,1/17/2019,12:15 AM,2,0,0,0,0,,MOORES,PIKE,,,,MOORES,SMITH,,,,Y,,,,39.15022,-86.48046,LOCAL/CITY ROAD,,N,Y,URBAN,N,N,N,,DARK (LIGHTED),CLEAR,WET,,NO JUNCTION INVOLVED,STRAIGHT/LEVEL,ASPHALT,FAILURE TO YIELD RIGHT OF WAY,$2501 TO $5000,REAR END,1215,1225,N,Y,MOORESPIKESMITHRD,0,STOP SIGN,"On the 17th of January 2019, at approximately 12:15am. I was dispatched to thearea of Moores Pike and Smith road for a vehicle accident. Once I reached thislocation I noticed a large amount of debris in this intersection located on thewest side of this intersection. I then located a silver Honda passenger carsouth of the intersection. I then spoke with the driver who identified himself as Brandon Nelson, he statedthat he was driving east as he approached the intersection. As he came to a stopa black SUV approached him at a high rate of speed and failed to stop behindhim. The SUV then struck Brandon on the rear driver side causing a substantialamount of damage. The SUV then fled east on Moores pike, at this time the driverfailed to provide Brandon with his information for the vehicle accident. Brandondescribed that driver as a white male that was wearing a brown jacket, andBrandon felt the driver might have been impaired. The SUV fled east on Moores pike as Brandon's mother and father attempted tocatch up to him, they stated that they lost the vehicle in the area of SR46headed into Brown County. The SUV should have a substantial amount of damage onthe drivers side front bumper and headlight area. It was described as being anewer black SUV. A field form was completed and provided to Brandon and photographs were taken tobe placed with this case. Officers checked the area but failed to locate the SUVon tonight's date. A state crash report was also completed for this case.On the night of January 17th around 10:00PM I spoke with the driver of the SUV that was involved with this case. Jason Myers had called into the Bloomington Police Department and stated that he was the suspect in this case and that he wanted to talk with me about the accident. Jason stated that he suffers from PTSD and that he had got triggered last night and that he had to leave. Jason stated that he was driving his SUV as he approached the intersection he didn't see the vehicle in front of him. Jason stated that he struck the vehicle in front of him and then stopped to check to see if he was okay and provide him with his information. Jason stated that he called 911 to report the accident and as he talked with the other driver he noticed the male was on the phone.He could hear a female on the phone yelling for the other driver not to talk with him and to stayaway from him. Jason stated this put a great deal of stress on him and this triggered his PTSD and that he had to get away from. Jason admitted to being the driver and was understood that he committeda crime by leaving.Jason was issued a citation for operating with a expired drivers license and a Misdemeanor citation for leaving the scene of a vehicle accident."
903299904,MONROE SD,M19A1834,MONROE,VAN BUREN,BLOOMINGTON,1/17/2019,9:49 PM,2,0,0,0,0,,,,SR45,,,W STATE ROAD 45,LIBERTY,,,,N,,100,W,39.14499486,-86.57788929,UNKNOWN,,N,N,RURAL,N,N,N,,DARK (LIGHTED),CLEAR,WET,,Y-INTERSECTION,CURVE/LEVEL,ASPHALT,FOLLOWING TOO CLOSELY,$2501 TO $5000,REAR END,956,1006,Y,N,LIBERTYDRWSTATEROAD45HWY,0,YIELD SIGN,"Driver of V1 stated she was stopped behind V2 at the yield sign attempting to pull out of the Wal-Mart parking lot beside the gas station when V2 started to pull out into the eastbound lane of State Road 45 at which time V1 started moving forward as well, when V2 stopped abruptly at which time V1 struck V2 in the rear of the vehicle. Driver of V2 stated she was attempting to turn eastbound on State Road 45 and started to pull out into the eastbound traffic lane and then noticed an oncoming vehicle in the eastbound lane of State Road 45 and could not safely enter the highway and therefore she stopped her vehicle at which time she was rear ended by V1."
903299849,BLOOMINGTON PD,B1902434,MONROE,BLOOMINGTON,BLOOMINGTON,1/17/2019,7:29 PM,2,0,0,0,0,,WALNUT,ST,,,,S WALNUT,MILLER,,,,Y,,200,S,39.12575068,-86.53265,LOCAL/CITY ROAD,,N,N,URBAN,N,N,N,,DARK (LIGHTED),CLEAR,DRY,,NO JUNCTION INVOLVED,STRAIGHT/LEVEL,ASPHALT,FAILURE TO YIELD RIGHT OF WAY,$5001 TO $10000,LEFT TURN,730,735,Y,N,EMILLERDRSWALNUTST,0,NONE,W1 STATED HE WAS DRIVING NORTHBOUND ON SOUTH WALNUT STREET WHEN V1 PULLED OUT THE PRIVATE PARKING LOT OF 1919 SOUTH WALNUT STREET IN FRONT OF V2 AND V2 HAD NO TIME TO STOP.D1 STATED HE THOUGHT HE HAD ROOM TURNING LEFT OUT OF 1919 SOUTH WALNUT STREET AND DID NOT SEE V2.D2 STATED HE WAS DRIVING NORTHBOUND ON SOUTH WALNUT STREET WHEN V1 PULLED OUT IN FRONT OF HIM AND HE DIDN'T HAVE TIME TO STOP.NO INJURIES WERE REPORTED.V1 SUSTAINED MINOR DAMAGE TO THE LEFT SIDE OF V1. V2 SUSTAINED MAJOR FRONT END DAMAGE.
903299885,MONROE SD,M19A1804,MONROE,PERRY,BLOOMINGTON,1/17/2019,3:25 PM,2,0,0,0,0,,ARLINGTON,RD,,,,ARLINGTON,STONEYBROOK,,,,N,,1000,E,39.20197,-86.56177656,COUNTY ROAD,,N,N,RURAL,N,N,N,,DAYLIGHT,CLOUDY,WET,,NO JUNCTION INVOLVED,STRAIGHT/GRADE,ASPHALT,FOLLOWING TOO CLOSELY,$5001 TO $10000,REAR END,327,343,Y,N,ARLINGTONRDSTONEYBROOKBLVD,0,NONE,V2 was traveling southeast on Arlington Rd when V2 was rear ended by V1 who was also traveling southeast. D2 stated she came to a stop because there was an oversized truck pulling into a driveway. D1 also stated that V2 came to a stop because of an oversized truck pulling into a driveway but could not stop in time. It was daylight with clouds and the roads were slightly wet.
903299628,INDIANA UNIV BLOOMINGTON PD,190142,MONROE,BLOOMINGTON,BLOOMINGTON,1/17/2019,11:10 AM,2,0,0,0,0,,3RD,ST,,,,3RD,S INDIANA,,,,Y,,,,39.164448,-86.5268,LOCAL/CITY ROAD,Y,N,Y,URBAN,N,N,N,,DAYLIGHT,CLOUDY,WET,,FOUR-WAY INTERSECTION,STRAIGHT/LEVEL,ASPHALT,UNSAFE LANE MOVEMENT,UNDER $1001,RIGHT TURN,1207,1207,N,N,3RDSTSINDIANAAVE,0,TRAFFIC CONTROL SIGNAL,"D1, Natalia Eraci, met with me at the IU Police Department headquarters at 1469 E 17th Street, Bloomington IN 47408 at approximately 1207hrs to report her involvement in a crash that occurred at the intersection of 3rd Street and Indiana Ave.D1 stated she was westbound on 3rd Street approaching the intersection of Indiana Ave in the left lane. D1 stated she attempted to turn right onto Indiana Ave from the left lane when she realized she was in the wrong lane. D1 stated she continued to turn and noticed V2, which was in the right lane of 3rd Street, was also turning right onto Indiana Ave. D1 stated as she turned next to V2, she heard a noise, but never felt any impact. D1 believed the sound was a result of a box shifting in the trunk of V1. D1 stated she slowed down in the event that she made contact with V2, but stated V2 never made an attempt to alert her or stop. D1 stated she continued to her destination (Wildermuth Intramural Center) where she got out of V1 and realized there was fresh damage to the rear passenger side of V1. D1 then stated she came to IUPD to report the collision. D1 described V2 as being a light blue sedan, but didn't have any further information than that. At this time, the driver of V2 has not attempted to contact police."
903299547,BLOOMINGTON PD,B1902369,MONROE,BLOOMINGTON,BLOOMINGTON,1/17/2019,11:33 AM,1,0,0,0,0,2300,N WALNUT,ST,,,,N WALNUT,,,,,Y,,,,39.232544,-86.540704,UNKNOWN,,N,N,URBAN,N,N,N,,DAYLIGHT,RAIN,WET,,NO JUNCTION INVOLVED,STRAIGHT/LEVEL,ASPHALT,DRIVER DISTRACTED - EXPLAIN IN NARRATIVE,$2501 TO $5000,OTHER - EXPLAIN IN NARRATIVE,1136,1148,Y,N,NWALNUTST,0,NONE,Driver 1 stated he was driving north through the lot of 2300 N Walnut St and was turning left. Driver 1 stated his windows were fogging up and he was trying to wipe them off when he turned to sharply and struck a light post in the lot.
903299933,BLOOMINGTON PD,B1902469,MONROE,BLOOMINGTON,BLOOMINGTON,1/18/2019,12:45 AM,2,0,0,0,0,,17TH,ST,,,,17TH,MADISON,,,,Y,,,,39.178992,-86.537792,LOCAL/CITY ROAD,Y,N,Y,URBAN,N,N,N,,DARK (LIGHTED),CLOUDY,DRY,,NO JUNCTION INVOLVED,STRAIGHT/LEVEL,ASPHALT,FAILURE TO YIELD RIGHT OF WAY,$2501 TO $5000,RIGHT ANGLE,1246,1246,Y,N,17THSTMADISONAVE,0,TRAFFIC CONTROL SIGNAL,V1 TURNING LEFT FROM MADISON ONTO 17TH STV2 DRIVING WEST ON 17TH ST. V1 FAILED TO YIELD RIGHT OF WAY TO V2 V1 STRUCK V2
903300231,ELLETTSVILLE PD,E1900403,MONROE,RICHLAND,ELLETTSVILLE,1/18/2019,11:19 AM,2,0,0,0,0,,,,SR46W,,,SR46W,SALE,,,,Y,,75,W,39.23393299,-86.62494035,STATE ROAD,,N,N,URBAN,N,N,N,,DAYLIGHT,CLEAR,DRY,,NO JUNCTION INVOLVED,STRAIGHT/LEVEL,ASPHALT,IMPROPER TURNING,$5001 TO $10000,SAME DIRECTION SIDESWIPE,1123,1126,Y,Y,SALESTSR46W,0,NONE,"V1 and V2 were westbound on State Road 46(Main St.) side by side on the westbound one way pair, just west of the intersection of Sale Street in Ellettsville, Indiana. V1 attempted to turn left into the alley behind 221 N. Sale Street from the outside right hand lane and struck V2 in the side. V2 had the right of way in the inside lane. Driver 1 admitted fault at the scene. WITNESS: CHARLES BELL 812-318-4292 WAS DRIVING WESTBOUND BEHIND V1 AND SAID V1 TURNED INTO THE SIDE OF V2."
903300105,ELLETTSVILLE PD,E1900402,MONROE,RICHLAND,ELLETTSVILLE,1/18/2019,7:48 AM,3,0,0,0,0,,,,SR46W,,,SR46W,HARTSTRAIGHT,,,,Y,,,,39.22766,-86.61594,STATE ROAD,Y,N,N,URBAN,N,N,N,,DAWN/DUSK,CLEAR,DRY,,NO JUNCTION INVOLVED,STRAIGHT/LEVEL,ASPHALT,BRAKE FAILURE OR DEFECTIVE,$10001 TO $25000,REAR END,750,752,Y,Y,HARTSTRAIGHTRDSR46W,0,TRAFFIC CONTROL SIGNAL,"V3 AND V2 WERE SLOWED IN BUMPER TO BUMPER EASTBOUND TRAFFIC ON STATE ROAD 46 (500 BLOCK OF E TEMPERANCE) FOR THE TRAFFIC LIGHT AT HARTSTRAIGHT ROAD. V1 CLAIMS HIS BRAKES FAILED AND HE REAR-ENDED V2, PUSHING IT INTO V3."
903300409,INDIANA UNIV BLOOMINGTON PD,190153,MONROE,BLOOMINGTON,BLOOMINGTON,1/18/2019,5:41 PM,2,0,0,0,0,,,,SR46,,,SR46,17TH,,,,Y,,,,39.17984,-86.507088,LOCAL/CITY ROAD,Y,N,N,URBAN,N,N,N,,DAWN/DUSK,CLEAR,DRY,,T-INTERSECTION,STRAIGHT/GRADE,ASPHALT,FOLLOWING TOO CLOSELY,$1001 TO $2500,REAR END,541,636,Y,N,EAST17THSTSR46,0,TRAFFIC CONTROL SIGNAL,"V2 and V1 were both facing eastbound on E 17th St. at the red light at the SR 45/46 Bypass. V2 was in front of V1 when V1 rear ended V2.D1 advised that he was facing east on E 17th St. at the red traffic signal at the SR 45/46 Bypass. D1 advised that he was behind V2 waiting to turn right. D1 advised that he was looking left to watch traffic when he saw V2 pull forward out of the corner of his eye. D1 advised that without looking forward, he assumed V2 had gone through the intersection and began pulling forward himself, causing a collision. D2 advised that she was facing east on E 17th St. at the red traffic signal at the SR 45/46 Bypass waiting to turn right. D2 advised that she was the first car in line. D2 advised that she was attempting to turn right on red, so she pulled forward enough to see the oncoming traffic. D2 advised that when she came to a complete stop before turning, V1 collided with the rear of V2.V1 sustained a bent bumper and paint transfer on the front right corner.V2 sustained a cracked rear bumper cover on the driver's side."
903300361,BLOOMINGTON PD,B1902569,MONROE,PERRY,BLOOMINGTON,1/18/2019,4:47 PM,2,0,0,0,0,,S FAIRVIEW,ST,,,,S FAIRVIEW,E HOWE,,,,Y,,,,39.162432,-86.5408,LOCAL/CITY ROAD,,N,Y,URBAN,N,N,N,,UNKNOWN,CLEAR,DRY,,FOUR-WAY INTERSECTION,STRAIGHT/LEVEL,ASPHALT,UNSAFE BACKING,$1001 TO $2500,BACKING CRASH,454,504,Y,Y,EHOWESTSFAIRVIEWST,0,NONE,"D1/V1 left the scene prior to my arrival.V2 was parked at the time of the accident. The owner of V2 stated that his vehicle was parked facing W/B on W Howe St from 01/12/19 until he noticed the damage on today's date, 01/18/19. The owner believes that a person named Max Williams backed into his vehicle, due to a business card with Max's information being left on the driver's side window. V2 sustained damage to the driver side of the vehicle, just behind the driver's door. V2 was able to be driven from the scene. At this time the investigation into the leaving the scene of the accident is ongoing."
903300992,MONROE SD,M19A1911,MONROE,BLOOMINGTON,BLOOMINGTON,1/18/2019,2:16 PM,2,0,0,0,0,,CURRY,PIKE,,,,N CURRY,WELMIR,,,,Y,,,,39.16687,-86.58295,COUNTY ROAD,,N,N,URBAN,N,N,N,,DAYLIGHT,CLEAR,DRY,,NO JUNCTION INVOLVED,STRAIGHT/LEVEL,ASPHALT,OTHER (DRIVER) - EXPLAIN IN NARRATIVE,UNDER $1001,REAR END,220,226,Y,N,NCURRYPIKESWELMIRDR,0,NONE,D1-LEGGIO STATED HIS FOOT SLIPPED OFF THE BRAKE OF V1 CAUSING A REAR END COLLISION WITH V2. V2 WAS STOPPED ON S WELMIR DRIVE TRYING TO TURN ONTO N CURRY PIKE WHEN THE COLLISION OCCURED. THERE WAS MINOR TO NO DAMANGE TO V2. V1 HAD DAMANGE TO THE FRONT.
903302641,INDIANA UNIV BLOOMINGTON PD,190181,MONROE,BLOOMINGTON,BLOOMINGTON,1/18/2019,3:00 PM,1,0,1,0,0,,TENTH,ST,,,,TENTH,JORDAN,,,,Y,,,,39.171385,-86.51568,LOCAL/CITY ROAD,Y,N,Y,URBAN,N,N,N,,DAYLIGHT,CLEAR,DRY,,FOUR-WAY INTERSECTION,STRAIGHT/LEVEL,ASPHALT,OTHER (VEHICLE) - EXPLAIN IN NARRATIVE,UNDER $1001,OTHER - EXPLAIN IN NARRATIVE,409,420,Y,N,JORDANAVETENTHST,1,TRAFFIC CONTROL SIGNAL,"V1 was traveling east on 10th street approaching the intersection of 10th street and Jordan Avenue. P1 was running along the same street, trying to catch a bus at the same intersection. P1 ran out onto 10th street in front of V1. V1 did not see P1 in time, and struck P1 in the lower left knee area with the front bumper of V1. The accident occurred on 1/18/2019, but P1 did not report the accident until 1/22/2019. P1 stated D1 stopped when the accident occurred and checked to see if he was ok. P1 stated to D1 he was ok, and they both left the scene. P1 said he was only reporting the accident for insurance reasons. It should be noted this is not a hit and run accident. I had to check the hit and run box, only so I could advance through the ARIES system. This should be classified as Personal Injury Crash, and the driver of V1 fulfilled her requirement by stopping to check on the pedestrian."
903300261,BLOOMINGTON PD,B1902556,MONROE,VAN BUREN,BLOOMINGTON,1/18/2019,3:43 PM,1,0,0,0,0,,S LEONARD SPRINGS,RD,,,,S LEONARD SPRINGS,W CEDAR CHASE,,,,Y,,100,S,39.131648,-86.582496,LOCAL/CITY ROAD,,N,N,URBAN,N,N,N,,DAYLIGHT,CLEAR,DRY,,NO JUNCTION INVOLVED,STRAIGHT/LEVEL,ASPHALT,IMPROPER LANE USAGE,$10001 TO $25000,RAN OFF ROAD,346,357,Y,N,SLEONARDSPRINGSRDWCEDARCHASEDR,0,NONE,D1 STATED SHE WAS DRIVING SOUTH BOUND ON SOUTH LEONARD SPRINGS ABOUT 100 FEET SOUTH OF WEST CEDAR CHASE DRIVE WHEN HER RIGHT FRONt TIRE LEFT THE ROADWAY AND SHE WAS UNABLE TO CORRECT IT AND STRUCK A TREE.W1 STATED HE WAS TRAVELING SOUTHBOUND ON SOUTH LEONARD SPRINGS IN FRONT OF V1 WHEN HE LOOKED IN HIS MIRROR AND SAW THE VEHICLE LEAVE THE ROADWAY AND D1 WAS UNABLE TO CORRECT THE VEHICLE BEFORE STRIKING THE TREE.NO INJURIES WERE REPORTED.