Master Record Number,Agency,Local Code,County,Township,City,Collision Date,Collision Time,Vehicles Involved,Trailers Involved,Number Injured,Number Dead,Number Deer,House Number,Roadway Name,Roadway Suffix,Roadway Number,Roadway Interchange,Roadway Ramp,Roadway Id,Intersecting Road,Intersecting Road Number,Mile Marker,Interchange,Corporate Limits?,Property Type,Feet From,Direction,Latitude,Longitude,Roadway Class,Traffic Control Devices?,Aggressive Driving?,Hit and Run?,Locality,School Zone?,Rumble Strips?,Construction?,Construction Type,Light Condition,Weather Conditions,Surface Condition,Type of Median,Roadway Junction Type,Road Character,Roadway Surface,Primary Factor,Damage Estimate,Manner of Collision,Time Notified,Time Arrived,Investigation Complete?,Photos Taken?,Unique Location Id,State Property Damage?,Traffic Control,NARRATIVE
903300816,BLOOMINGTON PD,B1902705,MONROE,BLOOMINGTON,BLOOMINGTON,1/19/2019,6:14 PM,2,0,0,0,0,,PATTERSON,DR,,,,S PATTERSON,3RD,,,,Y,,,,39.16424,-86.551785,LOCAL/CITY ROAD,Y,N,N,URBAN,N,N,N,,DARK (LIGHTED),SNOW,ICE,,T-INTERSECTION,STRAIGHT/LEVEL,ASPHALT,ROADWAY SURFACE CONDITION,$2501 TO $5000,RIGHT TURN,614,620,Y,N,SPATTERSONDRW3RDST,0,TRAFFIC CONTROL SIGNAL,Driver 1 (D1) advised that she was attempting to make a right hand turn on the green light while heading east bound on W 3rd St. D1 stated that she was then turning right to head south bound on S Patterson Dr. D1 stated that because of the snowy road conditions that her car slid out of her lane and into the turn lane of north bound traffic. D1 advised that her vehicle (V1) then made contact with vehicle 2 (V2). Driver 2 (D2) advised that he was stopped at the stop light facing north bound on S Patterson Dr. D2 explained that as he was waiting on the light to turn green V1 hit his vehicle while making the turn. V1 was towed from the scene due to heavy front end damage. V2 was driven from the scene by the owner.
903304288,MONROE SD,M19A2360,MONROE,CLEAR CREEK,BLOOMINGTON,1/19/2019,11:00 PM,1,0,0,0,0,,W FLUCK MILL,RD,,,,W FLUCK MILL,S MAMIE EADS,,,,N,,50,W,39.07176,-86.565824,LOCAL/CITY ROAD,,N,N,RURAL,N,N,N,,DARK (NOT LIGHTED),BLOWING SAND/SOIL/SNOW,SNOW/SLUSH,NONE,NO JUNCTION INVOLVED,CURVE/LEVEL,ASPHALT,OTHER (DRIVER) - EXPLAIN IN NARRATIVE,$2501 TO $5000,OTHER - EXPLAIN IN NARRATIVE,103,130,Y,N,SMAMIEEADSRDWFLUCKMILLRD,0,NONE,"V1 WAS TRAVELING WESTBOUND ON FLUCK MILL ROAD, WHILE PLOWING AND SANDING, WHEN D1 FAILED TO LOWER THE DUMP BED PRIOR TO GOING UNDER A RAILROAD OVERPASS. SAID DUMP BED THEN STRUCK THE OVERPASS CAUSING DAMAGE TO V1."
903301936,ELLETTSVILLE PD,E1900438,MONROE,RICHLAND,ELLETTSVILLE,1/19/2019,11:14 PM,1,0,0,0,0,,MATTHEWS,DR,,,,MATTHEWS,MT TABOR,,,,N,,1000,S,39.13937758,-86.62053,LOCAL/CITY ROAD,,N,N,RURAL,N,N,N,,DARK (NOT LIGHTED),CLEAR,SNOW/SLUSH,,NO JUNCTION INVOLVED,STRAIGHT/LEVEL,ASPHALT,ROADWAY SURFACE CONDITION,$5001 TO $10000,RAN OFF ROAD,1114,1119,Y,Y,MATTHEWSDRMTTABORRD,0,NONE,Vehicle 1 was traveling north on North Matthews Drive in approximately the 6800 block when it ran off the roadway due to the roadway surface conditions (snow). Vehicle 1 traveled down an embankment and struck a tree. Damage to the vehicle was on the driver's side.No injuries were reported to me at the scene of the collision.Photographs were taken and are available upon request.
903300823,INDIANA UNIV BLOOMINGTON PD,190163,MONROE,BLOOMINGTON,BLOOMINGTON,1/19/2019,7:44 PM,2,0,1,0,0,,JORDAN,AVE,,,,JORDAN,TENTH,,,,Y,,,,39.171385,-86.51568,LOCAL/CITY ROAD,Y,N,N,URBAN,N,N,N,,DARK (LIGHTED),SNOW,SNOW/SLUSH,,FOUR-WAY INTERSECTION,CURVE/LEVEL,ASPHALT,SPEED TOO FAST FOR WEATHER CONDITIONS,$2501 TO $5000,RIGHT ANGLE,744,744,Y,N,JORDANAVETENTHST,0,TRAFFIC CONTROL SIGNAL,On 01/19/2019 at 1944 hours I was driving southbound on Jordan Avenue approaching the intersection of 10th Street when I noticed a vehicle stopped at an angle in the middle of the intersection. Dispatch then advised that the traffic accident had just occurred there.It should be noted that road conditions were extremely poor due to the large amount of snow the surrounding area was receiving tonight. The roads were not plowed and the snow was falling heavily with several inches having already fallen.I spoke with D1 who stated he was traveling southbound on Jordan Avenue attempting to stop at the red light at 10th Street. D1 stated he tried to stop but continued to slide and eventually slide into the intersection where he struck V2. V1 sustained damage to the front bumper. There was a dent in the middle of the bumper and it was also loose when touched.D2 stated she was driving slowly westbound on 10th street at the Jordan Avenue intersection when V1 slid through the intersection and struck her on the passenger side. D2's passenger complained of pain from her right knee and that her head also hurt from hitting it from the impact. EMS came to look at V1 and she signed a release form stating she thought she was okay.V2 sustained damage to the passengers side. The front and rear passenger side door was smashed inward and D1 stated her passenger was unable to open the passenger side door. Due to the poor weather conditions Chandler's Towing Company came to tow V2.
903300634,ELLETTSVILLE PD,E1900424,MONROE,RICHLAND,ELLETTSVILLE,1/19/2019,11:21 AM,2,0,0,0,0,,UNION VALLEY,RD,,,,UNION VALLEY,,SR46,,,Y,,,,39.215152,-86.5928,COUNTY ROAD,,N,N,URBAN,N,N,N,,DAYLIGHT,RAIN,WET,,NO JUNCTION INVOLVED,STRAIGHT/LEVEL,ASPHALT,LEFT OF CENTER,$5001 TO $10000,LEFT TURN,1124,1133,Y,Y,UNIONVALLEYRDWESTSTATEROAD46ST,0,LANE CONTROL,"V1 WAS SOUTHBOUND ON UNION VALLEY WITH DOUBLE YELLOW LINE AT INTERSECTION. V1 TURNED CONTRARY TO THE DOUBLE YELLOW LINE CROSSING NORTHBOUND LANE OF UNION VALLEY TO ENTER THE PRIVATE DRIVE OF CVS PHARMACY LOCATED AT 4444 W.S.R. 46, BLOOMINGTON, IN. V2 WAS TURNING FROM W.S.R. 46 WESTBOUND TO GO NORTH ONTO UNION VALLEY WITH RIGHT OF WAY. VEHICLES COLLIDED. NO DIAGRAM. BOTH VEHICLES LEFT SCENE AND MOVED INTO PARKING LOT OF CVS PHARMACY PRIOR TO MY ARRIVAL."
903300790,BLOOMINGTON PD,B1902721,MONROE,BLOOMINGTON,BLOOMINGTON,1/19/2019,7:15 PM,2,0,0,0,0,,WALNUT,ST,,,,WALNUT,HOOSIER,,,,Y,,100,N,39.14254063,-86.53157,LOCAL/CITY ROAD,,N,N,URBAN,N,N,N,,DARK (LIGHTED),BLOWING SAND/SOIL/SNOW,SNOW/SLUSH,,NO JUNCTION INVOLVED,STRAIGHT/GRADE,ASPHALT,ROADWAY SURFACE CONDITION,$1001 TO $2500,HEAD ON BETWEEN TWO MOTOR VEHICLES,715,720,Y,N,HOOSIERSTWALNUTST,0,NONE,Vehicle 1 was southbound on Walnut St and Vehicle 2 was northbound. Vehicle 1 started down a hill near Hoosier St. Vehicle 1 lost control and began sliding down the hill due to road way conditions being snow and ice covered. Vehicle 1 was unable to regain control and slide into the northbound lane and hit vehicle 2. The vehicles hit on the front driver's side. Vehicle 2 was able to drive from scene and vehicle 1 had to be towed due to disabling damage. No injuries reported from this accident.
903301284,ISP BLOOMINGTON 33,2.019E+11,MONROE,WASHINGTON,BLOOMINGTON,1/19/2019,7:07 PM,1,0,1,0,0,,SAMPLE,RD,,,,SAMPLE,OLD STATE ROAD 37,,,,N,,700,W,39.25889859,-86.50361442,COUNTY ROAD,,N,N,RURAL,N,N,N,,DARK (NOT LIGHTED),SNOW,SNOW/SLUSH,,NO JUNCTION INVOLVED,CURVE/HILLCREST,CONCRETE,SPEED TOO FAST FOR WEATHER CONDITIONS,$5001 TO $10000,RAN OFF ROAD,715,728,Y,N,OLDSTATEROAD37RDSAMPLERD,0,NONE,"On 01/19/2019 at approximately 07:05 P.M. Vehicle #1 (2015 Audi Q5) was traveling east on Sample Road approximately 700 feet from Old State Road 37 North in Bloomington, Indiana. There was heavy snow coming down and several inches of fresh snow on the road. V1 was decending down a hill and due to the fresh snow on the road surface V1 lost control and began to slide sideways. V1 struck a tree on the south side of Sample Road. V1 struck the tree with the right rear passenger door. After striking the tree V1 came to a rest in the ditch on the south side of the Sample Road.Driver 1 (Zelin Fu) stated the he was traveling east on Sample Road approaching Old State Road 37 North. D1 said there was heavy snow fall on the road and that he lost control coming down a hill and struck a tree on the rear passenger side of the vehicle. D1 advised that his vehicle came to a rest in the ditch on the south side of Sample Road. V1 was towed from the scene. V1 sustained heavy damage to the rear passenger side of the car and was towed from the scene due to disabling damage.Investigation at the scene was consistent with D1 statement. There was a male passenger in the front of the vehicle and a female passenger in the rear of the vehicle. The female had minor lacerations on her face from the crash. Both passengers were transported from the scene to the hospital. Due to the weather the passengers were transported in a fire department SUV because the ambulance became stuck due to the weather. No enforcement actions were taken and no other injuries were reported."
903300596,BLOOMINGTON PD,B1902663,MONROE,BLOOMINGTON,BLOOMINGTON,1/19/2019,10:46 AM,2,0,0,0,0,,N WALNUT,ST,,,,N WALNUT,N OLD STATE ROAD 37,,,,Y,,,,39.20704,-86.534704,LOCAL/CITY ROAD,,N,N,URBAN,N,N,N,,DAYLIGHT,RAIN,WET,,T-INTERSECTION,STRAIGHT/LEVEL,ASPHALT,IMPROPER TURNING,$10001 TO $25000,LEFT TURN,1047,1053,Y,N,NOLDSTATEROAD37STNWALNUTST,0,NONE,"V1 was traveling northbound on N Walnut Street in the east lane and V2 was traveling northbound on N Walnut Street in the west lane. V1 attempted to turn left onto N Old State Road 37 from the east lane on N Walnut Street. As V1 attempted to turn left, it collided with V2, which was to the left of V1 in the west lane. The front left of V1 collided with the right side of V2. V1 was towed by Pritchard's Towing due to disabling damage and being in the roadway. D1 admitted fault in the accident when questioned. D1 attempted to make an improper left turn from the east lane of N Walnut Street onto N Old State Road 37. D1 did not see V2 to the left of him in the west lane, resulting in a collision."
903302609,MONROE SD,M19A2096,MONROE,BLOOMINGTON,BLOOMINGTON,1/19/2019,8:04 PM,1,0,0,0,0,,WYLIE,RD,,,,WYLIE,WAYPORT,,,,N,,1000,E,0,0,COUNTY ROAD,,N,N,RURAL,N,N,N,,DARK (NOT LIGHTED),SNOW,SNOW/SLUSH,,NO JUNCTION INVOLVED,CURVE/GRADE,ASPHALT,SPEED TOO FAST FOR WEATHER CONDITIONS,$5001 TO $10000,RAN OFF ROAD,804,820,Y,N,WAYPORTRDWYLIERD,0,NONE,Driver was eastbound on Wylie Rd from Wayport Rd when her vehicle left the right side of the roadway. The vehicle slid off the roadway and down a steep embankment several feet and came to rest near a creek. The weather conditions in the area were heavy snow fall with several inches on the roadway.
903302616,MONROE SD,M19A2083,MONROE,RICHLAND,BLOOMINGTON,1/19/2019,5:09 PM,1,0,0,0,0,,RATLIFF,RD,,,,W RATLIFF,STARNES,,,,N,,4500,W,39.21657,-86.63948012,LOCAL/CITY ROAD,,N,N,RURAL,N,N,N,,DAYLIGHT,SLEET/HAIL/FREEZING RAIN,WET,,NO JUNCTION INVOLVED,STRAIGHT/HILLCREST,ASPHALT,RAN OFF ROAD RIGHT,$10001 TO $25000,RAN OFF ROAD,509,518,Y,N,NSTARNESRDWRATLIFFRD,0,NONE,"D1 STATED HE WAS EASTBOUND ON RATLIFF ROAD WHEN HE CRESTED OVER THE HILL AND RAN OFF THE NORTH SIDE OF THE ROADWAY AFTER THE HILLCREST. D1 THEN STATED WHEN HE ATTEMPTED TO STEER BACK ONTO THE ROAD, THE TAIL END OF V1 SLID AROUND AND TURNED THE VEHICLE SIDEWAYS. ONCE V1 WAS SIDEWAYS, IT CAUGHT THE GRASS AND ROLLED OVER TWICE.D1 WAS SEEN BY EMS BUT SIGNED A MEDICAL RELEASE AND DID NOT HAVE ANY INJURIES."
903300654,BLOOMINGTON PD,B1902681,MONROE,PERRY,BLOOMINGTON,1/19/2019,2:42 PM,2,0,0,0,0,,WINSLOW,RD,,,,WINSLOW,HIGH,,,,Y,,,,39.136144,-86.508096,LOCAL/CITY ROAD,,N,Y,URBAN,N,N,N,,DAYLIGHT,RAIN,WET,,TRAFFIC CIRCLE/ROUNDABOUT,CURVE/LEVEL,ASPHALT,FAILURE TO YIELD RIGHT OF WAY,UNDER $1001,RIGHT ANGLE,242,245,Y,Y,HIGHSTWINSLOWRD,0,ROUNDABOUT INTERSECTION,Vehicle 2 was traveling west on Rogers Rd. And vehicle 1 was heading south on High St. Vehicle 2 entered the traffic circle at the intersection of High and Rogers. Vehicle 2 was attempting to continue west through the traffic circle and continue onto Winslow Road. Vehicle 2 was passing the entrance to the traffic circle for High street. Vehicle 1 was attempting to enter the traffic circle from High St and failed to yield right on way for vehicle 2. Vehicle 1 struck Vehicle 2 in the back passenger side door. Vehicle 1 then left the scene. EMS checked the driver and passenger and determined no injuries. Vehicle 2 had damage to the back passenger side door.
903300815,BLOOMINGTON PD,B1902735,MONROE,BLOOMINGTON,BLOOMINGTON,1/19/2019,8:15 PM,1,0,2,0,0,,ROGERS,ST,,,,S ROGERS,HOWE,,,,Y,PRIVATE,,,39.1624,-86.53872,LOCAL/CITY ROAD,,N,N,URBAN,N,N,N,,DARK (NOT LIGHTED),SNOW,SNOW/SLUSH,,NO JUNCTION INVOLVED,STRAIGHT/HILLCREST,ASPHALT,ROADWAY SURFACE CONDITION,$2501 TO $5000,RAN OFF ROAD,815,815,Y,Y,SROGERSSTWHOWEST,0,NONE,Driver 1 (D1) advised that she was heading south on S Rogers St. D1 stated that she came over the hillcrest on S Rogers Street just north of W Howe St when she lost control of the vehicle (V1) due to the weather conditions. D1 advised that V1 then crossed over the center lane and hit a tree on the passenger side of the vehicle at the residence of 409 S Rogers St.D1 stated that she had a complaint of pain to her head. The passenger in the vehicle also had a complaint of pain to his head and right knee. Both individuals were transported to the hospital via ambulance.
903300805,INDIANA UNIV BLOOMINGTON PD,190162,MONROE,BLOOMINGTON,BLOOMINGTON,1/19/2019,7:15 PM,2,0,0,0,0,,UNIONVILLE,RD,,,,UNIONVILLE,,,,,Y,,,,0,0,LOCAL/CITY ROAD,Y,N,N,URBAN,N,N,N,,DARK (LIGHTED),SNOW,ICE,,FOUR-WAY INTERSECTION,STRAIGHT/LEVEL,ASPHALT,SPEED TOO FAST FOR WEATHER CONDITIONS,$1001 TO $2500,REAR END,718,725,Y,N,SR46UNIONVILLERD,0,TRAFFIC CONTROL SIGNAL,"V1 and V2 were southbound on the SR 45/46 Bypass approaching the red traffic signal at E 10th St. V2 slowed to a stop at the traffic signal and V1 was unable to slow down quickly enough, causing a collision. D1 advised that he was traveling southbound on the SR 45/46 Bypass approaching the E 10th St. intersection. D1 advised that V2 slowed to a stop in front of him, but due to the heavy ice on the roadway he was unable to stop in time, causing a rear end collision.D2 advised that he was traveling southbound on the SR 45/46 Bypass approaching the E 10th St. intersection. D2 advised that as he was slowing to a stop, V1 rear ended him. V1 sustained minor cracks and scratches to the front bumper.V2 sustained a crack to the rear bumper cover. D2 advised that he'd had neck surgery and was worried that the impact was significant enough that he may have problems later. D2 advised that he felt no pain currently, and did not want an ambulance."
903303883,DNR LAW ENFORCEMENT,61900110,MONROE,PERRY,BLOOMINGTON,1/19/2019,8:00 PM,3,0,1,0,0,,,,SR37N,,,SR37N,FAIRFAX,,,,N,,600,S,39.04390624,-86.53149,STATE ROAD,,N,N,RURAL,N,N,N,,DARK (NOT LIGHTED),SNOW,ICE,,NO JUNCTION INVOLVED,STRAIGHT/GRADE,ASPHALT,ANIMAL/OBJECT IN ROADWAY,$5001 TO $10000,REAR END,800,809,Y,Y,FAIRFAXRDSR37N,2,NONE,"On January 19th, 2019, at approximately 1000 hours, Jeremiah Baker and Leanna Crecelius were on foot on Old State road 37, approximately 200 yards south of the Fairfax road intersection, checking if there was damage from a non-reportable accident causing minimal damage between Ms. Crecelius' red Buick Le Sabre, license 727THV, and a blue Dodge Dakota, TK908NCH, driven by Mr. Baker. The blue Dodge was parked north of Ms. Crecelius' Buick in the middle of the northbound lane with both Ms. Crecelius and Mr. Baker standing between the vehicles, when John Cassidy, driving a black Chevrolet Silverado, TK993MYP, struck the rear of the red Buick traveling north at approximately 20 to 30MPH. The red Buick was pushed by the impact into Mr. Baker and Ms. Crecelius, knocking them off of the road way and into the shoulder before striking the Dodge Dakota. Fire and EMS responded and Mr. Baker was checked at the scene and signed a release. Ms. Crecelius was transported to IU Health Bloomington with a head laceration and possible concussion. Mr. Cassidy was uninjured. I, Indiana Conservation Officer arrived and took Mr. Baker's, Mr.Cassidy's and Ms. Crecelius' information for an accident report. I was only able to take a few pictures of the scene and a picture of damage to Ms. Crecelius' Buick before the weather started interfering with my equipment.I spoke to Mr. Cassidy and he advised that he was traveling north bound at approximately 20 to 30 MPH due to the heavy snow and ice when he saw the vehicles in the road way and attempted to brake but because of the ice he was not able to slow down before the collision. Mr. Cassidy's Chevrolet was damaged in the front passenger's side. Mr. Baker's Dodge was damaged in the rear of the vehicle and Ms. Crecelius's Buick was damaged on the front and rear of both the driver and passenger side. Both Mr. Cassidy and Mr. Baker's vehicles were drivable and Ms. Crecelius' vehicle was able to be pushed off of the roadway into Ms. Crecelius' property."
903301109,ELLETTSVILLE PD,E1900444,MONROE,RICHLAND,ELLETTSVILLE,1/20/2019,12:51 PM,2,0,0,0,0,,,,SR46W,,,SR46W,CAPITOL,,,,Y,,,,39.223325,-86.609325,STATE ROAD,,N,N,URBAN,N,N,N,,DAYLIGHT,CLEAR,SNOW/SLUSH,,T-INTERSECTION,STRAIGHT/LEVEL,ASPHALT,FAILURE TO YIELD RIGHT OF WAY,$25001 TO $50000,RIGHT ANGLE,1255,1256,Y,Y,CAPITOLAVESR46W,0,LANE CONTROL,V2 was westbound on SR 46 West with the right of way. V1 was attempting to pull out of Capital Avenue onto SR 46 and struck V2. NO DIAGRAM....BOTH VEHICLES MOVED FROM POINT OF IMPACT PRIOR TO MY ARRIVAL. V1 BACKED OUT OF ROADWAY ON SR 46 AND BACK ONTO CAPITOL AVENUE. V2 CONTINUED TO THE PARKING LOT OF PIZZA PANTRY JUST WEST OF CAPITOL AVENUE.
903301229,BLOOMINGTON PD,B19-02813,MONROE,BLOOMINGTON,BLOOMINGTON,1/20/2019,1:57 PM,2,0,0,0,0,,N ROGERS,ST,,,,N ROGERS,W 11TH,,,,Y,,,,39.173184,-86.538528,LOCAL/CITY ROAD,,N,N,URBAN,N,N,N,,DAYLIGHT,CLEAR,SNOW/SLUSH,,FOUR-WAY INTERSECTION,STRAIGHT/GRADE,ASPHALT,DISREGARD SIGNAL/REG SIGN,$5001 TO $10000,RIGHT ANGLE,157,212,Y,N,NROGERSSTW11THST,0,STOP SIGN,Driver 1 (D1) advised that he was driving southbound on N Rogers Street in the area of the W 11th Street four way stop. D1 reported that his vehicle's (V1) windshield had salt and debris on it that he was unable to clear off causing a glare. D1 advised that because of this he did not see the stop sign at the junction and did not stop. D1 advised that as he entered the four way stop V1 made contact with vehicle 2 (V2). Driver 2 (D2) advised that she was headed east bound on W 11th Street. D2 explained she had stopped at the stop sign at the intersection and cleared all directions. D2 reported that when she went through the intersection her vehicle was struck by V1 on the driver's side front area. Both parties denied medical attention on scene. Both vehicles were towed from the scene due to incapacitating damage.
903301317,INDIANA UNIV BLOOMINGTON PD,190172,MONROE,BLOOMINGTON,BLOOMINGTON,1/20/2019,9:00 PM,2,0,0,0,0,,17TH,ST,,,,EAST 17TH,JORDAN,,,,Y,,692,W,39.17886076,-86.51352982,LOCAL/CITY ROAD,,N,N,URBAN,N,N,N,,DARK (LIGHTED),CLEAR,SNOW/SLUSH,,NO JUNCTION INVOLVED,STRAIGHT/GRADE,ASPHALT,SPEED TOO FAST FOR WEATHER CONDITIONS,$1001 TO $2500,REAR END,905,913,Y,N,EAST17THSTJORDANAVE,0,NONE,"V2 was facing westbound on E 17th St. waiting to turn into a parking lot when V1 rear ended V2.D2 advised that he had been traveling westbound on E 17th St. past N Jordan Ave. D2 advised that he had slowed to turn right into the parking lot of St. Paul's Catholic Center. D2 advised that he slowed nearly to a stop due to other cars and road conditions. D2 advised that when he slowed down, V1 rear ended him.D1 advised that she was traveling westbound on E 17th St. past N Jordan Ave. D1 advised that V2 appeared to be stopped in front of the entrance to St. Paul's Catholic Center. D1 advised that she attempted to stop, but that V1 has known troubles stopping on snow and she was unable to stop before colliding with the rear of V2. V1 sustained moderate front end damage.V2 sustained a broken rear bumper cover and several dents and scratches on the rear liftgate."
903301067,MONROE SD,M19A2146,MONROE,CLEAR CREEK,BLOOMINGTON,1/20/2019,10:18 AM,1,0,0,0,0,6475,S FAIRFAX,RD,,,,S FAIRFAX,,,,,N,PRIVATE,,,39.078512,-86.51224,LOCAL/CITY ROAD,,N,N,RURAL,N,N,N,,DAYLIGHT,CLEAR,SNOW/SLUSH,,NO JUNCTION INVOLVED,STRAIGHT/GRADE,ASPHALT,RAN OFF ROAD RIGHT,UNDER $1001,RAN OFF ROAD,959,959,Y,N,SFAIRFAXRD,0,NONE,"DRIVER OF VEHICLE 1 STATED HE WAS TRAVELING NORTH ON S. FAIRFAX WHEN HIS CAR SLIDE OFF THE ROAD AT 6475 S. FAIRFAX RD. VEHICLE 1 HIT A METAL/BARBED WIRE FENCE TAKING OUT ONE OF THE FENCE POSTS. VEHICLE 1 WAS TOWED OUT OF THE DITCH AND TOWED TO A LOCAL PARKING LOT, DRIVER WAS CITED FOR DRIVING WITHOUT A LICENSE."
903300926,INDIANA UNIV BLOOMINGTON PD,190168,MONROE,BLOOMINGTON,BLOOMINGTON,1/20/2019,4:45 AM,1,0,0,0,0,1900,E 10TH,ST,,,,E 10TH,,,,,Y,,,,39.171472,-86.509376,UNKNOWN,,N,N,URBAN,N,N,N,,DARK (NOT LIGHTED),SNOW,SNOW/SLUSH,,NO JUNCTION INVOLVED,STRAIGHT/LEVEL,ASPHALT,UNSAFE BACKING,UNDER $1001,OTHER - EXPLAIN IN NARRATIVE,455,500,Y,N,E10THST,0,NONE,On 01/20/2019 at 0500 hours I met with D1 at the IU Motor Pool to take a crash report that happened at 1900 E. 10th Street. D1 stated he was plowing the south circle drive of Eigenmann Hall due to the heavy snowfall. D1 stated he was at the southeast corner of the south circle drive when he backed into a yellow pole. The pole was not damaged. V1 sustained damage to the shoot assembly for the spreader (a metal part on the rear of the vehicle that spreads salt). The metal spreader was dented all the way down the shoot with yellow paint transfer on it from the pole.
903304287,MONROE SD,M19A2356,MONROE,BENTON,BLOOMINGTON,1/20/2019,3:00 AM,1,0,0,0,0,,ANDERSON,RD,,,,E ANDERSON,FARR,,,,N,,1000,E,39.27985,-86.46453646,LOCAL/CITY ROAD,,N,N,RURAL,N,N,N,,DARK (NOT LIGHTED),BLOWING SAND/SOIL/SNOW,SNOW/SLUSH,NONE,NO JUNCTION INVOLVED,STRAIGHT/LEVEL,ASPHALT,RAN OFF ROAD RIGHT,$2501 TO $5000,OTHER - EXPLAIN IN NARRATIVE,103,130,Y,N,EANDERSONRDEFARRRD,0,NONE,V1 WAS TRAVELING EAST ON E ANDERSON ROAD WHEN IT SIDE SWIPED A TREE CAUSING DAMAGE TO THE PASSENGER SIDE OF V1.THE ACCIDENT WAS REPORTED AT THE COUNTY HIGHWAY DEPARTMENT AND THE INVESTIGATION WAS CONDUCTED THERE.
903302560,ISP BLOOMINGTON 33,2.019E+11,MONROE,BLOOMINGTON,BLOOMINGTON,1/20/2019,2:53 PM,2,0,0,0,0,,,,I69,123,A,I69,,,,,N,,,,0,0,INTERSTATE,,N,N,RURAL,N,N,Y,WORK ON SHOULDER,DAYLIGHT,CLEAR,SNOW/SLUSH,,RAMP,CURVE/GRADE,ASPHALT,SPEED TOO FAST FOR WEATHER CONDITIONS,$10001 TO $25000,REAR END,253,305,Y,Y,I69,0,LANE CONTROL,"On the evening of January 19th to the morning of January 20th, Bloomington Indiana had received several inches of snow. The roadways in spots were still snow covered or had slush on them. Specifically exit ramp 123C off of Interstate 69 was hard packed snow covering the entire exit ramp.Vehicle 1 (grey 2006 Mini Cooper) was traveling south on Interstate 69 taking exit 123C behind Vehicle 2 (white 2017 Jeep Cherokee) Vehicle 2 slowed in traffic that had slowed down for the road conditions on Exit 123C. Vehicle 1 was unable to slow down enough to avoid a collision with Vehicle 2 and struck Vehicle 2 in the rear, causing heavy front end damage and deploying the air bags of Vehicle 1. Driver 1 (Lane Fulton) stated he had exited Interstate 69, behind Vehicle 2. Driver 1 stated he did not anticipate the exit ramp to still be snow covered and noticed traffic in front of him had began to slow down. Driver 1 stated he applied his brakes and began to slide and attempted to go left off of the exit ramp to avoid a collision with Vehicle 2, however was unsuccessful. Driver 2 (Jeffrey Smith) stated he had exited I-69 and traffic in front of him began to slow down. Driver 2 stated he applied his brakes to slow down, looked in his rear view mirror and could see Vehicle 1 approaching him at a high rate of speed and not slowing down. Driver 2 stated he attempted to ""out run"" Vehicle 1 by attempting to speed up, however Vehicle 1 struck him in the rear. Driver 1 was issued a citation for speed too fast for conditions, 9-21-5-1.Based upon road conditions, my observations of the crash scene and driver's statements, I determine the primary cause of this crash to be speed too fast for conditions by Driver 1."
903301207,BLOOMINGTON PD,B1902827,MONROE,BLOOMINGTON,BLOOMINGTON,1/20/2019,5:25 PM,2,0,0,0,0,,E THIRD,ST,,,,E THIRD,S LINCOLN,,,,Y,,,,39.16464,-86.531024,LOCAL/CITY ROAD,Y,N,N,URBAN,N,N,N,,DAYLIGHT,CLEAR,SNOW/SLUSH,,FOUR-WAY INTERSECTION,STRAIGHT/GRADE,ASPHALT,FAILURE TO YIELD RIGHT OF WAY,$1001 TO $2500,RIGHT ANGLE,531,533,Y,N,ETHIRDSTSLINCOLNST,0,TRAFFIC CONTROL SIGNAL,"D1 STATED NO INJURIES. D1 STATED WAS DRIVING EAST ON E 3RD ST APPROACHING S LINCOLN STREET. D1 STATED LIGHT WAS RED AND HE STARTED BRAKING BUT SLID AND STRUCK V2.D2 STATED NO INJURIES. D2 STATED WAS DRIVING NORTH ON S LINCOLN STREET TRYING TO CROSS E 3RD STREET. D2 STATED HAD GREEN LIGHT AND V1 SLID INTO HER.IT SHOULD BE NOTED THAT THE ROADWAY DID HAVE A LAYER OF SNOW ON IT AND WAS SLICK.DAMAGE TO FRONT OF V1, DRIVERS SIDE DOOR AREA OF V2. NO PICTURES. END."