Master Record Number,Agency,Local Code,County,Township,City,Collision Date,Collision Time,Vehicles Involved,Trailers Involved,Number Injured,Number Dead,Number Deer,House Number,Roadway Name,Roadway Suffix,Roadway Number,Roadway Interchange,Roadway Ramp,Roadway Id,Intersecting Road,Intersecting Road Number,Mile Marker,Interchange,Corporate Limits?,Property Type,Feet From,Direction,Latitude,Longitude,Roadway Class,Traffic Control Devices?,Aggressive Driving?,Hit and Run?,Locality,School Zone?,Rumble Strips?,Construction?,Construction Type,Light Condition,Weather Conditions,Surface Condition,Type of Median,Roadway Junction Type,Road Character,Roadway Surface,Primary Factor,Damage Estimate,Manner of Collision,Time Notified,Time Arrived,Investigation Complete?,Photos Taken?,Unique Location Id,State Property Damage?,Traffic Control,NARRATIVE
903302559,ISP BLOOMINGTON 33,2.019E+11,MONROE,BLOOMINGTON,BLOOMINGTON,1/20/2019,1:20 PM,1,0,0,0,0,,,,I69,,,I69,,,123.5,,N,OTHER,,,0,0,INTERSTATE,,N,N,RURAL,N,N,Y,WORK ON SHOULDER,DAYLIGHT,CLEAR,SNOW/SLUSH,,NO JUNCTION INVOLVED,STRAIGHT/LEVEL,ASPHALT,SPEED TOO FAST FOR WEATHER CONDITIONS,$5001 TO $10000,RAN OFF ROAD,123,140,Y,Y,I69123.5,0,LANE CONTROL,"Interstate 69 in this area runs north and south. On the evening of January 19th into the morning of January 20th, Bloomington received several inches of snow and the roadway was still covered in spots with snow/slush/ice. Vehicle 1 (black, GMC Envoy) was traveling south on Interstate 69, in the center lane. Vehicle 1 switched to the far left lane at approximately the 123.5 mile marker, hit snow/ice in the roadway and lost control, hit a construction barrel, left the roadway to the right and impacted into a large ditch full of ice/water. Vehicle 1 became immersed into 2 to 3 feet of water. The impact with the ice/water caused damage to all four sides of Vehicle 1. Driver 1 (Michael Tetzloff) stated that he was traveling in the center lane of I-69, traveling approximately 80 miles per hour. Driver 1 stated that he switched lanes to the far left lane and then lost control of Vehicle 1 and left the roadway. Driver 1 stated he was not injured in the crash. Driver 1 admitted that he was speeding and going too fast for the roadway conditions. Witness 1 (Tim Lam) stated that he was traveling south on I-69, behind Vehicle 1. Witness 1 stated that Vehicle 1 was traveling at a high rate of speed. Witness 1 stated Vehicle 1 switched lanes from the center to the far left lane, spun out and left the roadway to the right. Witness 1 stated he stopped to render aid to Driver 1. Driver 1 was issued a citation for speed too fast for weather conditions 9-21-5-1. Based upon evidence at the scene, my observations of the roadway conditions and witness statements, I determined the primary cause of this crash was speed too fast for conditions by Driver 1."
903301210,BLOOMINGTON PD,B1902830,MONROE,BLOOMINGTON,BLOOMINGTON,1/20/2019,6:15 PM,2,0,1,0,0,,S COLLEGE,AVE,,,,S COLLEGE,W 1ST,,,,Y,,,,39.17688,-86.534736,LOCAL/CITY ROAD,Y,N,N,URBAN,N,N,N,,DARK (LIGHTED),CLEAR,SNOW/SLUSH,,FOUR-WAY INTERSECTION,STRAIGHT/LEVEL,ASPHALT,SPEED TOO FAST FOR WEATHER CONDITIONS,$5001 TO $10000,RIGHT ANGLE,615,615,Y,Y,SCOLLEGEAVEW1STST,0,TRAFFIC CONTROL SIGNAL,"On 1/20/2019, at approximately 6:15PM, I, Officer Lucas, arrived to the scene of an accident involving a black 2013 Toyota Camry (VIN: 4T1BE32K23U219559) and a black 2016 Chevrolet Tahoe (VIN: 1GNSKCKC4GR346383) at the intersection of S. College Ave. And W. 1st St.After requesting medical personnel for D1's complaint of knee pain, I spoke with both drivers.D1 stated that she ""thought the light was green,"" and stated that she was proceeding eastbound on W. 1st through the intersection of S. College Ave. D1 stated that she attempted to brake upon seeing D2's vehicle in the intersection, but was unable to stop due to snow/slush on the roadway, and struck V2 on the rear passenger side.V1 suffered heavy front-end damage, and was towed due to disabling damage.D2 stated that he was traveling southbound on S. College Ave., through the intersection of W. 1st St., when he was struck on the right passenger side of his vehicle by V1. D2 stated that he had the green light, and had already almost made it entirely through the intersection when his vehicle was struck by V1. D2 and the four other individuals in V2 had no complaint of pain.V2 was still driveable, and was able to leave the scene.It should be noted that V2 was struck with such force that it was spun nearly 360 degrees across the roadway, and pushed over an adjacent curb on the east side of S. College Ave.Based on the scene, statements, and location of damage to V2, my investigation has yielded that V1 was traveling eastbound on W. 1st St. At a speed that was unsafe due to the conditions of the road. V1 was unable to stop prior to entering the intersection of W. 1st and S. College Ave., striking V2 on the rear passenger side.SUPPLEMENT NOTE 4/30/2019: I was contacted by the owner of V2, Tyler and Ashli Moore, who informed me that the vehicle being driven was actually a newly purchased 2016 Cadillac Escalade (VIN: 1GYS4KKJ2GR226443), which bore a plate registered to the aformentioned 2016 Chevrolet Tahoe. The information for V2 has been corrected."
903311806,MONROE SD,M19A2184,MONROE,BLOOMINGTON,BLOOMINGTON,1/20/2019,8:04 PM,1,0,0,0,0,,,,I69N,,,I69N,BUSINESS 37,,,,Y,,1500,N,0,0,INTERSTATE,,N,N,RURAL,N,Y,N,,DARK (NOT LIGHTED),SNOW,WET,,NO JUNCTION INVOLVED,CURVE/GRADE,ASPHALT,RAN OFF ROAD RIGHT,$1001 TO $2500,RAN OFF ROAD,804,836,Y,N,I69NNBUSINESS37RD,0,NONE,Driver stated that he was getting off the off ramp on to S College Ave Exit when he got into the slush. Driver stated he tried to correct the vehicle when he over correct and went of the side of the off ramp.
903301057,BLOOMINGTON PD,B1902806,MONROE,BLOOMINGTON,BLOOMINGTON,1/20/2019,12:27 PM,2,0,1,0,0,,PATTERSON,DR,,,,S PATTERSON,ALLEN,,,,Y,,,,39.155785,-86.543355,LOCAL/CITY ROAD,Y,N,N,URBAN,N,N,N,,DAYLIGHT,CLEAR,ICE,,FOUR-WAY INTERSECTION,STRAIGHT/LEVEL,ASPHALT,DISREGARD SIGNAL/REG SIGN,$10001 TO $25000,RIGHT ANGLE,1227,1227,Y,N,SPATTERSONDRWALLENST,0,TRAFFIC CONTROL SIGNAL,"DRIVER OF VEHICLE 1 STATED HE WAS NORTH BOUND ON S PATTERSON DRIVE APPROACHING THE INTERSECTION WITH W ALLEN ST. THE LIGHT FOR NORTH BOUND TRAFFIC WAS RED. AS D1 BEGAN TO BRAKE, V1 SLID ON THE ICE WHICH WAS ON THE ROADWAY. D1 STATED HE BEGAN TO SLIDE INTO THE INTERSECTION AND OBSERVED V2 APPROACHING FROM THE EAST. D1 ATTEMPTED TO ACCELLERATE TO CLEAR THE INTERSECTION, BUT WAS STRUCK BY V2.DRIVER OF VEHICLE 2 STATED HE WAS WEST BOUND ON ALLEN STREET APPROACHING THE INTERSECTION WITH S PATTERSON DRIVE. THE LIGHT FOR WEST BOUND TRAFFIC WAS GREEN. AS V2 CAME TO THE INTERSECTION, D2 OBSERVED V1 ENTER THE INTERSECTION DIRECTLY IN FRONT OF V2. D2 ATTEMPTED TO STOP, BUT COULD NOT AVOID THE COLLISION."
903304075,ISP BLOOMINGTON 33,2.019E+11,MONROE,BLOOMINGTON,BLOOMINGTON,1/20/2019,2:53 PM,1,0,0,0,0,,,,I69,123,C,I69,,,,,N,OTHER,,,0,0,INTERSTATE,,N,N,RURAL,N,N,N,,DAYLIGHT,CLEAR,SNOW/SLUSH,,RAMP,CURVE/GRADE,ASPHALT,SPEED TOO FAST FOR WEATHER CONDITIONS,UNDER $1001,RAN OFF ROAD,310,316,Y,N,I69,0,LANE CONTROL,"I-69 at the 123mm is a 6 lane divided highway with a guardrail barrier separating the north bound and south bound lanes. I-69 123mm exit ramp C, exits off of the right side of I-69 south bound and crosses a bridge over both lanes of I-69. The exit ramp was covered with snow at the time of the crash.Vehicle 1, a maroon 2006 Chevrolet HHR was traveling south on I-69 and attempted to take the 123mm exit ramp C to go south on SR 37 Business Route into Bloomington. Vehicle 1 lost traction in the snow and started to swerve. Vehicle 1 slid off the right side of the exit ramp, down an embankment and into a ditch coming to an uncontrolled stop. Driver 1, Julie Hill stated that she was attempting to exit I-69, when she hit the snow on the exit ramp and her vehicle started to slide. Driver 1 stated she ""fish tailed"" back and forth a few times but was unable to maintain control of her vehicle. She stated she slid off the road and became stuck in the ditch.Driver 1 stated she was uninjured and did not require medical attention. Vehicle 1 sustained minor damage to the front bumper. Driver 1 requested a crash report for her insurance company. Vehicle 1 had to be pulled out of the ditch my a tow truck."
903301120,INDIANA UNIV BLOOMINGTON PD,190169,MONROE,BLOOMINGTON,BLOOMINGTON,1/20/2019,2:02 PM,1,0,0,0,0,,,,SR46,,,SR46,JORDAN,,,,Y,,,,39.183152,-86.511696,STATE ROAD,,N,N,URBAN,N,Y,N,,DAYLIGHT,CLEAR,SNOW/SLUSH,,NO JUNCTION INVOLVED,STRAIGHT/LEVEL,ASPHALT,SPEED TOO FAST FOR WEATHER CONDITIONS,UNDER $1001,RAN OFF ROAD,235,243,Y,N,NJORDANAVESR46,0,LANE CONTROL,"D1 stated he was westbound on SR45/46 Bypass between the IU Foundation and Fee Lane in the left hand lane. D1 stated he began to change lanes to get into the right lane to overtake a slower moving vehicle when his vehicle began to slide on the icy roadway. D1 stated he was unable to stop or steer V1 and V1 struck the curb and ran off the road way. D1 stated his vehicle became stuck on the hillside in the snow and ice. There was no obvious damage to V1, however I was unable to inspect the under-carriage of V1. V1 had to be removed from the hillside by Hawkins Towing. V1 was drivable and was not towed from the scene."
903305009,INDIANA UNIV BLOOMINGTON PD,190216,MONROE,BLOOMINGTON,BLOOMINGTON,1/20/2019,9:08 PM,2,0,1,0,0,,WALNUT,ST,,,,WALNUT,,,,,Y,,2000,S,0,0,LOCAL/CITY ROAD,,N,N,URBAN,N,N,N,,DARK (NOT LIGHTED),CLEAR,DRY,,NO JUNCTION INVOLVED,STRAIGHT/GRADE,ASPHALT,FOLLOWING TOO CLOSELY,$1001 TO $2500,REAR END,910,915,Y,Y,SR37WALNUTST,0,LANE CONTROL,"V1 and V2 were northbound on Walnut Street toward the traffic light at OLD State Road 37. Traffic was very congested following the Indiana University Men's Basketball game. V2 was in front of V1.V1 is IUPD-KO police vehicle #263.D1 stated traffic was stop and go. He said V2 stopped ahead of him and he was not ready to stop himself. He said he attempted to brake but could not stop in time to avoid a collision.D2 stated he had stopped in traffic when V1 suddenly collided with the rear of V2. His daughter was in the front passenger seat and complained of extreme neck pain. An ambulance responded to the scene, stabilized her, and transported her to IU Health Bloomington Hospital.In accordance with Implied Consent, all drivers submitted to a PBT and registered .000 readings. No one showed signs of intoxication.I followed up at the hospital with the injured juvenile passenger. She had whiplash but ultimately no signs of major injury.D1 and D2 stated they were not injured."
903301257,BLOOMINGTON PD,B1902824,MONROE,BLOOMINGTON,BLOOMINGTON,1/20/2019,4:53 PM,2,0,0,0,0,,ATWATER,AVE,,,,ATWATER,HENDERSON,,,,Y,,,,39.162975,-86.52727,LOCAL/CITY ROAD,Y,N,N,URBAN,N,N,N,,DAYLIGHT,CLEAR,SNOW/SLUSH,,FOUR-WAY INTERSECTION,STRAIGHT/GRADE,ASPHALT,FAILURE TO YIELD RIGHT OF WAY,$1001 TO $2500,RIGHT ANGLE,453,455,Y,Y,ATWATERAVEHENDERSONST,0,TRAFFIC CONTROL SIGNAL,"Vehicle 2 was traveling east on Atwater Ave. on an emergency run with lights and sirens activated. Vehicle 1 was traveling north on Henderson St. As vehicle 2 approached the intersection of Atwater and Henderson the light was red. The driver slowed almost to a stop and made sure all vehicles had stopped. There was another vehicle that stopped in the left lane of Henderson. Vehicle 2 then proceeded through the intersection with due regard. Driver of vehicle 1 stated that he did not hear the sirens as he approached the intersection. Once the driver of vehicle 1 noticed the fire truck, the driver slammed on his brakes. Because of the snow and ice on the roadway, vehicle 1 was unable to stop and slid into the intersection and into vehicle 2.Vehicle 1 had significant damage to the front. Vehicle 2 had minimal damage to the rear passenger side. After completion of my investigation, based on the damage it appears vehicle 2 was well into the intersection when the collision occurred and vehicle 1 failed to yield the right of way to an emergency vehicle."
903301283,BLOOMINGTON PD,B1902822,MONROE,BLOOMINGTON,BLOOMINGTON,1/20/2019,2:00 PM,2,0,0,0,0,512,NORTHLANE,DR,,,,WEST NORTHLANE,,,,,Y,,,,39.28791503,-86.76856584,UNKNOWN,,N,Y,URBAN,N,N,N,,UNKNOWN,SNOW,SNOW/SLUSH,,NO JUNCTION INVOLVED,STRAIGHT/LEVEL,ASPHALT,OTHER (DRIVER) - EXPLAIN IN NARRATIVE,$1001 TO $2500,OTHER - EXPLAIN IN NARRATIVE,410,416,Y,N,WESTNORTHLANEDR,0,NONE,D1 parked his car in the parking lot in front of his home on 1/19/2019 at approximately 9:30 PM. At 2:00 PM on 1/20/2019 he noticed damage to the rear passenger side bumper of V1. D1 stated that he noticed the damage after he left his home and arrived at a destination close by. D1 stated that the damage would have had to happened while it was parked during the night. It should be noted that there was significant snowfall the night before leading to unsafe driving conditions.
903306028,MONROE SD,M19A2190,MONROE,PERRY,BLOOMINGTON,1/20/2019,11:21 PM,2,0,1,0,0,1617,HENNESSEY,ST,,,,W HENNESSEY,,,,,N,,,,39.12532,-86.55448,LOCAL/CITY ROAD,,N,N,URBAN,N,N,N,,DARK (LIGHTED),SNOW,SNOW/SLUSH,,NO JUNCTION INVOLVED,CURVE/LEVEL,ASPHALT,SPEED TOO FAST FOR WEATHER CONDITIONS,$5001 TO $10000,RIGHT ANGLE,1126,1138,Y,N,WHENNESSEYST,0,NONE,DRIVER 1 ADVISED HE REMEMBERED TRAVELING SOUTH EAST ON W HENNESSEY ST AND THAT THE NEXT THING HE REMEMBERED WAS WAKING UP HAVING HIT A TREE AND CAR AT THE RESIDENCE OF 1617 W HENNESSEY ST. IT APPEARED FROM TIREMARKS THAT VEHICLE 1 HAD FAILED TO NAVIGATE THE TURN DUE TO ROAD CONDITIONS AND EXITED THE ROADWAY STRIKING THE MAILBOX AT 1617 W HENNESSEY ST AND ALSO VEHICLE 2 WHICH WAS PARKED IN THE DRIVEWAY BEFORE STRIKING A TREE IN THE YARD.
903301050,BLOOMINGTON PD,B1902802,MONROE,BLOOMINGTON,BLOOMINGTON,1/20/2019,12:00 PM,2,0,0,0,0,,3RD,ST,,,,3RD,LINCOLN,,,,Y,,,,39.16464,-86.531024,LOCAL/CITY ROAD,Y,N,Y,URBAN,N,N,N,,DAYLIGHT,CLEAR,SNOW/SLUSH,,FOUR-WAY INTERSECTION,STRAIGHT/GRADE,ASPHALT,ROADWAY SURFACE CONDITION,$1001 TO $2500,RIGHT ANGLE,1201,1205,Y,N,3RDSTLINCOLNST,0,TRAFFIC CONTROL SIGNAL,V1 was traveling westbound in 3rd Street. V2 was traveling northbound on Lincoln St. V1 struck V2 in the intersection and fled the scene.D2 stated that he was traveling northbound on Lincoln St. He observed V1 traveling westbound on 3rd St and attempting to stop. V1 slid on the snow covered road and struck V2 in the intersection. V1 then fled.
903301616,BLOOMINGTON PD,B1902915,MONROE,BLOOMINGTON,BLOOMINGTON,1/21/2019,11:43 AM,2,0,0,0,0,,,,SR37N,,,SR37N,CASCADE PARK,,,,Y,,,,0,0,STATE ROAD,Y,N,N,URBAN,N,N,N,,DAYLIGHT,CLEAR,SNOW/SLUSH,,NO JUNCTION INVOLVED,STRAIGHT/LEVEL,ASPHALT,LEFT OF CENTER,$5001 TO $10000,OPPOSITE DIRECTION SIDESWIPE,1151,1203,Y,N,CASCADEPARKTRLSR37N,0,TRAFFIC CONTROL SIGNAL,"DRIVER 1 (DANIEL YEBOAH) WAS SOUTHBOUND ON NORTH OLD STATE ROAD 37 APPROACHING CASCADES PARK TRAIL.DRIVER 1 OBSERVED TRAFFIC COMING TO A STOP AT ABOVE INTERSECTION. DRIVER 1 STATED HE APPLIED THE BRAKE AND BEGAN TO SWERVE. SNOW/SLUSH WAS IN SOUTHBOUND LANE OF TRAVEL. DRIVER 1 LOST CONTROL, WENT LEFT OF CENTER AND COLLIDED WITH V2 WHICH WAS TRAVELING IN THE OPPOSITE DIRECTION."
903302426,MONROE SD,M19A2240,MONROE,RICHLAND,ELLETTSVILLE,1/21/2019,10:42 AM,1,0,0,0,0,,MOUNT TABOR,RD,,,,N MOUNT TABOR,ALFRED,,,,N,,500,S,39.23607969,-86.62537,COUNTY ROAD,,N,N,RURAL,N,N,N,,DAYLIGHT,CLEAR,ICE,,NO JUNCTION INVOLVED,CURVE/GRADE,ASPHALT,RAN OFF ROAD RIGHT,$1001 TO $2500,RAN OFF ROAD,1044,1114,Y,N,NMOUNTTABORRDWALFREDLN,0,NO PASSING ZONE,"V1 WAS TRAVELING SB ON N MOUNT TABOR ROAD, SLID ON ICE AND WENT OFF THE ROAWAY HITTING A TREELINE WITH THE REAR OF THE VEHICLE."
903302776,MONROE SD,M19A2267,MONROE,VAN BUREN,BLOOMINGTON,1/21/2019,4:46 PM,2,0,0,0,0,,TAPP,RD,,,,TAPP,,,,,N,,,,0,0,COUNTY ROAD,,N,N,RURAL,N,N,N,,DAYLIGHT,CLOUDY,SNOW/SLUSH,,TRAFFIC CIRCLE/ROUNDABOUT,STRAIGHT/GRADE,ASPHALT,FOLLOWING TOO CLOSELY,$2501 TO $5000,REAR END,450,510,Y,N,I69STAPPRD,0,ROUNDABOUT INTERSECTION,V1 WAS TRAVELING EASTBOUND ON TAPP ROAD NEAR THE ROUNDABOUT AT I-69 WHEN IT REAR ENDED V2 WHO WAS STOPPED AT THE ROUNDABOUT. D1 STATED HE WAS TRYING TO DOWNSHIFT TO SLOW DOWN BUT THE ROADWAY WAS ICY AND COULDN'T STOP IN TIME BEFORE REAR ENDING V2. D2 STATED HE SAW V1 IN HIS REAR VIEW MIRRORS DRIVING TOO FAST AND ATTEMPTED TO MOVE FORWARD BUT COULDN'T GET OUT OF THE WAY IN TIME. THE ROADWAYS DID HAVE ICE AND SNOW ON THEM.
903302622,MONROE SD,M19A2291,MONROE,VAN BUREN,BLOOMINGTON,1/21/2019,8:30 PM,1,0,0,0,0,,W TAPP,RD,,,,W TAPP,S RAYLE,,,,N,,,,39.13704,-86.577504,LOCAL/CITY ROAD,,N,N,RURAL,N,N,N,,DARK (NOT LIGHTED),SNOW,SNOW/SLUSH,,NO JUNCTION INVOLVED,STRAIGHT/GRADE,ASPHALT,RAN OFF ROAD RIGHT,$1001 TO $2500,RAN OFF ROAD,923,923,Y,N,SRAYLEPLWTAPPRD,0,LANE CONTROL,D1 advised she was traveling East on W. Tapp Rd traveling at approximately 20 miles per hour when she lost control of her vehicle. D1 stated that the car spun out and traveled off the roadway hitting a mailbox and resting in the ditch at the address of 3716 W. Tapp Road. It should be noted that the roadway was very poor due to recent snowfall and snow pack/ice.
903301665,INDIANA UNIV BLOOMINGTON PD,190174,MONROE,BLOOMINGTON,BLOOMINGTON,1/21/2019,2:10 PM,2,0,0,0,0,355,JORDAN,AVE,,,,JORDAN,,,,,Y,,,,39.16919017,-86.51680767,UNKNOWN,,N,N,URBAN,N,N,N,,DAYLIGHT,SNOW,WET,,NO JUNCTION INVOLVED,STRAIGHT/LEVEL,ASPHALT,IMPROPER TURNING,UNDER $1001,RIGHT TURN,214,223,Y,N,JORDANAVE,0,NONE,V2 was parked stationary and unattended facing south in the south end of the parking lot in a parking space. V1 pulled into the lot and turned right to park between V2 and another vehicle prior to the crash.D1 said she pulled into the parking lot and was driving east bound in V1. D1 said as she was pulling into her parking space in V1 her front left driver side bumper made contact with V2 rear passenger side bumper.W1 said he was walking through the parking lot facing west and noticed V1 going to park. W1 said he then saw V1 strike V2 as V1 was attempting to pull into a parking space.I spoke with the Jason who is the responsible party for V2 who was not on scene due to being out of town for work. He was given the crash number and informed to let the registered owner his mother know what occurred.Both vehicles had minor damage.
903301786,INDIANA UNIV BLOOMINGTON PD,190176,MONROE,BLOOMINGTON,BLOOMINGTON,1/21/2019,6:00 PM,2,0,0,0,0,,JORDAN,AVE,,,,JORDAN,THIRD,,,,Y,,,,39.164315,-86.51655,LOCAL/CITY ROAD,Y,N,N,URBAN,N,N,N,,DARK (LIGHTED),CLEAR,DRY,,FOUR-WAY INTERSECTION,STRAIGHT/LEVEL,ASPHALT,FOLLOWING TOO CLOSELY,$1001 TO $2500,REAR END,607,624,Y,N,JORDANAVETHIRDST,0,TRAFFIC CONTROL SIGNAL,"At approximately 1800 hours on 1/21/2019 V1 was travelling southbound approaching the intersection of 3rd Street and Jordan Avenue. V2 was stopped at the intersection, facing south and waiting to turn west onto 3rd. V1 rear ended V2, causing minor impact damage. D1 stated that he was in the west lane (for right turn only), travelling south toward 3rd and Jordan. D1 advised that he attempted to move into the left lane so that he could continue southbound through the intersection. D1 stated that as he was trying to change lanes he noticed a vehicle in his blind spot, preventing the change. D1 stated that he then immediately applied his brakes, but did not have adequate time to slow down before impacting V2. There was a minor crumple in the front bumper of V1, however D1 advised that he wasn't sure that it hadn't already been there. D1 estimated his speed to be 20-25 mph. D2 stated that he was sitting in the west lane on the north side of 3rd and Jordan, waiting to turn west (right) onto 3rd. D2 advised that his vehicle was not moving when it was impacted by V1. Neither party gave conflicting stories and neither complained of injury or requested medical attention."
903301793,BLOOMINGTON PD,B1902940,MONROE,BLOOMINGTON,BLOOMINGTON,1/21/2019,2:50 PM,1,0,0,0,0,,,,SR37S,,,SR37S,,SR46W,,,Y,,500,S,39.1927708,-86.5546017,STATE ROAD,,N,N,URBAN,N,Y,N,,DAYLIGHT,CLEAR,ICE,,NO JUNCTION INVOLVED,STRAIGHT/LEVEL,ASPHALT,ROADWAY SURFACE CONDITION,$2501 TO $5000,COLLISION WITH OBJECT IN ROAD,245,250,Y,N,SR37SSR46W,0,NONE,"On 1/21/2019, at approximately 2:50PM, I arrived to the southbound lane of SR 37, approximately 500ft south of SR 45/46 Bypass regarding a report of a vehicle hitting a concrete median.Upon arrival, all occupants of the blue 2004 Toyota RAV4 (V1) had exited the vehicle and were standing by the concrete median, with no complaint of pain or injury.D1 informed me that she was driving southbound on S. SR 37, south of SR 45/46 Bypass, when her vehicle struck a patch of ice, causing V1 to spin out of control and strike the concrete median with the front of her vehicle. The damage required V1 to be towed from the scene.The witness, Linda Server, corroborated D1's statement, informing me that she was located behind V1, and witnessed V1 hit ice on the road, spinning across both lanes of traffic and striking the concrete median.I did check for damage to the median, however, there appeared to be only slight paint transfer from the impact of V1."
903303205,ISP BLOOMINGTON 33,2.019E+11,MONROE,BLOOMINGTON,BLOOMINGTON,1/21/2019,12:30 PM,1,0,0,0,0,,BOLTINGHOUSE,RD,,,,EAST BOLTINGHOUSE,EARL YOUG,,,,N,OTHER,1000,W,39.23031,-86.47329352,COUNTY ROAD,,N,N,RURAL,N,N,N,,DAYLIGHT,CLEAR,ICE,,NO JUNCTION INVOLVED,STRAIGHT/LEVEL,ASPHALT,RAN OFF ROAD RIGHT,$1001 TO $2500,RAN OFF ROAD,1236,1255,Y,N,EASTBOLTINGHOUSERDEASTEARLYOUGRD,0,NONE,"East Boltinghouse Road is a county road that runs in a eastern and western direction in Monroe County. East Earl Young Road is a county road that runs in a northern and southern direction and intersects with East Boltinghouse Rd. 1000 feet east of the crash. The roadway way is straight/level and was ice covered in the area of the crash.V1 (white 2010 Jeep Cherokee) was traveling east on East Boltinghouse Rd. V1 ran off the roadway and struck a fence in a field south of the roadway.D1 (Will Phillips) stated that he was traveling east on East Boltinghouse Rd. A plow truck was traveling westbound and taking up the entire westbound lane. D1 traveled along the edge of the roadway (south side) to allow as much room as possible. D1 stated he slide off the road and struck the fence. He was wearing his seat belt.During the course of my investigation, I observed damage to the entire front bumper area of V1. I also observed damage to the fence alongside the roadway. Patches of ice were on the roadway in the area of the crash. The plow truck and driver information is unknown. No injuries reported as a result of this crash. The name of the property owner is unknown. However, their residence was identified by a neighbor. Crash information was left at the residence located at 3505 East Boltinghouse Rd.The crash investigation showed that the primary cause of the crash is Ran Off Roadway on the part of D1. This was determined by damage sustained to V1 and driver statement."
903302610,MONROE SD,M19A2274,MONROE,PERRY,BLOOMINGTON,1/21/2019,5:23 PM,1,0,0,0,0,,SHIELDS RIDGE,RD,,,,SHIELDS RIDGE,RAMP CREEK,,,,N,PRIVATE,750,S,39.083024,-86.472912,COUNTY ROAD,,N,N,RURAL,N,N,N,,DAYLIGHT,CLOUDY,ICE,,NO JUNCTION INVOLVED,CURVE/GRADE,ASPHALT,SPEED TOO FAST FOR WEATHER CONDITIONS,$1001 TO $2500,RAN OFF ROAD,528,537,Y,N,RAMPCREEKRDSHIELDSRIDGERD,0,NONE,Driver was traveling on S. Shields Ridge Road when he hit a large patch of ice in the roadway. When the drivers vehicle hit the ice the driver lost control of the vehicle and ran off of the roadway. The vehicle ran into the yard of 6930 S Shields Ridge Road damaging several small trees in the front yard of the residence.
903301619,ELLETTSVILLE PD,E1900453,MONROE,RICHLAND,ELLETTSVILLE,1/21/2019,10:22 AM,2,0,0,0,0,,TEMPERANCE,ST,,,,TEMPERANCE,SALE,,,,Y,,,,39.23384,-86.624704,LOCAL/CITY ROAD,Y,N,N,URBAN,N,N,N,,DAYLIGHT,CLEAR,SNOW/SLUSH,,NO JUNCTION INVOLVED,STRAIGHT/LEVEL,ASPHALT,FAILURE TO YIELD RIGHT OF WAY,$10001 TO $25000,OTHER - EXPLAIN IN NARRATIVE,1022,1023,Y,Y,SALESTTEMPERANCEST,0,TRAFFIC CONTROL SIGNAL,Narrative By Chief Deputy William Jay HumphreyEllettsville Police Department January 21 2019Time 10:22amDriver#1 ArmesDriver #2 KnappDriver #1 in Vehicle #1 going south on Sale Street Ran Red Light and struck Vehicle #2 going East Bound on Temperance Street.Driver Vehicle #1 at Fault (Failure To Yield) .
903301443,MONROE SD,M19A2230,MONROE,PERRY,BLOOMINGTON,1/21/2019,7:00 AM,2,0,0,0,0,,LEONARD SPRINGS,RD,,,,LEONARD SPRINGS,FULLERTON,,,,N,,,,39.123405,-86.582375,COUNTY ROAD,,N,N,RURAL,N,N,N,,DAWN/DUSK,CLOUDY,ICE,,NO JUNCTION INVOLVED,CURVE/GRADE,ASPHALT,FAILURE TO YIELD RIGHT OF WAY,$5001 TO $10000,OPPOSITE DIRECTION SIDESWIPE,700,710,Y,N,FULLERTONPIKELEONARDSPRINGSRD,0,NONE,Driver one stated he was going around the curve on Leonard Springs Road and his rear end spun into the oncoming lane and hit vehicle two. Vehicle two stated vehicle one hit her
903302618,MONROE SD,M19A2261,MONROE,RICHLAND,BLOOMINGTON,1/21/2019,3:43 PM,2,0,0,0,0,,S CURRY,PIKE,,,,S CURRY,W BROADWAY,,,,N,,50,S,39.16584,-86.582992,LOCAL/CITY ROAD,,N,N,URBAN,N,N,N,,DAYLIGHT,CLEAR,SNOW/SLUSH,,NO JUNCTION INVOLVED,STRAIGHT/LEVEL,ASPHALT,OTHER (DRIVER) - EXPLAIN IN NARRATIVE,UNDER $1001,REAR END,347,353,Y,N,SCURRYPIKEWBROADWAYAVE,0,STOP SIGN,"D1 STATED SHE WAS STOPPED BEHIND V2 NEAR THE INTERSECTION OF CURRY AND BROADWAY WAITING FOR THE STOPLIGHT FOR S CURRY PIKE AND W 3RD ST. WHILE STOPPED BEHIND V2, D1 STATED SHE MUST HAVE LET HER FOOT OFF THE BRAKE ENOUGH FOR THE CAR TO ROLL FORWARD, CAUSING V1 TO REAR END V2.THERE WAS MINOR DAMAGE, HOWEVER, D2 REQUESTED AN ACCIDENT REPORT DUE TO V2 BEING A COMPANY TRUCK OWNED BY NAPA."