Master Record Number,Agency,Local Code,County,Township,City,Collision Date,Collision Time,Vehicles Involved,Trailers Involved,Number Injured,Number Dead,Number Deer,House Number,Roadway Name,Roadway Suffix,Roadway Number,Roadway Interchange,Roadway Ramp,Roadway Id,Intersecting Road,Intersecting Road Number,Mile Marker,Interchange,Corporate Limits?,Property Type,Feet From,Direction,Latitude,Longitude,Roadway Class,Traffic Control Devices?,Aggressive Driving?,Hit and Run?,Locality,School Zone?,Rumble Strips?,Construction?,Construction Type,Light Condition,Weather Conditions,Surface Condition,Type of Median,Roadway Junction Type,Road Character,Roadway Surface,Primary Factor,Damage Estimate,Manner of Collision,Time Notified,Time Arrived,Investigation Complete?,Photos Taken?,Unique Location Id,State Property Damage?,Traffic Control,NARRATIVE
903311522,ISP BLOOMINGTON 33,2.019E+11,MONROE,RICHLAND,BLOOMINGTON,1/31/2019,6:41 PM,2,0,0,0,0,,,,SR48,,,SR48,CURRY,,,,Y,,50,E,39.16464,-86.58282932,STATE ROAD,,N,N,URBAN,N,N,N,,DARK (NOT LIGHTED),CLEAR,DRY,,NO JUNCTION INVOLVED,STRAIGHT/LEVEL,ASPHALT,UNSAFE SPEED,UNDER $1001,REAR END,642,642,Y,N,CURRYPIKESR48,0,LANE CONTROL,"SR48 is a multi-lane roadway that is locally named 3rd Street. The east and westbound lanes are separated by a raised concrete median in the area of this collision.V1, black Nissan, was traveling west on SR48 in the left turn lane approaching stopped traffic east of Curry Pike. V2, green Subaru, was stopped in the left turn lane of SR48 westbound east of Curry Pike. V1 failed to stop behind V2 and struck the left rear corner of V2 with the front right corner of V1. V1 then traveled onto the raised concrete median divider with the front driver's side tire. D1, McGary, stated he was traveling west on SR48 in the left turn lane approaching Curry Pike. D1 stated he didn't realize V2 was stopped in the left turn lane ahead of his vehicle. D1 stated he applied his brakes and swerved to the left to attempt to avoid impact with the rear of V2. D1 stated he struck the left rear corner of V2 with the front right corner of V1. D2, Hero, stated she was stopped in the left turn lane of SR48 east of Curry Pike. D2 stated V1 struck the rear of V2 while she was stopped in the left turn lane. Evidence shows damage to the front right corner of V1. Evidence shows damage to the left rear corner of V2. D1 advised he did not have insurance for V1. D1 was cited for no insurance and V1 was parked in a private parking lot."
903308596,BLOOMINGTON PD,B1904258,MONROE,BLOOMINGTON,BLOOMINGTON,1/31/2019,10:48 AM,2,0,0,0,0,,LEONARD SPRINGS,RD,,,,S LEONARD SPRINGS,TAPP,,,,Y,,,,39.13683,-86.58261,LOCAL/CITY ROAD,,N,N,URBAN,N,N,N,,DAYLIGHT,CLOUDY,DRY,,T-INTERSECTION,STRAIGHT/GRADE,ASPHALT,FOLLOWING TOO CLOSELY,$2501 TO $5000,REAR END,1048,1058,Y,N,SLEONARDSPRINGSRDWTAPPRD,0,LANE CONTROL,"DRIVER OF VEHICLE 1 STATED SHE WAS SOUTH BOUND ON LEONARD SPRINGS ROAD APPROACHING W TAPP RD, BEHIN VEHICLE 2. D1 OBSERVED V2 BEGIN TO BRAKE TO TURN ONTO TAPP RD. D1 ATTEMPTED TO BRAKE, BUT WHEN SHE APPLIED THE BRAKES, V1 BEGAN TO SLID ON THE ROADWAY. V1 REAR ENDED V2. D1 ADVISED HER TIRES DO NOT HAVE GOOD TREAD AND THAT MAY HAVE CONTRIBUTED TO HER SLIDING. DRIVER OF VEHICLE 2 STATED HE WAS SOUTH BOUND ON LEONARD SPRINGS ROAD APPROACHING W TAPP RD. D1 ACTIVATED HIS LEFT TURN SIGNAL AND SLOWED DOWN TO TURN EAST ONTO TAPP RD. AS V2 STOPPED IN THE ROAD WAY TO WAIT ON APPROACHING TRAFFIC, V2 WAS REAR ENDED BY V1."
903309324,MONROE SD,M19A3510,MONROE,VAN BUREN,BLOOMINGTON,1/31/2019,7:54 AM,2,0,0,0,0,1700,CURRY,PIKE,,,,S CURRY,,,,,N,,,,39.15082,-86.58497,LOCAL/CITY ROAD,,N,N,RURAL,N,N,N,,DAWN/DUSK,CLOUDY,DRY,,NO JUNCTION INVOLVED,STRAIGHT/GRADE,ASPHALT,OTHER (ENVIRONMENTAL) - EXPLAIN IN NARR,$1001 TO $2500,OTHER - EXPLAIN IN NARRATIVE,759,805,Y,N,SCURRYPIKE,0,NONE,"V1 AND V2 RESPONDED TO AN AMBULANCE CALL AT A TRAILER PARK AT 1700 S CURRY PK. V2 ARRIVED FIRST AND WAS PARKED ON THE PRIVATE DRIVE OF 1700 S CURRY PK. WHEN V1 ARRIVED D1 ATTEMPTED TO PARK BUT DUE TO THE SMALL SIZE OF THE DRIVE, AND THE AMOUNT OF VEHICLES IN THE AREA, V1 SIDE SWIPED V2 AS V1 WAS GOING OVER A SPEED BUMP. BOTH V1 AND V2 HAD MINOR DAMAGE TO THE REAR PASSENGER SIDE OF BOTH VEHICLES.BOTH V1 AND V2 LEFT THE SCENE AFTER THE CALL FOR SERVICE AND I MET WITH ALL OF THE PARTIES INVOLVED AT THE VAN BUREN FIRE DEPARTMENT ON KIRBY ROAD."
903310146,MONROE SD,M19A3641,MONROE,VAN BUREN,BLOOMINGTON,2/1/2019,7:34 AM,2,0,2,0,0,,,,SR45W,,,SR45W,HINDS,,,,N,,1584,W,39.0973111,-86.65683291,STATE ROAD,,N,N,RURAL,N,N,N,,DARK (NOT LIGHTED),SNOW,ICE,,NO JUNCTION INVOLVED,CURVE/GRADE,ASPHALT,ROADWAY SURFACE CONDITION,$25001 TO $50000,HEAD ON BETWEEN TWO MOTOR VEHICLES,737,747,Y,Y,HINDSRDSR45W,0,LANE CONTROL,"Spoke to D1 and he stated V1 was traveling east on W SR 45 in the area of 8778 W SR 45. D1 stated that there was crash to the east of his location and the traffic was stopping in front of him. D1 stated when he applied the brake V1 slid on the ice and could not stop. D1 stated at the last second he swerved left to miss the vehicle in front of him. He stated V1 then slid across the center line and struck V2 head on. Both vehicles the came to rest on the north side of the roadway with both facing north west. I spoke to a witness, James M Richardson, who stated he was a few cars behind V1 traveling east. James stated he saw V1 start to fish tail and proceed across the center line and strike V2 head on. James then stated he pulled off the south side of the roadway to approach the scene and make sure everyone was ok. I spoke with D2 who stated V2 was traveling west on W SR 45 in the area of 8778 when V1 came across the center line and into the path of V2. D2 stated that V1 struck the front of V2 head on with the front of V1 spinning both vehicles off the north side of the roadway. I did observe the roadway was icy and slick and there were also two other accidents in the area due to the weather conditions. I also observed it was snowing lightly. I also observed both vehicles and observed heavy front end damage consistent with a head on collision. I also observed both sets of air bags were deployed.D1 was transported from the scene due to his injuries. D1 complained of pain in his back, wrist and chest. I spoke to D2 about his injuries. D2 stated he had a slight pain on the top of his head and minor pain in his legs and knees. D2 refused transport for his injuries and was treated and released on scene. Both vehicles were towed due to disabling damage."
903310151,INDIANA UNIV BLOOMINGTON PD,190272,MONROE,BLOOMINGTON,BLOOMINGTON,2/1/2019,6:05 PM,2,0,0,0,0,,JORDAN,AVE,,,,JORDAN,17TH,,,,Y,,30,N,39.1789304,-86.511088,LOCAL/CITY ROAD,,N,N,URBAN,N,N,N,,DARK (LIGHTED),CLEAR,DRY,,NO JUNCTION INVOLVED,STRAIGHT/LEVEL,ASPHALT,FAILURE TO YIELD RIGHT OF WAY,$2501 TO $5000,LEFT TURN,606,639,Y,N,17THSTJORDANAVE,0,NONE,"Prior to the impact, V1 was was attempting to turn left into the driveway of 1410 N Jordan. V2 was traveling southbound on Jordan Ave approaching the driveway of 1410 N Jordan. W1 stated he was pulling out of the driveway for 1412 N Jordan. At the point of impact, V1 was facing south east on Jordan Ave, approximately 30 feet north of 17th St . V2 was facing south on on Jordan Ave approximately 30 feet. W1 was approximately 20 feet behind V2.D1 stated she was traveling southbound on Jordan Ave attempting to make a left hand turn into the driveway of 1410 N Jordan. D1 stated she was not on the right hand side of the road, however she believes she did move to the right a little to before she made her left turn. D1 stated V2 attempted to pass her on the left as she was turning and hit the front driver side fender of her vehicle. D2 stated he was traveling south bound on Jordan Ave approaching the driveway of 1410 N Jordan. D2 stated he noticed V1 with its break lights and left turn signal on pulled off to the right side of the road at a complete stop. D2 stated he continued southbound when V1 attempted to turn left, across both lanes, from the right hand side of the road. D2 stated he attempted to break and avoid the vehicle, but could not stop in time. W1 stated he was pulling out of the driveway for 1412 N Jordan. W1 stated he could clearly see V1's break lights on and at a complete stop on the right hand side of the road. W1 stated as V2 approached, V1 turned left in front of V2. Both vehicles sustained minor damage and were drivable. There were no injuries at the scene."
903310034,BLOOMINGTON PD,B1904430,MONROE,BLOOMINGTON,BLOOMINGTON,2/1/2019,2:00 PM,2,0,0,0,0,1925,ATWATER,AVE,,,,E ATWATER,,,,,Y,,,,39.1634,-86.51003,UNKNOWN,,N,Y,URBAN,N,N,N,,DAYLIGHT,CLEAR,DRY,,NO JUNCTION INVOLVED,STRAIGHT/LEVEL,ASPHALT,,UNDER $1001,REAR END,225,239,Y,Y,EATWATERAVE,0,NONE,D1 AND V1 LEFT SCENE.D2 WAS PARKED IN THE PARKING LOT OF 1925 E ATWATER AVE. D2 STATED HE WENT TO GET INTO HIS TRUNK AT 2PM AND NOTICED HIS VEHICLE TRUNK WAS DAMAGED AND APPEARED TO BE HIT BY ANOTHER VEHICLE.CRIMINAL CASE COMPLETED.
903310040,BLOOMINGTON PD,B1904469,MONROE,BLOOMINGTON,BLOOMINGTON,2/1/2019,6:47 PM,2,0,0,0,0,504,MULLER,PKWY,,,,MULLER,,,,,Y,,,,39.16211883,-86.56846417,UNKNOWN,,N,Y,URBAN,N,N,N,,DARK (LIGHTED),CLEAR,DRY,,NO JUNCTION INVOLVED,STRAIGHT/LEVEL,ASPHALT,,$1001 TO $2500,,647,648,Y,Y,MULLERPKWY,0,NONE,D1 AND V1 LEFT SCENE. D2 WAS PARKED OUTSIDE HER APARTMENT. D2 WAS LEAVING HER APARTMENT AND RECOGNIZED NEW DAMAGE TO THE BACK DRIVER SIDE BUMPER OF HER VEHICLE. D2 SAID NO OTHER VEHICLES WERE NEXT TO HER WHEN SHE PARKEDCRIMINAL CASE COMPLETED.
903309759,ISP BLOOMINGTON 33,2.019E+11,MONROE,INDIAN CREEK,BLOOMINGTON,2/1/2019,7:45 AM,1,0,0,0,0,,,,I69,,,I69,,,105,,N,OTHER,150,S,0,0,INTERSTATE,,N,N,RURAL,N,N,N,,DAWN/DUSK,CLOUDY,ICE,,NO JUNCTION INVOLVED,STRAIGHT/GRADE,CONCRETE,SPEED TOO FAST FOR WEATHER CONDITIONS,$1001 TO $2500,RAN OFF ROAD,746,752,Y,N,I69105.0,0,LANE CONTROL,"Primary Cause-Driver Factor-Speed Too Fast For Weather Conditions: The conditions were that the roadway surface was ice covered. D1 was traveling too fast given the slick roadway surface and should have reduced her speed to avoid losing control of V1 and colliding into the guardrail. Contributory Cause-Roadway Surface Conditions: The roadway was ice covered in the area of the crash. I69 is a highway that runs in a northern and southern direction through Monroe County. The crash occurred 150 feet south of the 105.0MM. In the area of the crash the roadway in straight with an uphill/grade. The roadway surface was ice covered in the area of the crash.V1 (2004 silver Jeep Liberty) was traveling southbound on I69 in the right lane. V1 slide out of control at a 45 degree angle, clockwise. V1 then traveled of the roadway and struck the guardrail with the right front fender area, on the west side of I69.D1 (Sydnee Luallen) stated she was traveling southbound on I69 in the right lane. Her vehicle slid out of control on the ice and she traveled off the roadway striking the guardrail. She was wearing her seat belt.During the course of my investigation, I observed damage to the front passenger side bumper and fender area of V1. I also observed, minor damage to the guardrail and a damage tag was placed on the guardrail.The crash investigation showed that the primary cause of the crash is Speed Too Fast For Weather Conditions on the part of D1.This was determined by damage sustained to the vehicle and driver statement."
903310025,BLOOMINGTON PD,B1904473,MONROE,BLOOMINGTON,BLOOMINGTON,2/1/2019,7:25 PM,2,0,0,0,0,,W THIRD,ST,,,,W THIRD,S FRANKLIN,,,,Y,,,,39.164688,-86.5712,LOCAL/CITY ROAD,Y,N,N,URBAN,N,N,N,,DARK (LIGHTED),CLEAR,WET,,FOUR-WAY INTERSECTION,STRAIGHT/LEVEL,ASPHALT,FAILURE TO YIELD RIGHT OF WAY,$1001 TO $2500,RIGHT ANGLE,726,739,Y,N,SFRANKLINRDWTHIRDST,0,TRAFFIC CONTROL SIGNAL,Driver of vehicle 2 was traveling west on Third St. Vehicle 1 was traveling east on Third Street. At the intersection of Third Street and Franklin Road Vehicle 1 was attempting to turn north onto Franklin Road. Vehicle 2 was attempting to continue west through the intersection. Driver of vehicle 2 stated that he had a green light. Driver of vehicle 1 stated he had a flashing yellow arrow. Driver of vehicle 1 stated that he did not see vehicle 2 as he proceeded through the intersection and failed to yield right of way.
903310201,MONROE SD,M19A3636,MONROE,CLEAR CREEK,BLOOMINGTON,2/1/2019,7:00 AM,1,0,0,0,0,,,,SR37N,,,SR37N,ZIKES,,,,N,,2500,N,39.05632214,-86.53579333,STATE ROAD,,N,N,RURAL,N,N,N,,DAWN/DUSK,CLEAR,ICE,,NO JUNCTION INVOLVED,STRAIGHT/LEVEL,ASPHALT,ROADWAY SURFACE CONDITION,$5001 TO $10000,RAN OFF ROAD,707,727,Y,N,SR37NZIKESRD,0,NONE,"Driver 1 stated that while traveling North on SR 37 just north of Zikes Rd, She was cut off by another driver. Driver 1 stated she hit the brakes to avoid the vehicle in front of her and began sliding off of the roadway. Driver 1 stated that she slid off the road on the East side of the highway and struck a tree. A male, who was driving by and saw the vehicle off the road, checked to see if the driver was OK. He then assisted the driver by driving Unit 1 back onto the shoulder of the roadway. The male stated that he works on vehicles often and that the front right axle was damaged, and recommended that is should not be driven."
903310219,INDIANA UNIV BLOOMINGTON PD,190270,MONROE,BLOOMINGTON,BLOOMINGTON,2/1/2019,4:46 PM,2,0,0,0,0,,THIRD,ST,,,,THIRD,SWAIN,,,,Y,,,,39.16425,-86.51526,LOCAL/CITY ROAD,,N,N,URBAN,N,N,N,,DAYLIGHT,CLEAR,DRY,,NO JUNCTION INVOLVED,STRAIGHT/LEVEL,ASPHALT,UNSAFE LANE MOVEMENT,$2501 TO $5000,SAME DIRECTION SIDESWIPE,449,500,Y,N,SWAINAVETHIRDST,0,NONE,"D1 advised she was driving V1 west bound in the right lane of Third Street. D1 advised she turned her blinker on and started to merge into the left lane. D1 advised when V1 merged into the right lane V1 and V2 crashed into each other. D2 advised she was driving V2 west bound in the left lane of Third Street. D2 advised while driving straight, V1 started merging from the right lane into the left lane. D2 advised when V1 merged into the left lane V1 crashed into V2. D2 advised V1 did not have its blinker on when the crash occurred."
903309381,BLOOMINGTON PD,B1904414,MONROE,BLOOMINGTON,BLOOMINGTON,2/1/2019,10:38 AM,2,0,0,0,0,,KINSER,PIKE,,,,KINSER,GOURLEY,,,,Y,,,,39.185392,-86.537856,LOCAL/CITY ROAD,,N,N,URBAN,N,N,N,,DAYLIGHT,CLOUDY,WET,,FOUR-WAY INTERSECTION,STRAIGHT/GRADE,ASPHALT,FAILURE TO YIELD RIGHT OF WAY,$1001 TO $2500,RIGHT TURN,1040,1046,Y,N,GOURLEYPIKEKINSERPIKE,0,STOP SIGN,"V2 WAS NORTH BOUND ON KINSER PIKE, AT GOURLEY PIKE. D2 SAID V1 TURNED RIGHT FROM GOURLEY IN FRONT OF HER.D1 SAID V1 WAS ON GOURLEY PIKE, AND TURNING RIGHT ONTO KINSER PIKE. SHE SAID SHE LOOKED AND DID NOT SEE ANYONE COMING NORTH BOUND. PULLED OUT, AND THE VEHICLES STRUCK IN THE INTERSECTION.NO REPORTED INJURIES."
903310070,BLOOMINGTON PD,B1904478,MONROE,BLOOMINGTON,BLOOMINGTON,2/1/2019,6:00 PM,2,0,0,0,0,302,N WALNUT,ST,,,,N WALNUT,,,,,,,,,39.16865861,-86.53356767,LOCAL/CITY ROAD,,N,Y,,N,N,N,,DARK (LIGHTED),CLEAR,DRY,,NO JUNCTION INVOLVED,STRAIGHT/GRADE,ASPHALT,,UNDER $1001,,810,820,Y,Y,NWALNUTST,0,NONE,OWNER OF V2 LEFT HIS VEHICLE AT 1500 HOURS PARKED EB IN THE PARKING GARAGE AT 302 N WALNUT ON THE FIRST FLOOR. OWNER OF V2 RETURNED TO HIS VEHICLE AT 1800 HOURS TO FIND DAMAGE TO HIS REAR DRIVER SIDE TAILLIGHT. NO SUSPECTS. DAMAGE CAPTURED ON BWC 1613.
903309815,ISP BLOOMINGTON 33,2.019E+11,MONROE,BLOOMINGTON,BLOOMINGTON,2/1/2019,9:30 AM,1,0,1,0,0,,,,I69,,,I69,,,112.5,,N,,,,0,0,INTERSTATE,,N,N,RURAL,N,N,N,,DAYLIGHT,CLEAR,ICE,,NO JUNCTION INVOLVED,CURVE/LEVEL,CONCRETE,SPEED TOO FAST FOR WEATHER CONDITIONS,$5001 TO $10000,RAN OFF ROAD,934,934,Y,Y,I69112.5,0,LANE CONTROL,"In the early morning hours of 02/01/2019, this area of Interstate 69 received approximately 1.5 inches of snow. The left lane of Interstate 69 was still partially snow covered and icy. Vehicle 1 (white 1994 Ford Explorer) was traveling south on Interstate 69, in the right lane, approaching the 112.5 mile marker.Vehicle 1 began to slide on ice and left the roadway to the north. Vehicle 1 hit a large rock embankment and rolled over twice before coming to a final rest upright. Driver 1 (Samantha Carpenter) stated she was traveling south, in the right lane, when her vehicle began to ""fish-tail"". Driver 1 stated she lost all control and her vehicle began to roll over. Driver 1 stated her vehicle rolled over at least twice. Driver 1 stated she was not wearing a seat belt.Driver 1 was issued a citation for speed too fast for conditions. Based upon evidence at the scene, I determine the primary cause of this crash to be speed too fast for conditions."
903310071,BLOOMINGTON PD,B1904486,MONROE,BLOOMINGTON,BLOOMINGTON,2/1/2019,9:15 PM,3,0,1,0,0,,WEST 11TH,ST,,,,WEST 11TH,NORTH ALEXANDER,,,,Y,,,,39.173344,-86.549296,LOCAL/CITY ROAD,,Y,N,URBAN,N,N,N,,DARK (LIGHTED),CLEAR,DRY,,T-INTERSECTION,STRAIGHT/LEVEL,ASPHALT,IMPROPER LANE USAGE,$25001 TO $50000,REAR END,915,917,Y,Y,NORTHALEXANDERSTWEST11THST,0,NONE,"V2 and V3 were parked near the intersection, both were facing east. V2 was parked right behind V3.V1 was traveling eastbound on West 11th Street when D1 rear ended V2, which caused V2 to rear end V3 due to the speed of V1. D1 underwent field sobriety tests and was placed into custody by Officer Raybould. Officer Raybould served a search warrant for D1's blood and then D1 was remanded to the Monroe County Jail for Operating While Intoxicated, with endangerment, Class A Misdemeanor.V1 and V2 were towed due to disabling damage. D1 complained of pain to her knees but was checked out by an ambulance and was not transported for anymore medical attention.Photos were taken and logged into evidence."
903309433,MONROE SD,M19A3642,MONROE,VAN BUREN,BLOOMINGTON,2/1/2019,7:40 AM,1,0,0,0,0,,S ROCKPORT,RD,,,,S ROCKPORT,S STANSIFER,,,,N,,150,S,39.108032,-86.575552,LOCAL/CITY ROAD,,N,N,RURAL,N,N,N,,DAWN/DUSK,CLOUDY,SNOW/SLUSH,,NO JUNCTION INVOLVED,CURVE/LEVEL,ASPHALT,SPEED TOO FAST FOR WEATHER CONDITIONS,$1001 TO $2500,RAN OFF ROAD,744,747,N,N,SROCKPORTRDSSTANSIFERLN,0,NONE,D1 stated he was traveling north on S Rockport Road. D1 stated he went through a curve and his vehicles back end broke loose. D1 stated he tried to correct however began fish tailing. D1 ran off the road into the ditch.
903309582,ISP BLOOMINGTON 33,2.019E+11,MONROE,PERRY,BLOOMINGTON,2/1/2019,7:42 AM,1,0,0,0,0,,,,SR37,,,SR37,OLD STATE ROAD 37,,,,N,,1800,S,39.08149917,-86.538823,STATE ROAD,,N,N,RURAL,N,N,N,,DAWN/DUSK,CLOUDY,ICE,,NO JUNCTION INVOLVED,STRAIGHT/GRADE,ASPHALT,SPEED TOO FAST FOR WEATHER CONDITIONS,$5001 TO $10000,RAN OFF ROAD,749,749,Y,N,OLDSTATEROAD37RDSR37,0,LANE CONTROL,"State Road 37 is a divided highway with a grass median. In this area State Road 37 has four lanes, two lanes primarily going south and two lanes primarily going north. State Road 37 is mainly constructed of asphalt. On this day and time the road was covered with ice/snow. The road characteristics of the crash area is straight with a grade. Vehicle 1 (Maroon. 2007 Pontiac) was northbound in the right lane on SR 37 approximately 1800 feet south of Old SR 37 in Monroe County. Driver 1(Mallori Edwards) advised that she was slowing down for traffic and lost control of her vehicle on the ice covered roads. Vehicle 1 slid off of the road, began to turn counterclockwise and struck the large rock cut out on the east side of SR 37 with the rear bumper. The driver's side tires also appeared to be flat."
903310202,MONROE SD,M19A3651,MONROE,CLEAR CREEK,BLOOMINGTON,2/1/2019,9:37 AM,2,0,0,0,0,,,,SR37N,,,SR37N,DILLMAN,,,,N,,300,N,39.1246253,-86.54416,STATE ROAD,,N,N,RURAL,N,N,N,,DAYLIGHT,CLEAR,ICE,,NO JUNCTION INVOLVED,STRAIGHT/LEVEL,ASPHALT,SPEED TOO FAST FOR WEATHER CONDITIONS,$2501 TO $5000,REAR END,953,1005,Y,N,SR37NWDILLMANRD,0,NONE,"While traveling North on SR 37 just north of Dillman Rd, Unit 1 stated they merged into the right hand lane to yield right of way to an emergency vehicle. While merging, Unit 1 stated after applying the brakes and merging, unit 1 began to slide and slid into the back of unit 2. Both parties refused medical and refused a tow truck."
903309547,ISP BLOOMINGTON 33,2.019E+11,MONROE,INDIAN CREEK,BLOOMINGTON,2/1/2019,7:45 AM,1,0,0,0,0,,,,I69,,,I69,,,105.5,,N,,,,0,0,INTERSTATE,,N,N,RURAL,N,N,N,,DAWN/DUSK,CLOUDY,ICE,,NO JUNCTION INVOLVED,STRAIGHT/GRADE,CONCRETE,SPEED TOO FAST FOR WEATHER CONDITIONS,$1001 TO $2500,RAN OFF ROAD,753,753,Y,N,I69105.5,0,LANE CONTROL,"V1, red GMC, was traveling south on I69 in the left lane. V1 left the roadway and entered the grass median. V1 struck the earth median then moved to the southbound emergency shoulder. D1, Riggs, stated he was traveling south on I69 in the left lane. D1 stated he lost control of V1 due to the icy conditions and slid into the median. D1 stated he did not make contact with anything when he entered the median. D1 stated he then moved to the southbound emergency shoulder. Evidence shows the roadway was ice covered and slick during the accident investigation. Evidence shows damage to the rear tailgate and both rear taillight assemblies."
903309579,MONROE SD,M19A3640,MONROE,PERRY,BLOOMINGTON,2/1/2019,7:27 AM,2,0,0,0,0,,ROGERS,ST,,,,S ROGERS,BAYWOOD,,,,N,,60,N,39.12427711,-86.53948,COUNTY ROAD,,N,N,RURAL,N,N,N,,DAYLIGHT,SNOW,ICE,,T-INTERSECTION,STRAIGHT/GRADE,ASPHALT,LEFT OF CENTER,$2501 TO $5000,OPPOSITE DIRECTION SIDESWIPE,735,738,Y,N,BAYWOODDRSROGERSST,0,NONE,V1 was traveling southbound on South Rogers Road just north of Baywood Dr. V2 was traveling northbound on South Rogers Road just north of Baywood Dr. V1 began to slide due to ice and snow on the roadway and lost control of her veh. V1 crossed left of center and struck v2 in the front passenger side of the veh.
903309617,BLOOMINGTON PD,B1904426,MONROE,BLOOMINGTON,BLOOMINGTON,2/1/2019,12:59 PM,2,0,0,0,0,,DUNN,ST,,,,DUNN,6TH,,,,Y,,,,39.167728,-86.528208,LOCAL/CITY ROAD,,Y,N,URBAN,N,N,N,,DAYLIGHT,CLEAR,WET,,FOUR-WAY INTERSECTION,STRAIGHT/LEVEL,ASPHALT,DISREGARD SIGNAL/REG SIGN,$10001 TO $25000,RIGHT ANGLE,1259,115,Y,N,6THSTDUNNST,0,STOP SIGN,"D1 STATED HE WAS TRAVELING SOUTH ON DUNN STREET IN THE EASTERN MOST LANE. HE INDICATED THAT HE FAILED TO STOP AT THE INTERSECTION OF 6TH ST, WHERE THERE IS A POSTED STOP SIGN. D1 SAID HE COLLIDED WITH V2 THAT WAS TRAVELING EAST ON 6TH STREET. D2 STATED HE WAS EAST BOUND ON 6TH STREET AND HAD STOPPED AT THE INTERSECTION OF DUNN ST. HE SAID HE PROCEEDED INTO THE INTERSECTION AND WAS STRUCK BY V1."
903309442,BLOOMINGTON PD,B1904409,MONROE,PERRY,BLOOMINGTON,2/1/2019,9:57 AM,2,0,0,0,0,3101,GOODNIGHT,WAY,,,,E GOODNIGHT,,,,,Y,,,,39.15656083,-86.493802,LOCAL/CITY ROAD,,N,N,URBAN,N,N,N,,DAYLIGHT,CLOUDY,WET,,NO JUNCTION INVOLVED,STRAIGHT/LEVEL,ASPHALT,UNSAFE BACKING,$1001 TO $2500,BACKING CRASH,959,1004,Y,N,EGOODNIGHTWAY,0,NONE,V1 was parked in parking space facing North. V2 was in lane of travel and was WB thru parking lot. V1 backed up and V2 struck V1 in the passenger side rear bumper with the front passenger side bumper of her vehicle. D1 stated he did not see anyone coming and was backing up. D2 stated that she was headed WB in parking lot and V1 backed up in front of her.
903311734,BLOOMINGTON PD,B1904874,MONROE,BLOOMINGTON,BLOOMINGTON,2/1/2019,11:20 AM,2,0,0,0,0,2424,S WALNUT,ST,,,,S WALNUT,,,,,Y,,,,39.18942433,-86.53338906,UNKNOWN,,N,Y,URBAN,N,N,N,,DAYLIGHT,CLEAR,DRY,,NO JUNCTION INVOLVED,STRAIGHT/LEVEL,ASPHALT,IMPROPER TURNING,UNDER $1001,BACKING CRASH,347,424,Y,Y,SWALNUTST,0,NONE,"Heather Riggins drove V2 to 2424 S Walnut ST on 02/01/2019 around 11:00 AM to do some shopping and parked V2 facing westbound in the parking lot. Heather stated she was inside the store for about 30 minutes and when she returned to her car she was confronted by Barbara, who was a witness, stating that her vehicle was in an accident and the other driver left the scene. Barbara sent photos of V1 to Heather, in return, Heather sent me the photos as well. Heather stated she had damage to the right rear bumper.Heather showed me V2 at the Bloomington Police Department, and you can see paint transfer on her right rear bumper that appears to be a silver or brown in color. Heather also pointed out damage to the right front bumper but was not sure how that had occurred and wasn't sure if that was related. I took photos of the damage to V2.I then spoke to Barbara over the phone. Barbara stated that she was waiting on a friend to exit the store and was sitting in her parked vehicle. Barbara stated V1 was reversing and V1's right rear bumper struck V2's right rear bumper and then V1 pulled back into the spot they were reversing out of. Barbara thought D1 was doing that so they could report it. However, Barbara stated V1 then reversed the opposite way and left the scene and did not stop.From the photos that Barbara took, I was able to see a license plate for V1, which was TK507MDK. I entered that license plate and found a phone number for the owner. I called the phone number and D1 answered the phone. D1 was an elderly male and stated he did not know he hit anybody. D1 did stated he was at Lucky's ""last week"" but was not sure if it was on 02/01/2019. D1 stated nobody else drives his truck besides him. D1 had no issue giving me the necessary information to complete the accident report so I could provide a copy to both parties.All photos that were taken were logged into evidence. No criminal charges will be filed."
903309435,MONROE SD,M19A3649,MONROE,PERRY,BLOOMINGTON,2/1/2019,9:16 AM,1,0,0,0,0,,,,I69,,,I69S,,,112,,N,OTHER,0,S,41.13583018,-85.14035522,INTERSTATE,,N,N,RURAL,N,Y,N,,DAYLIGHT,CLOUDY,ICE,,NO JUNCTION INVOLVED,STRAIGHT/LEVEL,ASPHALT,SPEED TOO FAST FOR WEATHER CONDITIONS,$1001 TO $2500,RAN OFF ROAD,843,843,Y,N,I69S112.0,0,NONE,D1 stated he was traveling south on I69 in the right lane at an unknown speed. D1 thinks he hit a patch of ice and spun out of control. D1s rear end ran off the road into the guard rail. D1 moved his vehicle down the interstate to where Deputy was working a separate accident.