Master Record Number,Agency,Local Code,County,Township,City,Collision Date,Collision Time,Vehicles Involved,Trailers Involved,Number Injured,Number Dead,Number Deer,House Number,Roadway Name,Roadway Suffix,Roadway Number,Roadway Interchange,Roadway Ramp,Roadway Id,Intersecting Road,Intersecting Road Number,Mile Marker,Interchange,Corporate Limits?,Property Type,Feet From,Direction,Latitude,Longitude,Roadway Class,Traffic Control Devices?,Aggressive Driving?,Hit and Run?,Locality,School Zone?,Rumble Strips?,Construction?,Construction Type,Light Condition,Weather Conditions,Surface Condition,Type of Median,Roadway Junction Type,Road Character,Roadway Surface,Primary Factor,Damage Estimate,Manner of Collision,Time Notified,Time Arrived,Investigation Complete?,Photos Taken?,Unique Location Id,State Property Damage?,Traffic Control,NARRATIVE
903309434,MONROE SD,M19A3648,MONROE,PERRY,BLOOMINGTON,2/1/2019,8:39 AM,1,0,0,0,0,,,,I69,,,I69S,,,111.5,,N,,0,S,41.13203658,-85.14870785,INTERSTATE,,N,N,RURAL,N,Y,N,,DAYLIGHT,CLOUDY,ICE,,NO JUNCTION INVOLVED,STRAIGHT/LEVEL,ASPHALT,SPEED TOO FAST FOR WEATHER CONDITIONS,$1001 TO $2500,RAN OFF ROAD,843,851,Y,N,I69S111.5,0,NONE,"D1 stated he was driving south on I69 in the right lane at approximately 70 MPH. D1 suspects he hit a patch of ice. D1 stated his vehicle began to slide, spin, and ultimately ran off the roadway."
903309369,BLOOMINGTON PD,B1904394,MONROE,BLOOMINGTON,BLOOMINGTON,2/1/2019,6:43 AM,2,0,0,0,0,,PATTERSON,DR,,,,PATTERSON,FAIRVIEW,,,,Y,,300,N,39.18555461,-86.54109,LOCAL/CITY ROAD,,N,N,URBAN,N,N,N,,DARK (LIGHTED),SNOW,SNOW/SLUSH,,NO JUNCTION INVOLVED,CURVE/LEVEL,ASPHALT,SPEED TOO FAST FOR WEATHER CONDITIONS,$2501 TO $5000,OPPOSITE DIRECTION SIDESWIPE,645,657,Y,N,FAIRVIEWSTPATTERSONDR,0,LANE CONTROL,V1 WAS NORTHBOUND ON PATTESON DR GOING TOWARD ALLEN STREET.V2 WAS SOUTHBOUND ON PATTERSON DR FROM ALLEN ST.D1 SAID HE STARTED SLIDING ON THE SNOWY STREET. HE SAID HE DECIDED TO TURN INTO THE PARKING LOT OF CATALENT AT 1300 S PATTERSON ST. HE SAID AS HE TURNED LEFT INTO THE PARKING LOT HE COLLIDED WITH V2.D2 SAID AS HE DROVE SOUTH V1 TURNED IN FRONT OF HIM TO GO INTO CATALENT PARKING LOT AND THEY COLLIDED. HE SAID HE DOES NOT THINK V1 USED IT'S TURN SIGNAL.
903316629,BLOOMINGTON PD,B1904489,MONROE,BLOOMINGTON,BLOOMINGTON,2/1/2019,9:14 PM,2,0,1,0,0,,W 11TH,ST,,,,W 11TH,N ADAMS,,,,Y,,,,39.173344,-86.549792,LOCAL/CITY ROAD,,N,Y,URBAN,N,N,N,,DARK (LIGHTED),CLOUDY,WET,,T-INTERSECTION,STRAIGHT/GRADE,ASPHALT,DISREGARD SIGNAL/REG SIGN,$5001 TO $10000,RIGHT ANGLE,914,914,Y,Y,NADAMSSTW11THST,0,STOP SIGN,"V2 WAS TRAVELING WB ON 11TH ST STOPPED AT ADAMS ST. V1 WAS TRAVELING NB ON ADAMS ST APPROACHING 11TH ST. AS V2 PROCEEDED WB THROUGH THE INTERSECTION, V1 DISREGARDED THE STOP SIGN AND THE FRONT OF V1 COLLIDED WITH THE REAR DRIVER SIDE OF V2. D2 THEN LEFT THE SCENE.D1 STATED THAT SHE DID NOT REMEMBER HITTING ANY VANS AT 11TH AND ADAMS. D1 HAD A STRONG ODOR OF ALCOHOLIC BEVERAGE ON HER EXHALED BREATH AND HAD BLOODSHOT, WATERY EYES.D2 STATED THAT SHE WAS WB ON 11TH ST WHERE SHE STOPPED AT THE STOPSIGN AT ADAMS ST. D2 STATED SHE BEGAN TO PROCEED WB ON 11TH ST WHEN V1 DISREGARDED THE STOP SIGN AND LEFT THE SCENE EB ON 11TH ST BEFORE COLLIDING WITH ANOTHER VEHICLE ON 11TH ST. PLEASE REFER TO B19-04486 IN REFERENCE TO THAT OTHER ACCIDENT AND THE RESULTS OF THE OWI INVESTIGATION.THROUGH MY INVESTIGATION, I BELIEVE THAT D1 DISREGARDING A STOP SIGN AND CONSUMING ALCOHOLIC BEVERAGES CAUSED THIS ACCIDENT."
903310066,MONROE SD,M19A3612,MONROE,RICHLAND,BLOOMINGTON,2/1/2019,12:41 AM,1,0,1,0,0,,,,SR46E,,,SR46E,ARLINGTON,,,,N,,2000,E,39.2080284,-86.57636349,STATE ROAD,,N,N,RURAL,N,N,N,,DARK (NOT LIGHTED),SNOW,SNOW/SLUSH,,NO JUNCTION INVOLVED,STRAIGHT/LEVEL,ASPHALT,RAN OFF ROAD RIGHT,$5001 TO $10000,RAN OFF ROAD,1241,1247,Y,N,ARLINGTONRDSR46E,0,NONE,D1 WAS TRAVELING EB ON ST RD 46 WHEN D1 LOST CONTROL ON A PATCH OF ICE.D1 DROVE IN THE CENTER MEDIAN TRYING TO REGAIN CONTROL WHEN THE VEHICLE STRUCK A FROZEN SNOW PILE.THE VEHICLE WENT OVER THE SNOW PILE COMING TO A STOP APPROXIMATELY 1000 FEET FROM THE SNOW PILE. THE PASSENGER STATED HE WAS SLEEPING WHEN THE ACCIDENT OCCURED. THE PASSENGER COMPLAINED OF LOWER BACK AND ARM PAIN. THE PASSENGER WAS TRANSPORTED TO IU HEALTH.
903312110,ISP BLOOMINGTON 33,2.019E+11,MONROE,INDIAN CREEK,BLOOMINGTON,2/1/2019,8:36 AM,2,0,1,0,0,,,,I69,,,I69,,,106.5,,N,OTHER,200,N,0,0,INTERSTATE,,N,N,RURAL,N,N,N,,DAYLIGHT,CLOUDY,ICE,,NO JUNCTION INVOLVED,STRAIGHT/GRADE,CONCRETE,SPEED TOO FAST FOR WEATHER CONDITIONS,$10001 TO $25000,REAR END,837,839,Y,Y,I69106.5,0,LANE CONTROL,"Interstate 69 is a multi-lane divided highway that primarily traverses Monroe County in a north and south manner. In the area of this crash there are guardrails on both shoulders of the southbound lanes of Interstate 69. This portion of Interstate 69 southbound has a down hill grade and is straight with no line of sight obstructions.The temperature was approximately 16 degrees Fahrenheit and snow had fallen over night. The shoulders were completely snow covered and a portion of the left lane had snow covering it as well. There were multiple portions of Interstate 69 that were extremely slick due to ice being present on the roadway. These conditions were not isolated to only this immediate area of the crash as other roadways in the area were experiencing the same factors.Vehicle 1, a white 2013 Dodge Charger, is a marked Indiana State Police commission. Vehicle 1 was parked partially on the left shoulder and partially in the left lane with its emergency lights activated near the 116.5mm of Interstate 69 southbound to warn approaching motorists of a road hazard in a blind curve of Interstate 69 near the 116mm. There were other Indiana State Police vehicles near the 116mm attempting to help a motorist who slid off the roadway and into the median due to the icy road conditions. Vehicle 1 was struck in the rear by the rear of Vehicle 2.Vehicle 2, a white 2002 Toyota Camry, was traveling southbound on Interstate 69 in the right lane approaching the 106.5mm. Near the 106.5 mm were two marked Indiana State Police commissions with their emergency lighting activated. One of these commissions is Vehicle 1 and the other is included in this report as Witness 1. Vehicle 2 began to slide on the ice covered roadway and rotated 180 degrees so that the front of Vehicle 2 was facing north as Vehicle 2 continued to slide southbound. Vehicle 2 narrowly missed the first Indiana State Police vehicle (Witness 1). Vehicle 2 slide southbound past the marked Indiana State Police vehicle of Witness 1 on the driver's side of Witness 1 with the front of Vehicle 2 facing north. The passenger side of Vehicle 2 then struck the guardrail face just off of the left shoulder of Interstate 69 southbound. Vehicle 2 continued sliding until the rear of Vehicle 2 struck the rear of Vehicle 1.Driver 1 stated he was stopped partially in the left lane and partially on the left shoulder of Interstate 69 southbound for approximately 10 minutes. Driver 1 said that he observed Witness 1 approaching from the rear with emergency lighting activated. Driver 1 moved Vehicle 1 more onto the left shoulder of Interstate 69 southbound so that Witness 1 could take more of the left lane. Driver 1 stated that as he was monitoring traffic approaching him, he observed Vehicle 2 sliding and spin behind Witness 1. Driver 1 said that he put Vehicle 1 in gear and attempted to move forward, but was unable to do so because of the ice covered roadway. Driver 1 had a complaint of pain in his neck area.Driver 2 stated he was traveling on Interstate 69 southbound in the right lane. Driver 2 said that he was going 70 mph with other traffic. Driver 2 stated that he saw the lights on the police vehicles and applied the brakes to Vehicle 2. Driver 2 said that Vehicle 2 began to slide and then spin. Driver 2 stated that Vehicle 2 struck a guardrail face and then the rear of Vehicle 2 struck the rear of Vehicle 1.Witness 1, Indiana State Police Trooper Jeremy Cox provided the following statement:I was traveling southbound on I69 in the left lane, at the 106.5MM. I was slowing down with my rear emergency lights activated. I was approaching another Indiana State Police commission with its emergency lights activated sitting stationary on the left shoulder of I69. The commission began to travel forward as I heard the sound of a vehicle sliding on the roadway. Through my rear view mirror, I observed a white vehicle sliding out of control, traveling southbound, and traveled behind my commission with the front"
903311170,ISP BLOOMINGTON 33,2.019E+11,MONROE,BLOOMINGTON,BLOOMINGTON,2/1/2019,8:31 AM,2,0,0,0,0,,,,I69,,,I69,,,106,,N,OTHER,60,N,0,0,INTERSTATE,,N,N,RURAL,N,N,N,,DAYLIGHT,CLOUDY,SNOW/SLUSH,,NO JUNCTION INVOLVED,CURVE/GRADE,ASPHALT,SPEED TOO FAST FOR WEATHER CONDITIONS,$10001 TO $25000,REAR END,831,835,Y,N,I69106.0,0,LANE CONTROL,"I-69, in the area where the crash occurred, is hilly with numerous curves. The roadway surface looked wet but had numerous icy areas. The outside temperature was 19 degrees.V1, a black 2015 Lexus RX3, was traveling south on I-69, near the 106 M.M., when V1 hit a patch of ice and lost traction. V1 skidded into the passing lane and then back to the driving lane two times before striking V2 in the left front fender/ headlamp area. Once contact was made with V2, V1 slid and struck the guard rail with the right front fender. V1 came to a controlled rest after striking the guard rail.V2, a black 2013 Ford Fusion, was also traveling south on I-69, when the vehicle directly in front of V2 began to swerve in to the passing lane. V2 slowed in an attempt to avoid a collision with V1 but when V1 swerved back into the driving lane, V2 hit V1 in the right rear bumper/fender area. After the contact, V1 slid and hit the guard rail with the right front bumper/ fender. V2 came to a controlled stop on the shoulder of the roadway.D1, Nova E Carden, stated that she was traveling south on I-69. D1 stated that she had seen emergency lights ahead of her so she attempted to slow down. D1 said when she tried to slow down, she hit a patch of ice, causing her to lose control of her vehicle. D1 stated that she tried to regain control of her vehicle but ended up hitting V2 with the rear of her vehicle. D1 said after the contact was made with V2, her vehicle struck the guard rail on the west side of the roadway. After striking the guard rail, D1 said she was able to get her vehicle stopped on the east side should of the road. D1 stated that her speed prior to the crash was 72 MPH.D2, Gregory S Wisniewski, stated that he was south bound on I-69, directly behind V1, when he noticed V1 lose control and swerve from lane to lane. D2 said he slowed down to avoid colliding with with V1 but V1 swerved over and struck the front of his vehicle. D2 stated that he was able to come to a controlled stop on the east side shoulder of the road after the collision with V1.Both drivers stated that they were uninjured in the crash and did not require any medical attention.Both vehicles were towed to Bloomington, IN, by Sturgis Wrecker, due to disabling damage."
903309379,BLOOMINGTON PD,B1904416,MONROE,BLOOMINGTON,BLOOMINGTON,2/1/2019,10:58 AM,2,0,0,0,0,1450,COUNTRYSIDE,LN,,,,W COUNTRYSIDE,,,,,Y,,,,39.1426,-86.554125,UNKNOWN,,N,N,URBAN,Y,N,N,,DAYLIGHT,CLOUDY,DRY,,NO JUNCTION INVOLVED,STRAIGHT/LEVEL,ASPHALT,OTHER (DRIVER) - EXPLAIN IN NARRATIVE,$2501 TO $5000,REAR END,1058,1105,Y,N,WCOUNTRYSIDELN,0,NONE,"DRIVER OF VEHICLE 1 STATED SHE WAS IN THE PARKING LOT OF 1450 W COUNTYSIDE LANE. AS SHE WAS PULLING FORWARD PREPARING TO BACK INTO A PARKING SPACE, HER FOOT SLIPPED OFF OF THE BRAKE. HER FOOT WENT TO THE ACCELERATOR CAUSING HER TO MOVE FORWARD AND STRIKE VEHICLE 2. VEHICLE 2 WAS PARKING IN A PARKING SPACE."
903310504,MONROE SD,M19A3694,MONROE,PERRY,BLOOMINGTON,2/1/2019,5:04 PM,2,0,0,0,0,,GORDON,PIKE,,,,GORDON,HEDGEWOOD,,,,N,,,,0,0,LOCAL/CITY ROAD,,N,N,RURAL,Y,N,N,,DAYLIGHT,CLEAR,DRY,,T-INTERSECTION,STRAIGHT/LEVEL,ASPHALT,FOLLOWING TOO CLOSELY,UNDER $1001,BACKING CRASH,504,512,Y,N,GORDONPIKEHEDGEWOODDR,0,STOP SIGN,Driver 1 stated she was behind Driver 2 when they were both stopped at the stopped at the intersection of West Gordon Pike and entrance to Bachelor Middle School. Driver 1 stated Driver 2 and began proceeding eastbound and Driver 2 began to slow down like she was going to turn. Driver 1 stated she was unsure if Driver 2 had her turn signal on. Driver 1 stated she then rear ended Driver 2. Driver 1 did state that she was reaching for her sweatshirt however maintained visual of Driver 2 and her foot was still on the clutch. Driver 2 stated she turned her turn signal on and slowed down to turn southbound onto Clear View Drive when Driver 1 rear ended her. Both vehicles moved just down the roadway from the initial collision and both drivers were out of their vehicles upon arrival. Vehicle 1 appeared to sustain no damage and Vehicle 2 sustained minor right rear end damage on the bumper. Both drivers declined medical personnel and a tow service.
903310069,MONROE SD,M19A3697,MONROE,CLEAR CREEK,BLOOMINGTON,2/1/2019,5:14 PM,2,0,0,0,0,4025,S OLD STATE 37,RD,,,,S OLD STATE 37,,,,,N,,,,39.064288,-86.541328,UNKNOWN,,N,N,URBAN,N,N,N,,DAYLIGHT,CLOUDY,DRY,,NO JUNCTION INVOLVED,STRAIGHT/LEVEL,ASPHALT,OTHER (DRIVER) - EXPLAIN IN NARRATIVE,$2501 TO $5000,BACKING CRASH,515,523,Y,N,SOLDSTATE37RD,0,NONE,"D1 stated he was driving past v2 in the parking lot when V2 backed out of the parking stall into the right rear of V1.D2 stated her vehicle was half-way out of the stall and there were no vehicles in her mirrors or backup camera. As she continued backing out, the collision occurred."
903309654,ISP BLOOMINGTON 33,2.019E+11,MONROE,BEAN BLOSSOM,STINESVILLE,2/1/2019,7:45 AM,1,0,0,0,0,,,,SR46E,,,SR46E,HEDRICK,,,,N,,180,E,39.27762,-86.6773456,STATE ROAD,,N,N,RURAL,N,N,N,,DAYLIGHT,SLEET/HAIL/FREEZING RAIN,ICE,,NO JUNCTION INVOLVED,CURVE/LEVEL,ASPHALT,SPEED TOO FAST FOR WEATHER CONDITIONS,UNDER $1001,RAN OFF ROAD,750,800,Y,N,HEDRICKRDSR46E,0,LANE CONTROL,On 2/1/2019 at approximately 0800 hours I arrived at SR 46 just east of Hedrick Road in Monroe County. Upon arrival I observed a white SUV in a field to the south of SR 46.Driver 1 stated that as he was traveling east on SR 46 he lost control of his vehicle due to ice and slide off the roadway and into the field. Driver 1 stated that his vehicle spun around and made contact with the fence surrounding the field with the rear of his vehicle.The roadway surface condition was extremely slick due to freezing rain. This crash could have been avoided if the driver was traveling at a reduced rate. There was approximately 60 feet of fence that was damaged from the crash belonging to Webb Emogene Trust. No contact information could be obtained.
903309326,MONROE SD,M19A3639,MONROE,VAN BUREN,BLOOMINGTON,2/1/2019,7:30 AM,1,0,1,0,0,,,,SR45W,,,SR45W,HINDS,,,,N,,200,W,39.09878383,-86.6525232,STATE ROAD,,N,N,RURAL,N,N,N,,DARK (NOT LIGHTED),CLOUDY,ICE,,NO JUNCTION INVOLVED,CURVE/GRADE,ASPHALT,RAN OFF ROAD RIGHT,$5001 TO $10000,RAN OFF ROAD,730,730,Y,N,HINDSRDSR45W,0,NONE,VEHICLE 1 WAS EAST BOUND ON WEST ST RD 45. VEHICLE 1 SLID ON ICE IN A CURVE AND RAN OFF THE ROAD.DRIVER 1 COMPLAINED OF CHEST PAIN AND WAS TRANSPORTED BY AMBULANCE TO IU HEALTH BLOOMINGTON.VEHICLE 1 WAS TOWED BY BLANDS TO BLANDS
903310488,INDIANA UNIV BLOOMINGTON PD,190273,MONROE,BLOOMINGTON,BLOOMINGTON,2/1/2019,6:45 PM,2,0,0,0,0,,,,SR46,,,SR46,THIRD,,,,Y,,994,N,39.26931891,-86.494385,STATE ROAD,,N,N,URBAN,N,N,N,,DARK (LIGHTED),CLEAR,DRY,,NO JUNCTION INVOLVED,STRAIGHT/LEVEL,ASPHALT,FOLLOWING TOO CLOSELY,UNDER $1001,REAR END,648,658,Y,N,SR46THIRDST,0,NONE,"V1 and V2 were traveling southbound on the SR 45/46 Bypass approaching the intersection of E 3rd St. V2 began to slow down due to traffic, and V1 collided with the rear of V2.D1 advised that he was traveling southbound on the SR 45/46 Bypass approaching the intersection of E 3rd St. behind V2. D1 advised that traffic began to slow, V2 slowed down and he attempted to stop but wasn't able to before colliding with the rear of V2. D2 advised that she was traveling southbound on the SR 45/46 Bypass approaching the intersection of E 3rd St. D2 advised that as she began to slow down with traffic, V1 rear ended her.V1 sustained minor dents and scratches to the front bumper and a broken grille.V2 sustained a minor scratch to the rear bumper cover."
903309545,ISP BLOOMINGTON 33,2.019E+11,MONROE,PERRY,BLOOMINGTON,2/1/2019,9:28 AM,1,0,1,0,0,,,,I69,,,I69,,,112.5,,N,,800,S,0,0,INTERSTATE,,N,N,RURAL,N,N,N,,DAYLIGHT,CLOUDY,ICE,,NO JUNCTION INVOLVED,STRAIGHT/GRADE,CONCRETE,SPEED TOO FAST FOR WEATHER CONDITIONS,$5001 TO $10000,RAN OFF ROAD,946,946,Y,N,I69112.5,0,LANE CONTROL,"Vehicle 1 (gold Chevy) was south bound on I 69 near the 112.5 mile marker in the right lane. Driver 1( Hannah Rosebrock) advised that she had her cruise on at approximately 75 and was coming up on slower traffic. D1 slowed down and changed lanes to the left lane. D1 then lost control of the vehicle, traveled off of the roadway and rolled over. V1 came to rest on the riprap on the west side of I-69 S/B.D1 was seen at the scene by EMS and refused any further medical treatment while at the scene."
903309424,INDIANA UNIV BLOOMINGTON PD,190268,MONROE,BLOOMINGTON,BLOOMINGTON,2/1/2019,9:50 AM,2,0,0,0,0,,DUNN,ST,,,,DUNN,17TH,,,,Y,,,,39.17904,-86.5284,LOCAL/CITY ROAD,,N,Y,URBAN,N,N,N,,DAYLIGHT,CLOUDY,WET,,FOUR-WAY INTERSECTION,STRAIGHT/LEVEL,ASPHALT,OTHER (DRIVER) - EXPLAIN IN NARRATIVE,$1001 TO $2500,SAME DIRECTION SIDESWIPE,959,1007,Y,N,17THSTDUNNST,0,LANE CONTROL,V1 left the scene. V2 was parked on the East side of 17th Street with no one inside. V2 was parked on the side of the road while the passengers in V2 went in to the Convenient Mart for no more than 5 minutes. When they came out to get in V2 the drivers side mirror was broke and moved out of place. It appears that V1 was driving North on Dunn Street when it got too close to V2 striking the drivers side mirror with the passenger side of V1 causing the mirror to break.
903310422,BLOOMINGTON PD,B1904596,MONROE,BLOOMINGTON,BLOOMINGTON,2/2/2019,11:00 AM,2,0,0,0,0,2894,E 3RD,ST,,,,E 3RD,,,,,Y,,,,39.16423861,-86.49522852,LOCAL/CITY ROAD,,N,Y,URBAN,N,N,N,,DAYLIGHT,CLEAR,DRY,,T-INTERSECTION,STRAIGHT/LEVEL,ASPHALT,IMPROPER TURNING,$1001 TO $2500,LEFT/RIGHT TURN,315,325,Y,Y,E3RDST,0,NONE,"ALEXIS EDGIN, WHO IS THE DAUGHTER OF THE OWNER OF V2, STATED THAT SHE HAD PARKED V2 IN THE PARKING LOT OF 2894 EAST 3RD STREET.ALEXIS STATED THAT V2 WAS PARKED FACING EAST, IN THE SOUTH EAST CORNER OF THE PARKING LOT.ALEXIS STATED THAT SHE HAD PARKED V2 THERE AT APPROXIMATELY 10:50 AM.ALEXIS STATED THAT AT 3:00 PM SHE DID RETURN TO HER VEHICLE AND DID FIND THAT THE FRONT DRIVER'S CORNER OF V2 HAD BEEN STRUCK BY ANOTHER VEHICLE, RESUTLING IN THE FRONT DRIVER'S SIDE HEADLIGHT BEING DAMAGED AND SHATTERED.THERE IS NO INFORMATION ON THE SUSPECT VEHICLE OR DRIVER."
903310685,MONROE SD,M19A3775,MONROE,PERRY,BLOOMINGTON,2/2/2019,11:44 AM,2,0,0,0,0,,FAIRFAX,RD,,,,SOUTH FAIRFAX,MARIE,,,,N,,,,39.10558,-86.522385,COUNTY ROAD,,N,N,RURAL,N,N,N,,DAYLIGHT,CLOUDY,DRY,,NO JUNCTION INVOLVED,CURVE/GRADE,ASPHALT,FOLLOWING TOO CLOSELY,$10001 TO $25000,REAR END,1151,1156,Y,N,EASTMARIELNSOUTHFAIRFAXRD,0,NONE,"VEHICLE 1 WAS FOLLOWING VEHICLE 2. A VEHICLE IN FRONT OF VEHICLE 2 STOPPED ABRUPTLY AND WHEN VEHICLE 2 STOPPED, VEHICLE 1 STRUCK VEHICLE 2 IN THE REAR-END.ALL INVOLVED WERE UNINJURED AND DENIED ANY MEDICAL ATTENTION.BOTH VEHICLES WERE DRIVABLE AND DROVE FROM SCENE."
903310147,MONROE SD,M19A3732,MONROE,SALT CREEK,BLOOMINGTON,2/2/2019,12:18 AM,1,0,0,0,1,,,,SR46E,,,SR46E,FRIENDSHIP,,,,N,,375,W,39.15476921,-86.40729974,STATE ROAD,,N,N,RURAL,N,N,N,,DARK (NOT LIGHTED),CLEAR,DRY,,NO JUNCTION INVOLVED,CURVE/LEVEL,ASPHALT,ANIMAL/OBJECT IN ROADWAY,$5001 TO $10000,COLLISION WITH DEER,1226,1234,Y,N,FRIENDSHIPRDSR46E,0,LANE CONTROL,Spoke to D1 and she advised that V1 was traveling east on W Sr 46 in the area of 8225 W SR 46. D1 stated a deer jumped ouit into the path of V1 and she could not avoid striking the deer. V1 struck the deer with the front of V1. D1 stated the deer flew into the air and fled south. I observed damage tot he front of V1 consistent with striking a deer. I also observed deer in the broken parts of the bumper. There were no injuries involved in this crash and V1 was drive able and 1 drove it form the scene.
903310884,MONROE SD,M19A3947,MONROE,SALT CREEK,BLOOMINGTON,2/3/2019,8:25 PM,1,0,0,0,1,,,,SR46E,,,SR46E,FRIENDSHIP,,,,N,,,,39.153856,-86.406688,STATE ROAD,,N,N,RURAL,N,N,N,,DARK (NOT LIGHTED),CLEAR,DRY,,NO JUNCTION INVOLVED,CURVE/LEVEL,ASPHALT,ANIMAL/OBJECT IN ROADWAY,$5001 TO $10000,COLLISION WITH DEER,828,844,Y,N,FRIENDSHIPRDSR46E,0,NONE,D-1 stated he was traveling east on SR 46 when a deer ran out in front of V-1 striking the front left side of V-1.
903310785,BLOOMINGTON PD,B1904719,MONROE,VAN BUREN,BLOOMINGTON,2/3/2019,1:30 PM,2,0,1,0,0,,3RD,ST,,,,W 3RD,LIBERTY,,,,Y,,440,W,39.164615,-86.5792569,LOCAL/CITY ROAD,,N,N,URBAN,N,N,N,,DARK (LIGHTED),CLEAR,DRY,,T-INTERSECTION,STRAIGHT/LEVEL,ASPHALT,FAILURE TO YIELD RIGHT OF WAY,$2501 TO $5000,LEFT TURN,133,140,Y,Y,SLIBERTYDRW3RDST,0,NONE,"D1 stated he was travelling westbound on W. 3rd Street and merged into the center lane to make a left hand turn into the Kroger gas station lot. D1 stated that V2 was in the oncoming traffic lane travelling eastbound and appeared to be slowing down to allow D1 to make the turn. D1 stated he began to turn left and collided with the front driver side of V2.D2 stated he was travelling eastbound on W. 3rd Street approaching S. Liberty Drive and noticed V1 in the center turn lane. D2 stated V1 began turning in front of him and collided with the front of his vehicle causing D2 to run off the road. A passenger in V2 complained of pain in her abdomen area from a recent surgery, but was not transported for medical treatment. D1 failed to yield to oncoming traffic which did cause the collision between V1 and V2."
903310717,INDIANA UNIV BLOOMINGTON PD,190282,MONROE,BLOOMINGTON,BLOOMINGTON,2/3/2019,10:50 AM,2,0,0,0,0,,,,SR45W,,,SR45W,10TH,,,,Y,,,,39.176848,-86.478192,STATE ROAD,Y,N,N,URBAN,N,N,N,,DAYLIGHT,CLEAR,DRY,,FOUR-WAY INTERSECTION,STRAIGHT/LEVEL,ASPHALT,FOLLOWING TOO CLOSELY,UNDER $1001,REAR END,1058,1103,Y,N,10THSTSR45W,0,TRAFFIC CONTROL SIGNAL,V1 and V2 were slowing or stopped at the red light at 10th Street and 45 Bypass facing West. V1 and V2 were in the right hand turn lane to turn northbound on 45 Bypass. D1 stated that he though V2 was starting to go to merge in to traffic and did not notice that she had slowed and did not turn. D1 stated that he rear ended V2. D2 stated that she was sitting at the red light waiting to turn right.There was minimal damage to both vehicles. There was a tire on the rear of V2 that took the most of the impact from V1.
903311536,INDIANA UNIV BLOOMINGTON PD,190291,MONROE,BLOOMINGTON,BLOOMINGTON,2/3/2019,8:00 PM,2,0,0,0,0,611,FESS,AVE,,,,N FESS,,,,,Y,,,,39.17211,-86.52613,UNKNOWN,,N,Y,URBAN,N,N,N,,DARK (LIGHTED),CLEAR,DRY,,NO JUNCTION INVOLVED,STRAIGHT/LEVEL,ASPHALT,OTHER (DRIVER) - EXPLAIN IN NARRATIVE,$2501 TO $5000,SAME DIRECTION SIDESWIPE,1258,104,Y,N,NFESSAVE,0,NONE,V1 is white in color but otherwise unidentified in this hit-and-run crash. V2 was parked facing east on the west side of 611 N Fess Ave.OP1 came to IUPD to report that her vehicle had been hit. OP1 stated V2 was parked in the parking lot west of 611 N Fess from 01/29/2019 at approximately 1800 hours until 02/03/2019 at approximately 2000 hours. OP1 stated when she returned to her vehicle on 02/03/2019 she noticed a dent on the rear driver side quarter-panel with white paint transfer. OP1 stated she waited to report the accident until she contacted her insurance company.V2 had damage to the rear driver side quarter-panel. V2 did not have any white paint transfer when it was brought to IUPD to make this report.OP1 stated she did not witness the accident and does not have a description for V1.
903311802,MONROE SD,M19A4056,MONROE,VAN BUREN,BLOOMINGTON,2/4/2019,6:11 PM,2,0,0,0,0,3585,,,SR45W,,,SR45W,,,,,N,,,,39.125312,-86.610496,STATE ROAD,,N,N,RURAL,N,N,N,,DARK (LIGHTED),CLOUDY,WET,,NO JUNCTION INVOLVED,NON-ROADWAY CRASH,ASPHALT,IMPROPER PASSING,$2501 TO $5000,SAME DIRECTION SIDESWIPE,614,618,Y,N,SR45W,0,NONE,"Driver of vehicle 1 stated he attempted to go around vehicle 2 that was parked in front of Walmart, as he went around the driver side passenger door opened striking vehicle 1 leaving a large scrape from the passenger front fender to the rear passenger door. Driver of vehicle 2 stated she was parked in front of Walmart and her daughter exited the vehicle from the rear driver side passenger door and the door impacted vehicle 1 causing damage to the corner of the passenger door of vehicle 2"