Master Record Number,Agency,Local Code,County,Township,City,Collision Date,Collision Time,Vehicles Involved,Trailers Involved,Number Injured,Number Dead,Number Deer,House Number,Roadway Name,Roadway Suffix,Roadway Number,Roadway Interchange,Roadway Ramp,Roadway Id,Intersecting Road,Intersecting Road Number,Mile Marker,Interchange,Corporate Limits?,Property Type,Feet From,Direction,Latitude,Longitude,Roadway Class,Traffic Control Devices?,Aggressive Driving?,Hit and Run?,Locality,School Zone?,Rumble Strips?,Construction?,Construction Type,Light Condition,Weather Conditions,Surface Condition,Type of Median,Roadway Junction Type,Road Character,Roadway Surface,Primary Factor,Damage Estimate,Manner of Collision,Time Notified,Time Arrived,Investigation Complete?,Photos Taken?,Unique Location Id,State Property Damage?,Traffic Control,NARRATIVE
903314618,BLOOMINGTON PD,B1905733,MONROE,VAN BUREN,BLOOMINGTON,2/10/2019,11:08 AM,2,0,1,0,0,,WEIMER,RD,,,,S WEIMER,TAPP,,,,Y,,1000,N,39.24219863,-86.56199,LOCAL/CITY ROAD,,N,N,URBAN,N,N,N,,DAYLIGHT,SLEET/HAIL/FREEZING RAIN,ICE,,NO JUNCTION INVOLVED,CURVE/GRADE,ASPHALT,SPEED TOO FAST FOR WEATHER CONDITIONS,$5001 TO $10000,OPPOSITE DIRECTION SIDESWIPE,1110,1120,Y,N,SWEIMERRDWTAPPRD,0,NONE,Vehicle 1 was southbound on Weimer through a curve when they went into a skid due to the slick road conditions. Vehicle 1 crossed into the northbound lane where Vehicle 1 struck Vehicle 2 as Vehicle 2 was northbound. Vehicle 1 then left the roadway and traveled into a creek on the west side of W. Tapp Road where they came to rest in the water.
903315347,MONROE SD,M19A4804,MONROE,PERRY,BLOOMINGTON,2/10/2019,11:51 AM,2,0,0,0,0,,,,SR37N,,,SR37N,S VICTOR,,,,N,,,,39.105552,-86.551104,STATE ROAD,,N,N,RURAL,N,N,N,,DAYLIGHT,CLOUDY,SNOW/SLUSH,,FOUR-WAY INTERSECTION,STRAIGHT/LEVEL,ASPHALT,FAILURE TO YIELD RIGHT OF WAY,UNDER $1001,LEFT TURN,1154,1207,Y,N,SVICTORPIKESR37N,0,NONE,"Driver of vehicle 1 stated he was traveling south entering the intersection at S. Victor Pike and S.SR 37 when he noticed Vehicle 2 also entering the intersection. He stated that Vehicle 2 did not have a siren or emergency lights on when it entered the intersection, Driver of vehicle 1 stated vehicle 2 struck his vehicle. Driver of Vehicle 2 stated they were traveling north bound on SR 37 with lights and siren on when they entered the intersection and Vehicle 1 failed to yield right of way. There was no damage to vehicle 1 and damage to the air horns of vehicle 2."
903315351,MONROE SD,M19A4814,MONROE,WASHINGTON,BLOOMINGTON,2/10/2019,1:54 PM,1,0,0,0,0,,,,SR69,,,SR69S,,,129,,N,,300,S,0,0,STATE ROAD,,N,N,RURAL,N,Y,N,,DAYLIGHT,RAIN,ICE,,NO JUNCTION INVOLVED,STRAIGHT/GRADE,ASPHALT,ANIMAL/OBJECT IN ROADWAY,$5001 TO $10000,RAN OFF ROAD,154,154,Y,N,SR69S129.0,0,LANE CONTROL,"V1 was traveling southbound on I69 approaching mile marker 129.0. D1 stated that she struck a patch of ice and began to spin. V1 ran off the east side of the roadway into the grass median an struck a construction barrel and metal median guard rail, coming to a stop in the median. This caused damage to the front and rear of V1."
903314563,INDIANA UNIV BLOOMINGTON PD,190361,MONROE,BLOOMINGTON,BLOOMINGTON,2/10/2019,11:15 AM,1,0,0,0,0,,11TH,ST,,,,E 11TH,FEE,,,,Y,,,,39.171584,-86.518688,LOCAL/CITY ROAD,,N,N,URBAN,N,N,N,,DAYLIGHT,SLEET/HAIL/FREEZING RAIN,SNOW/SLUSH,,T-INTERSECTION,STRAIGHT/GRADE,ASPHALT,OVERCORRECTING/OVERSTEERING,$1001 TO $2500,NON-COLLISION,1121,1123,Y,N,E11THSTFEELN,0,LANE CONTROL,"Other explain in narrative(environmental): V1 swerved to avoid a collision with another motor vehicle that had crossed into V1's lane of travel. V1 was traveling north on Fee Lane. V1 over corrected to avoid a collision with another vehicle that had crossed into V1's lane. V1 then struck the curb. V1 had disabling damage to the passenger side tires, rims, and axles. D1 stated that he was traveling north on Fee towards 11th Street when a vehicle suddenly crossed the double yellow into V1's lane of travel. D1 stated he then swerved to avoid the collison with the other vehicle and instead struck the curb on the side of the road. D1 stated that he had no choice but to swerve in order to avoid the collision with the other vehicle. Other Participant: Alexander Collins was driving the vehicle that V1 swerved to avoid. Collins stated that V1 was far enough away that he thought he had time to turn into the SPEA parking lot, across from 11th Street. Collins stated that V1 was going faster then he thought and so Collins swerved his car back into his original lane of travel missing V1. However, Collins stated that he did see V1 swerve as well and strike the curb. There were no injuries at the scene and no vehicles were towed from the scene. However, D1 stated that he would contact Triple A to remove his vehicle from the parking lot at SPEA at a later time."
903315345,MONROE SD,M19A4800,MONROE,VAN BUREN,BLOOMINGTON,2/10/2019,10:58 AM,2,0,0,0,0,,FIELDSTONE,BLVD,,,,S FIELDSTONE,MONARCH,,,,N,,,,39.1588,-86.60463,LOCAL/CITY ROAD,,N,N,RURAL,N,N,N,,DAYLIGHT,CLOUDY,SNOW/SLUSH,,NO JUNCTION INVOLVED,STRAIGHT/LEVEL,ASPHALT,FAILURE TO YIELD RIGHT OF WAY,$1001 TO $2500,BACKING CRASH,1100,1117,Y,N,SFIELDSTONEBLVDWMONARCHCT,0,NONE,"Driver of vehicle 1 stated he was backing out of his driveway at 611 S. Fieldstone Blvd when he backed into vehicle 2 traveling north on S. Fieldstone Blvd. Driver of vehicle 2 stated she was traveling North on S. Fieldstone Blvd and she saw vehicle 1 pulling out of the driveway but was not able to stop due to the snow conditions on the road. Damage to vehicle 1 was minor rear bumper scratches, Damage to vehicle 2 was minor on the rear passenger door and rear quarter panel."
903314750,INDIANA UNIV BLOOMINGTON PD,190362,MONROE,BLOOMINGTON,BLOOMINGTON,2/10/2019,2:40 PM,1,0,0,0,0,915,N FEE,LN,,,,N FEE,,,,,Y,,,,39.17452541,-86.51893751,UNKNOWN,,N,N,URBAN,N,N,N,,DAYLIGHT,CLOUDY,SNOW/SLUSH,,NO JUNCTION INVOLVED,STRAIGHT/LEVEL,CONCRETE,UNSAFE BACKING,UNDER $1001,OTHER - EXPLAIN IN NARRATIVE,246,258,Y,N,NFEELN,0,NONE,"When I arrived on scene, the vehicle was moved from where the crash took place. The crash involved a white Chevrolet truck (V1) driven by James Arthur (D1).D1 stated he was plowing snow southbound on the top level of the Fee Lane Parking Garage. He reversed northbound and backed into a concrete block that holds the guard cables. When he was backing, the tailgate was down and therefore that was what made contact with the concrete block.V1 sustained heavy damage to the tailgate. It was heavily dented and would no longer close properly. The concrete block did not appear to have sustained any visible damage.V1 was able to be driven from the scene."
903314767,BLOOMINGTON PD,B19-05742,MONROE,BLOOMINGTON,BLOOMINGTON,2/10/2019,1:06 PM,2,0,0,0,0,,W 6TH,ST,,,,W 6TH,N COLLEGE,,,,Y,,,,39.167648,-86.534784,LOCAL/CITY ROAD,Y,N,Y,URBAN,N,N,N,,DAYLIGHT,SLEET/HAIL/FREEZING RAIN,SNOW/SLUSH,,FOUR-WAY INTERSECTION,STRAIGHT/GRADE,ASPHALT,FAILURE TO YIELD RIGHT OF WAY,UNDER $1001,BACKING CRASH,109,113,Y,Y,NCOLLEGEAVEW6THST,0,TRAFFIC CONTROL SIGNAL,Driver two stated he was traveling east on W 6th Street approaching N College Ave when vehicle one backed out of a parking space and struck his vehicle in the right front corner. Driver two stated driver one got out of his vehicle looked at the damage and spoke to him briefly than left the scene in his vehicle south on College Ave. Driver two stated he didn't know any information about vehicle one except that it was an older model Honda SUV.
903314812,ISP BLOOMINGTON 33,2.019E+11,MONROE,WASHINGTON,BLOOMINGTON,2/10/2019,1:00 PM,1,0,0,0,0,,E ROBINSON,RD,,,,E ROBINSON,HILLSAMER,,,,N,,50,W,39.251344,-86.464608,LOCAL/CITY ROAD,,N,N,RURAL,N,N,N,,DAYLIGHT,SNOW,SNOW/SLUSH,,NO JUNCTION INVOLVED,CURVE/LEVEL,CONCRETE,SPEED TOO FAST FOR WEATHER CONDITIONS,$10001 TO $25000,RAN OFF ROAD,126,146,Y,N,EROBINSONRDHILLSAMERRD,0,LANE CONTROL,"Vehicle 1 was traveling northwest on Robinson Road approaching the intersection of Hillsamer Road when it left the north side of the roadway striking multiple trees. The vehicle was towed from the scene and no injuries were reported by the driver. Vehicle 1, a red 2018 Chevrolet Eqiunox, was traveling northwest on Robinson Road approaching the intersection of Hillsamer Road when it left the north side of the roadway, traveled through the small ditch at the intersection, and then continued across Hillsamer before striking three trees on the north side of the roadway. Vehicle 1 came to a rest in the westbound lane approximately 50 feet west of the intersection partially blocking the eastbound lane. Vehicle 1 was towed from the scene to Curry Collision Center by Pritchard's Towing per driver's request.Driver 1, Vladimyr Ward, stated he was traveling northwest on Robinson Rd when he lost traction southeast of Hillsamer Road and began to slide into the oncoming traffic lane. Ward stated he corrected his skid and as he approached the intersection at Hillsamer Road, a newer model white Chevrolet Tahoe or Suburban was traveling left of center coming around the curve. Ward stated he steered right to avoid the car, went off the roadway, and was unable to bring the car back onto the roadway before striking the trees on the north side of the roadway. Ward stated he was uninjured in the crash and stated he did not need to be checked by medical personnel.At the time of the crash, the roadway was slushy and slick and there was a mixture of rain and snow falling. Due to the snowfall, I was able to see tire tracks leaving the roadway just southeast of the Hillsamer road intersection and followed the tracks through the ditch to where Vehicle 1 struck the trees. I was unable to see any marks in the roadway consistent with a vehicle traveling left of center.Hillsamer Road meets Robinson Road at an angle and slopes upwards towards Robinson Road. There is a small ditch on the northeast side of the roadway approaching the intersection and on the north side of the roadway immediately after Hillsamer Road meets Robinson Road continuing along the westbound side of Robinson Road."
903316299,INDIANA UNIV BLOOMINGTON PD,190376,MONROE,BLOOMINGTON,BLOOMINGTON,2/11/2019,7:45 PM,2,0,0,0,0,,TENTH,ST,,,,TENTH,FEE,,,,Y,,,,39.17167,-86.519015,LOCAL/CITY ROAD,Y,N,N,URBAN,N,N,N,,DARK (LIGHTED),RAIN,WET,,T-INTERSECTION,STRAIGHT/GRADE,ASPHALT,UNSAFE BACKING,$1001 TO $2500,BACKING CRASH,747,758,Y,N,FEELNTENTHST,0,TRAFFIC CONTROL SIGNAL,"On 02/11/2019 at around 1958 hours I arrived at 10th Street and Fee Lane to take a crash report. When I arrived, D1 immediately told me that it was her fault and that she had backed in to V2.D1 stated she was stopped facing eastbound in the straight lane on 10th Street and Fee Lane. D1 stated she wanted to get into the left turn lane so she began to put her car in reverse. D1 stated she did not see anyone behind her when she started backing up. V1 then struck V2.V1 did not sustain any damage.D2 stated that he was sitting in traffic behind V1 facing eastbound on 10th Street. D2 stated that the light had just turned green when he noticed V1 beginning to back up. He stated he did not have time to react and honk his horn at V1 and then V1 struck V2. V2 sustained damage to the front bumper and hood. The bumper had paint chipped off of it and was scratched. The hood was bent up and would not close completely. Once we were about to clear the scene, V2 would not start. D2 stated he had several problems with the car before. Bland's towed the vehicle from the scene."
903316328,MONROE SD,M19A4950,MONROE,PERRY,BLOOMINGTON,2/11/2019,7:59 PM,1,0,0,0,2,,,,SR37N,,,SR37N,INGRAM,,,,N,,,,38.99674,-86.5459,STATE ROAD,,N,N,RURAL,N,Y,N,,DARK (NOT LIGHTED),RAIN,WET,,FOUR-WAY INTERSECTION,STRAIGHT/GRADE,ASPHALT,ANIMAL/OBJECT IN ROADWAY,$10001 TO $25000,COLLISION WITH DEER,802,817,Y,N,INGRAMRDSR37N,0,NONE,V1 was traveling northbound on SR 37 near the intersection of Ingram Rd when two deer crossed the road colliding with the front of V2. The collision caused heavy front end damage but was not towed.
903315722,ISP BLOOMINGTON 33,2.019E+11,MONROE,CLEAR CREEK,BLOOMINGTON,2/11/2019,8:15 AM,1,0,0,0,1,,,,SR37,,,SR37,SMITHVILLE,,,,N,,1500,S,39.06693629,-86.53565265,STATE ROAD,,N,N,RURAL,N,N,N,,DAYLIGHT,FOG/SMOKE/SMOG,WET,,NO JUNCTION INVOLVED,STRAIGHT/HILLCREST,ASPHALT,ANIMAL/OBJECT IN ROADWAY,$5001 TO $10000,COLLISION WITH DEER,831,838,Y,N,SMITHVILLERDSR37,0,LANE CONTROL,"SR37 is a four lane (two-way) roadway that is divided by a grass median only. SR37 primarily travels north and south with numerous hills and curves. The intersection of SR37 and E Smithville Rd is a 4-way intersection with SR37 being a throughway and E Smithville Rd being posted with stop signs. Vehicle 1 (White, Chevrolet) was traveling northbound in the left hand lane when a deer entered the roadway through the median and into the path of V1. V1 was unable to stop and the deer struck the front driver's side corner panel and driver's door. Driver 1 (Zachary Conrad) indicated the following: He was traveling northbound on SR37 in the left hand lane at 60mph when a deer ran through the median and into the path of his vehicle. D1 applied the brakes in an attempt to stop and avoid an impact but he was unsuccessful in doing so.The investigating officer located deer fur on the driver's side mirror. It is the opinion of the investigating officer that the reason for this crash is animal in the roadway.RRK"
903315891,MONROE SD,M19A4899,MONROE,PERRY,BLOOMINGTON,2/11/2019,8:40 AM,2,0,0,0,0,,SOUTH OLD STATE ROAD 37,RD,,,,SOUTH OLD STATE ROAD 37,E ORCHARD,,,,N,,200,S,39.11584,-86.5312,COUNTY ROAD,,N,N,RURAL,N,N,N,,DAYLIGHT,CLEAR,WET,,NO JUNCTION INVOLVED,STRAIGHT/LEVEL,ASPHALT,FOLLOWING TOO CLOSELY,$2501 TO $5000,REAR END,841,846,Y,N,EORCHARDLNSOUTHOLDSTATEROAD37RD,0,NONE,V2 WAS SLOWED IN TRAFFIC NEAR THE INTERSECTION OF SOUTH OLD STATE ROAD 37 AND E ORCHARD LANE DUE TO HEAVY TRAFFIC. V2 WAS REAR ENDED BY V1 WHILE IT WAS STOPPED IN TRAFFIC. D1 ADMITTED TO FAULT IN THE CRASH. D1 FAILED TO PROVIDE INSURANCE DOCUMENTS FOR V1 AND WAS CITED FOR SUCH.
903316242,INDIANA UNIV BLOOMINGTON PD,190375,MONROE,BLOOMINGTON,BLOOMINGTON,2/11/2019,6:30 PM,2,0,0,0,0,,,,SR46,,,SR46,,SR45,,,Y,,,,39.18617,-86.52138,STATE ROAD,Y,N,N,URBAN,N,N,N,,DARK (LIGHTED),RAIN,WET,,FOUR-WAY INTERSECTION,STRAIGHT/LEVEL,ASPHALT,FAILURE TO YIELD RIGHT OF WAY,$2501 TO $5000,LEFT TURN,635,646,Y,N,SR45SR46,0,TRAFFIC CONTROL SIGNAL,"V1 was turning east on SR 46 from N Kinser Pike. V2 was going north on N Kinser Pike crossing SR 46. D1 stated that he was turning east on to SR 46 from N Kinser Pike. D1 stated that the light was green at the intersection and he turned in front of V2 and they collided. D1 confirmed that the light was a green light not a green arrow. D1 stated that when they collided the front bumper of V2 collided with his passenger side quarter panel.D2 stated that she was going north on N Kinser Pike and also stated that the light was green. D2 stated that as she crossed SR 46 to go straight on N Kinser Pike, V1 turned in front of her and they collided."
903316154,INDIANA UNIV BLOOMINGTON PD,190374,MONROE,BLOOMINGTON,BLOOMINGTON,2/11/2019,3:28 PM,2,0,0,0,0,,17TH,ST,,,,17TH,FEE,,,,Y,,,,39.178928,-86.518992,LOCAL/CITY ROAD,Y,N,N,URBAN,N,N,N,,DAYLIGHT,RAIN,WET,,FOUR-WAY INTERSECTION,STRAIGHT/LEVEL,ASPHALT,FOLLOWING TOO CLOSELY,$1001 TO $2500,REAR END,330,330,Y,N,17THSTFEELN,0,TRAFFIC CONTROL SIGNAL,"V1 and V2 were stopped on 17th Street at the intersection with Fee Lane heading East. D1 stated that he saw the light turn green and accelerated while V2 did not accelerate. V1 rear ended V2. D2 stated that the light turned green and there were vehicles in front of him that were turning southbound on to Fee Lane that cause D2 to not accelerate. There were 18 juveniles on V2, no one was injured. There was no damage to V2. V1 had damage to the front hood."
903315892,MONROE SD,M19A4900,MONROE,BLOOMINGTON,BLOOMINGTON,2/11/2019,8:45 AM,1,0,0,0,0,405,7TH,ST,,,,WEST 7TH,,,,,Y,PRIVATE,,,39.16864,-86.52963592,UNKNOWN,,N,Y,RURAL,N,N,N,,DAYLIGHT,CLOUDY,ICE,,NO JUNCTION INVOLVED,STRAIGHT/GRADE,ASPHALT,UNSAFE BACKING,$1001 TO $2500,OTHER - EXPLAIN IN NARRATIVE,857,928,Y,Y,WEST7THST,0,NONE,VEHICLE 1 WAS PARKED IN THE LOT OF 405 WEST 7TH ST BLOOMINGTON INDIANA. VEHICLE 1 WAS WITNESSED BACKING INTO A BARRIER WALL.THE VEHICLE THEN LEFT THE SCENE. UNKNOWN DIRECTION OF TRAVEL.
903317507,ISP BLOOMINGTON 33,2.019E+11,MONROE,WASHINGTON,BLOOMINGTON,2/11/2019,8:05 AM,1,0,0,0,1,,BOTTOM,RD,,,,BOTTOM,DITTEMORE,,,,N,,260,N,39.28625746,-86.55618402,COUNTY ROAD,,N,N,RURAL,N,N,N,,DAYLIGHT,RAIN,SNOW/SLUSH,,NO JUNCTION INVOLVED,STRAIGHT/LEVEL,ASPHALT,ANIMAL/OBJECT IN ROADWAY,$1001 TO $2500,COLLISION WITH DEER,805,828,Y,N,BOTTOMRDDITTEMORERD,0,LANE CONTROL,Vehicle 1 was southbound on N Bottom Road. While southbound 260 feet north of Dittemore Rd a deer moved into the path of V1. V1 collided with the deer causing damage to the front end of V1 and killing the deer.Driver of V1 stated she was southbound on N Bottom Rd 260 feet north of Dittemore Rd. Driver of V1 stated a deer came into her path from the west side of the roadway and she was unable to stop in time to avoid a collision. Driver of V1 collided with the deer causing front end damage to the vehicle. The deer died from its injuries at the scene.
903316480,BLOOMINGTON PD,B1905932,MONROE,VAN BUREN,BLOOMINGTON,2/11/2019,10:47 PM,2,0,2,0,0,,3RD,ST,,,,W 3RD,LIBERTY,,,,Y,,,,39.164615,-86.579295,LOCAL/CITY ROAD,Y,N,N,URBAN,N,N,N,,DARK (LIGHTED),RAIN,WET,,FOUR-WAY INTERSECTION,STRAIGHT/GRADE,ASPHALT,FOLLOWING TOO CLOSELY,$2501 TO $5000,REAR END,1050,1102,Y,Y,SLIBERTYDRW3RDST,0,TRAFFIC CONTROL SIGNAL,"D2 APPROACHED THE STOP LIGHT AT THE INTERSECTION OF W 3RD ST AND S LIBERTY DR AS IT TURNED FROM YELLOW TO RED, AT WHICH POINT D2 STOPPED. D1 WAS FOLLOWING BEHIND D2, AND WHEN D2 STOPPED AT THE INTERSECTION, D1 HIT THE REAR OF D2."
903316282,BLOOMINGTON PD,B1905902,MONROE,BLOOMINGTON,BLOOMINGTON,2/11/2019,5:06 PM,3,0,2,0,0,,2ND,ST,,,,W 2ND,MAPLE,,,,Y,,,,39.16141,-86.54203,LOCAL/CITY ROAD,,N,N,URBAN,N,N,N,,DAYLIGHT,RAIN,WET,,T-INTERSECTION,STRAIGHT/HILLCREST,ASPHALT,FOLLOWING TOO CLOSELY,$2501 TO $5000,REAR END,510,515,Y,Y,SMAPLESTW2NDST,0,NONE,Driver one stated he was traveling east on W 2nd Street when he looked down at the radio and when he looked up all the traffic was stopped. Driver one stated he rear ended vehicle two which was stopped in traffic.Driver two stated she was stopped in traffic when she was rear ended by vehicle one which pushed her vehicle into the rear of vehicle three.Driver three stated he was stopped in traffic when he was rear ended by vehicle two.
903317180,INDIANA UNIV BLOOMINGTON PD,190389,MONROE,BLOOMINGTON,BLOOMINGTON,2/12/2019,5:30 PM,1,0,0,0,0,,TENTH,ST,,,,TENTH,UNION,,,,Y,,500,W,39.17157,-86.50930674,LOCAL/CITY ROAD,,N,N,URBAN,N,N,N,,DAYLIGHT,CLOUDY,DRY,,NO JUNCTION INVOLVED,STRAIGHT/LEVEL,ASPHALT,UNSAFE LANE MOVEMENT,UNDER $1001,LEFT TURN,533,539,Y,N,TENTHSTUNIONST,1,NONE,"V2 is a bicycle.V1 was going east on 10th St but turning into a parking lot on the north side of tenth. V2 was also going east on 10th St.D1 stated he was going east on 10th St and attempting to turn north into a parking lot. D1 stated that when he turned north to enter the parking lot he collided with V2.D2 stated he was going east on 10th St when the bike lane was blocked by a bus dropping people off at a bus stop. D2 stated that he then exited the bike lane and entered the lane of traffic to pass V1 and the bus. D2 stated he saw that V1 had his left turn signal on but he continued anyway. D2 stated that when he was attempting to pass V1 and the bus, V1 turned north and they collided."
903316878,BLOOMINGTON PD,B1905982,MONROE,BLOOMINGTON,BLOOMINGTON,2/12/2019,12:10 PM,2,0,0,0,0,,S COLLEGE,AVE,,,,S COLLEGE,W KIRKWOOD,,,,Y,,,,39.16664,-86.5348,LOCAL/CITY ROAD,,N,N,URBAN,N,N,N,,DAYLIGHT,RAIN,WET,,NO JUNCTION INVOLVED,STRAIGHT/GRADE,ASPHALT,FAILURE TO YIELD RIGHT OF WAY,$1001 TO $2500,SAME DIRECTION SIDESWIPE,1218,1220,Y,N,SCOLLEGEAVEWKIRKWOODAVE,0,LANE CONTROL,"D2 CAME TO BLOOMINGTON POLICE DEPARTMENT TO REPORT PRIOR ACCIDENT. D2 ADVISED THAT HE WAS SOUTHBOUND ON COLLEGE AVE, AND HAD JUST TRAVELLED SOUTH THROUGH THE INTERSECTION OF KIRKWOOD AVE, WHEN V1 PULLED OUT OF A PARALLEL PARKING SPACE ON THE WEST SIDE OF COLLEGE AVE, COLLIDING WITH THE FRONT PASSENGER SIDE BUMPER OF V2. D2 ADVISED THAT HE BELIEVED IT WAS ONE OF THE FIRST FEW PARALLEL PARKING SPACES ON COLLEGE AVE, JUST SOUTH OF KIRKWOOD AVE.I MADE CONTACT WITH D1 VIA PHONE. D1 ADVISED THAT SHE WAS GETTING READY TO PULL OUT OF A PARALLEL PARKING SPACE AND THOUGHT SHE HAD LOOKED, BUT DID NOT SEE V2. D1 ADVISED THAT SHE PULLED OUT AND COLLIDED WITH V2. D1 ADVISED THAT THERE IS OLD DAMAGE TO HER VEHICLE AND SHE IS NOT SURE WHICH PART OF HER VEHICLE COLLIDED WITH V2, AND IS UNAWARE OF WHAT IS NEW DAMAGE OR OLD DAMAGE.NO INJURIES REPORTED."
903317037,BLOOMINGTON PD,B1905988,MONROE,PERRY,BLOOMINGTON,2/12/2019,1:20 PM,2,0,0,0,0,,2800 E BUICK CADILLAC ALLEYWAY,BLVD,,,,2800 E BUICK CADILLAC ALLEYWAY,EAST BUICK CADILLAC,,,,Y,,,,39.1596,-86.490784,UNKNOWN,,N,N,URBAN,N,N,N,,DAYLIGHT,RAIN,WET,,T-INTERSECTION,STRAIGHT/LEVEL,ASPHALT,UNSAFE BACKING,$1001 TO $2500,BACKING CRASH,131,134,Y,Y,2800EBUICKCADILLACALLEYWAYBLVDEASTBUICKCADILLACBLVD,0,STOP SIGN,"D1 STATED THAT HE WAS IN THE ALLEY WAY, JUST EAST OF 2800 E BUICK CADILLAC BOULEVARD, FACING NORTH.D1 STATED THAT HE WAS STOPPED AT THE STOP SIGN FACING NORTH, TOWARDS E BUICK CADILLAC BOULEVARD.D1 STATED THAT ANOTHER VEHICLE WAS DRIVING WEST ON EAST BUICK CADILLAC BOULEVARD AND DID ATTEMPT TO TURN SOUTH IN TO THE ALLEWAY WHERE V1 WAS STOPPED.D1 STATED THAT HE DID BACK UP V1 FROM THE STOP SIGN SO THAT THIS OTHER VEHICLE COULD TURN SOUTH IN TO THE ALLEYWAY.D1 STATED THAT AS HE WAS BACKING UP THAT THE REAR DRIVER'S CORNER OF V1 DID MAKE CONTACT WITH THE FRONT OF V2, RESULTING IN DAMAGE TO V1.D2 STATED THAT SHE WAS STOPPED BEHIND V1.D2 STATED THAT THE REAR OF V1 DID BACK IN TO THE FRONT OF V2.NO DAMAGE WAS INITIALLY OBSERVED ON V2.NEITHER VEHICLE WAS TOWED DUE TO DIABLING DAMAGE."
903317049,BLOOMINGTON PD,B1905989,MONROE,BLOOMINGTON,BLOOMINGTON,2/12/2019,1:45 PM,2,0,2,0,0,,E 10TH,ST,,,,E 10TH,N GRANT,,,,Y,PRIVATE,,,39.171696,-86.529696,LOCAL/CITY ROAD,,N,N,URBAN,N,N,N,,DAYLIGHT,BLOWING SAND/SOIL/SNOW,WET,,FOUR-WAY INTERSECTION,STRAIGHT/GRADE,ASPHALT,FAILURE TO YIELD RIGHT OF WAY,$2501 TO $5000,RIGHT ANGLE,150,154,Y,Y,E10THSTNGRANTST,0,STOP SIGN,V1 WAS STOPPED AT THE STOP SIGN FACING NB AT THE INTERSECTION OF N GRANT STREET AND E 10TH STREET WAITING TO ENTER TRAFFIC. V2 WAS TRAVELING EB ON E 10TH STREET APPROACHING THE INTERSECTION AT N GRANT STREET. V1 TURN OUT IN FRONT OF V2 RESULTING IN A RIGHT ANGLE COLLISION. THE FRONT OF V2 COLLIDED WITH THE DRIVERS SIDE OF V1.D1 STATED THAT SHE WAS ATTEMPTING TO TURN WB ON E 10TH STREET AND DID NOT SEE V2.D2 STATED THAT V1 PULLED OUT IN FRONT OF HER AND SHE WAS UNABLE TO AVOID THE COLLISION.W1 STATED THAT V1 RAN THE STOP SIGN IN ATTEMPT TO CONTINUE STRAIGHT ON N GRANT STREET AND PULLED OUT IN FRONT OF V2. W1 STATED THAT IT APPEARED THAT V1 DID NOT EVEN SEE THE STOP SIGN.
903317215,BLOOMINGTON PD,B1906033,MONROE,BLOOMINGTON,BLOOMINGTON,2/12/2019,7:51 PM,1,0,1,0,0,,W 17TH,ST,,,,W 17TH,N COLLEGE,,,,Y,,,,39.17896,-86.53472,LOCAL/CITY ROAD,Y,N,N,URBAN,N,N,N,,DARK (LIGHTED),CLEAR,WET,,FOUR-WAY INTERSECTION,STRAIGHT/GRADE,ASPHALT,PEDESTRIAN ACTION,$1001 TO $2500,OTHER - EXPLAIN IN NARRATIVE,751,754,Y,Y,NCOLLEGEAVEW17THST,1,TRAFFIC CONTROL SIGNAL,P1 WAS ATTEMPTING TO CROSS W 17TH STREET JUST WEST OF THE INTERSECTION WHILE HE HAD THE DO NOT CROSS SIGN. V2 WAS TRAVELING WB ON W 17TH STREET. V2 STRUCK P1 AS HE CROSSED THE STREET.W1 AND W2 BOTH STATED THAT P1 CROSSED W 17TH STREET AS V2 HAD THE RIGHT OF WAY AND GREEN LIGHT. W1 AND W2 BOTH STATED THAT THEY DO NOT BELIEVE THAT D2 WAS ABLE TO SEE P1 AS HE CROSSED.**CORRECTED DIAGRAM**
903316837,BLOOMINGTON PD,B1905977,MONROE,BLOOMINGTON,BLOOMINGTON,2/12/2019,11:38 AM,2,0,0,0,0,,COLLEGE MALL,RD,,,,COLLEGE MALL,2ND,,,,Y,,,,39.16094,-86.4977,LOCAL/CITY ROAD,Y,N,N,URBAN,N,N,N,,DAYLIGHT,RAIN,WET,,FOUR-WAY INTERSECTION,STRAIGHT/LEVEL,ASPHALT,FAILURE TO YIELD RIGHT OF WAY,$5001 TO $10000,LEFT TURN,1141,1145,Y,N,2NDSTCOLLEGEMALLRD,0,TRAFFIC CONTROL SIGNAL,Driver 1 stated she was turning left from northbound College Mall Rd onto westbound 2nd St. Driver 1 stated she was following other cars turning left and was struck by vehicle 2 as she crossed the intersection. When I asked her if she had a green turn arrow or not she replied she thought she did. Driver 2 stated he was southbound on College Mall Rd approaching 2nd St in the right lane. Driver 2 stated he had the green light as he approached and entered the intersection. Driver 2 stated vehicle 1 was following other cars that had turned left and crossed into his path of travel. Driver 2 stated he could not stop in time to avoid colliding with vehicle 1.