Master Record Number,Agency,Local Code,County,Township,City,Collision Date,Collision Time,Vehicles Involved,Trailers Involved,Number Injured,Number Dead,Number Deer,House Number,Roadway Name,Roadway Suffix,Roadway Number,Roadway Interchange,Roadway Ramp,Roadway Id,Intersecting Road,Intersecting Road Number,Mile Marker,Interchange,Corporate Limits?,Property Type,Feet From,Direction,Latitude,Longitude,Roadway Class,Traffic Control Devices?,Aggressive Driving?,Hit and Run?,Locality,School Zone?,Rumble Strips?,Construction?,Construction Type,Light Condition,Weather Conditions,Surface Condition,Type of Median,Roadway Junction Type,Road Character,Roadway Surface,Primary Factor,Damage Estimate,Manner of Collision,Time Notified,Time Arrived,Investigation Complete?,Photos Taken?,Unique Location Id,State Property Damage?,Traffic Control,NARRATIVE
903316943,BLOOMINGTON PD,B1905959,MONROE,VAN BUREN,BLOOMINGTON,2/12/2019,8:30 AM,2,0,0,0,0,,PARK SQUARE,DR,,,,PARK SQUARE,SUNSET,,,,Y,,600,S,39.15969689,-86.59180464,LOCAL/CITY ROAD,,N,Y,URBAN,N,N,N,,DAYLIGHT,CLEAR,WET,,NO JUNCTION INVOLVED,STRAIGHT/GRADE,ASPHALT,UNSAFE LANE MOVEMENT,$2501 TO $5000,SAME DIRECTION SIDESWIPE,833,840,N,Y,PARKSQUAREDRSUNSETDR,0,NONE,D2 stated he was stopping to pick up city trash near 823 S Park Square Drive and that vehicles started to go around him.D2 stated that V1 went around him and cut back into the lane to quickly and struck the driver side front bumper.D2 advised D1 stopped and got out of her vehicle and waved at him and then drove off.I did locate V1 today and updated all the vehicle and driver information. D1 stated that V2 was stopped picking up trash along the road and that she started to go around V2. D1 stated that as she started to go back into the lane D2 started moving forward and struck the side of her vehicle. D1 stated she stopped but that D2 never came up to her vehicle and she did not feel safe to approach D2 so she left the area. All V1 and D1 information was updated.
903317189,BLOOMINGTON PD,B1906010,MONROE,PERRY,BLOOMINGTON,2/12/2019,4:00 PM,3,0,0,0,0,,SOUTH HIGH,ST,,,,SOUTH HIGH,EAST ATWATER,,,,Y,,,,39.16304,-86.508288,LOCAL/CITY ROAD,Y,N,N,URBAN,N,N,N,,DAYLIGHT,RAIN,WET,,T-INTERSECTION,STRAIGHT/LEVEL,ASPHALT,FOLLOWING TOO CLOSELY,$5001 TO $10000,REAR END,400,404,Y,Y,EASTATWATERAVESOUTHHIGHST,0,TRAFFIC CONTROL SIGNAL,"D1 STATED THAT SHE WAS DRIVING NORTH ON SOUTH HIGH STREET.D1 STATED THAT SHE WAS PASSING THE INTERSECTION OF EAST ATWATER AND SOUTH HIGHT STREET, APPROACHING THE INTERSECTION OF EAST 3RD STREET AND SOUTH HIGH STREET.D1 STATED THAT SHE DID NOT REALIZE THAT V2 WAS STOPPED IN FRONT OF HER.D1 STATED THAT THE FRONT OF V1 DID THEN MAKE CONTACT WITH THE REAR OF V2, CAUSING V2 TO MOVE FORWARDS, THUS CAUSING THE FRONT OF V2 TO MAKE CONTACT WITH THE REAR OF V3.V1 DID SUSTAIN DAMAGE TO THE FRONT, V2 DID SUSTAIN DAMAGE TO THE REAR AND FRONT OF THE VEHICLE, AND V3 DID SUSTAIN TO THE REAR OF THE VEHICLE.D2 STATED THAT SHE WAS STOPPED IN TRAFFIC NEAR THE INTERSECTION OF EAST ATWATER AND SOUTH HIGHT STREET. D2 STATED THAT SHE WAS STOPPED IN TRAFFIC FACING NORTH ON HIGH STREET.D2 STATED THAT SHE WAS STOPPED BEHIND V3 AND A LINE OF OTHER CARS THAT WERE STOPPED AT A RED LIGHT AT THE INTERSECTION OF EAST 3RD STREET AND SOUTH HIGH STREET.D2 STATED THAT AS SHE WAS STOPPED THAT THE FRONT OF V1 DID COLLIDE WITH THE REAR OF V2, CAUSING THE FRONT OF V2 TO THE STRIKE THE REAR OF V3.D3 STATED THAT SHE WAS STOPPED IN TRAFFIC, FACING NORTH ON SOUTH HIGH STREET. D3 STATED THAT SHE WAS STOPPED BEHIND SEVERAL OTHER CARS, WHO WERE ALSO STOPPED AT A RED LIGHT AT THE INTERSECTION OF EAST 3RD STREET AND SOUT HIGH STREET.D3 STATED THAT THE FRONT OF V2 DID MAKE CONTACT WITH THE REAR OF V3, CAUSING MINOR DAMAGE TO THE REAR OF V3.ALL THREE VEHICLES DID SUSTAIN MINOR DAMAGE, NONE DID REQUIRE BEING TOWED.NO ONE WAS INJURED EITHER."
903317181,BLOOMINGTON PD,B1906019,MONROE,BLOOMINGTON,BLOOMINGTON,2/12/2019,5:33 PM,2,0,0,0,0,,WEST 3RD,ST,,,,WEST 3RD,SOUTH CORY,,,,Y,,,,39.164544,-86.560096,LOCAL/CITY ROAD,Y,N,N,URBAN,N,N,N,,DAWN/DUSK,CLEAR,DRY,,FOUR-WAY INTERSECTION,STRAIGHT/LEVEL,ASPHALT,IMPROPER TURNING,$10001 TO $25000,LEFT TURN,533,544,Y,N,SOUTHCORYLNWEST3RDST,0,TRAFFIC CONTROL SIGNAL,"D1 stated she was making a left hand turn at the intersection of West Third Street and South Cory Lane from West Third Street. D1 thought she could make the turn on a green light, with no arrow, but collided with V2 in the middle of the intersection.D2 stated the same details, saying she was traveling eastbound on West Third Street and when she approached the above mentioned intersection and V1 turned right in front of V2 and D2 could not stop in time.Both vehicles were towed due to disabling damage. No injuries were reported."
903317822,BLOOMINGTON PD,B1906009,MONROE,PERRY,BLOOMINGTON,2/12/2019,3:57 PM,2,0,1,0,0,,S WALNUT ST,PIKE,,,,S WALNUT ST,E WINSLOW,,,,Y,,,,39.136144,-86.528688,LOCAL/CITY ROAD,,N,N,URBAN,N,N,N,,DAYLIGHT,CLOUDY,WET,,FOUR-WAY INTERSECTION,STRAIGHT/LEVEL,ASPHALT,FOLLOWING TOO CLOSELY,$1001 TO $2500,REAR END,357,403,Y,Y,EWINSLOWRDSWALNUTSTPIKE,0,NONE,"D1 and D2 were headed E/B on E Winslow Rd. D1 slowed and stopped at the intersection of E Winslow Rd and S Walnut St Pike, and waited for W/B traffic to clear to make a left turn. As D1 waited for traffic to clear, D2 struck D1 in the rear with his vehicle. Both drivers were evaluated by medical personnel at the scene. D1 was cleared at the scene, however D2 was transported to the hospital via ambulance for further evaluation. V1 was driven from the scene, however V2 was towed from the scene due to disabling damage. D1 stated that he was headed E/B on E Winslow Rd, approaching the intersection of S Walnut St Pike. D1 stated that he saw V2 stopped in the intersection, however he did not see any indication that she was turning or going straight. D1 stated that as he approached V2 he realized that she was not moving, so he slammed on his brakes in an attempt to miss V2, however he was unable. V1 then struck V2 in the rear of the vehicle with it's front. Both drivers then moved their vehicles to a nearby parking lot and called law enforcement.D2 stated that she was headed E/B on E Winslow Rd, approaching the intersection of S Walnut St Pike. D2 stated that she used her turn signal to indicate her intention to turn left, slowed, and stopped in the intersection to wait for W/B traffic to clear so that she could complete her left turn. D2 stated as she waited for a gap in traffic she was struck from the rear by V1. It should be noted that when I arrived on scene I witnessed that the turn signals were operational and functioning, due to the hazards being on.**************************************************************************************************************************************************SUPPLEMENTOn 09/25/19, I, Officer Wood, met with D2 in the lobby of the Bloomington Police Department. D2's information has been updated to reflect that the driver involved in the accident was Jessica Carmona, and not Sylvia Carmona, which was on the initial accident report. A criminal investigation was completed. For further details please see case B19-06009."
903317203,BLOOMINGTON PD,B1906032,MONROE,BLOOMINGTON,BLOOMINGTON,2/12/2019,7:45 PM,2,0,0,0,0,,E 3RD,ST,,,,E 3RD,S CLARIZZ,,,,Y,,,,39.16424,-86.4908,LOCAL/CITY ROAD,Y,N,N,URBAN,N,N,N,,DARK (LIGHTED),CLEAR,WET,,FOUR-WAY INTERSECTION,STRAIGHT/LEVEL,ASPHALT,BRAKE FAILURE OR DEFECTIVE,$5001 TO $10000,REAR END,759,807,Y,N,E3RDSTSCLARIZZBLVD,0,TRAFFIC CONTROL SIGNAL,"V1 WAS TRAVELING WEST ON E 3RD ST. V1 REAR ENDED V2 AS IT WAS STOPPED AT AN OPERATIONAL TRAFFIC SIGNAL.D1 STATED THAT SHE SAW V2 STOPPED AT THE TRAFFIC SIGNAL, PRESSED THE BRAKE, BUT V1 WOULD NOT STOP. D1 STATED SHE REAR ENDED V2.V2 WAS STOPPED AT A RED LIGHT OF AN OPERATIONAL TRAFFIC SIGNAL AT THE INTERSECTION OF E 3RD ST AND S. CLARIZZ BLVD. V2 WAS REAR ENDED BY V1.D2 STATED THAT HE WAS STOPPED AT THE RED LIGHT OF THE OPERATIONAL TRAFFIC SIGNAL FACING WEST ON E. 3RD ST. D2 STATED THAT V2 WAS SUDDEN STRUCK IN THE REAR BY V1."
903316534,MONROE SD,M19A4974,MONROE,INDIAN CREEK,BLOOMINGTON,2/12/2019,6:12 AM,1,0,0,0,0,3800,GIFFORD,RD,,,,W GIFFORD,,,,,N,PRIVATE,,,39.15632,-86.58366,LOCAL/CITY ROAD,,N,N,URBAN,N,N,N,,DARK (NOT LIGHTED),RAIN,WET,,NO JUNCTION INVOLVED,STRAIGHT/GRADE,ASPHALT,RAN OFF ROAD RIGHT,$5001 TO $10000,RAN OFF ROAD,612,620,Y,Y,WGIFFORDRD,0,NONE,"DRIVER'S PASSENGER SIDE TIRES LEFT THE ROADWAY AND DRIVER WAS UNABLE TO RETURN TO ROADWAY AND HIT SEVERAL DECORATIVE ROCKS, BELONGING TO GARDEN VILLA NURSING HOME."
903334273,MONROE SD,M19A5189,MONROE,VAN BUREN,BLOOMINGTON,2/13/2019,11:13 PM,2,0,1,0,0,,HARMONY,RD,,,,HARMONY,ROSE CREEK,,,,N,,600,N,39.10438368,-86.6383598,LOCAL/CITY ROAD,,N,N,RURAL,N,N,N,,DARK (NOT LIGHTED),CLEAR,WET,,NO JUNCTION INVOLVED,STRAIGHT/HILLCREST,ASPHALT,LEFT OF CENTER,$10001 TO $25000,HEAD ON BETWEEN TWO MOTOR VEHICLES,1113,1124,Y,Y,HARMONYRDROSECREEKRD,0,NONE,"UPON MY ARRIVAL V1 WAS FACING NORTH ON HARMONY RD AT THE INTERSECTION OF HARMONY RD. AND ROSE CREEK RD. V1 HAD VISIBLE DAMAGE TO THE FRONT END, THE DRIVER SIDE FRONT TIRE AND WHEEL COMPLETELY RIPPED OFF. V2 WAS APPROXIMATLEY 600 FEET FARTHER NORTH ON HARMONY RD FACING NORTH. V2 HAD VISIBLE DAMAGE TO THE FRONT END OF THE VEHICLE, THE DRIVERS SIDE TIRE AND WHEEL STILL ATTATCHED TO THE VEHICLE BUT PUSHED OUT OF THE FENDERWELL OF THE VEHICLE. IT WAS TOO DIFFICULT TO TELL WHICH VEHICLE WAS LEFT OF CENTER AS THERE WERE NO SIGNS OF AN EXACT IMPACT LOCATION. D1 STATED WHILE TRAVELING SOUTH ON HARMONY RD., APPROACHING ROSE CREEK RD, SHE CRESTED THE HILL AND SAW V2 HEADLIGHTS. D1 STATED THAT V2 CRESTED THE HILL LEFT OF CENTER HITTING THE FRONT END OF V1 CAUSING SEVERE FRONT END DAMAGE. D2 STATED WHILE TRAVELING NORTH ON HARMONY RD, JUST PASSING ROSE CREEK RD, V1 CRESTED THE HILL LEFT OF CENTER COLLIDING WITH THE FRONT END OF V2 CAUSING SEVERE FRONT END DAMAGE. BOTH UNIT 1 AND UNIT 2 STATED THEY SAW EACH OTHERS LIGHTS CREST THE HILL AND ARENT REALLY SURE WHAT HAPPENED FROM THERE BUT BOTH CLAIM THAT THE OTHER PERSON WAS LEFT OF CENTER.P1 WAS A FRONT SEAT PASSENGER IN V1. P1 STATED THAT SHE DIDN'T SEE ANYTHING AND THAT SHE ONLY FELT THE IMPACT. WHILE ON SCENE P1 STATED TO ME THAT SHE WAS NOT INJURED BUT ONCE AT THE HOSPITAL SHE WAS COMPLAINING OF HEAD, NECK AND BACK PAIN. P1 ALSO STATED THAT SHE WAS 19 WEEKS PREGNANT AT THE TIME OF THE ACCIDENT."
903320985,MONROE SD,M19A5127,MONROE,BEAN BLOSSOM,ELLETTSVILLE,2/13/2019,1:10 PM,2,0,0,0,0,,,,SR46W,,,SR46W,CHAFIN CHAPEL,,,,N,,1500,W,39.25962,-86.65742001,STATE ROAD,,N,N,RURAL,N,N,N,,DAYLIGHT,CLEAR,DRY,,NO JUNCTION INVOLVED,CURVE/LEVEL,ASPHALT,FOLLOWING TOO CLOSELY,$5001 TO $10000,REAR END,111,123,Y,Y,CHAFINCHAPELRDSR46W,0,NONE,"VEHICLE 2 WAS WEST BOUND ON WEST STATE ROAD 46 WHEN A CAR IN FRONT OF IT PUT ON BRAKES. WHEN VEHICLE 2 SLOWED DOWN, IT WAS STRUCK IN THE BACK BY VEHICLE 1. A PASSENGER IN VEHICLE 2 FELT PAIN IN HER NECK, HOW EVER WAS CHECKED ON SCENE AND SIGNED A RELEASE. BOTH DRIVER 1 AND 2 REFUSED ANY MEDICAL TREATMENT.VEHICLE 1 CAUGHT ON FIRE AND WAS TOWED TO RICK'S TOWING AFTER FLAMES WERE EXTINGUISHED.VEHICLE 2 WAS DRIVABLE AND WAS DRIVEN FROM SCENE."
903317993,BLOOMINGTON PD,B1906160,MONROE,PERRY,BLOOMINGTON,2/13/2019,6:36 PM,2,0,1,0,0,,3RD,ST,,,,W 3RD,MULLER,,,,Y,,,,39.16442,-86.56292,LOCAL/CITY ROAD,,N,N,URBAN,N,N,N,,DARK (LIGHTED),CLEAR,DRY,,FOUR-WAY INTERSECTION,STRAIGHT/LEVEL,ASPHALT,FAILURE TO YIELD RIGHT OF WAY,$2501 TO $5000,HEAD ON BETWEEN TWO MOTOR VEHICLES,637,640,Y,Y,SMULLERPKWYW3RDST,0,LANE CONTROL,"D1 was headed W/B on W 3rd St, approaching the intersection of S Muller Parkway. D1 stopped at the intersection and waited to turn left onto S Muller Parkway, and believing it was clear, began to make his turn. At this time V1 struck V2 in the front of the vehicle with the front of it's vehicle, causing a collision. V1 was able to be driven from the scene, however V2 was towed from the scene due to disabiling damage. D1 was evaluated on scene by EMS personnel and released, however D2 and it's other passenger were taken to the hospital for further evaluation. D1stated he was headed W/B on W 3rd St, approaching the intersection of S Muller Parkway. D1 stopped at the intersection and waited to turn left onto S Muller Parkway, and believing it was clear, began to make his turn. At this time V1 struck V2 in the front of the vehicle with the front of it's vehicle. D1 stated that he did not see V2 until the moment of impact. D1 stated that he believes that he couldn't see V2 because their headlights were not on. D2 stated that she was headed W=E/B on W 3rd St, appraoching the intersection of S Muller Parkway. D2 stated that as she entered the intersection, V1 pulled directly in front of her vehicle, causing the vehicles to collide. D2 stated that she had no time to react when the collision occured. D2 stated that she believes that her headlights were on at the time of the accident. It should be ntoed that during the course of my investigation I determined that the headlights on V2 were possibly off at the time of the accident, because the light switch was in the ""OFF"" position on the console of the vehicle.On 02/14/19 at 2018 hours, I, Officer Wood, was contacted by D1, who stated that his correct address was 325 S Muller Parway, Lot #29, and not Lot #28. This ends the supplement."
903318131,INDIANA UNIV BLOOMINGTON PD,190400,MONROE,BLOOMINGTON,BLOOMINGTON,2/13/2019,5:40 PM,2,0,0,0,0,300,FORREST,AVE,,,,N FORREST,,,,,Y,,,,39.176144,-86.522448,LOCAL/CITY ROAD,,N,N,URBAN,N,N,N,,DAYLIGHT,CLEAR,DRY,,NO JUNCTION INVOLVED,STRAIGHT/GRADE,ASPHALT,UNSAFE BACKING,$2501 TO $5000,BACKING CRASH,534,545,Y,N,NFORRESTAVE,0,NONE,"V1 was backing out of a marked parking stall southwest onto Forrest Avenue. V2 was backing out of a marked parking stall southeast on to Forrest Avenue. V1 and V2 both did not notice the other backing. V1 then collided with the rear passenger side of V2. There was scratch/scuff damage to the rear driver side bumper of V1. There was moderate damage to the rear passenger side fender and quarter panel of V2.D1 stated that she saw traffic was stopped on Forrest, so she began to back out of her stall. D1 stated that her truck was so tall that she could not see the small car backing out at the same time as her. D1 stated that V1 then collided into the rear of V2. D2 stated that he saw traffic was stopped on Forrest, so he began to back out of his stall. D2 stated that he checked his mirrors but did not see any vehicles. D2 stated that when he finally noticed V1 backing up it was too late to avoid the collision. V1 then collided with V2.There were no injuries at the scene and no vehicles had to be towed."
903317687,MONROE SD,M19A5105,MONROE,RICHLAND,BLOOMINGTON,2/13/2019,8:38 AM,2,0,0,0,0,,,,SR46W,,,SR46W,ARLINGTON,,,,N,,,,39.209808,-86.582672,STATE ROAD,,N,N,RURAL,N,N,N,,DAYLIGHT,CLOUDY,DRY,,T-INTERSECTION,STRAIGHT/LEVEL,ASPHALT,FOLLOWING TOO CLOSELY,$2501 TO $5000,REAR END,638,642,Y,N,ARLINGTONRDSR46W,0,LANE CONTROL,"D1 STATED SHE WAS TURNING ONTO ARLINGTON RD, FROM SR 46 WHEN THE VEHICLE IN FRONT OF HER STOPPED AND PREFORMED A U-TURN. D1 ADVISED THAT SHE APPLIED HER BRAKES TO KEEP FROM HITTING THIS CAR, WHEN V1 ""BUMPED"" HER BACK BUMPER. D2 ADMITTED V1'S TO STRIKING V2'S BACK BUMBER WITH HER FRONT BUMPER. BOTH PARTIES PULLED THEIR VEHICLES INTO A PARKING LOT OUT OF THE ROADWAY AFTER THE CRASH, AND BEFORE, MY ARRIVAL."
903319361,MONROE SD,M19A5186,MONROE,PERRY,BLOOMINGTON,2/13/2019,10:16 PM,1,0,0,0,1,,WHISNAND,RD,,,,WHISNAND,OLD STATE RD 37,,,,N,,,,39.22258,-86.51713,LOCAL/CITY ROAD,,N,N,RURAL,N,N,N,,DARK (NOT LIGHTED),CLEAR,DRY,,NO JUNCTION INVOLVED,STRAIGHT/GRADE,ASPHALT,ANIMAL/OBJECT IN ROADWAY,$2501 TO $5000,COLLISION WITH DEER,1025,1039,Y,N,OLDSTATERD37RDWHISNANDRD,0,NONE,"Unit 1 was heading eastbound on Whisnand rd, approximately at the 1000 block. A deer entered the roadway from the North side of the road, hitting unit 1 on the drivers side. Deer wounded and ended up in tree line on south side of road outside the address of 1001 Whisnand rd."
903317635,BLOOMINGTON PD,B1906082,MONROE,BLOOMINGTON,BLOOMINGTON,2/13/2019,8:00 AM,2,0,0,0,0,,ROGERS,ST,,,,ROGERS,COOLIDGE,,,,Y,,,,39.14125,-86.53883,LOCAL/CITY ROAD,,N,Y,URBAN,N,N,N,,DAYLIGHT,CLEAR,ICE,,FOUR-WAY INTERSECTION,STRAIGHT/GRADE,ASPHALT,SPEED TOO FAST FOR WEATHER CONDITIONS,$2501 TO $5000,RIGHT ANGLE,803,812,Y,N,COOLIDGEDRROGERSST,0,STOP SIGN,V1 WAS SOUTHBOUND ON ROGERS ST TURNING RIGHT TO GO EAST ON COOLIDGE DR. V2 WAS EASTBOUND ON COOLIDGE DR STOPPED AT THE STOP SIGN FOR ROGERS ST.D2 SAID V1 SLID ON THE ICY ROAD WHILE TURNING AND SLID INTO HIM. HE SAID D1 STOPPED AND SAID SHE WAS SORRY AND THEN LEFT WITHOUT PROVIDING ANY INFORMAITON TO HIM.HE SAID D1 WAS A BLACK FEMALE IN HER 20'S OR 30'S DRIVING A SILVER OR GRAY TOYOTA CAR.
903318141,BLOOMINGTON PD,B1906111,MONROE,PERRY,BLOOMINGTON,2/13/2019,12:32 PM,2,0,0,0,0,,MITCHELL,ST,,,,MITCHELL,ATWATER,,,,Y,,,,39.163136,-86.514096,LOCAL/CITY ROAD,,N,Y,URBAN,N,N,N,,DAYLIGHT,CLEAR,DRY,,FOUR-WAY INTERSECTION,STRAIGHT/GRADE,ASPHALT,UNSAFE BACKING,UNDER $1001,BACKING CRASH,1232,1238,Y,Y,ATWATERAVEMITCHELLST,0,STOP SIGN,"Vehicle 1 was stopped at a stop sign, traveling North on Mitchell Street at the Atwater Avenue intersection. Vehicle 2 was directly behind Vehicle 1, also traveling Northbound.Vehicle 1 began reversing, and collided with Vehicle 2.Driver 2 stated that Vehicle 1 left the scene of the accident after the collision.**Updated 2/21: Driver 1 and Vehicle 1 information added**"
903317526,BLOOMINGTON PD,B1906090,MONROE,BLOOMINGTON,BLOOMINGTON,2/13/2019,8:55 AM,2,0,0,0,0,3901,N KINSER,PIKE,,,,N KINSER,,,,,Y,,,,39.20304,-86.547392,LOCAL/CITY ROAD,,N,N,URBAN,Y,N,N,,DAYLIGHT,CLEAR,DRY,,T-INTERSECTION,STRAIGHT/LEVEL,ASPHALT,OTHER (DRIVER) - EXPLAIN IN NARRATIVE,$2501 TO $5000,SAME DIRECTION SIDESWIPE,855,910,Y,N,NKINSERPIKE,0,NONE,"V2 WAS PARKED AT 3901 N. KINSER PIKE, BLOOMINGTON HIGH SCHOOL NORTH, UNATTENED. V2 WAS IN THE STUDENT ""UPPER LOT"" IN THE VERY FIRST OR WESTERN MOST AISLE, LAST SPOT.V1/D1 STATED ""I WAS COMING TO THE T IN THE ROAD IN THE PARKING LOT OF BHSN. AS I TRIED TO PUSH DOWN ON THE BRAKE, MY FOOT SLIPPED OFF AND I PUSHED THE GAS PEDAL, IT CAUSED ME TO HIT THE CURB, AND COLLIDE WITH V2 WHICH WAS UNATTENDED. I CALL MY MOTHER AND NOTIFIED SCHOOL STAFF, I AM NOT INJURIED""."
903318694,INDIANA UNIV BLOOMINGTON PD,190401,MONROE,BLOOMINGTON,BLOOMINGTON,2/13/2019,8:00 AM,2,0,0,0,0,,DRIVE TO IU MUSIC SCHOOL,AVE,,,,E DRIVE TO IU MUSIC SCHOOL,BALLANTINE,,,,Y,,300,E,39.166155,-86.51950095,UNKNOWN,,N,Y,URBAN,N,N,N,,DAYLIGHT,CLEAR,DRY,,NO JUNCTION INVOLVED,STRAIGHT/LEVEL,ASPHALT,,UNDER $1001,OTHER - EXPLAIN IN NARRATIVE,530,541,N,Y,EDRIVETOIUMUSICSCHOOLAVESBALLANTINERDRDS,0,NONE,"Vehicle 1's direction of travel is unknown at this time as it left the scene of the crash. Vehicle 2 was parked on the north side of the drive to the IU Music School facing north, roughly 300 feet east of Ballantine Road. Driver 1 left the scene of the crash without leaving any information. Owner of Vehicle 2 stated she parked her vehicle at approximately 8:00am and after returning to her vehicle at approximately 5:00pm. She stated she entered her vehicle and upon closing her door she heard pieces of the rear window fall out. No injuries are known at this time. Damage to Vehicle 1 is unknown. Vehicle 2's back window was broken.The suspect vehicle is unknown at this time. There are no cameras or leads at this time.Photographs were taken of the damage and placed into evidence."
903317634,INDIANA UNIV BLOOMINGTON PD,190393,MONROE,BLOOMINGTON,BLOOMINGTON,2/13/2019,9:05 AM,2,0,0,0,0,,N JORDAN,AVE,,,,N JORDAN,LAW,,,,Y,,,,39.173552,-86.515488,LOCAL/CITY ROAD,,N,N,URBAN,N,N,N,,DAYLIGHT,CLEAR,DRY,,FOUR-WAY INTERSECTION,STRAIGHT/LEVEL,ASPHALT,FOLLOWING TOO CLOSELY,$1001 TO $2500,REAR END,913,929,Y,N,LAWLNNJORDANAVE,0,NONE,"When I arrived on scene, both vehicles had been moved from where the crash took place. The crash involved a white Toyota (V1), driven by Janice Nickless (D1), and a green Honda (V2), driven by Matthew Siebert (D2). Neither driver complained of any injuries at the scene.Both drivers told the same story. V1 was following V2 south on N Jordan Ave approaching Law Lane. V2 was attempting to make a left turn onto Law Lane eastbound and so he came to a stop to yield to oncoming traffic. D1 thought V2 was going to make the turn quicker and did not slow down enough. V1 rear ended V2.V1 sustained moderate damage to the driver side front bumper. V2 sustained light scratches and chipped paint on the passenger side rear bumper.Both vehicles were able to be driven from the scene."
903318630,BLOOMINGTON PD,B1906279,MONROE,BLOOMINGTON,BLOOMFIELD(GREENE),2/13/2019,8:30 PM,1,0,0,0,1,,SLVANIA,RD,,,,EAST SYLVANIA,DEER LAKE,,,,N,,100,W,39.02649,-86.75197132,LOCAL/CITY ROAD,,N,N,RURAL,N,N,N,,DARK (NOT LIGHTED),CLEAR,DRY,,NO JUNCTION INVOLVED,STRAIGHT/LEVEL,ASPHALT,ANIMAL/OBJECT IN ROADWAY,UNDER $1001,COLLISION WITH DEER,545,545,Y,Y,DEERLAKERDEASTSYLVANIARD,0,NONE,"D1 was driving west bound on East Sylvania RD when a deer ran into the driver side door of V1, causing minor damage.Photos were taken and logged into evidence. No injuries."
903320063,MONROE SD,M19A5157,MONROE,VAN BUREN,BLOOMINGTON,2/13/2019,5:14 PM,2,0,0,0,0,,,,SR45W,,,SR45W,S BURCH,,,,N,,,,39.08984,-86.666304,STATE ROAD,,N,N,RURAL,N,N,N,,DAYLIGHT,CLEAR,DRY,,FIVE POINT OR MORE,STRAIGHT/LEVEL,ASPHALT,FOLLOWING TOO CLOSELY,$5001 TO $10000,REAR END,518,530,Y,N,SBURCHRDSR45W,0,NONE,V2 was traveling eastbound on W. State Rd. 45 attempting to turn right on S. Burch Rd. V1 was also traveling eastbound on W. State Rd. 45. D1 stated that he did not see V2 slowing to turn right onto S. Burch Rd. and was unable to stop before rear ending V2. Neither vehicle sustained disabling damage.
903317607,BLOOMINGTON PD,B190694,MONROE,BLOOMINGTON,BLOOMINGTON,2/13/2019,9:27 AM,2,0,1,0,0,,N WALNUT,ST,,,,N WALNUT,,,,,Y,,,,39.186368,-86.5344,LOCAL/CITY ROAD,Y,N,N,URBAN,N,N,N,,DAYLIGHT,CLEAR,DRY,,FOUR-WAY INTERSECTION,STRAIGHT/LEVEL,ASPHALT,FOLLOWING TOO CLOSELY,UNDER $1001,REAR END,928,943,Y,N,NWALNUTSTSR46E,0,TRAFFIC CONTROL SIGNAL,Driver 1 stated that he was north on Walnut St approaching the intersection with SR 45/46 Bypass in the right lane. Driver 1 stated vehicle 2 stopped for the red light in front of him and he was unable to stop in time to avoid colliding with vehicle 2. Driver 2 stated he had already been stopped at the red light on N Walnut St when vehicle 1 came up behind him and struck the rear of his vehicle.
903317488,BLOOMINGTON PD,B1906084,MONROE,BLOOMINGTON,BLOOMINGTON,2/13/2019,8:07 AM,3,0,0,0,0,,3RD,ST,,,,3RD,GRANT,,,,Y,,100,E,39.16464,-86.52937519,LOCAL/CITY ROAD,,N,N,URBAN,N,N,N,,DAYLIGHT,CLEAR,DRY,,NO JUNCTION INVOLVED,STRAIGHT/GRADE,ASPHALT,FOLLOWING TOO CLOSELY,$25001 TO $50000,REAR END,807,812,Y,N,3RDSTGRANTST,0,NONE,"D1 STATED HE WAS TRAVELING EAST ON 3RD STREET IN THE NORTHERN MOST LANE. D1 SAID HE DID NOT REALIZE TRAFFIC HAD STOPPED IN FRONT OF HIM AND HE COLLIDED INTO THE REAR OF V2. D2 STATED THAT SHE WAS TRAVELING EAST ON 3RD STREET AND TRAFFIC WAS COMMING TO A STOP. D2 SAID AS SHE HAD JUST CAME TO A STOP, SHE WAS STRUCK FROM BEHIND BY V1. D3 STATED WHILE STOPPED IN TRAFFIC EAST ON 3RD ST, SHE WAS STRUCK FROM BEHIND BY V3."
903318738,INDIANA UNIV BLOOMINGTON PD,190415,MONROE,BLOOMINGTON,BLOOMINGTON,2/14/2019,8:00 AM,2,0,0,0,0,400,7TH,ST,,,,E 7TH,,,,,Y,,,,39.16864,-86.529696,UNKNOWN,,N,Y,URBAN,N,N,N,,DAYLIGHT,CLEAR,DRY,,NO JUNCTION INVOLVED,CURVE/GRADE,CONCRETE,UNSAFE BACKING,UNDER $1001,BACKING CRASH,612,627,N,N,E7THST,0,NONE,Vehicle 1 appears to have been backing up northwest at an angle going the wrong direction. Vehicle 2 was parked on the northwest side of the parking garage on the first floor at 400 E. 7th Street facing east. Driver 1 left the scene of the crash and did not provide any information.Owner of Vehicle 2 stated she parked her vehicle at approximately 8:00am and returned to her vehicle at approximately 5:30pm. She stated she noticed the damage to the front bumper of her vehicle after returning to her car. She advised her vehicle was not damaged before parking it. Injuries are unknown at this time. Damage to Vehicle 1 is unknown. Vehicle 2 had damage to the front driver side of the bumper.The suspect vehicle is unknown at this time. There are no cameras or leads at this time.Vehicle 2 was parked in the end parking spot extremely close to a large concrete post that sticks out. The post had no damage an there were no broken pieces laying on the ground. Due to this and the damage to Vehicle 2 it was unlikely that this accident could have occurred at this location. If the crash did occur at this location it would have had to be a backing crash at a very specific angle to hit the driver front bumper going slightly around to the driver side and they would have had to stop before striking the post that was very close.