Master Record Number,Agency,Local Code,County,Township,City,Collision Date,Collision Time,Vehicles Involved,Trailers Involved,Number Injured,Number Dead,Number Deer,House Number,Roadway Name,Roadway Suffix,Roadway Number,Roadway Interchange,Roadway Ramp,Roadway Id,Intersecting Road,Intersecting Road Number,Mile Marker,Interchange,Corporate Limits?,Property Type,Feet From,Direction,Latitude,Longitude,Roadway Class,Traffic Control Devices?,Aggressive Driving?,Hit and Run?,Locality,School Zone?,Rumble Strips?,Construction?,Construction Type,Light Condition,Weather Conditions,Surface Condition,Type of Median,Roadway Junction Type,Road Character,Roadway Surface,Primary Factor,Damage Estimate,Manner of Collision,Time Notified,Time Arrived,Investigation Complete?,Photos Taken?,Unique Location Id,State Property Damage?,Traffic Control,NARRATIVE
903318343,INDIANA UNIV BLOOMINGTON PD,190405,MONROE,BLOOMINGTON,BLOOMINGTON,2/14/2019,11:00 AM,2,0,1,0,0,,RANGE,RD,,,,RANGE,,,,,Y,,,,0,0,LOCAL/CITY ROAD,Y,N,N,URBAN,N,N,N,,DAYLIGHT,CLOUDY,DRY,,FOUR-WAY INTERSECTION,STRAIGHT/GRADE,ASPHALT,FOLLOWING TOO CLOSELY,UNDER $1001,REAR END,1104,1107,Y,N,RANGERDSR45,0,TRAFFIC CONTROL SIGNAL,"V2 was stopped, facing south, on Range Road at the intersection of 10th Street and Range Road waiting on the light. V1 was traveling south on Range Road approaching the intersection of 10th Street and Range Road. V1 hit his breaks to stop for traffic but was not able to stop in time. V1 then rear ended V2. There was little to no damage on both vehicles. V2 had light paint scuffs. V1 had no visible damage.D1 stated that he saw traffic stopped and hit his breaks but he did not hit his breaks hard enough and was not able to avoid the collision. V1 then rear ended V2.D2 stated that they were stopped in traffic waiting on the light to turn green. D2 stated that she did not see V1 approaching and was hit without warning. D2 stated that V1 rear ended V2. D2 stated that when V1 struck V2 if forced her head backwards causing her head to hit the head rest. D2 complained of pain to her neck, hands, and stated that she also had a severe headache.D2 reported pain in her head, neck, and hands on scene. EMS arrived and checked on D2. D2 did not wish to go to the hospital and signed an SOR. There were no vehicles towed from the scene."
903318740,BLOOMINGTON PD,B1906298,MONROE,BLOOMINGTON,BLOOMINGTON,2/14/2019,8:40 PM,2,0,0,0,0,,E 10TH,ST,,,,E 10TH,N GRANT,,,,Y,,,,39.171696,-86.529696,LOCAL/CITY ROAD,,N,Y,URBAN,N,N,N,,DARK (LIGHTED),CLEAR,DRY,,FOUR-WAY INTERSECTION,STRAIGHT/LEVEL,ASPHALT,IMPROPER TURNING,UNDER $1001,REAR END,842,849,Y,Y,E10THSTNGRANTST,0,NONE,"V1 and V2 were traveling E/B on 10th ST. V1 made a improper turn, and V1 and V2 collided with each other. D1 left the scene of the accident. D2 advised he was traveling E/B on 10th ST. D2 stated he noticed a white 4 door sedan in front of him slowing or coming to a complete stop with there right turn signal on. D2 advised that he slowed down in traffic and observed V1 make a improper U turn on 10th ST to head W/B. D2 advised that he collided with V2. D2 advised D1 left the scene prior to the officers arrival. D2 advised that he was not injured. It should be noted that I observed white paint transfer on the front left driver side of D2 bumper. Due to V1 improper turn, and V2 following to closely both V1 and V2 collided."
903318885,MONROE SD,M19A5205,MONROE,RICHLAND,BLOOMINGTON,2/14/2019,9:00 AM,1,0,0,0,0,,PROFILE,PKWY,,,,PROFILE,,SR48,,,Y,,2000,S,0,0,COUNTY ROAD,,N,N,URBAN,N,N,N,,DAYLIGHT,CLOUDY,DRY,,NO JUNCTION INVOLVED,STRAIGHT/GRADE,ASPHALT,RAN OFF ROAD RIGHT,$5001 TO $10000,RAN OFF ROAD,900,910,Y,N,48HWYPROFILEPKWY,0,NONE,Driver one stated he was talking to his three year old daughter in the car and hit a curb. Driver lost control of the vehicle and flipped the vehicle. Driver had his three (3) year old daughter in the vehicle
903333784,MONROE SD,M19A5222,MONROE,PERRY,BLOOMINGTON,2/14/2019,2:00 PM,1,0,0,0,0,,FLUCK MILL,RD,,,,FLUCK MILL,MAMIE EADS,,,,N,,1000,S,38.96639091,-86.5664,COUNTY ROAD,,N,N,RURAL,N,N,N,,DAYLIGHT,CLOUDY,DRY,,NO JUNCTION INVOLVED,CURVE/LEVEL,ASPHALT,RAN OFF ROAD RIGHT,$5001 TO $10000,OTHER - EXPLAIN IN NARRATIVE,200,215,Y,N,FLUCKMILLRDMAMIEEADSRD,0,NONE,Driver stated he hit his brake and hit the RR bridge.
903318574,BLOOMINGTON PD,B1906258,MONROE,BLOOMINGTON,BLOOMINGTON,2/14/2019,3:34 PM,2,0,1,0,0,,E 3RD,ST,,,,E 3RD,S PARK RIDGE,,,,Y,,,,39.16424,-86.476096,LOCAL/CITY ROAD,,N,N,URBAN,N,N,N,,DAYLIGHT,CLEAR,DRY,,T-INTERSECTION,STRAIGHT/LEVEL,ASPHALT,FAILURE TO YIELD RIGHT OF WAY,$5001 TO $10000,RIGHT ANGLE,335,336,Y,Y,E3RDSTSPARKRIDGERD,0,NONE,"V1 WAS STOPPED IN THE LEFT OF TWO EAST BOUND LANES WAITING TO TURN NORTH ONTO S. PARK RIDGE RD FROM E. 3RD ST. V1 BEGAN TO TURN LEFT TO TRAVEL NORTH WHEN IT WAS STRUCK ON THE PASSENGER SIDE FRONT WHEEL WELL BY V2, WHICH WAS TRAVELING WEST ON E. 3RD ST.D1 STATED THAT SHE WAS WAITING TO TURN LEFT/NORTH FROM E. 3RD ST. AND SAW TWO CARS IN THE LEFT OF TWO WEST BOUND LANES WAITING TO TURN LEFT/SOUTH. D1 STATED THAT SHE EASED FORWARD IN AN ATTEMPT TO SEE IF ANYONE WAS TRAVELING WEST IN THE RIGHT OF THE TWO WEST BOUND LANES. D1 STATED THAT SHE BEGAN TO TURN NORTH BOUND AND WAS STRUCK BY V2.V2 WAS TRAVELING WEST IN THE RIGHT OF TWO WEST BOUND LANES OF E. 3RD ST. V2 STRUCK V1 WHEN V1 ATTEMPTED TO TURN NORTH BOUND IN FRONT OF V2.D2 STATED THAT HE WAS DRIVING WEST ON E. 3RD ST. IN THE RIGHT OF TWO WEST BOUND LANES. D2 STATED V1 TURNED NORTH BOUND IN FRONT OF HIM AND HE STRUCK V1."
903318151,MONROE SD,M19A5202,MONROE,VAN BUREN,BLOOMINGTON,2/14/2019,7:03 AM,2,0,0,0,0,300,DANIELS,WAY,,,,N DANIELS,,,,,N,,,,39.16936,-86.59675,UNKNOWN,,N,N,URBAN,N,N,N,,DARK (LIGHTED),CLOUDY,DRY,,NO JUNCTION INVOLVED,STRAIGHT/LEVEL,ASPHALT,UNSAFE BACKING,$2501 TO $5000,BACKING CRASH,703,731,Y,Y,NDANIELSWAY,0,NONE,Driver # 1 stated that he saw V#2 in the parking lot driving around and attempted to get the the last parking spot available before V#2 could get there. D#1 said he allowed V#2 to drive past him and then put it in reverse to get the parking spot and vehicles collided. D#2 stated he was driving through the parking lot and passed V#1 and as he did V#1 backed into his vehicle.
903327126,BLOOMINGTON PD,B1906209,MONROE,VAN BUREN,BLOOMINGTON,2/14/2019,7:40 AM,2,0,0,0,0,,COUNTRY CLUB,DR,,,,COUNTRY CLUB,ROGERS,,,,Y,,,,39.13604,-86.53827,LOCAL/CITY ROAD,Y,N,N,URBAN,N,N,N,,DAWN/DUSK,CLEAR,DRY,,FOUR-WAY INTERSECTION,STRAIGHT/GRADE,ASPHALT,FOLLOWING TOO CLOSELY,$5001 TO $10000,REAR END,743,755,Y,N,COUNTRYCLUBDRROGERSST,0,TRAFFIC CONTROL SIGNAL,V2 was stopping in traffic at the intersection heading East on County Club drive approaching Rogers Street.V1 was behind V2 and did not get stopped in time and struck V2 in the rear.
903318530,BLOOMINGTON PD,B1906245,MONROE,BLOOMINGTON,BLOOMINGTON,2/14/2019,2:15 PM,2,0,0,0,0,,SARE,RD,,,,S SARE,MOORES,,,,Y,,,,39.15036,-86.49836,LOCAL/CITY ROAD,Y,N,N,URBAN,N,N,N,,DAYLIGHT,CLEAR,DRY,,FOUR-WAY INTERSECTION,STRAIGHT/GRADE,ASPHALT,FOLLOWING TOO CLOSELY,$2501 TO $5000,REAR END,216,221,Y,Y,EMOORESPIKESSARERD,0,TRAFFIC CONTROL SIGNAL,"V1 WAS TRAVELING NORTH ON S. SARE RD. APPROACHING E. MOORES PIKE. V1 REAR ENDED V2.D1 STATED THAT SHE WAS DRIVING NORTH ON S. SARE RD. WHEN SHE SAW V2 STOPPED AT THE OPERATIONAL TRAFFIC SIGNAL D2 STATED THAT SHE APPLIED THE BRAKE, BUT WAS UNABLE TO STOP PRIOR TO REAR ENDING V2. D2 STATED THAT SHE WAS TRYING TO SEE WHAT THE LIGHT WAS SHOWING, BUT COULD NOT SEE AROUND V2.V2 WAS SLOWING TO A STOP AT THE RED LIGHT OF THE OPERATIONAL TRAFFIC SIGNAL AT S. SARE RD. AND E. MOORES PIKE, FACING NORTH. V2 WAS STRUCK ON THE REAR BY V1.D2 STATED THAT THERE WAS A CAR STOPPED IN FRONT OF HIM AT THE INTERSECTION OF S. SARE RD. AND E. MOORES PIKE. D2 STATED THAT V2 WAS STRUCK ON THE REAR BY V1."
903319965,MONROE SD,M19A5233,MONROE,PERRY,BLOOMINGTON,2/14/2019,3:49 AM,1,0,0,0,0,,LORELEI,WAY,,,,E LORELEI,SMITH,,,,N,OTHER,200,E,39.14661,-86.48043729,LOCAL/CITY ROAD,,N,N,URBAN,N,N,N,,DAYLIGHT,CLOUDY,DRY,,T-INTERSECTION,STRAIGHT/LEVEL,ASPHALT,UNSAFE BACKING,$1001 TO $2500,RAN OFF ROAD,350,406,Y,N,ELORELEIWAYNSMITHRD,0,NONE,D1 STATED HE WAS BACKING UP TO PARK ON E. LORELEI WAY WHEN HE BACKED V1 INTO A LIGHT POLE LOCATED NEAR THE SIDE WALK. D1 HAD MOVED V1 PRIOR TO MY ARRIVAL.
903318661,MONROE SD,M19A5245,MONROE,PERRY,BLOOMINGTON,2/14/2019,7:09 PM,1,0,0,0,0,,,,I69,,,I69S,,,114,,N,,1000,S,41.15424437,-85.11144414,INTERSTATE,,N,N,RURAL,N,Y,N,,DARK (NOT LIGHTED),CLOUDY,DRY,,NO JUNCTION INVOLVED,CURVE/GRADE,ASPHALT,ANIMAL/OBJECT IN ROADWAY,$5001 TO $10000,COLLISION WITH DEER,709,724,Y,N,I69S114.0,0,NONE,"V1 south bound on I-69 approximately 1,000 feet south of MM 114, when a deer entered her path of travel resulting in a front end collision."
903318614,MONROE SD,M19A5232,MONROE,VAN BUREN,BLOOMINGTON,2/14/2019,3:45 PM,2,0,0,0,0,3583,,,SR45,,,WEST STATE ROAD 45,,,,,Y,,,,39.125312,-86.610496,UNKNOWN,,N,Y,URBAN,N,N,N,,DAYLIGHT,CLOUDY,DRY,,NO JUNCTION INVOLVED,NON-ROADWAY CRASH,ASPHALT,OTHER (DRIVER) - EXPLAIN IN NARRATIVE,UNDER $1001,SAME DIRECTION SIDESWIPE,348,353,Y,N,WESTSTATEROAD45RD,0,NONE,V1 and V2 were parked in parking spots at the address of 3585 West State Road 45; Walmart. V1 was parked next to V2 and was unattended. V2 was pulling out of the parking spot and turned too sharp. The rear passengers side of V2 struck the front drivers side of V1. V2 then left the scene of the crash. D2 stated he checked his vehicle and V1 and thought he did not make contact with V1 because they were not touching when he got looked. I watched surveillance footage and could clearly see V2 strike V1. All parties were cooperative and provided necessary information for the crash report.
903319966,MONROE SD,M19A5238,MONROE,VAN BUREN,BLOOMINGTON,2/14/2019,4:45 PM,3,0,0,0,0,,S CURRY,PIKE,,,,S CURRY,W BEASLEY,,,,N,,,,39.149152,-86.582704,LOCAL/CITY ROAD,,N,N,URBAN,N,N,N,,DAYLIGHT,CLOUDY,DRY,,NO JUNCTION INVOLVED,STRAIGHT/LEVEL,ASPHALT,FOLLOWING TOO CLOSELY,$5001 TO $10000,REAR END,446,510,Y,N,SCURRYPIKEWBEASLEYDR,0,NONE,D1 STATED SHE WAS DRIVING SOUTH ON S. CURRY PIKE AND BEASLEY DR WHEN SHE SAYS SHE STARTED TO GET DISSY AND THOUGHT SHE BLACKED OUT. D1 TRIED TO APPLY THE BRAKES BUT DID NOT HAVE ENOUGH ROOM TO STOP. V1 REAR ENDED V2 WHICH CAUSED V2 TO REAREND V3. D2 STATED HE WAS STOPPED IN TRAFFIC WHEN V2 WAS REAR ENDED BY V1. THIS CAUSED HIS VEHICLE TO REAR END V3.D3 WAS STOPPED IN TRAFFIC WHEN V3 WAS REAR ENDED BY V2.D1 WAS SEEN BY EMS IN WHICH SHE COLLAPSED ON SCENE AND WAS TRANSPORTED TO IU BLOOMINGTON HOSPITAL.
903319234,MONROE SD,M19A5353,MONROE,VAN BUREN,BLOOMINGTON,2/15/2019,5:19 PM,1,0,0,0,1,,,,SR45W,,,SR45W,HINDS,,,,N,,1500,E,39.10243058,-86.64879803,STATE ROAD,,N,N,RURAL,N,N,N,,DAYLIGHT,CLEAR,DRY,,NO JUNCTION INVOLVED,CURVE/GRADE,ASPHALT,ANIMAL/OBJECT IN ROADWAY,$2501 TO $5000,COLLISION WITH DEER,521,532,Y,N,HINDSRDSR45W,0,NONE,Driver was traveling west bound on SR 45 when a deer entered the roadway in front of her. The deer entered the drivers lane of travel and was struck by the front of her vehicle causing damage.
903319410,BLOOMINGTON PD,B1906395,MONROE,PERRY,BLOOMINGTON,2/15/2019,12:45 PM,3,0,0,0,0,,W 2ND,ST,,,,W 2ND,S COLLEGE,,,,Y,OTHER,,,39.16144,-86.534848,LOCAL/CITY ROAD,,N,N,URBAN,N,N,N,,DAYLIGHT,CLOUDY,DRY,,FOUR-WAY INTERSECTION,STRAIGHT/LEVEL,ASPHALT,FAILURE TO YIELD RIGHT OF WAY,$10001 TO $25000,RIGHT ANGLE,1245,1245,Y,N,SCOLLEGEAVEW2NDST,0,STOP SIGN,"V1 WAS EXITING THE NORTHERN ENTRANCE OF KROGER AT SEMINARY SQUARE (508 S COLLEGE AVE) AND CROSSING W 2ND ST TO ENTER THE PARKING LOT OF 222 W 2ND ST. D1 STATED THAT SHE LOOKED BOTH WAYS BUT THEN WHEN SHE ENTERED INTO THE ROADWAY, SHE STRUCK V2. AFTER STRIKING V2 AND SPINNING IT AROUND, V1 THEN STRUCK V3.V2 WAS WESTBOUND ON W 2ND STREET JUST WEST OF THE INTERSECTION WITH S COLLEGE AVE. AFTER V2 WAS STRUCK, IT SPUN AROUND AND UP ONTO THE CURB IN FRONT OF 222 W 2ND ST, STRIKING A STREET SIGN, AND THEN EVENTUALLY ENDED UP BACK ON THE ROADWAY FACING EAST.V3 WAS PARKED IN THE PARKING LOT OF 222 W 2ND ST."
903319445,INDIANA UNIV BLOOMINGTON PD,190421,MONROE,BLOOMINGTON,BLOOMINGTON,2/15/2019,4:50 PM,2,0,0,0,0,,THIRD,ST,,,,THIRD,JORDAN,,,,Y,,153,W,39.164315,-86.51653676,,,N,Y,URBAN,N,N,N,,DAYLIGHT,CLOUDY,DRY,,T-INTERSECTION,STRAIGHT/LEVEL,ASPHALT,FAILURE TO YIELD RIGHT OF WAY,$1001 TO $2500,SAME DIRECTION SIDESWIPE,459,505,Y,N,JORDANAVETHIRDST,0,LANE CONTROL,"On 02/15/2019, at 1659 hours, I was dispatched to the parking lot of TIS Bookstore at 1302 East 3rd Street to take a report of a red Chevrolet Corvette that struck another vehicle and continued without stopping.When I arrived, I spoke with J. Rosegarten, who had been driving a rental car that was a black 2019 Nissan Versa. She advised that she was in the left (south lane) of East 3rd Street, which is a two lane, one-way street at this location, preparing to turn left (south) into the alleyway between Kinser Cleaners and TIS Bookstore. As she began to turn in, a vehicle was heading north out of that narrow alley, so she stopped to give them time to reverse. While she was stopped in traffic with her turn signal on and the rear part of her vehicle still in the left lane of East 3rd Street, a red Chevrolet Corvette came up behind the Nissan and sideswiped the rear passenger side bumper. Rosegarten advised that she thought that the driver, who she described as a white woman in her 50s or 60s with frosted blonde hair in a short, styled hairdo, continued westbound. Rosegarten instructed her son to write down the license plate, which he did. The license plate number he provided was 562AWD, which returned to a red 2000 Chevrolet Corvette. I examined the Nissan at the scene and noted two small abrasions on the rear passenger side bumper, with some red paint transfer. Rosegarten also stated that the force of the impact had misaligned the bumper, but it had popped back into place prior to my arrival. I provided Rosegarten with this case number and advised her that I would attempt to locate the driver. I had dispatch put out the vehicle and driver description, but no unit was able to locate that vehicle or driver. On 02/16/2019, I returned to work and contacted Margot H. Scholz, who advised that she had been driving on East 3rd Street yesterday around 1650 hours. Scholz said she did not believe she hit any other vehicle at that time. Scholz, who had since returned to her residence in Columbus, said that there was no prior damage to the Corvette. I asked her to go out to her vehicle and check for damage. She at first did not see any damage, but later confirmed that there was a small scratch near the driver side headlight. Scholz said she would have stopped if she had realized she had hit another vehicle. She was cooperative and provided her insurance information, which I added to this case. There are no charges for leaving the scene as this appears to have been unintentional.************************************************SUPPLEMENT**************************************************On the afternoon of 02/16/2019, I received a call from Margot Scholz. She advised that her husband, the registered owner of the Chevrolet Camaro, had come home and examined the vehicle. She stated that the area near the driver side headlight that she had told me appeared to be a small scratch had been examined and rubbed off by her husband and that he reported it to be dirt rather than damage. She requested that an officer come by to examine their vehicle. I contacted Columbus Police Department for assistance. They dispatched Officer Kummer (badge #248) who examined the Camaro and reported that there was no damage. I advised that I would update the report to include this information."
903319484,INDIANA UNIV BLOOMINGTON PD,190420,MONROE,BLOOMINGTON,BLOOMINGTON,2/15/2019,3:54 PM,2,1,0,0,0,,,,I45E,,,I45E,,I46E,,,Y,,508,E,39.17161119,-86.50030416,INTERSTATE,,N,N,URBAN,N,N,N,,DAYLIGHT,CLOUDY,DRY,,NO JUNCTION INVOLVED,STRAIGHT/LEVEL,ASPHALT,UNSAFE LANE MOVEMENT,$2501 TO $5000,RIGHT TURN,356,401,Y,N,I45EI46E,0,LANE CONTROL,V1 and V2 were headed East on Interstate 45. Interstate 45 East goes from two lanes to one. V1 was behind V2. V2 was in the left lane and had the right turn signal on to turn in to the shopping plaza to deliver food. D1 stated that he did not see the turn signal and thought V2 was turning left at an entrance a couple hundred feet forward. D1 stated that since he thought V2 was turning left that he could get on the right side of V2 and go around. D1 did not see that V2 was turning right and collided with the passenger side of the trailer on the semi. V1 was partially under the trailer of V2. D1 also stated that he was sitting at the light at 10th and the Bypass waiting to turn left on toe Interstate 45. D1 noted that when he turned left the two left turn lanes merge in to one lane and it can get messy due to the immediate merge. D1 stated that when he turned left he saw V2 in the yellow crossed out area but assumed V2 was stopped there. D1 stated that he sped up to get past the car in the right lane to merge in to the one lane. D1 also stated that he was even with the back of V2 when it began its wide right hand turn. D1 stated that he noticed V2 turning and slammed on his brakes. This is when the V1 and V2 collided. D2 stated that he had his turn signal on to turn right and was making a wide turn since he had a trailer and did not notice V1 starting to go around him and was struck in the middle of the turn. There was minor damage to the passenger side of the trailer of V2. V1 had major damage to the drivers side.
903319684,MONROE SD,M19A5444,MONROE,VAN BUREN,BLOOMINGTON,2/15/2019,10:45 AM,2,0,0,0,0,,S LEONARD SPRINGS,RD,,,,S LEONARD SPRINGS,WOODHAVEN,,,,Y,,,,39.128368,-86.58256,COUNTY ROAD,,N,N,RURAL,N,N,N,,DAYLIGHT,CLEAR,DRY,,NO JUNCTION INVOLVED,STRAIGHT/HILLCREST,ASPHALT,FAILURE TO YIELD RIGHT OF WAY,$2501 TO $5000,LEFT TURN,1046,1051,Y,N,SLEONARDSPRINGSRDWOODHAVENDR,0,NONE,"Unit 1 was traveling south on Leonard springs turning into Woodhaven Dr when unit 2 struck the back passenger side of unit 1 Driver 1 stated that he was aware of turning in front of Driver 2, Driver 2 Stated that she was heading North on Leonard Springs when driver 1 turned in front of her."
903319184,MONROE SD,M19A5347,MONROE,VAN BUREN,BLOOMINGTON,2/15/2019,3:05 PM,2,0,0,0,0,200,DANIELS,WAY,,,,N DANIELS,,,,,N,,,,39.166795,-86.597168,UNKNOWN,,N,Y,RURAL,N,N,N,,DAYLIGHT,CLEAR,DRY,,NO JUNCTION INVOLVED,STRAIGHT/GRADE,ASPHALT,OTHER (DRIVER) - EXPLAIN IN NARRATIVE,$1001 TO $2500,OTHER - EXPLAIN IN NARRATIVE,311,319,Y,N,NDANIELSWAY,0,NONE,The vehicle was parked in Ivy Tech Community College parking lot on February 15th 2019 from the hours of 11:30am to 3:00pm. When the vehicle owner came out of the building she noticed damage to the front bumper and vanity plate area of her vehicle. The vehicle owner reported this incident to Ivy Tech staff who attempted to locate the accident on video of the parking lot. At this time Ivy Tech staff is unable to locate footage of the vehicle being struck in the parking lot. There is debris from the from of the vehicle being hit laying on the pavement under the front bumper.On 02/23/2019 I was contacted by Angelo Dambrosio stating that he was the driver of the other vehicle. Mr. Dambrosio was contacted by Ivy Tech Security stating the found footage of the accident on their camera systems. Security staff was able to determine that the other vehicle was Mr. Dambrosio's 2011 Hyuandai Sonata. Mr. Dambrosio did not realize that he had struck the other vehicle and stated that there was no damage to his vehicle. Mr. Dambrosio provided me with all of his information to update the accident report.
903319283,BLOOMINGTON PD,B1906436,MONROE,BLOOMINGTON,BLOOMINGTON,2/15/2019,5:34 PM,2,0,0,0,0,,,,SR46S,,,SR46S,E EASTGATE,,,,Y,,,,39.17024,-86.501392,STATE ROAD,,Y,N,URBAN,N,N,N,,DAYLIGHT,CLEAR,DRY,,FOUR-WAY INTERSECTION,STRAIGHT/LEVEL,ASPHALT,FOLLOWING TOO CLOSELY,$2501 TO $5000,REAR END,534,536,Y,N,EEASTGATELNSR46S,0,NONE,"V1 and V2 were traveling S/B on State RD 45/46 Bypass. V1 rear ended V2 causing damage to V2.D1 advised that she was traveling S/B on State RD 45/46 Bypass. D1advised V2 was directly in front of V1 and she noticed traffic had become backed up. D1 stated that while traveling S/B she got distracted and looked away and later felt the impact of V1 striking V2. D1 advised that she was not injured. D2 advised that she was traveling S/B on State RD 45/46 Bypass. D2 advised that she noticed traffic had become backed up and she noticed a vehicle in front of her had brake suddenly. D2 advised that she hit her brakes and felt the impact of V1. D2 advised that she was not injured. Due to D1 following too closely, V1 struck V2."
903319325,BLOOMINGTON PD,B1906454,MONROE,BLOOMINGTON,BLOOMINGTON,2/15/2019,7:48 PM,2,0,0,0,0,,HILLSIDE,DR,,,,E HILLSIDE,OLIVE,,,,Y,,,,39.15056,-86.51883,LOCAL/CITY ROAD,,N,Y,URBAN,N,N,N,,DARK (LIGHTED),CLEAR,DRY,,FOUR-WAY INTERSECTION,STRAIGHT/LEVEL,ASPHALT,FOLLOWING TOO CLOSELY,$1001 TO $2500,REAR END,748,755,Y,Y,EHILLSIDEDRSOLIVEST,0,NONE,Both Vehicle 1 and 2 were traveling west on Hillside Dr. Vehicle 1 was directly behind vehicle 2. Vehicle 2 slowed almost to a stop for a vehicle directly in front of it turning south onto Olive St. Vehicle 1 failed to slow down and rear ended vehicle 2 causing significant damage to the rear of vehicle 2. Vehicle 1 then turned north onto Weatherstone and left the accident scene. Driver of vehicle 2 was unable to give any information in reference to vehicle 1. Driver 2 had no injuries and was able to drive the vehicle from the scene.
903319406,MONROE SD,M19A5397,MONROE,SALT CREEK,BLOOMINGTON,2/16/2019,2:21 AM,1,0,0,0,0,,,,SR46E,,,SR46E,BRUMMETS CREEK,,,,N,,,,39.15155,-86.38645,STATE ROAD,,N,N,RURAL,N,Y,N,,DARK (NOT LIGHTED),CLEAR,DRY,,T-INTERSECTION,CURVE/LEVEL,ASPHALT,ANIMAL/OBJECT IN ROADWAY,$5001 TO $10000,RAN OFF ROAD,224,245,Y,N,NBRUMMETSCREEKRDSR46E,0,NONE,DRIVER 1 ADVISED HE WAS TRAVELING WEST BOUND ON E SR 46. DRIVER 1 ADVISED AS HE APPROACHED THE INTERSECTION OF E SR 46 AND N BRUMMETTS CREEK RD THAT A DEER RAN INTO THE ROADWAY AND HE SWERVED TO AVOID HITTING IT. DRIVER 1 ADVISED HE WAS UNABLE TO CORRECT FROM MISSING THE DEER AND RAN OFF THE NORTH SIDE OF THE ROADWAY INTO THE FLOODED FIELD.
903319702,INDIANA UNIV BLOOMINGTON PD,190427,MONROE,BLOOMINGTON,BLOOMINGTON,2/16/2019,9:18 AM,1,0,0,0,0,,,,SR46,,,SR46,EASTGATE,,,,Y,,,,39.17024,-86.501392,STATE ROAD,,N,N,URBAN,N,N,N,,DAYLIGHT,CLEAR,DRY,,T-INTERSECTION,STRAIGHT/LEVEL,ASPHALT,RAN OFF ROAD RIGHT,$1001 TO $2500,RAN OFF ROAD,918,918,Y,N,EEASTGATELNSR46,0,STOP SIGN,"On 02/16/2019 at approximately 0918 hours, I was driving southbound on the State Road 45/46 Bypass approaching East 10th Street in the right lane in unit 224, a fully marked police vehicle. The light was green for my direction (traffic on the Bypass). I observed a gray Honda Civic on East 10th Street turn right onto the Bypass into the immediate path of travel of my squad car without yielding as required with a red light. As a result of the Honda pulling into my path, I had to brake and swerve to avoid a collision. I activated my overhead emergency lights and siren and the Civic pulled to a stop blocking the outlet of East Eastgate Lane onto State Road 46. When I exited the vehicle to go speak to the driver, as I approached the vehicle, the driver took her foot off of the brake and the vehicle began to roll forward. I yelled for her to hit the brakes and put the vehicle in park, but she did not and the vehicle continued forward approximately 10 feet before running off the road and striking the stop sign pole facing west on Eastgate Lane. When I spoke to the driver, Chunling Han, she stated that she only had a Chinese driver's license, which she showed me. She did not have an English translation of her license or her passport with her. Han said she had been in the US for less than a year and had been told that she could drive using her Chinese license. Officer Pesa arrived to assist me. He said Han told him that she had rented the vehicle, a Zipcar, to practice her driving. I issued Han a traffic citation for the original cause of the stop, failing to yield right of way at an automatic signal for turning right on red when it was not safe to do so. The Honda's front bumper had damage to the front bumper from the center line to the passenger side. There was a gouge in the front bumper from the support pole and the bumper was cracked and misaligned as a result of the crash, but could be driven from the scene."
903319568,BLOOMINGTON PD,B1906620,MONROE,BLOOMINGTON,BLOOMINGTON,2/16/2019,8:38 PM,2,0,0,0,0,,W 3RD,ST,,,,W 3RD,S JOHNSON,,,,Y,,,,39.16464,-86.564992,LOCAL/CITY ROAD,,N,N,URBAN,N,N,N,,DARK (LIGHTED),CLEAR,DRY,,FOUR-WAY INTERSECTION,STRAIGHT/GRADE,ASPHALT,UNSAFE LANE MOVEMENT,$2501 TO $5000,SAME DIRECTION SIDESWIPE,838,855,Y,N,SJOHNSONAVEW3RDST,0,NONE,V1 WAS TRAVELING EB ON W 3RD ST APPROACHING JOHNSON AVE IN THE NORTHERN LANE. V2 WAS TRAVELING EB ON W 3RD ST APPROACHING JOHNSON AVE IN THE SOUTHERN LANE. V1 BEGAN TO CHANGE LANES INTO THE SOUTHERN LANE AND THE FRONT PASSENGER SIDE OF V1 COLLIDED WITH THE FRONT DRIVER SIDE OF V2.D1 STATED THAT HE TRAVELING EB ON W 3RD ST APPROACHING JOHNSON AVE IN THE NORTHERN LANE. D1 STATED THAT HE BEGAN TO CHANGE LANES INTO THE SOUTHERN LANE AND THE PASSENGER SIDE OF V1 COLLIDED WITH THE DRIVER SIDE OF V2. D1 STATED THAT HE DID NOT SEE V2 WHEN CHANGING LANES.D2 STATED THAT HE WAS EB ON W 3RD ST APPROACHING JOHNSON AVE IN THE SOUTHERN LANE. D2 STATED THAT V1 WAS TRAVELING EB ON W 3RD ST IN THE NORTHERN LANE ALONG SIDE OF HIM. D2 STATED THAT V1 THEN CHANGED INTO HIS LANE AND THE PASSENGER SIDE OF V1 COLLIDED WITH THE DRIVER SIDE OF V2.W1 STATED THAT V1 WAS TRAVELING EB ON W 3RD ST APPROACHING JOHNSON AVE IN THE NORTHERN LANE AND V2 WAS ALONG SIDE OF HIM IN THE SOUTHERN LANE TRAVELING EB. W1 STATED THAT D1 TURNED ON HIS TURN SIGNAL THEN BEGAN TO CHANGE INTO D2'S LANE AND THE PASSENGER SIDE OF V1 COLLIDED WITH THE DRIVER SIDE OF V2.NO INJURIES WERE REPORTED.