Master Record Number,Agency,Local Code,County,Township,City,Collision Date,Collision Time,Vehicles Involved,Trailers Involved,Number Injured,Number Dead,Number Deer,House Number,Roadway Name,Roadway Suffix,Roadway Number,Roadway Interchange,Roadway Ramp,Roadway Id,Intersecting Road,Intersecting Road Number,Mile Marker,Interchange,Corporate Limits?,Property Type,Feet From,Direction,Latitude,Longitude,Roadway Class,Traffic Control Devices?,Aggressive Driving?,Hit and Run?,Locality,School Zone?,Rumble Strips?,Construction?,Construction Type,Light Condition,Weather Conditions,Surface Condition,Type of Median,Roadway Junction Type,Road Character,Roadway Surface,Primary Factor,Damage Estimate,Manner of Collision,Time Notified,Time Arrived,Investigation Complete?,Photos Taken?,Unique Location Id,State Property Damage?,Traffic Control,NARRATIVE
903323015,MONROE SD,M19A5955,MONROE,PERRY,BLOOMINGTON,2/21/2019,7:29 AM,2,0,0,0,0,,KENNEDY,DR,,,,KENNEDY,RHORER,,,,N,,,,39.121488,-86.528304,LOCAL/CITY ROAD,,N,N,RURAL,N,N,N,,DAWN/DUSK,CLEAR,DRY,,T-INTERSECTION,STRAIGHT/HILLCREST,ASPHALT,FAILURE TO YIELD RIGHT OF WAY,$5001 TO $10000,RIGHT TURN,729,740,Y,N,KENNEDYDRRHORERRD,0,STOP SIGN,"UNIT 1 WAS TRAVELING SOUTH ON KENNEDY DR WHEN SHE CAME TO THE INTERSECTION OF KENNEDY AND RHORER. AFTER STOPPING, SHE PROCEEDED INTO THE INTERSETION. UNIT 2 WAS TRAVELING WEST ON RHORER RD WHEN UNIT 1 PULLED OUT. UNIT 2 IMPACTED ON THE FRONT PASSENGER SIDE. UNIT 1 SUSTAINED DAMAGE TO THE FRONT OF HER CAR."
903322924,BLOOMINGTON PD,B1907367,MONROE,RICHLAND,BLOOMINGTON,2/21/2019,8:00 PM,1,0,0,0,0,,CURRY,PIKE,,,,NORTH CURRY,PROFILE,,,,Y,,,,39.17181,-86.58299,LOCAL/CITY ROAD,Y,N,N,URBAN,N,N,N,,DARK (NOT LIGHTED),CLEAR,DRY,,T-INTERSECTION,STRAIGHT/LEVEL,ASPHALT,RAN OFF ROAD RIGHT,$2501 TO $5000,RAN OFF ROAD,803,808,Y,N,NORTHCURRYPIKEPROFILEPKWY,0,TRAFFIC CONTROL SIGNAL,"V1 WAS NORTHBOUND ON NORTH CURRY PIKE, JUST THROUGH THE INTERSECTION OF PROFILE PARKWAY, WHEN IT CROSSED THE CENTER LINE GOING INTO SOUTHBOUND TRAFFIC. V1 STRUCK A CURB AND DROVE OFF THE WEST SIDE OF THE ROADWAY. V1 CONTINUED NORTHBOUND THROUGH THE GRASS, STRUCK ANOTHER CURB AND CAME BACK ONTO THE ROADWAY. D1 STATED SHE WAS NORTHBOUND ON NORTH CURRY PIKE WHEN SHE BELIEVES HER VEHICLE HAD A MALFUNCTION, CAUSING THE VEHICLE TO JERK TO THE LEFT. D1 STATED SHE DROVE OFF THE ROADWAY, RUNNING OVER CURBS, AND CAME BACK TO REST IN THE ROADWAY."
903323250,ISP BLOOMINGTON 33,2.019E+11,MONROE,SALT CREEK,BLOOMINGTON,2/21/2019,8:12 AM,1,0,0,0,0,,,,SR46,,,SR46,GETTYS CREEK,,,,N,,2500,W,39.16359293,-86.42313136,STATE ROAD,,N,N,RURAL,N,N,N,,DAYLIGHT,CLEAR,ICE,,NO JUNCTION INVOLVED,CURVE/GRADE,ASPHALT,SPEED TOO FAST FOR WEATHER CONDITIONS,$5001 TO $10000,RAN OFF ROAD,814,827,Y,Y,GETTYSCREEKRDSR46,0,LANE CONTROL,"Vehicle 1 (white 2001 GMC) was traveling west on State Road 46 approximately 2500 feet west of Gettys Creek Road. Vehicle 1 traveled across a patch of ice, crossed the center line and left the roadway to the south. Vehicle 1 hit a tree with the front passenger fender and came to a final rest in a culvert. Driver 1 (Noah Jager) stated he was traveling west on State Road 46 when the rear of Vehicle 1 began to fish-tail on the ice. Driver 1 stated that he had no control of Vehicle 1 and left the roadway. Driver 1 stated he then struck a tree with Vehicle 1.Driver 1 signed a signature of release at the scene to EMS personnel. Based upon the road conditions, evidence at the scene and Driver 1's statement, I determine the primary cause of this crash to be speed too fast for road conditions."
903323017,MONROE SD,M19A5959,MONROE,WASHINGTON,BLOOMINGTON,2/21/2019,8:31 AM,1,0,0,0,0,,OLD STATE ROAD 37,HWY,,,,OLD STATE ROAD 37,SAMPLE,,,,N,,600,S,39.18976956,-86.50078,LOCAL/CITY ROAD,,N,N,RURAL,N,N,N,,DAYLIGHT,CLEAR,ICE,,NO JUNCTION INVOLVED,CURVE/LEVEL,ASPHALT,SPEED TOO FAST FOR WEATHER CONDITIONS,$1001 TO $2500,RAN OFF ROAD,831,849,Y,N,OLDSTATEROAD37HWYSAMPLERD,0,NONE,"DRIVER OF UNIT 1 STATED HE WAS TRAVELING SOUTH ON OLD STATE ROAD 37 WHEN HE LOST CONTROL AND SLID OFF OF THE ROAD. AFTER LEAVING THE ROADWAY, UNIT 1 STRUCK A METAL FENCE, BROKE A FENCE POST, AND STRUCK A TREE. UNIT 1 UNIT 1 HAD FRONT END DAMAGE, BUT WAS TURNED AROUND, AND FACING NORTH SO IT COULD BE TOWED AWAY. UPON MY ARRIVAL TO THE SCENE, I OBSERVED THE DRIVER OF UNIT 1 TALKING WITH ANOTHER MALE WHO WAS ATTEMPTING TO TOW UNIT 1 AWAY FROM THE SCENE. IT WAS LATER DETERMINED THAT BOTH DRIVERS DID NOT HAVE VALID DRIVER LICENSES. DRIVER OF UNIT 1 ALSO EXPLAINED THAT UNIT 1 DID NOT HAVE INSURANCE.THE DIAGRAM DISPLAYS HOW I OBSERVED THE SCENE UPON MY ARRIVAL."
903323189,MONROE SD,M19A5960,MONROE,RICHLAND,BLOOMINGTON,2/21/2019,8:46 AM,2,0,0,0,0,,PROFILE,PKWY,,,,PROFILE,ZENITH,,,,N,,120,N,0,0,LOCAL/CITY ROAD,,N,N,URBAN,N,N,N,,DAYLIGHT,CLEAR,ICE,,T-INTERSECTION,CURVE/LEVEL,ASPHALT,ROADWAY SURFACE CONDITION,$5001 TO $10000,OTHER - EXPLAIN IN NARRATIVE,851,851,Y,N,PROFILEPKWYZENITHRD,0,NONE,"D1 STATED THAT SHE WAS TRAVELING SOUTH, FOLLOWING DIRECTLY BEHIND V2, ON PROFILE PARKWAY APPROACHING ZENITH DRIVE. D1 STATED THAT D2 LOST CONTROL ON V2 AND SPUN OUT OF CONTROL BECAUSE OF THE ICE ON THE ROADWAY. D1 STATED THAT SHE SWERVED TO AVOID COLLIDING WITH V2 WHEN V2 SPUN AROUND AGAIN DIRECTLY IN FRONT OF V1. D1 STATED THAT THE FRONT PASSENGER SIDE OF HER VEHICLE THEN STRUCK THE REAR PASSENGER SIDE OF V2. D1 STATED THAT SHE DID EVERYTHING SHE COULD TO AVOID THE OUT OF CONTROL V2 BUT WAS UNSUCCESSFUL. D2 AGREED WITH D1 STATEMENTS THAT V2 SPUN OUT OF CONTROL DUE TO ICE ON THE ROADS. D2 STATED THAT SHE TRIED TO CORRECT V2 BUT THE ICE MADE IT DIFFICULT.WHILE ON SCENE MANY OTHER CARS WERE ALSO SLIDING ON THE BLACK ICE ON THE ROADWAY. BOTH VEHICLES WERE DRIVEABLE AND NEITHER PARTICIPANT WAS INJURED."
903322905,BLOOMINGTON PD,B1907330,MONROE,BLOOMINGTON,BLOOMINGTON,2/21/2019,4:15 PM,2,0,0,0,0,3824,3RD,ST,,,,W 3RD,,,,,Y,,,,39.16424,-86.48223591,UNKNOWN,,,Y,URBAN,N,N,N,,DAYLIGHT,CLEAR,DRY,,NO JUNCTION INVOLVED,STRAIGHT/LEVEL,ASPHALT,UNSAFE BACKING,$1001 TO $2500,BACKING CRASH,419,437,N,N,W3RDST,0,NONE,"Vehicle 1 was parked in the parking lot outside of 3824 West 3rd Street, unoccupied. V2 was backing out of a space next to V1 and the front driver side of V2 collided with the back passenger side of V1 causing minor damage. V2 then left the scene. V2 later returned to the scene. D2 did not exchange information and then left the scene again. Plate obtained for V2 did not match vehicle driven. D1 stated that she was inside of a nearby store when she heard a noise that she thought was a car accident. D1 observed V2 leave the scene. D1 spoke to D2 when D2 returned to the scene. D1 did attempt to obtain D2's information but was unable to."
903322947,INDIANA UNIV BLOOMINGTON PD,190473,MONROE,BLOOMINGTON,BLOOMINGTON,2/21/2019,5:50 PM,2,0,0,0,0,1600,E 10TH,ST,,,,E 10TH,,,,,Y,,,,39.171504,-86.512288,UNKNOWN,,N,N,URBAN,N,N,N,,DAYLIGHT,CLOUDY,DRY,,T-INTERSECTION,STRAIGHT/LEVEL,ASPHALT,DRIVER DISTRACTED - EXPLAIN IN NARRATIVE,$1001 TO $2500,LEFT TURN,553,603,Y,N,E10THST,0,NONE,"Both vehicles were located in the 10th St. Parking lot in the south row of the lot facing north. V1 was facing north east, half way into a parking stall. V2 was parked facing north, unoccupied. V1 struck the driver side passenger door of V2 with the front passenger side bumper. Both vehicles sustained minor scratches and dents. D1 stated he was pulling into the parking spot to the left of V2 and misjudged how close he was to V2. D1 stated he struck V2 then reversed. The owner of V2 was not present at the scene. I was unable to make contact with the owner. I left my business card on the windshield of V2."
903322815,INDIANA UNIV BLOOMINGTON PD,190470,MONROE,BLOOMINGTON,BLOOMINGTON,2/21/2019,2:25 PM,2,0,0,0,0,1000,FEE,LN,,,,N FEE,,,,,Y,,,,39.17497067,-86.51833883,UNKNOWN,,N,N,URBAN,N,N,N,,DAYLIGHT,CLEAR,DRY,,NO JUNCTION INVOLVED,STRAIGHT/LEVEL,ASPHALT,UNSAFE BACKING,$2501 TO $5000,OPPOSITE DIRECTION SIDESWIPE,230,235,Y,N,NFEELN,0,NONE,"The crash occurred in the parking lot of 1000 N. Fee Lane located on the east side of the building. V2 was parked (backed-in) in a parking stall facing east. V1 was backing out of the parking stall traveling southeast.D1 stated that she entered the parking spot and found a spot next to V2. D1 stated she was traveling northbound through the parking aisle. D1 stated she started to pull into the parking spot and realized that she would not fit in the parking spot. D1 stated she reversed her vehicle and did not hear anything that resembled a collision. D1 stated that after some time, she found a different parking spot. V1 had damage to the front passenger side bumper. D1 stated that the damage on her vehicle was from a previous accident.O2 stated he did not witness the accident.W1 stated she was sitting in her car with the driver door open when she observed D1 attempt to park in a non-parking spot. W1 stated D1 began to pull partially into the spot and then began to pull out of the spot. W1 stated that as D1 backed from the spot, she saw V1 collide with V2. W1 stated she also heard the collision."
903323016,MONROE SD,M19A5956,MONROE,VAN BUREN,BLOOMINGTON,2/21/2019,7:35 AM,1,0,1,0,0,,S ISON,RD,,,,S ISON,TOWER,,,,N,,1000,N,39.104944,-86.61032,LOCAL/CITY ROAD,,N,N,RURAL,N,N,N,,DAWN/DUSK,CLEAR,ICE,,NO JUNCTION INVOLVED,CURVE/GRADE,ASPHALT,SPEED TOO FAST FOR WEATHER CONDITIONS,$5001 TO $10000,RAN OFF ROAD,736,756,Y,N,SISONRDTOWERRD,0,NONE,"D1 ADVISED HE WAS TRAVELING SOUTH ON ISON ROAD NEAR THE ADDRESS OF 5797 ISON ROAD. D1 ADVISED THAT HE ENTERED A CORNER AND LOST CONTROL ON AN ICE COVERED PORTION OF THE ROADWAY, AND WAS UNABLE TO REGAIN CONTROL OF THE VEHICLE. D1 STATED HIS VEHICLE THEN LEFT THE ROADWAY, STRUCK A DITCH AND INVERTED. I CALLED THE DRIVER PRIOR TO MY ARRIVAL AND HE ADVISED THAT WHILE AWAITING MY ARRIVAL HIS VEHICLE CAUGHT FIRE."
903322613,BLOOMINGTON PD,B1907284,MONROE,BLOOMINGTON,BLOOMINGTON,2/21/2019,10:39 AM,3,0,2,0,0,,,,SR45W,,,SR45W,LIBERTY,,,,Y,,,,39.14502,-86.57777,STATE ROAD,Y,N,N,URBAN,N,N,N,,DAYLIGHT,CLEAR,DRY,,FOUR-WAY INTERSECTION,STRAIGHT/LEVEL,ASPHALT,FAILURE TO YIELD RIGHT OF WAY,$5001 TO $10000,RIGHT ANGLE,1041,1041,Y,Y,LIBERTYDRSR45W,0,TRAFFIC CONTROL SIGNAL,V1 WAS SOUTHBOUIND ON LIBERTY DRIVE TURNING RIGHT ON A RED LIGHT TO GO WEST SR 45/BLOOMFIELD RD.V2 WAS WESTBOUND ON SR 45/BLOOMFIELD RD CROSSING LIBERTY DRIVE ON A GREEN LIGHT.D1 SAID WHEN HE TURNED HE DID NOT SEE ANY SEE WESTBOUND TRAFFIC COMING FROM HIS LEFT. HE SAID WHEN HE TURNED HE WAS HIT AND DOES NOT KNOW WHAT HAPPENED. HE THEN DROVE SOUTH OVER THE CONCRETE MEDIAN AND OVER AN EMBANKMENT HITTING V3 WHICH WAS PARKED IN A PRIVATE PARKING LOT.D2 SAID AS SHE DROVE THROUGH THE INTERSECTION IN THE LEFT STRAIGHT LANE V1 PULLED TURNED ONTO SR 45 HITTING HER.WITNESS #1 SAID SHE WAS SOUTHBOUND ON LIBERTY DRIVE WAITING AT THE RED LIGHT TO TURN LEFT ONTO SR 45. SHE SAID V1 TURNED RIGHT ONTO SR 45 ON THE RED LIGHT AND STRUCK V2.WITNESS #2 SAID HE WAS BEHIND V1. HE SAID V1 TURNED RIGHT ONTO SR 45 AND HIT V2. HE SAID V1 THEN CONTINUED SOUTH ACROSS THE MEDIAN AND OVER THE EMBANKMENT AND CAME TO REST AGAINST V3 IN THE PARKING LOT.THERE WAS NO SIGN PROHIBITING A RIGHT TURN ON A RED LIGHT FOR V1.
903322529,BLOOMINGTON PD,B1907277,MONROE,BLOOMINGTON,BLOOMINGTON,2/21/2019,9:27 AM,2,0,2,0,0,,N COLLEGE,AVE,,,,N COLLEGE,11TH,,,,Y,,100,S,39.173232,-86.534752,LOCAL/CITY ROAD,,N,N,URBAN,N,N,N,,DAYLIGHT,CLEAR,DRY,,NO JUNCTION INVOLVED,STRAIGHT/GRADE,ASPHALT,IMPROPER LANE USAGE,$25001 TO $50000,REAR END,927,933,Y,Y,11THSTNCOLLEGEAVE,0,NONE,D1 STATED SHE WAS TRAVELING SOUTH ON COLLEGE AVE IN THE EASTERN MOST LANE. SHE INDICATED THAT SHE HAD LOOKED AT THE PASSENGER FOR A MOMENT AND COLLIDED INTO V2. V2 WAS PARKED UNATTENDED ON THE EAST SIDE OF THE ROADWAY IN A DESIGNATED PARKING SPACE.
903323374,MONROE SD,M19A6117,MONROE,BENTON,BLOOMINGTON,2/22/2019,4:17 AM,1,0,0,0,0,,,,SR45E,,,SR45E,E MARTIN,,,,N,PRIVATE,100,E,39.20513511,-86.46341552,STATE ROAD,,N,N,URBAN,N,N,N,,DAYLIGHT,CLOUDY,LOOSE MATERIAL ON ROAD,,NO JUNCTION INVOLVED,CURVE/GRADE,ASPHALT,ROADWAY SURFACE CONDITION,$5001 TO $10000,RAN OFF ROAD,417,437,Y,N,EMARTINDRSR45E,0,NONE,D1 STATED HE WAS DRIVING EAST ON E. STATE ROAD 45 COMING UP TO MARTIN DRIVE. WHEN HE BEGAIN TURNING ON THE CURVE V1 DROVE THROUGH A LARGE SPOT WHERE A BARREL OF HYDROLIC FLUID HAD SPILLED AND LOST TRACTION. V1 THEN WENT OFF THE ROAD AND STRUCK A DUKE UTILITY POLE.
903323226,BLOOMINGTON PD,B1907457,MONROE,BLOOMINGTON,BLOOMINGTON,2/22/2019,11:36 AM,2,0,0,0,0,,6TH,ST,,,,6TH,GRANT,,,,Y,,100,E,39.1677158,-86.52934321,LOCAL/CITY ROAD,,N,Y,URBAN,N,N,N,,UNKNOWN,,,,NO JUNCTION INVOLVED,STRAIGHT/LEVEL,ASPHALT,IMPROPER TURNING,$1001 TO $2500,SAME DIRECTION SIDESWIPE,1136,1145,Y,N,6THSTGRANTST,0,NONE,"THE OWNER OF V2 STATED THAT SHE ENTERED HER VEHICLE AROUND 1000 HRS THIS MORNING AND DROVE TO A LOCAL BUSINESS. SHE SAID WHEN SHE EXITED THE VEHICLE SHE NOTICED DAMAGE TO THE DRIVERS FRONT BUMPER. SHE INDICATED THAT WHEN SHE GOT INTO HER CAR AT HER RESIDENCE, SHE WALKED AROUND THE REAR OF THE VEHICLE, THEREFORE NOT SEEING THE DAMAGE. SHE INDICATED THERE WAS NO NOTICABLE DAMAGE TO HER VEHICLE ON THURSDAY FEBRUARY THE 21ST. IT APPEARS THAT THE OFFENDING VEHICLE STRUCK V2 WHILE TRYING TO ENTER A PARALLEL PARKING SPACE IN FRONT OF V2.THE DAMAGE CONSISTS OF SCRATCHES TO V2'S FRONT BUMPER. THERE IS NO ADDITIONAL INFORMATION FOR THE CASE."
903323455,BLOOMINGTON PD,B1907465,MONROE,PERRY,BLOOMINGTON,2/22/2019,12:51 PM,2,0,0,0,0,,HILLSIDE,DR,,,,HILLSIDE,HENDERSON,,,,Y,,,,39.15064,-86.52696,LOCAL/CITY ROAD,Y,N,N,URBAN,N,N,N,,DAYLIGHT,CLOUDY,DRY,,FOUR-WAY INTERSECTION,STRAIGHT/GRADE,ASPHALT,UNSAFE BACKING,UNDER $1001,BACKING CRASH,1252,1255,Y,Y,HENDERSONSTHILLSIDEDR,0,TRAFFIC CONTROL SIGNAL,"Vehicle 1 was stopped in traffic, facing Eastbound on Hillside Drive at the Henderson Street intersection. Vehicle 2 was stopped in traffic facing Eastbound on Hillside Drive at the same intersetion, directly behind Vehicle 1.Vehicle 1 began reversing, traveling Westbound, and struck Vehicle 2.Driver 1 stated that she began reversing to let a vehicle reverse out of a parking spot in front of her."
903323186,BLOOMINGTON PD,B1907448,MONROE,BLOOMINGTON,BLOOMINGTON,2/22/2019,10:00 AM,2,0,0,0,0,,DUNN,ST,,,,DUNN,14TH,,,,Y,,,,39.17616,-86.528224,LOCAL/CITY ROAD,,N,N,URBAN,N,N,N,,DAYLIGHT,CLOUDY,DRY,,NO JUNCTION INVOLVED,STRAIGHT/LEVEL,ASPHALT,FAILURE TO YIELD RIGHT OF WAY,$10001 TO $25000,RIGHT ANGLE,1035,1050,Y,N,14THSTDUNNST,0,NONE,D1 STATED SHE WAS TRAVELING NORTH ON DUNN ST JUST SOUTH OF 14TH STREET. D1 INDICATED THAT SHE BEGAN TO TURN LEFT ONTO 14TH ST AND DID NOT SEE V2 TRAVELING SOUTH ON DUNN ST. V2 THEN COLLIDED INTO THE PASSENGER REAR OF V1. D2 STATED SHE WAS TRAVELING SOUTH ON DUNN ST JUST NORTH OF 14TH ST. D2 INDICATED THAT V1 TURNED LEFT IN FRONT OF HER AND SHE COULD NOT AVOID COLLISION.
903323387,BLOOMINGTON PD,B1907533,MONROE,BLOOMINGTON,BLOOMINGTON,2/22/2019,9:13 PM,2,0,1,0,0,,S ROGERS,ST,,,,S ROGERS,W 1ST,,,,Y,,,,39.17664,-86.538496,LOCAL/CITY ROAD,,N,N,URBAN,N,Y,N,,DARK (NOT LIGHTED),CLEAR,DRY,,FIVE POINT OR MORE,STRAIGHT/LEVEL,ASPHALT,DISREGARD SIGNAL/REG SIGN,$2501 TO $5000,OTHER - EXPLAIN IN NARRATIVE,913,915,Y,Y,SROGERSSTW1STST,0,STOP SIGN,"D1 was traveling N/B on Rogers ST. D2 was traveling E/B on 1st ST. D1 disregarded a stop sign and collided with V2 causing damage.D1 advised that he was traveling N/B on Rogers ST. D1 advised that as he was traveling, he attempted to make a complete stop at the stop sign, when his foot slipped off of the brake pedal. D1 advised that he then struck V2 causing damage. D1 advised that he and his passengers were not injured. It should be noted that his two passengers were underage and the parents of the juveniles transported the males to the hospital to be seen.D2 advised that she was traveling E/B on 1st ST. D2 advised that she came a stop at the stop sign and proceeded through traffic when she was struck V1. D2 advised that D1 told her that he had a brake failure while attempting to stop. D2 was transported to the hospital for her incapacitating injuries. D2 had pain to her neck, chest, and her right leg 6 out of 10. Due to the fact that D1 disregarded the stop sign, V1 struck V2 causing damage to the vehicle."
903323249,MONROE SD,M19A6105,MONROE,BLOOMINGTON,BLOOMINGTON,2/22/2019,12:30 PM,2,0,0,0,0,5101,BUSINESS 37,HWY,,,,NORTH BUSINESS 37,,,,,N,,,,39.22465,-86.54028,LOCAL/CITY ROAD,,N,N,URBAN,N,N,N,,DAYLIGHT,CLOUDY,LOOSE MATERIAL ON ROAD,,NO JUNCTION INVOLVED,STRAIGHT/LEVEL,CONCRETE,UNSAFE SPEED,$5001 TO $10000,RIGHT ANGLE,1240,1250,Y,N,NORTHBUSINESS37HWY,0,NONE,"V1 WAS PULLING INTO THE ADDRESS OF 5101 N BUSINESS 37 AND ENTERED THE PARKING LOT WITH TOO MUCH SPEED, SLID ON GRAVEL THAT WAS IN THE PARKING LOT, STRIKING V2. V2 WAS UNOCCUPIED AND SITTING IN A PARKING SPACE WHEN V1 STRUCK V2"
903323501,BLOOMINGTON PD,B1907603,MONROE,VAN BUREN,BLOOMINGTON,2/22/2019,11:10 AM,2,0,,0,0,,WALNUT,ST,,,,S WALNUT,WINSLOW,,,,Y,,,,39.1361,-86.531055,LOCAL/CITY ROAD,Y,,Y,URBAN,N,N,N,,DAYLIGHT,CLEAR,DRY,,FOUR-WAY INTERSECTION,STRAIGHT/GRADE,ASPHALT,FOLLOWING TOO CLOSELY,,REAR END,946,958,Y,N,EWINSLOWRDSWALNUTST,0,TRAFFIC CONTROL SIGNAL,"Driver 2 came on station to file this report. She stated that on yesterdays date (02/22/2019) at approximately 11:10am, she was south on S Walnut Street approaching Winslow Rd. Driver 2 stated she stopped for the red light and had 5 cars in front of her. She stated she was then rear-ended by a white SUV. Driver 2 then pulled to the right to talk get out of traffic and assumed the suspect vehicle would follow. Driver 2 stated the suspect then continued straight on Walnut without stopped. Minor damage. No injuries reported."
903323647,INDIANA UNIV BLOOMINGTON PD,190487,MONROE,BLOOMINGTON,BLOOMINGTON,2/22/2019,8:30 PM,2,0,0,0,0,1320,E 10TH,ST,,,,E 10TH,,,,,Y,,,,39.17157747,-86.51808392,UNKNOWN,,N,N,URBAN,N,N,N,,DARK (LIGHTED),CLEAR,DRY,,NO JUNCTION INVOLVED,STRAIGHT/LEVEL,ASPHALT,OTHER (VEHICLE) - EXPLAIN IN NARRATIVE,UNDER $1001,OTHER - EXPLAIN IN NARRATIVE,900,905,Y,Y,E10THST,0,NONE,"Explain in narrative: Owner 1 stated he pulled the emergency brake after parking in the lot of the Wells Library. It appeared upon looking into the vehicle that the emergency brake was not engaged enough to keep the vehicle in place. V1 rolled out of the parking stall and struck V2 in the rear.V1 was backed into a parking stall facing south, directly across from V2.V2 was parked in a parking stall just south of V1.Owner 1 stated he parked the vehicle and left it in neutral before engaging the emergency brake. When asked if he engaged the emergency brake enough he was unsure."
903323196,MONROE SD,M19A6083,MONROE,RICHLAND,BLOOMINGTON,2/22/2019,7:47 AM,4,0,0,0,0,,N CURRY,PIKE,,,,N CURRY,VERNAL,,,,N,,2500,N,39.179248,-86.5832,LOCAL/CITY ROAD,,N,N,URBAN,N,N,N,,DAYLIGHT,CLEAR,DRY,,NO JUNCTION INVOLVED,CURVE/LEVEL,ASPHALT,FOLLOWING TOO CLOSELY,$10001 TO $25000,REAR END,749,810,N,N,NCURRYPIKEVERNALPIKE,0,NONE,"D1 ADVISED THAT HE WAS TRAVELING SOUTH ON NORTH CURRY PIKE WHEN D1 OBSERVED ANOTHER VEHICLE STOPPED IN HIS LANE OF TRAVEL. D1 ADVISED THAT HE ATTEMPTED TO STOP, HOWEVER COULD NOT STOP IN TIME TO PREVENT HITTING VEHICLE 2. V2 STRUCK V3, WHICK STRUCK V4. D4 ADVISED THAT THERE WAS A JEEP STOPPED IN THE MIDDLE OF THE ROADWAY AND HE STOPPED TO AVOID STRIKING THE VEHICLE. D4 ADVISED THAT HE WAS ABLE TO STOP IN TIME, HOWEVER HE WAS THEN REAR ENDED BY THE OTHER VEHICLES.DRIVER OF THE JEEP, THAT WAS BROKEN DOWN IN THE MIDDLE OF THE ROADWAY, TERI BARNETT (812)360-2246 ADVISED THAT HER VEHICLE RAN OUT OF GAS AND SHE TURNED ON HER HAZARD LIGHTS. MS. BARNETT ADVISED THAT SHE HAD ALREADY CONTACTED A PRIVATE TOW COMPANY TO BRING HER GAS, HOWEVER THEY HAD NOT SHOWN UP YET, AND THAT SHE FELT BADLY THAT THE OTHER VEHICLES WERE INVOLVED IN A CRASH BECAUSE SHE WAS UNABLE TO GET OUT OF THE ROADWAY."
903323296,INDIANA UNIV BLOOMINGTON PD,190485,MONROE,BLOOMINGTON,BLOOMINGTON,2/22/2019,11:35 AM,2,0,0,0,0,160,INDIANA,AVE,,,,INDIANA,,,,,Y,,,,39.16477757,-86.4985986,UNKNOWN,,N,N,URBAN,N,N,N,,DAYLIGHT,CLOUDY,DRY,,T-INTERSECTION,STRAIGHT/LEVEL,ASPHALT,IMPROPER TURNING,$1001 TO $2500,LEFT TURN,1136,1147,Y,N,INDIANAAVE,0,NONE,"V1 is a 26 foot, Penske moving truck.V1 was turning westbound from Indiana Avenue into the Von Lee Parking Lot. V2 was attempting to turn northbound onto Indiana Avenue from the Von Lee Parking Lot.V1's driver-side rear wheel, while turning westbound, struck V2's driver-side front bumper.V1 sustained no damage. V2 sustained damage to the front bumper."
903323763,INDIANA UNIV BLOOMINGTON PD,190495,MONROE,BLOOMINGTON,BLOOMINGTON,2/23/2019,6:30 PM,1,0,1,0,0,,10TH,ST,,,,E 10TH,SUNRISE,,,,Y,,,,39.17158,-86.51248,LOCAL/CITY ROAD,Y,N,Y,URBAN,N,Y,N,,DAYLIGHT,CLOUDY,WET,,FOUR-WAY INTERSECTION,STRAIGHT/LEVEL,ASPHALT,FAILURE TO YIELD RIGHT OF WAY,UNDER $1001,RIGHT TURN,716,716,N,N,E10THSTNSUNRISEDR,1,TRAFFIC CONTROL SIGNAL,"Vehicle 1 was traveling west on 10th Street approaching Sunrise Drive. Unit 2 was traveling west on 10th Street approaching Sunrise Drive.Driver 1 began turning north into the 10th Street parking lot at Sunrise Drive. He stated he did not see Unit 2 and struck him as he turned with the front area of his vehicle.Unit 2 stated he was traveling in the bicycle lane going west through the traffic light when he was struck by a vehicle turning right. He stated he flipped over the handle bars and struck his head on the ground as he fell.Driver 1 did not complain of any injuries. Unit 2 stated his head hit the ground when he flipped over the handlebars. He advised he was wearing a helmet at the time but that he struggled to make complete sentences and think of words after the accident. Unit 2 also complained of pain to his abdominal area from hitting the handlebars. He was transported by ambulance to IU Health Bloomington Hospital.There was no damage to Vehicle 1 or Unit 2's bicycle.Driver 1 had left before officers arrived. Upon arriving at 1827 E 10th Street, Unit 2 advised after being struck, Driver 1 exited the vehicle and asked if he was okay. He stated he was and Driver 1 parked his vehicle in the lot before returning. Unit 2 stated after returning Driver 1 began speaking with Unit 2 and attempting to change the topic. He stated Driver 1 began telling him that he could give Unit 2 his number and assist him with his Biology class. Unit 2 stated Driver 1 asked several times to take Unit 2 home. Unit 2 stated he told Driver 1 he could not go home and that he was working approximately one block east at 1827 E 10th Street. Driver 1 stated he did not want to take Unit 2 there and asked repeatedly to take Unit 2 home. Unit 2 stated Driver 1 finally agreed to take Unit 2 to 1827 E 10th Street but upon arriving at the location he observed a Police Officer inside and refused to enter the building. Unit 2 stated he had to talk Driver 1 into driving around the building and entering the back door. After getting inside, Unit 2 stated Driver 1 immediately began trying to leave. Unit 2 stated his manager began telling Driver 1 to wait for police to arrive. Unit 2 and his manager advised Driver 1 stated several times ""No. No. No."" and continued trying to leave. Unit 2's manager told Driver 1 to give her his name and phone number. He gave his name and phone number to the manager before quickly leaving against the wishes of Unit 2 and the manager. Unit 2 stated Driver 1 made it clear he did not want police involved and made several statements to Unit 2 about not getting police involved. Unit 2 stated Driver 1 seemed very nervous and appeared to be ""tweaking"" like he was on some type of drug. Officers were able to get in contact with Driver 1 and he returned to 1827 E 10th Street. While speaking with Driver 1 he stated he was just in a hurry but refused to answer why he wanted to leave without giving any information. He continued stating it was ""complicated"". I noticed Driver 1 was speaking slowly and his pupils were extremely constricted. Driver 1 stated he had not taken any medications or drugs. I transported Driver 1 to the IU Police Station for further testing. Officer Wagner was able to assist and obtain Driver 1's insurance information. Driver 1 did not consent to a search of his vehicle. After returning to the IU Police Station I asked Driver 1 to perform the SFSTs. He did not show any clues on HGN, Walk-and-Turn, or One Leg Stand. I checked for Lack of Convergence and it was present. His right eye button hooked out and fail to converge. I asked Driver 1 to perform the Romberg Balance test and he swayed heavily forward, backwards, and side-to-side the entire time. Driver 1 consented to a blood draw and I transported him to the hospital. A blood draw kit was completed and placed into evidence. The blood results returned negative for all the drugs that the lab tests for. The case was sent to the Prosecutor and charges will be pending for Leavin"
903323925,MONROE SD,M19A6231,MONROE,RICHLAND,ELLETTSVILLE,2/23/2019,8:03 PM,1,0,1,0,0,,WEST REEVES,RD,,,,WEST REEVES,WEST GILMORE,,,,N,,,,39.231648,-86.671296,LOCAL/CITY ROAD,,N,N,RURAL,N,N,N,,DARK (NOT LIGHTED),CLOUDY,WET,,T-INTERSECTION,CURVE/GRADE,ASPHALT,RAN OFF ROAD RIGHT,$10001 TO $25000,RAN OFF ROAD,804,813,Y,Y,WESTGILMORERDWESTREEVESRD,0,NONE,"V1 was traveling east bound on West Reeves Rd. V1 ran off the south side of the roadway, struck a tree and overturned. D1 was confused and visibly shaken up due to the crash; he was not sure what happened. D1 was treated for his injuries on-scene. D1 was transported by Deputy L. Frye to IU Health Bloomington Hospital for an operating while intoxicated investigation."