Master Record Number,Agency,Local Code,County,Township,City,Collision Date,Collision Time,Vehicles Involved,Trailers Involved,Number Injured,Number Dead,Number Deer,House Number,Roadway Name,Roadway Suffix,Roadway Number,Roadway Interchange,Roadway Ramp,Roadway Id,Intersecting Road,Intersecting Road Number,Mile Marker,Interchange,Corporate Limits?,Property Type,Feet From,Direction,Latitude,Longitude,Roadway Class,Traffic Control Devices?,Aggressive Driving?,Hit and Run?,Locality,School Zone?,Rumble Strips?,Construction?,Construction Type,Light Condition,Weather Conditions,Surface Condition,Type of Median,Roadway Junction Type,Road Character,Roadway Surface,Primary Factor,Damage Estimate,Manner of Collision,Time Notified,Time Arrived,Investigation Complete?,Photos Taken?,Unique Location Id,State Property Damage?,Traffic Control,NARRATIVE
903323673,INDIANA UNIV BLOOMINGTON PD,190496,MONROE,BLOOMINGTON,BLOOMINGTON,2/23/2019,7:50 PM,2,0,0,0,0,,THIRD,ST,,,,THIRD,SWAIN,,,,Y,,,,39.16425,-86.51526,LOCAL/CITY ROAD,,N,N,URBAN,N,N,N,,DARK (NOT LIGHTED),CLOUDY,WET,,T-INTERSECTION,STRAIGHT/LEVEL,ASPHALT,UNSAFE LANE MOVEMENT,$1001 TO $2500,LEFT TURN,755,800,Y,N,SWAINAVETHIRDST,0,LANE CONTROL,Both vehicles were driving west on 3rd Street approaching Swain Avenue. V1 was in the north lane and V2 was in the south lane. V1 was in front of V2. V1 attempted to turn south onto Swain Avenue. V1 turned in front of V2 and V2 struck V1. D1 stated she did not realize 3rd Street was a one-way street where they were driving. D1 admitted she turned in front of V2 and cut them off as she was turning toward Swain Avenue. D2 stated that V1 turned from 3rd Street toward Swain Avenue. D2 stated V1 cut her off and she was unable to stop before striking V1. V2's right bumper struck the left rear quarter panel of V1. V1 had minor damage to the left rear quarter panel along with a broken taillight. V2 had minor cosmetic damage to the right front bumper. Neither driver complained of pain in my presence.
903340164,BLOOMINGTON PD,B1907629,MONROE,PERRY,BLOOMINGTON,2/23/2019,2:05 PM,2,0,0,0,0,,3RD,ST,,,,W 3RD,,SR37,,,Y,,,,39.164752,-86.573104,LOCAL/CITY ROAD,Y,N,N,URBAN,N,N,N,,DAYLIGHT,RAIN,WET,,FOUR-WAY INTERSECTION,STRAIGHT/LEVEL,ASPHALT,FOLLOWING TOO CLOSELY,$1001 TO $2500,REAR END,210,211,Y,N,SSTATEROAD37RDW3RDST,0,TRAFFIC CONTROL SIGNAL,V1 and V2 were traveling westbound on W 3rd St and were at the intersection with S State Road 37 when V2 stopped in the roadway due to congested traffic in front of it. V1 was not able to stop behind V2 before it struck the rear bumper of V2. D1/V1 stated it was stop and go traffic due to heavy congestion in the area and could not stop in time before his vehicle struck the rear bumper of V2 in the roadway. D1 advised his vehicle slid into the rear bumper portion of V2 after he applied the brakes. D2/V2 stated he was forced to stop due to heavy congested traffic in front of him. D2 stated upon doing so his vehicle was struck from behind by V1. V1 sustained heavy front end damage and was towed from the scene due to disabling damage. V2 sustained minor damage to the rear bumper portion was driven away from the scene by D2.
903323559,BLOOMINGTON PD,B1907622,MONROE,BLOOMINGTON,BLOOMINGTON,2/23/2019,1:03 PM,2,0,0,0,0,,2ND,ST,,,,W 2ND,ROGERS,,,,Y,,,,39.16139,-86.5387,LOCAL/CITY ROAD,Y,N,Y,URBAN,N,N,N,,DAYLIGHT,RAIN,WET,,FOUR-WAY INTERSECTION,STRAIGHT/LEVEL,ASPHALT,FOLLOWING TOO CLOSELY,$1001 TO $2500,REAR END,103,135,Y,Y,SROGERSSTW2NDST,0,TRAFFIC CONTROL SIGNAL,"V1 and V2 were traveling E/B on 2nd ST. V1 rear ended V2 due to V1 following to closely.D1 advised that she was traveling E/B on 2nd Street. D1 stated that the traffic signal had turned yellow at the intersection of 2nd and Rogers and V2 which was in front of V1 stopped in the middle of the intersection suddenly. D1 advised that she had to stop abruptly when she rear end V2. D1 advised that V2 was not damaged. D1 advised that she was not injured.D2 left the scene of the accident. Due to D1 following to closely, V1 rear ended V2 causing damage to V1."
903323837,BLOOMINGTON PD,B1907756,MONROE,BLOOMINGTON,BLOOMINGTON,2/24/2019,9:04 AM,1,0,0,0,0,250,WASHINGTON,ST,,,,WASHINGTON,,,,,Y,PRIVATE,,,39.16513371,-86.5324,LOCAL/CITY ROAD,,N,N,URBAN,N,N,N,,DAYLIGHT,CLOUDY,DRY,,NO JUNCTION INVOLVED,STRAIGHT/GRADE,ASPHALT,RAN OFF ROAD RIGHT,$5001 TO $10000,OTHER - EXPLAIN IN NARRATIVE,907,908,Y,Y,WASHINGTONST,0,NONE,"Vehicle 1 was traveling Southbound on Washington Street approaching the 3rd Street intersection. Vehicle 1 left the roadway, on the West side of the road, striking the East side of the building located at 250 S Washington Street. Driver 1 was arrested for Operating While Intoxicated."
903325347,MONROE SD,M19A6643,MONROE,PERRY,BLOOMINGTON,2/24/2019,9:00 AM,1,0,0,0,0,,ROCKPORT,RD,,,,ROCKPORT,POPCORN,,,,N,,2000,N,39.21340507,-86.58986,COUNTY ROAD,,N,N,RURAL,N,N,N,,DAYLIGHT,CLEAR,DRY,,NO JUNCTION INVOLVED,CURVE/LEVEL,ASPHALT,OVERCORRECTING/OVERSTEERING,$1001 TO $2500,OTHER - EXPLAIN IN NARRATIVE,1000,1010,Y,N,POPCORNRDROCKPORTRD,0,NONE,Driver one stated he was pushing a tree out of the road and the tree flipped up and hit the truck.
903323742,BLOOMINGTON PD,B1907723,MONROE,BLOOMINGTON,BLOOMINGTON,2/24/2019,1:33 AM,2,0,0,0,0,,3RD,ST,,,,3RD,PATTERSON,,,,Y,PRIVATE,,,39.16424,-86.551785,LOCAL/CITY ROAD,Y,N,Y,URBAN,N,N,N,,DARK (LIGHTED),RAIN,WET,,INTERCHANGE,CURVE/GRADE,ASPHALT,SPEED TOO FAST FOR WEATHER CONDITIONS,$10001 TO $25000,REAR END,136,139,N,Y,3RDSTPATTERSONST,0,TRAFFIC CONTROL SIGNAL,"V1 REAR ENDED V2 AT THE INTERSECTION OF 3RD AND PATTERSON. V1 THEN REVERSED AND STRUCK VILLAGE PANTRY SIGN.D1 LEFT THE SCENE PRIOR TO ARRIVAL, WAS NOT LOCATED.D2 STATED THAT HE WAS STOPPED AT THE RED LIGHT FACING WEST BEFORE HE WAS REAR ENDED. D2 STATED THAT V1 REVERSED AND STRUCK VILLAGE PANTRY SIGN. D2 STATED THAT D1 RAN OFF."
903323839,BLOOMINGTON PD,B1907766,MONROE,BLOOMINGTON,BLOOMINGTON,2/24/2019,5:00 AM,2,0,,,0,701,N WALNUT,ST,,,,N WALNUT,,,,,Y,,,,39.173248,-86.533488,LOCAL/CITY ROAD,Y,,Y,URBAN,N,N,N,,DARK (LIGHTED),,DRY,,NO JUNCTION INVOLVED,STRAIGHT/LEVEL,CONCRETE,,$2501 TO $5000,,1140,1220,Y,N,NWALNUTST,0,,"V1/D1 IS UNKNOWN. LEFT THE SCENE OF THE ACCIDENT. NO WITNESSES, NO CAMERAS, NO SUSPECTS AT THIS TIME.V2 WAS PARKED, BACKED IN UNDERNEATH THE COVERED PARKING AT 701 N. WALNUT ST. OWNER RETURNED TO VEHICLE AND NOTICE AN UNKNOWN VEHICLE STRUCK THE FRONT OF THE 2008 TOYOTA TACOMA SILVER TRUCK. VEHICLE WAS PUSHED FROM NORTH TO SOUTH IN THE LOT. OWNER STATED NEIGHBOR IN THE AREA HEARD A CRASH AROUND 515 AM ON TODAYS DATE."
903324697,BLOOMINGTON PD,B1907902,MONROE,PERRY,BLOOMINGTON,2/25/2019,2:43 PM,2,0,0,0,0,,EAST COVENANTER,BLVD,,,,EAST COVENANTER,SOUTH COLLEGE MALL,,,,Y,,,,39.155152,-86.497888,LOCAL/CITY ROAD,,N,N,URBAN,N,N,N,,DAYLIGHT,CLEAR,DRY,,T-INTERSECTION,STRAIGHT/LEVEL,ASPHALT,FOLLOWING TOO CLOSELY,$2501 TO $5000,REAR END,244,255,Y,N,EASTCOVENANTERBLVDSOUTHCOLLEGEMALLRD,0,NONE,"D2 STATED THAT SHE WAS ON EAST COVENANTER, HAVING JUST TURNED OFF OF SOUTH COLLEGE MALL.D2 STATED THAT SHE WAS STOPPED AND ATTEMPTING TO TURN LEFT, NORTH, INTO THE PARKING LOT OF 965 SOUTH COLLEGE MALL ROAD.D2 STATED THAT AS SHE WAS STOPPED, WHILE WAITING FOR TRAFFIC SO SHE COULD TURN LEFT, THE FRONT OF V1 DID MAKE CONTACT WITH THE REAR OF V2, RESULTING IN DAMAGE TO BOTH VEHICLES.D1 STATED THAT SHE HAD JUST TURNED EAST ONTO EAST COVENANTER OFF OF SOUTH COLLEGE MALL.D1 STATED THAT SHE DID NOT REALIZE THAT V2 WAS STOPPED.D1 STATED THAT THE FRONT OF V1 DID MAKE CONTACT WITH THE REAR OF V2, RESULTING IN DAMAGE TO BOTH VEHICLES.NEITHER VEHICLE WAS TOWED DUE TO DISABLING DAMAGE."
903324784,MONROE SD,M19A6476,MONROE,VAN BUREN,BLOOMINGTON,2/25/2019,6:02 AM,1,0,0,0,1,,,,SR45E,,,SR45E,ELLER,,,,N,,250,W,39.12180244,-86.61507935,STATE ROAD,,N,N,RURAL,N,N,N,,DARK (NOT LIGHTED),CLEAR,DRY,,NO JUNCTION INVOLVED,STRAIGHT/LEVEL,ASPHALT,ANIMAL/OBJECT IN ROADWAY,$1001 TO $2500,COLLISION WITH DEER,602,612,Y,N,ELLERRDSR45E,0,NONE,D1 WAS TRAVELING EB ON W ST RD 45. D1 HIT A DEER THAT WAS DECEASED IN THE MIDDLE OF THE ROADWAY.THE UNDERCARRIEGE OF THE VEHICLE WAS DAMAGED MAKING THE VEHICLE INOPERABLE. THE VEHICLE MOVED FROM THE ROADWAY PRIOR TO MY ARRIVAL.
903327133,MONROE SD,M19A6872,MONROE,VAN BUREN,BLOOMINGTON,2/25/2019,5:30 AM,2,0,0,0,0,,WEST CURRY,CT,,,,WEST CURRY,SOUTH CURRY,,,,N,,1000,W,39.14744,-86.582592,COUNTY ROAD,,N,N,RURAL,N,N,N,,DARK (NOT LIGHTED),CLEAR,DRY,,NO JUNCTION INVOLVED,STRAIGHT/LEVEL,ASPHALT,UNSAFE BACKING,$1001 TO $2500,BACKING CRASH,905,916,Y,N,SOUTHCURRYPIKEWESTCURRYCT,0,NONE,VEHICLE 1 WAS BACKING SOUTHBOUND WHEN IT STRUCK VEHICLE 2. VEHICLE 2 WAS PARKED WITH NO OCCUPANTS.DRIVER 1 WAS UNINJURED AND REFUSED MEDICAL.BOTH VEHICLES WERE DRIVABLE AND DRIVEN FROM SCENE.
903324674,INDIANA UNIV BLOOMINGTON PD,190510,MONROE,BLOOMINGTON,BLOOMINGTON,2/25/2019,5:30 PM,2,0,0,0,0,1320,E 10TH,ST,,,,E 10TH,,,,,Y,,,,39.17157747,-86.51808392,UNKNOWN,,N,N,URBAN,N,N,N,,DAYLIGHT,CLEAR,DRY,,FOUR-WAY INTERSECTION,STRAIGHT/LEVEL,ASPHALT,FAILURE TO YIELD RIGHT OF WAY,UNDER $1001,RIGHT ANGLE,537,547,Y,N,E10THST,0,NONE,V1 going south in the Wells Library parking lot. V2 was turning west into the Wells Library parking lot from Jordan Ave.D1 stated that she was going south in the Wells Library parking lot going past one of the entrances. D1 stated she saw D2 entering the parking lot as she was passing the entrance. D2 stated she attempted to brake and swerve to get out of the way of D2 but could not and the front of D2 collided with her driver's side door.D2 stated he was turning west into the Wells Library parking lot. D2 stated that as he turned west into the parking lot the sun got in his eyes and he did not see V1 until he collided with her driver's side door.
903325186,BLOOMINGTON PD,B1907913,MONROE,PERRY,BLOOMINGTON,2/25/2019,3:45 PM,2,0,0,0,0,,WALNUT,ST,,,,S WALNUT,COUNTRY CLUB,,,,Y,,,,39.1361,-86.531055,LOCAL/CITY ROAD,Y,N,N,URBAN,N,N,N,,DAYLIGHT,CLEAR,DRY,,FOUR-WAY INTERSECTION,STRAIGHT/GRADE,ASPHALT,FOLLOWING TOO CLOSELY,$1001 TO $2500,REAR END,345,350,Y,N,SWALNUTSTWCOUNTRYCLUBDR,0,TRAFFIC CONTROL SIGNAL,"D1 and D2 were headed E/B on W Country Club Dr, approaching S Walnut St. D2 stopped in traffic due to a red traffic signal. D1 failed to stop in time, causing the front of V1 to collide with the rear of V2. D1 stated that she was headed E/B on W Country Club Dr, approaching S Walnut St. D1 stated that she saw D2 stopped in traffic, but thought that traffic had begun to move again East. D1 stated that by the time she realized D2 was not moving she hit the brakes, however it was too late. V1 then struck V2 in the rear, causing a collision.D2 stated that she was headed E/B on W Country Club Dr, approaching S Walnut St. D2 stated that she stopped in traffic due to a red traffic signal. D2 stated that as she waited for the traffic signal to turn green, she was struck from the rear by V1."
903324769,BLOOMINGTON PD,B1907936,MONROE,PERRY,BLOOMINGTON,2/25/2019,7:20 PM,1,0,1,0,0,,PATTERSON,DR,,,,S PATTERSON,2ND,,,,Y,,,,39.1606,-86.548355,LOCAL/CITY ROAD,Y,N,N,URBAN,N,N,N,,DARK (LIGHTED),CLEAR,DRY,,FOUR-WAY INTERSECTION,STRAIGHT/LEVEL,ASPHALT,PEDESTRIAN ACTION,UNDER $1001,OTHER - EXPLAIN IN NARRATIVE,720,724,Y,Y,SPATTERSONDRW2NDST,1,TRAFFIC CONTROL SIGNAL,"D1 was headed S/B on S Patterson Dr., and stopped at the intersection of W 2nd St. D1 then proceeded through the intersection as the pedestrian, Russell, crossed S Patterson Dr. V1 then struck Russell with it's front passenger side, causing a collison. Russell was transported to the hospital with a complaint of pain in his left knee. D1 was treated at scene and reported no injuries. D1 did state that he had consumed 2 beers at dinner. I did have him complete the field sobriety test Horizontal Gaze Nystagmus, to which he displayed none of the possible 6 clues. D1 stated he was headed S/B on S Patterson Dr., and stopped at the intersection of W 2nd St. D1 stated that he waited for the traffic light to turn green and then proceeded through the intersection. D1 stated that as he proceeded through the intersection he saw Russell walk from the sidewalk and into his lane of travel. D1 stated that he hit his brakes in an attempt to stop and miss Russell, however he was unable. D1 stated that he ""clipped"" Russell with the front passenger side of his vehicle. Russell stated that was at the intersection of S Patterson Dr and W 2nd St, waiting to cross S Patterson Dr E/B. Russell stated that he believes he had the traffic signal allowing him to cross the intersection, so he and his two friends, Steven Short and Kenneth McRoberts, began to cross S Patterson Dr. Russell stated that as he crossed S Patterson Dr he was struck by V1 as it traveled S/B on Patterson Dr. Both Steven and Kenneth stated that they believed they had the signal to cross the street. Witness #1, Stanley Corson, was located North of the intersection. Stanley stated that he was waiting to turn E/B onto W 2nd St from S Patterson Dr. Stanley stated that the traffic light was green for traffic S/B on S Patterson Dr and for those turning E/B onto W 2nd St, and does not believe that the cross walk signal was allowing pedestrians to cross S Patterson Dr. Witness #2, Erik Scales, was located South of the intersection, headed North on S Patterson Dr. Erik stated that he stopped at the intersection due to having a red traffic signal and waited for it to turn green. Erik stated that he saw Russell and his friends start to cross S Patterson Dr, and believes they did not have the cross walk signal allowing them to cross S Patterson Dr."
903324833,MONROE SD,M19A6517,MONROE,VAN BUREN,BLOOMINGTON,2/25/2019,1:43 PM,2,0,0,0,0,,CURRY,PIKE,,,,S CURRY,CONSTITUTION,,,,N,,,,39.15123,-86.58278,LOCAL/CITY ROAD,,N,N,URBAN,N,N,N,,DAYLIGHT,CLEAR,DRY,,T-INTERSECTION,STRAIGHT/LEVEL,ASPHALT,UNSAFE LANE MOVEMENT,$2501 TO $5000,SAME DIRECTION SIDESWIPE,138,141,Y,N,CONSTITUTIONAVESCURRYPIKE,0,NONE,"D2 was traveling in the driving lane, north on south curry pike, v1 was traveling north on south curry pike in the passing lane. V1 changed lanes and did not observe v2 striking it on the driver's side door and side view mirror. D1 advised that it was her fault, however she is not sure how the damage that v2 has on it was caused by her vehicle. Accident occurred near the constitution ave and curry pike and they both pulled into 1531 s curry pike to await for police."
903324341,BLOOMINGTON PD,B19-07864,MONROE,PERRY,BLOOMINGTON,2/25/2019,7:39 AM,2,0,0,0,0,,S ADAMS,ST,,,,S ADAMS,BLOOMFIELD,,,,Y,,,,39.160544,-86.5508,LOCAL/CITY ROAD,Y,N,N,URBAN,N,N,N,,DAYLIGHT,CLEAR,DRY,,FOUR-WAY INTERSECTION,CURVE/GRADE,ASPHALT,DISREGARD SIGNAL/REG SIGN,$10001 TO $25000,LEFT TURN,744,750,Y,N,BLOOMFIELDRDSADAMSST,0,TRAFFIC CONTROL SIGNAL,"THIS OCCURRED IN THE CITY OF BLOOMINGTON, COUNTY OF MONROE, STATE OF INDIANA.V1 WAS DRIVING EB ON BLOOMFIELD RD. V2 WAS DRIVING NB ON S ADAMS ST. V2 BEGAN TURNING LEFT (WB) ONTO BLOOMFIELD FROM S ADAMS ST. V1 COLLIDED WITH V2 IN THE INTERSECTION. IT SHOULD BE NOTED THAT AT THE TIME OF THE COLLISION IT WAS VERY SUNNY AND DRIVERS WERE HAVING DIFFICULTY SEEING.D1 SAID HE WAS DRIVING EB ON BLOOMFIELD RD. HE SAID IT WAS VERY SUNNY AND HE COULD NOT SEE AHEAD VERY WELL. D1 SAID HE COULD NOT TELL WHAT COLOR THE TRAFFIC LIGHT WAS. HE SAID HE GOT INTO THE INTERSECTION AND THEN COLLIDED WITH V2. D1 LATER SAID THAT HE THINKS HE MAY HAVE HAD THE GREEN LIGHT BECAUSE VEHICLES NEAR THE LOCATION BEGAN GOING INTO THE INTERSECTION AFTER THE COLLISION OCCURRED.D2 SAID HE WAS DRIVING NB ON S ADAMS ST. HE SAID HE HAD THE GREEN LIGHT AND BEGAN TO TURN LEFT (WB) ONTO BLOOMFIELD RD. D2 SAID AS HE GOT IN THE INTERSECTION V1 COLLIDED WITH HIM.V1 WAS IDENTIFIED BY HIS VALID TN DL. V2 WAS IDENTIFIED BY HIS VALID IN DL. BOTH DRIVERS ADMITTED TO DRIVING THEIR RESPECTIVE VEHICLES.V2 WAS TOWED TO RICKS TOW YARD BY RICKS TOWING, DUE TO DISABLING DAMAGE.OFFICER S. ROSE 1665 02/25/2019"
903325249,BLOOMINGTON PD,B1908086,MONROE,BLOOMINGTON,BLOOMINGTON,2/26/2019,8:34 PM,2,0,0,0,0,2301,2ND,ST,,,,E 2ND,,,,,Y,,,,39.16173,-86.50529,UNKNOWN,,N,Y,URBAN,N,N,N,,UNKNOWN,CLEAR,DRY,,NO JUNCTION INVOLVED,NON-ROADWAY CRASH,ASPHALT,DRIVER DISTRACTED - EXPLAIN IN NARRATIVE,$1001 TO $2500,OTHER - EXPLAIN IN NARRATIVE,834,915,N,Y,E2NDST,0,NONE,"THE OWNER OF V2 STATED HER VEHICLE WAS PARKED AT HER APARTMENT COMPLEX, LOCATED AT 2301 E 2ND STREET. THE OWNER OF V2 STATED SHE HAD PARKED IT IN THE NORTHWEST CORNER OF HER PARKING LOT. THE OWNER OF V2 BELIEVES HER VEHICLE WAS STRUCK WHILE PARKED THERE. THE OWNER V2 STATED SHE NOTICED SIGNIFICANT DAMAGE TO THE PASSANGER REAR QUARTER PANEL OF HER VEHICLE ON 2/26/2019 AT 08:30PM.AT THIS TIME I DO NOT HAVE SUSPECT INFORMATION FOR V1 OR D1."
903325182,BLOOMINGTON PD,B1908064,MONROE,BLOOMINGTON,BLOOMINGTON,2/26/2019,4:43 PM,2,0,2,0,0,,FESS,AVE,,,,FESS,1ST,,,,Y,,,,0,0,LOCAL/CITY ROAD,,N,N,URBAN,N,N,N,,DAYLIGHT,CLEAR,DRY,,FOUR-WAY INTERSECTION,STRAIGHT/GRADE,ASPHALT,FAILURE TO YIELD RIGHT OF WAY,$2501 TO $5000,RIGHT ANGLE,443,453,Y,Y,1STSTFESSAVE,0,STOP SIGN,"Vehicle 2 was traveling west on 1st Street and Vehicle 1 was traveling north on Fess Ave. At the intersection of Fess and 1st, Vehicle 2 stopped at the stop sign before proceeding through the intersection. Vehicle 1 was not required to stop at the intersection and proceeded through. Driver of Vehicle 2 did not see vehicle 1 on the roadway and pulled out in front of vehicle 2. Vehicle 1 then struck vehicle 2 in the front passenger side. Both the vehicles then went off the roadway. Vehicle 2 had major damage to the front and Vehicle 1 had major damage to the front passenger side. Driver and passenger of Vehicle 2 had minor injuries and were checked by IU Health Ambulance Service. Neither were transported to the hospital by ambulance. Driver of vehicle 1 stated he had no injuries. Both vehicles were towed from the scene due to disabling damage."
903325248,BLOOMINGTON PD,B1908055,MONROE,BLOOMINGTON,BLOOMINGTON,2/26/2019,4:10 PM,2,0,4,0,0,,WINSLOW,RD,,,,E WINSLOW,BURBERRY,,,,Y,,,,39.13599,-86.52313,LOCAL/CITY ROAD,,N,N,URBAN,N,N,N,,DAYLIGHT,CLEAR,DRY,,T-INTERSECTION,STRAIGHT/LEVEL,ASPHALT,FAILURE TO YIELD RIGHT OF WAY,$10001 TO $25000,LEFT/RIGHT TURN,414,422,Y,Y,EWINSLOWRDSBURBERRYLN,0,NONE,"D1 STATED SHE WAS TRAVELLING EAST ON E. WINSLOW RD. D1 STATED TRAFFIC WAS BACKED UP AND THERE WAS SPACE TO TURN LEFT ON TO S. BURBERRY LN, WHERE HER APARTMENT IS LOCATED. D1 STATED AS SHE TURNED LEFT, TO GO NORTHWEST, D2 WAS TRAVELLING WEST ON E. WINSLOW RD. IN THE TURN LANE. D1 STATED AS SHE WAS TURNING LEFT V2 MADE CONTACT WITH THE FRONT OF HER VEHICLE.D2 STATED SHE WAS TRAVELLING WEST ON E. WINSLOW RD IN THE RIGHT TURN LANE PREPARING TO TURN RIGHT INTO HER APARTMENT COMPLEX AT S BURBERRY LN. D2 STATED AS SHE APPROACHED HER INTERSECTION TO TURN, V1 TURNED IN FRONT OF HER STRIKING HER VEHICLE IN THE FRONT DRIVERS SIDE BUMPER."
903325592,MONROE SD,M19A6669,MONROE,PERRY,BLOOMINGTON,2/26/2019,3:00 PM,1,0,0,0,0,,SMITH,RD,,,,S SMITH,ST REMY,,,,N,,600,N,39.20558032,-86.48038,LOCAL/CITY ROAD,,N,Y,RURAL,N,N,N,,DAYLIGHT,CLEAR,DRY,,NO JUNCTION INVOLVED,STRAIGHT/LEVEL,ASPHALT,RAN OFF ROAD RIGHT,$5001 TO $10000,RAN OFF ROAD,300,315,N,Y,ESTREMYDRSSMITHRD,0,NONE,Driver left the scene prior to my arrival. Damage was done to the mailboxes at 2520 S Smith Rd and 2500 S Smith Rd. Minor damage was done to the utility pole in front of 2504 S Smith Rd but there was no pole number in sight.I was later able to contact the driver who stated he dosed off and ran off the roadway. D1 also stated his phone broke during the accident and he was unable to make the report at that time.
903325276,INDIANA UNIV BLOOMINGTON PD,190517,MONROE,BLOOMINGTON,BLOOMINGTON,2/26/2019,7:58 PM,1,0,1,0,0,,17TH,ST,,,,EAST 17TH,WOODLAWN,,,,Y,,327,W,39.17899975,-86.52465789,LOCAL/CITY ROAD,,N,N,URBAN,N,N,N,,DARK (LIGHTED),CLEAR,DRY,,NO JUNCTION INVOLVED,STRAIGHT/HILLCREST,ASPHALT,FAILURE TO YIELD RIGHT OF WAY,$2501 TO $5000,RIGHT ANGLE,759,800,N,N,EAST17THSTWOODLAWNAVE,1,OTHER REGULATORY SIGN/MARKING,"V1 was traveling westbound on E 17th St. approaching the crosswalk in front of the Devault Alumni Center at 1000 E 17th St. P1 was crossing the street at the crosswalk. V1 failed to yield the right of way and collided with P1.D1 advised that he was traveling westbound on E 17th St. Between N Cottage Grove Ave. and N Forest Ave. D1 advised that he had slowed down because he'd gotten cut off at N Cottage Grove Ave. D1 advised that once he passed the intersection he accelerated again and didn't realize there was a pedestrian in the crosswalk in front of him. D1 advised that he didn't see P1 until he had swiped him with the driver's side of V1. D1 advised that he stopped and checked on him immediately. D1 informed me immediately that he was driving on a suspended license, and that his insurance was ""probably expired."" D1 was unable to provide a valid insurance card, but advised the name of the insurance company that he had. D1 was issued citations for driving while suspended and failure to provide proof of financial responsibility.P1 advised that he was crossing E 17th St. northbound at the crosswalk near DeVault Alumni Center located at 1000 E 17th St. P1 advised that he was in the crosswalk almost halfway across the road when he observed V1 traveling westbound toward him. P1 advised that he stopped walking but realized that V1 was going to hit him, so he attempted to jump backwards. P1 was unsuccessful, and V1 ran over his feet, knocking him backwards. P1 complained of pain in his feet and tailbone from where he fell, but was standing when I arrived and declined to sit down due to the soreness in his tailbone. An ambulance crew arrived and P1 signed an SOR before driving himself to the hospital. P1 had a notably swollen right foot, but no other physical injuries. V1 sustained no damage."
903329481,BLOOMINGTON PD,B1908017,MONROE,BLOOMINGTON,BLOOMINGTON,2/26/2019,12:34 PM,2,0,0,0,0,,WALNUT,ST,,,,S WALNUT,SMITH,,,,Y,,100,S,39.15227603,-86.53375,LOCAL/CITY ROAD,,N,N,URBAN,N,N,N,,DAYLIGHT,CLEAR,DRY,,NO JUNCTION INVOLVED,STRAIGHT/LEVEL,ASPHALT,FAILURE TO YIELD RIGHT OF WAY,$10001 TO $25000,SAME DIRECTION SIDESWIPE,1234,1244,Y,N,SWALNUTSTSMITHAVE,0,NONE,"V1 and V2 were traveling NB on S Walnut Street, approaching Smith Avenue. V1 was in the east lane while V2 was in the west lane. D1 did not notice V2, and changed lanes left, without yielding. D1 stated that she was distracted by her GPS maps navigation. This resulted in V1 colliding with the passenger side of V2, causing non-incapacitating damage to both vehicles."
903325106,INDIANA UNIV BLOOMINGTON PD,190515,MONROE,BLOOMINGTON,BLOOMINGTON,2/26/2019,12:45 PM,2,0,0,0,0,,TENTH,ST,,,,TENTH,WOODLAWN,,,,Y,,,,39.171515,-86.52351,LOCAL/CITY ROAD,Y,N,N,URBAN,N,N,N,,DAYLIGHT,CLEAR,DRY,,FOUR-WAY INTERSECTION,STRAIGHT/LEVEL,ASPHALT,UNSAFE BACKING,$2501 TO $5000,BACKING CRASH,1248,1256,Y,N,TENTHSTWOODLAWNAVE,0,TRAFFIC CONTROL SIGNAL,"V1 was facing westbound on 10th Street at the Woodlawn Ave. Intersection. V2 was east of V1 on 10th Street, facingwestbound, at the Woodlawn Ave. Intersection.V1 backed eastbound, striking the front bumper of V2.V1 sustained damage to the rear bumper. V2 sustained damage along the front bumper.D2 has a valid Chinese driver's license. D2 did not have valid insurance at the time of the collision."
903325740,BLOOMINGTON PD,B1908191,MONROE,BLOOMINGTON,BLOOMINGTON,2/27/2019,3:42 PM,2,0,0,0,0,,LEONARD SPRINGS,RD,,,,LEONARD SPRINGS,BARGE,,,,Y,,350,S,39.09816728,-86.582605,LOCAL/CITY ROAD,,N,N,URBAN,N,N,N,,DAYLIGHT,CLEAR,DRY,,NO JUNCTION INVOLVED,STRAIGHT/LEVEL,ASPHALT,FOLLOWING TOO CLOSELY,$1001 TO $2500,REAR END,342,400,Y,N,BARGELNLEONARDSPRINGSRD,0,NONE,Vehicle 2 was traveling north on Leonard Springs Road and vehicle 1 was directly behind vehicle 2. Vehicle 2 was attempting to turn left into a private lot at 2910 S Leonard Springs Road. Driver of vehicle 2 turned on their turn signal and was waiting for south bound traffic to clear to make the turn. Driver of Vehicle 1 stated that he thought vehicle 2 was still continuing on the roadway and did not notice that vehicle 2 was stopped. Driver of vehicle 1 noticed vehicle 2 was turning and locked the brakes but was unable to avoid colliding with vehicle 2. Vehicle 2 had significant damage to the rear and vehicle 1 had damage to the front. No injuries were reported in this accident and both vehicles were able to drive away from the scene.
903325719,MONROE SD,M19A6809,MONROE,VAN BUREN,BLOOMINGTON,2/27/2019,5:32 AM,2,0,0,0,0,,INDUSTRIAL,DR,,,,INDUSTRIAL,YOST,,,,Y,,,,39.143744,-86.580736,LOCAL/CITY ROAD,,N,N,URBAN,N,N,N,,DAYLIGHT,CLEAR,DRY,,NO JUNCTION INVOLVED,STRAIGHT/LEVEL,ASPHALT,FAILURE TO YIELD RIGHT OF WAY,$2501 TO $5000,LEFT/RIGHT TURN,559,601,Y,N,INDUSTRIALDRYOSTAVE,0,NONE,D-2 stated she was traveling west on Industrial Drive when V-1 made a left turn in front of V-2 at which point V-2 struck V-1 on the passenger side of the vehicle. D-1 had the same statement as D-2.