Master Record Number,Agency,Local Code,County,Township,City,Collision Date,Collision Time,Vehicles Involved,Trailers Involved,Number Injured,Number Dead,Number Deer,House Number,Roadway Name,Roadway Suffix,Roadway Number,Roadway Interchange,Roadway Ramp,Roadway Id,Intersecting Road,Intersecting Road Number,Mile Marker,Interchange,Corporate Limits?,Property Type,Feet From,Direction,Latitude,Longitude,Roadway Class,Traffic Control Devices?,Aggressive Driving?,Hit and Run?,Locality,School Zone?,Rumble Strips?,Construction?,Construction Type,Light Condition,Weather Conditions,Surface Condition,Type of Median,Roadway Junction Type,Road Character,Roadway Surface,Primary Factor,Damage Estimate,Manner of Collision,Time Notified,Time Arrived,Investigation Complete?,Photos Taken?,Unique Location Id,State Property Damage?,Traffic Control,NARRATIVE
903336597,ISP BLOOMINGTON 33,2.019E+11,MONROE,PERRY,BLOOMINGTON,3/12/2019,1:31 PM,2,0,0,0,0,,FULERTON,PIKE,,,,FULERTON,I69 EXIT 115A,,,,N,,,,0,0,LOCAL/CITY ROAD,,N,N,RURAL,N,N,N,,DAYLIGHT,CLEAR,DRY,,TRAFFIC CIRCLE/ROUNDABOUT,CURVE/LEVEL,ASPHALT,FAILURE TO YIELD RIGHT OF WAY,$5001 TO $10000,RIGHT TURN,136,151,Y,N,FULERTONPIKEI69EXIT115ARAMP,0,ROUNDABOUT INTERSECTION,Fulerton Pike is a Monroe County roadway that runs east and west. It is constructed of concrete in some areas and asphalt in others. At the location of this accident it was asphalt in construction. The location where this accident occurred was in a roundabout intersection where Fulerton Pike and I-69 exit ramp 115A meet. The roadway was dry and clear of debris. The weather conditions were clear and daylight.Vehicle #1 was traveling north on I-69 exit ramp 115A approaching the Fulerton Pike roundabout and struck Vehicle #2 that was traveling east on Fulerton Pike. Vehicle #1 struck the right rear of Vehicle #2 with the left front of Vehicle #1.Vehicle #1 was traveling north on I-69 exit ramp 115A approaching Fulerton Pike roundabout.Vehicle #2 was traveling east on Fulerton Pike roundabout passing I-69 exit ramp 115A.Driver #1 indicated he looked to his left as he was entering the roundabout and didn't see Vehicle #2 until it was to late. Driver #1 indicated he saw Vehicle #2 just prior to striking Vehicle #2. Driver #1 indicated he got onto his brakes right away and thought they miss but he caught the right rear of Vehicle #2 with the left front of Vehicle #1.Driver #2 indicated he was in the roundabout starting to pass I-69 exit ramp 115A when he saw Vehicle #1 was not stopping or yielding to him. Driver #2 indicated he got Vehicle #2 over to the left as far as he could in an attempt to miss Vehicle #1 but was unable to avoid Vehicle #1.Driver #1 is at fault for this crash. Driver #1 failed to yield the right of way to Vehicle #2 that was in the roundabout. I asked both drivers if they needed any medical attention and both drivers indicated they were not hurt and did not need any medical attention.
903336157,ELLETTSVILLE PD,E1901416,MONROE,RICHLAND,ELLETTSVILLE,3/12/2019,3:35 PM,2,0,2,0,0,,,,SR46W,,,SR46W,NORTH UNION VALLEY,,,,Y,,,,39.215152,-86.5928,STATE ROAD,Y,N,N,URBAN,N,N,N,,DAYLIGHT,CLEAR,DRY,,FOUR-WAY INTERSECTION,STRAIGHT/LEVEL,ASPHALT,DISREGARD SIGNAL/REG SIGN,$10001 TO $25000,OTHER - EXPLAIN IN NARRATIVE,335,336,Y,Y,NORTHUNIONVALLEYRDSR46W,0,TRAFFIC CONTROL SIGNAL,"On March 12, 2019 Off duty Deputy Mathew Williamson was waiting for the light at Union Valley and State road 46 (on Union Valley) when his light turned green he seen a blue Dodge Van came through the light on State Road 46 heading east and struck a tan GMC Acaida. Deputy Williamson got out and checked on the two drivers and advised that he needed a unit that was on duty to head this way and that there was a infant involved. Once I Officer Dustin White arrived on scene I spoke Peggy Shields the owner of the tan GMC Acaida (V-2) and asked her what happpened. Ms.Sheilds advised that she had a green light and began to drive when she seen a blue van come through the intersection and struck her car in driver/front side of her car. I then went and spoke with Brittany Wallace the driver of the blue Dodge Caravan (V-1) and she stated that she swears that her light was green and that the other lady ran the light. After speaking with both of the drivers Ms. Wallace stated that she injured her left knee in the crash and her two juvenile passengers were not injured at all and stated that she was going to have her husband take her to the hospital. I then spoke more with Ms. Shields and she stated that she injured her neck in the crash and that she was transported to IU Health Bloomington for further evaluation. Bland's towing took both cars and I gave both drivers each others driving information."
903336228,BLOOMINGTON PD,B1910204,MONROE,BLOOMINGTON,BLOOMINGTON,3/12/2019,10:54 PM,1,0,0,0,0,1122,S MORTON,ST,,,,S MORTON,,,,,Y,PRIVATE,,,39.173216,-86.536,LOCAL/CITY ROAD,,N,N,URBAN,N,N,N,,DARK (NOT LIGHTED),CLEAR,DRY,,NO JUNCTION INVOLVED,STRAIGHT/LEVEL,ASPHALT,RAN OFF ROAD RIGHT,$2501 TO $5000,RAN OFF ROAD,1054,1100,Y,Y,SMORTONST,0,NONE,"On March 12th, 2019, driver 1 was driving south, emergent with lights and sirens on S Morton St where another officer had one person resisting law enforcement. Upon making a hard right turn, attempting to turn around, driver 1 pulled into a parking lot and hit a rock that was sitting in a landscaped area with mulch and other small rocks."
903338033,MONROE SD,M19A8304,MONROE,PERRY,BLOOMINGTON,3/12/2019,5:09 PM,3,0,0,0,0,,E DILLMAN,RD,,,,E DILLMAN,S EMPIRE,,,,N,,,,39.092928,-86.54176,COUNTY ROAD,,N,N,RURAL,N,N,N,,DAYLIGHT,CLEAR,DRY,,FOUR-WAY INTERSECTION,STRAIGHT/HILLCREST,ASPHALT,UNSAFE SPEED,$10001 TO $25000,REAR END,509,516,Y,N,EDILLMANRDSEMPIRERD,0,NONE,"V3 was in the intersection on E. Dillman Rd. facing westbound stopped for oncoming traffic, waiting to make a left hand turn onto S. Empire Rd. V2 was stopped behind V3. V1 crested the hill on E. Dillman Rd. traveling westbound at unsafe speeds and was unable to stop before rear ending V2, which caused V2 to rear end V3. D1 stated that he was traveling too fast. Both V1 and V2 sustained disabling damage."
903338034,MONROE SD,M19A8280,MONROE,VAN BUREN,BLOOMINGTON,3/12/2019,2:31 PM,2,0,0,0,0,3585,,,SR45,,,W STATE ROAD 45,,,,,N,,,,39.125312,-86.610496,UNKNOWN,,N,N,RURAL,N,N,N,,DAYLIGHT,CLOUDY,DRY,,NO JUNCTION INVOLVED,NON-ROADWAY CRASH,ASPHALT,FAILURE TO YIELD RIGHT OF WAY,$1001 TO $2500,RIGHT TURN,231,250,Y,N,WSTATEROAD45RD,0,NONE,"D1 WAS ATTEMPTING TO TURN OUT OF THE PARKING LANE THAT HE WAS IN ONTO THE BACK DRIVE OF THE WALMART PARKING LOT. D1 STATED THAT HE THOUGHT HE WAS CLEAR TO TURN AND WHEN HE STARTED, V2 WENT BY HIM AND THE LEFT FRONT OF V1 STRUCK THE RIGHT REAR OF V2. D2 STATED THE SAME."
903336051,BLOOMINGTON PD,B1910117,MONROE,BLOOMINGTON,BLOOMINGTON,3/12/2019,1:14 PM,2,0,0,0,0,1825,N KINSER,PIKE,,,,N KINSER,,,,,Y,,,,39.222752,-86.550096,UNKNOWN,,N,Y,URBAN,N,N,N,,DAYLIGHT,CLEAR,DRY,,NO JUNCTION INVOLVED,STRAIGHT/LEVEL,ASPHALT,IMPROPER TURNING,$1001 TO $2500,LEFT TURN,125,147,Y,Y,NKINSERPIKE,0,NONE,Owner of V2 stated that a gold pickup truck was attempting to leave a parking spot on the passenger side of his vehicle. The gold pickup's rear driver side tire made contact with the front passenger side of V2 causing minor damage. The gold pickup then left the scene and was not located. No plate or vehicle information was recovered for the gold pickup.Video footage was viewed by officers on scene and did match the statement of the owner of V2. The video showed a gold colored possibly a Ford pickup pulling out of a parking space and colliding with the front passenger side of V2.
903336657,BLOOMINGTON PD,B19-10283,MONROE,BLOOMINGTON,BLOOMINGTON,3/13/2019,3:28 PM,2,0,0,0,0,,N KINSER,PIKE,,,,N KINSER,W PARRISH,,,,Y,,,,39.188144,-86.5376,UNKNOWN,,N,Y,URBAN,N,N,N,,DAYLIGHT,CLOUDY,DRY,,T-INTERSECTION,STRAIGHT/LEVEL,ASPHALT,FOLLOWING TOO CLOSELY,UNDER $1001,REAR END,328,338,N,Y,NKINSERPIKEWPARRISHRD,0,STOP SIGN,"This was a rear end accident that occurred on W Parrish Road while the vehicles were coming to a stop at the stop sign at the intersection of N Kinser Pike.Upon arriving on scene, I met with the driver (D2) of the black Chrysler 200 (V2). D2 advised that he was heading east on W Parrish Road exiting Kroger when the vehicle behind him struck the rear of his vehicle as he stopped at the stop sign. D2 stated that the vehicle that rear ended him was a grey Dodge Avenger (V1). D2 advised that Driver 1 (D1) was a white female, 5'3"", 120Lbs, with dark hair. D2 reported that both vehicles turned around in order to pull back into the parking lot at Kroger. D2 advised that when he pulled behind V1 in the parking lot that the vehicle was empty. D2 reported that he did not know where D1 had went. I was able to observe both vehicles. V2 had a scratch on the left side of the rear bumper and V1 had multiple scuffs on the front end. I did take pictures of the damage to both vehicles.It should be noted that when I ran the the license plate on V1 that the plate returned to a 2000 White Crown Victoria belonging to Bradley Givens. I was unable to get a match on the vehicle identification number for V1."
903338063,MONROE SD,M19A8361,MONROE,PERRY,BLOOMINGTON,3/13/2019,7:55 AM,2,0,0,0,0,,,,SR37S,,,SR37S,OLD STATE ROAD 37,,,,N,,,,39.085632,-86.542304,STATE ROAD,Y,N,N,RURAL,N,N,N,,DAWN/DUSK,RAIN,WET,,FOUR-WAY INTERSECTION,STRAIGHT/LEVEL,ASPHALT,FOLLOWING TOO CLOSELY,$1001 TO $2500,REAR END,803,816,Y,N,OLDSTATEROAD37HWYSR37S,0,TRAFFIC CONTROL SIGNAL,D1 STATED THAT SHE WAS NORTH BOUND ON SR37 APPROACHING THE INTERSECTION WITH OLD 37 WHEN SHE COULD NOT GET ALL THE WAY STOPPED AT THE LIGHT AND REAR ENDED V2. D2 CONFIRMED THAT SHE HAD STOPPED AT THE TRAFFIC LIGHT AND WAS STRUCK FROM BEHIND BY V1.
903336688,BLOOMINGTON PD,B1910327,MONROE,PERRY,BLOOMINGTON,3/13/2019,8:06 PM,2,0,4,0,0,,,,SR45W,,,SR45W,CURRY,,,,Y,,,,39.14209202,-86.58241581,STATE ROAD,Y,N,N,URBAN,N,N,N,,DARK (LIGHTED),CLOUDY,DRY,,FOUR-WAY INTERSECTION,STRAIGHT/LEVEL,ASPHALT,FAILURE TO YIELD RIGHT OF WAY,$5001 TO $10000,RIGHT ANGLE,810,811,Y,N,CURRYPIKESR45W,0,TRAFFIC CONTROL SIGNAL,V1 WAS EASTBOUND ON SR 45 AT CURRY PIKE IN THE LEFT TURN LANE.V2 WAS WESTBOUND ON SR 45 AT CURRY PIKE GOING STRAIGHT.D1 SAID SHE HAD A GREEN LIGHT BUT NOT A GREEN ARROW. SHE SAID SHE WAS FOLLOWING SOMEONE AHEAD OF HER AND TURNED LEFT AND HIT V2.D2 SAID AS SHE DROVE THROUGH THE INTERSECTION ON A GREEN LIGHT V1 TURNED IN FRONT OF HER AND HIT HER.WITNESS #1 SAID SHE WAS STOPPED ON SOUTHBOUND CURRY PIKE AT THE RED LIGHT. SHE SAID SHE SAW V1 TURN NORTHBOUND FROM EASTBOUND SR 45. SHE SAID SHE SAW V2 COMING WESTBOUND AND THE TWO COLLIDED. SHE SAID SHE DID NOT SEE WHAT COLOR THE EAST/WESTBOUND LIGHTS WERE BUT KNEW HERS WAS RED.OTHER LOCATION OF INVESTIGATION WAS AT THE MONROE HOSPITAL EMERGENCY DEPT.CORRECTION MADE TO INTERSECTING STREET
903336657,BLOOMINGTON PD,B19-10283,MONROE,BLOOMINGTON,BLOOMINGTON,3/13/2019,3:28 PM,2,0,0,0,0,1825,N KINSER,PIKE,,,,N KINSER,,,,,Y,,,,39.222752,-86.550096,UNKNOWN,,N,Y,URBAN,N,N,N,,DAYLIGHT,CLOUDY,DRY,,T-INTERSECTION,STRAIGHT/LEVEL,ASPHALT,FOLLOWING TOO CLOSELY,UNDER $1001,REAR END,328,338,N,Y,NKINSERPIKE,0,STOP SIGN,"This was a rear end accident that occurred on W Parrish Road while the vehicles were coming to a stop at the stop sign at the intersection of N Kinser Pike.Upon arriving on scene, I met with the driver (D2) of the black Chrysler 200 (V2). D2 advised that he was heading east on W Parrish Road exiting Kroger when the vehicle behind him struck the rear of his vehicle as he stopped at the stop sign. D2 stated that the vehicle that rear ended him was a grey Dodge Avenger (V1). D2 advised that Driver 1 (D1) was a white female, 5'3"", 120Lbs, with dark hair. D2 reported that both vehicles turned around in order to pull back into the parking lot at Kroger. D2 advised that when he pulled behind V1 in the parking lot that the vehicle was empty. D2 reported that he did not know where D1 had went. I was able to observe both vehicles. V2 had a scratch on the left side of the rear bumper and V1 had multiple scuffs on the front end. I did take pictures of the damage to both vehicles.It should be noted that when I ran the the license plate on V1 that the plate returned to a 2000 White Crown Victoria belonging to Bradley Givens. I was unable to get a match on the vehicle identification number for V1."
903336586,BLOOMINGTON PD,B1910277,MONROE,BLOOMINGTON,BLOOMINGTON,3/13/2019,3:08 PM,2,0,0,0,0,,S COLLEGE,AVE,,,,S COLLEGE,W 1ST,,,,Y,,,,39.17688,-86.534736,LOCAL/CITY ROAD,,N,Y,URBAN,N,N,N,,DAYLIGHT,CLEAR,DRY,,FOUR-WAY INTERSECTION,STRAIGHT/LEVEL,ASPHALT,FOLLOWING TOO CLOSELY,UNDER $1001,REAR END,308,318,Y,Y,SCOLLEGEAVEW1STST,0,NONE,Driver of vehicle 2 was stopped at a red light on College Ave facing south in the left hand lane at the intersection of 1st street. Vehicle 2 was the front car at the intersection. Vehicle 1 was directly behind vehicle 2. Driver of vehicle 2 stated that vehicle 1 hit her in the rear of her vehicle. Driver of vehicle 2 got out and asked driver of vehicle 1 what they were doing. Driver of vehicle 1 told the female that she rolled forward and he thought she was going. Driver of vehicle 2 stated that the light was still red at the time of the accident. Vehicle 1 then left the area. No direction of travel or make/model of vehicle 1 was known. Vehicle 1 is believed to possibly be a gray SUV.There was minimal damage to the rear of Vehicle 2 and no injuries reported from the accident.
903336520,BLOOMINGTON PD,B1910268,MONROE,PERRY,BLOOMINGTON,3/13/2019,1:50 PM,2,0,0,0,0,,E 3RD,ST,,,,E 3RD,JORDAN,,,,Y,,,,39.16424,-86.5164,LOCAL/CITY ROAD,,N,N,URBAN,N,N,N,,DAYLIGHT,CLOUDY,DRY,,NO JUNCTION INVOLVED,STRAIGHT/GRADE,ASPHALT,UNSAFE LANE MOVEMENT,$2501 TO $5000,SAME DIRECTION SIDESWIPE,153,158,Y,N,E3RDSTJORDANAVE,0,NONE,V1 TRAVELLING WEST ON 3RD STREET APPROACHING JORDAN AVE. V1 WAS IN RIGHT LANE AND ATTEMPTED TO MERGE INTO THE LEFT LANE AND STRUCK V2.D1 STATED THAT HE DID NOT SEE V2 AS HE MERGED INTO THE LEFT LANE TO TURN INTO THE ALLEY BEHIND MOTHER BEARS.D2 STATED THAT SHE WAS IN THE LEFT LANE TRAVELLING WEST ON 3RD WHEN V1 MERGED INTO HER LANE AND STRUCK HER VEHICLE.
903337302,MONROE SD,M19A8454,MONROE,BENTON,BLOOMINGTON,3/14/2019,5:00 AM,1,0,0,0,0,,MAIN FOREST,RD,,,,MAIN FOREST,CHERRY LAKE,,,,N,,2910,S,0,0,LOCAL/CITY ROAD,,N,N,RURAL,N,N,N,,DARK (NOT LIGHTED),CLEAR,WET,,NO JUNCTION INVOLVED,STRAIGHT/LEVEL,ASPHALT,OTHER (DRIVER) - EXPLAIN IN NARRATIVE,$2501 TO $5000,OTHER - EXPLAIN IN NARRATIVE,510,522,Y,Y,CHERRYLAKELNMAINFORESTRD,0,NONE,"ON 3/14/ 2019 I WAS DISPATCHED TO A VEHICLE ACCIDENT IN THE AREA OF MAIN FOREST ROAD. IT WAS REPORTED BY THE MORGAN COUNTY SHERIFF'S OFFICE THAT THE DRIVER WAS A JOSHUA FULK. AFTER SEARCHING THE AREA FOR ALMOST AN HOUR, BECAUSE IT WAS REPORTED THAT MR. FULK WAS HURT, I LOCATED V1 UP AGAINST A TREE ON MAIN FOREST ROAD JUST SOUTH OF CHERRY LAKE ROAD. MR. FULK, D1, WAS NO WHERE TO BE FOUND AND NEVER REPORTED THE ACCIDENT. I RAN THE PLATE OF V1 WHICH CAME BACK TO RICHARD CLAPPER. MR. CLAPPER WAS CALLED AND SAID THAT HE WANTED US TO TOW THE CAR BACK TO HIS HOUSE AND THAT HE DIDN'T NEED A REPORT BECAUSE HE WAS A BODY SHOP OWNER. AS I SEARCHED FOR INSURANCE INFORMATION INSIDE THE VEHICLE TO COMPLETE THE ACCIDENT REPORT DUE TO THE FACT THAT WE WERE UNSURE IF D1 WAS HURT, I FOUND THAT THE PLATE ON V1 DID NOT BELONG TO V1. V1 IS SHOWING IN THE BMV SYSTEM TO BELONG TO MR. PRATHER. MR. CLAPPER STATED TO ME THAT HE HAS OWNED THE VEHICLE FOR 9 YEARS BUT MR. PRATHER HAD JUST RENEWED THE PLATES FOR 2019. D1 DID CALL IN TO DNR AND STATE THAT HE WAS DRIVING THE VEHICLE BUT HAS NEVER SHOWED UP TO SPEAK TO ME SINCE HE HAS A WARRANT OUT FOR HIS ARREST. FROM WHAT I CAN TELL V1 WAS TRAVELING SOUTH WEST ON MAIN FOREST ROAD JUST SOUTH OF CHERRY LAKE LANE WHEN IT LOST CONTROL, SPUN OUT AND STRUCK A TREE ON THE DRIVERS SIDE CAUSING SEVERE DAMAGE. THERE WERE NO SIGNS OF INJURY AT THE SCENE AND D1 DID NOT TELL DNR THAT HE WAS HURT. THERE WAS NO DAMAGE TO ANY OTHER PROPERTY OTHER THAN V1. THE VEHICLE WAS TOWED TO KEN'S WESTSIDE TOWING UNTIL THE PROPER OWNER CAN BE LOCATED."
903337211,BLOOMINGTON PD,B1910435,MONROE,VAN BUREN,BLOOMINGTON,3/14/2019,5:10 PM,2,0,0,0,0,3205,,,SR45,,,WEST STATE ROAD 45,,,,,Y,,,,39.125312,-86.610496,UNKNOWN,,N,Y,URBAN,N,N,N,,DAYLIGHT,CLEAR,DRY,,NO JUNCTION INVOLVED,STRAIGHT/GRADE,ASPHALT,FAILURE TO YIELD RIGHT OF WAY,$1001 TO $2500,RIGHT ANGLE,518,534,Y,Y,WESTSTATEROAD45RD,0,NONE,CRIMINAL CASE COMPLETED. MISDEMEANOR SUMMONS ON DRIVER 1 FOR LEAVING THE SCENE OF AN ACCIDENT (B MISDEMEANOR). DRIVER WAS INTERVIEWED AT HIS HOUSE 2389 S BRANDON COURT.D1 STATED HE WAS IN AN ACCIDENT IN SAM'S CLUB PARKING LOT. D2 STATED SHE WAS DRIVING EAST IN PRIVATE LOT OF SAM'S CLUB. D2 STATED V1 CUT IN FRONT OF HER FROM A PARKING STALL AND THEY COLLIDED.WITNESS CORROBORATED THESE STATMENTS AND PROVIDED LICENSE PLATE OF V1.
903337065,BLOOMINGTON PD,B1910403,MONROE,BLOOMINGTON,BLOOMINGTON,3/14/2019,2:40 PM,2,0,0,0,0,,BLOOMFIELD,RD,,,,W BLOOMFIELD,LIBERTY,,,,Y,,,,0,0,LOCAL/CITY ROAD,Y,N,N,URBAN,N,N,N,,DAYLIGHT,CLEAR,WET,,FOUR-WAY INTERSECTION,STRAIGHT/LEVEL,ASPHALT,FAILURE TO YIELD RIGHT OF WAY,$1001 TO $2500,OPPOSITE DIRECTION SIDESWIPE,245,254,Y,N,SLIBERTYDRWBLOOMFIELDRD,0,TRAFFIC CONTROL SIGNAL,"D1 STATED HE WAS DRIVING EAST ON W. BLOOMFIELD RD AND WAS NOT PAYING ATTENTION AND RAN THROUGH A RED LIGHT AT W. BLOOMFIELD RD AND S. LIBERTY DR INTERSECTION. D1 STATED AS HE RAN THE RED LIGHT, D2 CRASHED INTO HIM CAUSING DAMAGE TO THE REAR DRIVER BUMPER OF THE VEHICLE.D2 STATED SHE WAS TRAVELLING SOUTH ON S. LIBERTY DR. D2 STATED AS SHE PROCEEDED THROUGH S. LIBERTY DR. AND W BLOOMFIELD RD. INTERSECTION WITH A GREEN LIGHT, D1 RAN A RED LIGHT HEADING EAST ON W. BLOOMFIELD ROAD. D2 STATED SHE WAS ABLE TO HIT HER BREAKS, BUT STILL CRASHED INTO THE REAR DRIVER BUMPER OF V1. D2 STATED SHE SUSTAINED SMALL DAMAGE TO HER FRONT BUMPER.WITNESS STATED D2 WAS TRAVELLING SOUTH ON S. LIBERTY AND ATTEMPTED TO DRIVE THROUGH THE INTERSECTION OF W. BLOOMFIELD RD. WHEN D1 RAN A RED LIGHT TRAVELLING EAST ON W BLOOMFIELD RD. WITNESS STATED THE ACCIDENT OCCURRED AT THE INTERSECTION OF S. LIBERTY DR. AND W. BLOOMFIELD RD."
903336785,BLOOMINGTON PD,B1910376,MONROE,BLOOMINGTON,BLOOMINGTON,3/14/2019,7:03 AM,1,0,1,0,0,,GATES,DR,,,,NORTH GATES,JONATHAN,,,,Y,,600,S,39.10530661,-86.57642,LOCAL/CITY ROAD,,N,N,URBAN,N,N,N,,DARK (LIGHTED),CLOUDY,WET,,NO JUNCTION INVOLVED,CURVE/LEVEL,ASPHALT,DRIVER ASLEEP OR FATIGUED,$5001 TO $10000,RAN OFF ROAD,703,715,Y,Y,JONATHANDRNORTHGATESDR,0,NONE,"D1 (GUS LINNE) WAS TRAVELING NORTH BOUND ON GATES DRIVE. D1 ADVISED HE WAS UNCERTAIN WHAT HAPPENED, HOWEVER, INDICATED HE MAY HAVE FELL ASLEEP.V1 (FORD TRANSIT) LEFT THE ROADWAY AND STRUCK A TREE. V1 SUSTAINED EXTENSIVE FRONT END DAMAGE.TREE HAD A SMALL AMOUNT OF BARK MISSING BUT NO SIGNIFICANT DAMAGE. V1 TOWED BY AUTO MOBILE SERVIES. V1 IS A WORK VEHICLE FOR RIVERWAY PLUMBING LLC.D1 ISSUED CITATION FOR DRIVING WHILE SUSPENDED INFRACTION."
903337538,MONROE SD,M19A8598,MONROE,BEAN BLOSSOM,BLOOMINGTON,3/15/2019,7:49 AM,1,0,0,0,1,,,,SR46W,,,SR46W,HEDRICK,,,,N,,,,39.16320489,-86.41557352,STATE ROAD,,N,N,RURAL,N,N,N,,DAWN/DUSK,CLOUDY,DRY,,FOUR-WAY INTERSECTION,STRAIGHT/LEVEL,ASPHALT,ANIMAL/OBJECT IN ROADWAY,$5001 TO $10000,COLLISION WITH DEER,758,805,Y,N,SR46WWHEDRICKRD,0,NONE,DRIVER OF VEHICLE 1 STATED SHE WAS TRAVELING EAST BOUND ON SR 46W NEAR HENDRICKS RD WHEN A DEER JUMPED OUT IN FRONT OF HER CAR. SHE STATED SHE COULD NOT AVOID IT. THE VEHICLE SUSTAINED HEAVY FRONT END DAMAGE BUT WAS DRIVABLE. SHE LEFT THE SCENE AND REPORTED THE ACCIDENT ONCE SHE ARRIVED AT HER WORK. THE DEER WAS LOCATED IN THE AREA THE DRIVER STATED IT WOULD BE AND IT WAS PUT DOWN
903337782,INDIANA UNIV BLOOMINGTON PD,190634,MONROE,PERRY,BLOOMINGTON,3/15/2019,7:20 PM,2,0,0,0,0,,HENDERSON,ST,,,,HENDERSON,ATWATER,,,,Y,OTHER,,,39.162975,-86.52727,LOCAL/CITY ROAD,Y,N,N,URBAN,N,N,N,,DAYLIGHT,CLEAR,DRY,,FOUR-WAY INTERSECTION,STRAIGHT/LEVEL,ASPHALT,DISREGARD SIGNAL/REG SIGN,$5001 TO $10000,HEAD ON BETWEEN TWO MOTOR VEHICLES,723,728,Y,Y,ATWATERAVEHENDERSONST,0,TRAFFIC CONTROL SIGNAL,"Non-vehicle public property damage item - Other explain in narrative: A crosswalk sign and pole.Prior to the collision V1 was traveling north on S Henderson Street intending to continue north through the intersection with Atwater Avenue. V2 was traveling east on Atwater Avenue intending to continue east through the intersection. D1 said he was driving north on S Henderson Street, below the speed limit, and as he approached Atwater Avenue the automated traffic signal turned yellow. D1 said the light was still yellow as he continued straight. As D1 entered the intersection he saw V2 coming from the west and honked, but did not have time to avoid the collision. The front driver's side corner of V1 struck the front passenger side corner of V2. V1 was pushed to its right and came to a stop in the right-hand lane on Atwater Avenue. D2 said he was driving east on Atwater Avenue at approximately 25mph and the automated traffic signal at the intersection with S Henderson Street was green for east-bound traffic. D2 said the light had been green as long as it was in his view. D2 said as he approached the intersection he saw V1 pulling forward, but believed it would stop. D2 said since he had the green light he continued through the intersection. The front driver's side corner of V1 struck the front passenger side corner of V2. As a result of the impact, V2 was pushed and continued traveling northeast. V2 then struck a curb, went off the roadway, and struck a crosswalk sign and pole where it finally stopped. V1 sustained heavy damage to the front driver's side corner and wheel. The airbags were also deployed. V1 was towed by Bland's Wrecker Service due to disabling damage.V2 sustained heavy damage across the front end. The airbags were deployed, and fluid was leaking from underneath the vehicle. V2 was towed by Bland's Wrecker Service as a result of disabling damage.The crosswalk sign and pole were still standing and functioning after the collision, but there were dents and scratches on its base. The pole is also leaning slightly."
903337786,MONROE SD,M19A8635,MONROE,PERRY,BLOOMINGTON,3/15/2019,2:44 PM,1,0,0,0,0,,CLEAR CREEK,DR,,,,W CLEAR CREEK,MADISON,,,,N,,,,39.11112,-86.53735,LOCAL/CITY ROAD,,N,N,URBAN,Y,N,N,,DAYLIGHT,CLEAR,DRY,,T-INTERSECTION,STRAIGHT/LEVEL,ASPHALT,FAILURE TO YIELD RIGHT OF WAY,$5001 TO $10000,OTHER - EXPLAIN IN NARRATIVE,246,255,Y,N,MADISONSTWCLEARCREEKDR,1,NONE,"D1 ADVISED HE WAS DRIVING WEST ON W. CLEAR CREEK DRIVE TOWARDS SOUTH ROGERS STREET. A FEMALE ON A BICYCLE CAME NORTH OFF OF S. MADISON STREET AND RAN INTO THE LEFT FRONT DRIVERS SIDE OF HIS VEHICLE, SPUN AROUND AND HIT THE PASSENGER REAR DOOR. FEMALE ON THE BICYCLE STATED SHE WAS RIDING HER BIKE WITH HER FRIEND HEADING NORTH ON S. MADISON STREET. HER FRIEND CROSSED W. CLEAR CREEK DRIVE AND SHE THEN FOLLOWED. FEMALE STATED SHE DID NOT LOOK BOTH WAYS AND RAN INTO THE DRIVERS SIDE OF V1.FEMALE WAS TAKEN BY EMS TO IU HEALTH BLOOMINGTON TO BE CHECKED OUT."
903339354,MONROE SD,M19A8741,MONROE,CLEAR CREEK,BLOOMINGTON,3/16/2019,12:15 PM,2,0,0,0,0,,,,SR37S,,,SR37S,MONROE DAM,,,,N,,1000,N,39.02275305,-86.53550942,STATE ROAD,,N,N,RURAL,N,N,N,,DAYLIGHT,CLEAR,DRY,,NO JUNCTION INVOLVED,STRAIGHT/LEVEL,ASPHALT,UNSAFE LANE MOVEMENT,$2501 TO $5000,SAME DIRECTION SIDESWIPE,1218,1229,Y,N,MONROEDAMRDSR37S,0,NONE,"DRIVER OF VEHICLE 1 STATED SHE WAS TRAVELING NORTHBOUND ON SR 37S IN THE LEFT LANE, SHE STATED SHE NOTICED A LINE OF CARS BEHIND HER AND SHE STATED SHE BEGAN MOVING TO THE RIGHT LANE WHEN SHE IMPACTED VEHICLE 2.DRIVER OF VEHICLE 2 STATED HE WAS TRAVLING NORTHBOUND ON SR 37S, HE WAS BEHIND VEHICLE 1 AND MOVED TO THE RIGHT LANE DUE TO VEHICLE 1 SPEED BEING SLOW. HE STATED AS HE PASSED VEHICLE 1 IT CAME OVER INTO THE RIGHT LANE STRIKING HIS DRIVER SIDE DOOR AND CAUSING HIM TO LOSS CONTROL OF HIS VEHICLE, HE ENDED UP IN MEIDAN. VEHICLE 1 SUSTAINED DAMAGE TO THE PASSENGER SIDE FRONT BUT VEHICLE WAS DRIVERABLE. VEHICLE 2 SUSTAINED DAMAGE TO THE DRIVER SIDE FRONT, DRIVER DOOR, REAR DRIVER SIDE PASSENGER DOOR AND REAR QUARTER PANEL. VEHICLE 2 WAS DRIVABLE. AMBULANCE FROM IU BEDFORD WAS IN THE AREA AND STOPPED TO OFFER ASSISTANCE BUT WAS NOT CALLED BY DISPATCH OR EITHER DRIVER. DRIVER AND PASSENGER OF VEHICLE 2 WAS TALKED TO BY AMBULANCE PERSONNEL BUT REFUSED ANY CARE AS DID THE DRIVER OF VEHICLE 1."
903338071,MONROE SD,M19A8754,MONROE,PERRY,BLOOMINGTON,3/16/2019,4:13 PM,2,0,0,0,0,,,,SR37S,,,SR37S,OLD ST RD 37,,,,N,,,,38.92317,-86.5256,STATE ROAD,Y,N,N,URBAN,N,N,N,,DAYLIGHT,CLEAR,DRY,,FOUR-WAY INTERSECTION,STRAIGHT/LEVEL,ASPHALT,FOLLOWING TOO CLOSELY,UNDER $1001,REAR END,415,425,Y,N,OLDSTRD37RDSR37S,0,TRAFFIC CONTROL SIGNAL,"Unit 1 was traveling Northbound on ST RD 37 at the inter-section of OLD ST RD 37. While slowing for traffic, unit 2 drove into the back of unit 1. Both vehicles pulled onto the side of the road at OLD ST RD 37. Minor damage to both vehicles."
903339353,MONROE SD,M19A8739,MONROE,RICHLAND,STINESVILLE,3/16/2019,11:41 AM,2,0,0,0,0,,,,SR46W,,,SR46W,HEDRICK,,,,N,,500,E,0,0,STATE ROAD,,N,N,RURAL,N,N,N,,DAYLIGHT,CLEAR,DRY,,NO JUNCTION INVOLVED,STRAIGHT/GRADE,ASPHALT,BRAKE FAILURE OR DEFECTIVE,$10001 TO $25000,REAR END,1144,1158,Y,N,SR46WWHEDRICKRD,0,LANE CONTROL,"BOTH VEHICLES WERE TRAVELING EB ON W SR 46, EAST OF W HEDRICK ROAD.V1 REAR ENDED V2, AS VEHICLE V2 WAS SLOWING DOWN TO TURN INTO 9464 W STATE ROAD 46.D1 ADVISED THAT HIS BRAKES LOCKED UP AND FAILED WHICH CAUSED HIM TO REAR END V2.D2 STATED THAT SHE WAS ATTEMPTING TO TURN INTO HER RESIDENCE AND GOT REAR ENDED."