Master Record Number,Agency,Local Code,County,Township,City,Collision Date,Collision Time,Vehicles Involved,Trailers Involved,Number Injured,Number Dead,Number Deer,House Number,Roadway Name,Roadway Suffix,Roadway Number,Roadway Interchange,Roadway Ramp,Roadway Id,Intersecting Road,Intersecting Road Number,Mile Marker,Interchange,Corporate Limits?,Property Type,Feet From,Direction,Latitude,Longitude,Roadway Class,Traffic Control Devices?,Aggressive Driving?,Hit and Run?,Locality,School Zone?,Rumble Strips?,Construction?,Construction Type,Light Condition,Weather Conditions,Surface Condition,Type of Median,Roadway Junction Type,Road Character,Roadway Surface,Primary Factor,Damage Estimate,Manner of Collision,Time Notified,Time Arrived,Investigation Complete?,Photos Taken?,Unique Location Id,State Property Damage?,Traffic Control,NARRATIVE
903341449,ISP BLOOMINGTON 33,2.019E+11,MONROE,PERRY,BLOOMINGTON,3/22/2019,8:30 AM,2,0,0,0,0,,OLD SR37,HWY,,,,OLD SR37,,,,,N,,,,,,COUNTY ROAD,Y,N,N,RURAL,N,N,N,,DAYLIGHT,CLEAR,DRY,,FOUR-WAY INTERSECTION,CURVE/LEVEL,ASPHALT,FAILURE TO YIELD RIGHT OF WAY,$1001 TO $2500,REAR END,846,846,Y,N,OLDSR37HWYSR37,0,TRAFFIC CONTROL SIGNAL,"V2, black Ford, was stopped in the northbound lane of Old SR37; however, V2 was facing in a northeast direction at the intersection with SR37S. V1, silver Dodge, was stopped in the northbound lane of Old SR37 behind V2. V1 moved forward while V2 was still stopped at the traffic signal and the front of V1 struck the rear of V2.D1, Jacobs, stated she was stopped in the northbound lane of Old SR37 at SR37 behind V2. D1 stated she observed the northbound left turn arrow change to green and she began to move forward. D1 stated she did not realize V2 was still stopped and she struck the rear of V2 with the front of V1.D2, Cochran, stated he was stopped in the northbound lane of Old SR37 at SR37 with a red traffic signal. D2 stated V1 struck the rear of V2 while he was stopped at the traffic signal.Evidence shows damage to the front right bumper cover of V1 consistent with an impact with the tow hitch at the rear of V2. Evidence shows damage to the left rear bumper of V2. Evidence shows the traffic signal was operating correctly during the accident investigation."
903341647,BLOOMINGTON PD,B1911526,MONROE,PERRY,BLOOMINGTON,3/22/2019,7:00 PM,2,0,1,0,0,,E 3RD,ST,,,,E 3RD,S OVERHILL,,,,Y,,,,39.164272,-86.501488,LOCAL/CITY ROAD,,N,N,URBAN,N,N,N,,DAYLIGHT,CLEAR,DRY,,FOUR-WAY INTERSECTION,STRAIGHT/LEVEL,ASPHALT,FOLLOWING TOO CLOSELY,$1001 TO $2500,REAR END,705,710,Y,Y,E3RDSTSOVERHILLDR,0,NONE,"V1 and V2 were both traveling westbound along E 3rd St when at the intersection of S Overhill Dr, V1 struck the rear bumper portion of V2. Both vehicles sustained minor damage, however, D2 had a complaint of pain and was treated and released at the scene by emergency medical personnel. V1/D1 stated he was traveling westbound within the congested traffic along E 3rd St when his vehicle struck the rear bumper portion of V2 as it stopped in front of him. D1 stated his vision had been interfered with by the sun, which was shining directly into his face, causing him to not see V2 stopping in front of him. V2/D2 stated she was traveling westbound on E 3rd St when traffic in front of her stopped due to heavy congestion in the area. At that time, D2 stated her vehicle was struck from behind by V1. D2 stated she had a complaint of pain to her neck region and was treated and released by emergency medical personnel at the scene. V1 sustained minor damage to the front bumper portion of the vehicle. V2 sustained minor damage to the rear bumper portion of the vehicle.Both vehicles were driven away from the scene."
903341371,MONROE SD,M19A9553,MONROE,RICHLAND,BLOOMINGTON,3/22/2019,3:27 PM,2,0,0,0,0,,SMITH,PIKE,,,,SMITH,WOODYARD,,,,N,,750,N,,,LOCAL/CITY ROAD,,N,N,RURAL,N,N,N,,DAYLIGHT,CLEAR,DRY,,NO JUNCTION INVOLVED,STRAIGHT/GRADE,ASPHALT,FAILURE TO YIELD RIGHT OF WAY,$5001 TO $10000,RIGHT ANGLE,327,342,Y,N,SMITHPIKEWOODYARDRD,0,NONE,"V1 was entering lane of travel from the drive of 2447 S Smith Pike, when D1 claims the view was obstructed from utility pole and D1 did not see V2. As a result, V1 failed to yield right of way to V2.V2 was south bound on Smith Pike, when V1 failed to yield right of way to V2 and resulted in a right angle collision.W1 was behind V2 who advised V1 failed to yield right of way to V2 resulting in the collision, could not advise if speed was a factor as he was behind V2.P1 stated the view was obstructed and V2 appeared to be traveling at a high rate of speed."
903341262,BLOOMINGTON PD,B19-11441,MONROE,BLOOMINGTON,BLOOMINGTON,3/22/2019,8:20 AM,2,0,0,0,0,,PATTERSON,DR,,,,S PATTERSON,ALLEN,,,,Y,,,,0,0,LOCAL/CITY ROAD,Y,N,N,URBAN,N,N,N,,DARK (LIGHTED),CLEAR,DRY,,FOUR-WAY INTERSECTION,CURVE/GRADE,ASPHALT,FOLLOWING TOO CLOSELY,$1001 TO $2500,REAR END,828,837,Y,N,SPATTERSONDRWALLENST,0,TRAFFIC CONTROL SIGNAL,"THIS OCCURRED IN THE CITY OF BLOOMINGTON, COUNTY OF MONROE, STATE OF INDIANA.V1 AND V2 WERE SB ON S PATTERSON DR. V2 STOPPED FOR A RED LIGHT AND V1 REAR ENDED V2.D1 SAID HE WAS SB ON S PATTERSON DR. HE SAID HE DID NOT THINK V2 WAS GOING TO STOP FOR THE LIGHT SO WHEN V2 STOPPED HE REAR ENDED V2.D2 SAID HE WAS SB ON S PATTERSON DR. HE SAID THE LIGHT WAS RED SO HE STOPPED FOR THE RED LIGHT. D2 SAID V1 THEN REAR ENDED HIM.BOTH DRIVERS ADMITTED TO DRIVING THEIR RESPECTIVE VEHICLES. BOTH DRIVERS WERE IDENTIFIED BY THEIR VALID IN DL.OFFICER S. ROSE 1665 03/22/2019"
903341459,BLOOMINGTON PD,B1911503,MONROE,BLOOMINGTON,BLOOMINGTON,3/22/2019,5:49 PM,3,0,2,0,0,,2ND,ST,,,,W 2ND,COLLEGE,,,,Y,,,,0,0,LOCAL/CITY ROAD,Y,N,N,URBAN,N,N,N,,DAYLIGHT,CLEAR,DRY,,FOUR-WAY INTERSECTION,STRAIGHT/LEVEL,ASPHALT,FOLLOWING TOO CLOSELY,$5001 TO $10000,REAR END,549,549,Y,Y,SCOLLEGEAVEW2NDST,0,TRAFFIC CONTROL SIGNAL,"V1, V2 and V3 were traveling E/B on 2nd ST. V1 rear ended V2 which caused V2 to rear end V3 causing damage to all three vehicles. D1 advised that she was traveling E/B on 2nd ST. D1 stated that she rear ended V2 due to the fact that she was not paying attention and did not observe that the traffic control signal had turned red. D1 advised that she had a complaint of pain to her chest. D1 advised that her two children Adalee (12/12/13) and Olivia Hellyer (08/31/16) were inside of V1 and advised that both children had a scratch and complaint of pain to the right side of their neck from the seat belt during the crash. D1 and both children were treated on scene. D2 advised that she was stopped at the red traffic control signal E/B on 2nd ST. D2 advised that while stopped in traffic she felt the impact of V1 rear ending V2. D2 advised that when V2 was struck, she collided with V3 causing damage. D2 advised that she had a complaint of pain to her left shoulder 6 out of 10 and advised that she would follow up with her primary care doctor. D3 advised that she was stopped at the red traffic control signal E/B on 2nd ST. D3 advised that she then felt the impact of V2. D3 advised that she had a complaint of pain to her back 7 out of 10 and was treated on scene. Due to the fact the D1 was following to closely, V1 struck V2 which caused V2 to collide with V3."
903341111,INDIANA UNIV BLOOMINGTON PD,190682,MONROE,BLOOMINGTON,BLOOMINGTON,3/22/2019,6:54 AM,2,0,0,0,0,,,,SR46,,,SR46,BALFOUR,,,,Y,,,,0,0,STATE ROAD,,Y,N,URBAN,N,N,N,,DARK (LIGHTED),CLEAR,DRY,,T-INTERSECTION,CURVE/LEVEL,ASPHALT,FAILURE TO YIELD RIGHT OF WAY,$1001 TO $2500,RIGHT ANGLE,656,705,Y,N,EBALFOURSTSR46,0,STOP SIGN,"On 03/22/2019 I responded to the area of the IU Foundation entrance off of the Bypass 45/46 in reference to a two-vehicle collision. I arrived and noticed a silver Chevrolet Silverado (V2) and a maroon Chevrolet Trailblazer (V1). V1 was turning left (south) from the Foundation entrance and V2 was turning left (east) from the Bypass 45/46 into the Foundation entrance just prior to the collision.I spoke with V1, who advised me that he was driving in the Foundation Entrance Lot. He came to the stop sign and started to turn left (south) into the Bypass 45/46. He advised me that V2 was in the southbound lane of the Bypass 45/46. He stated he noticed him at the last minute and the front bumper of his vehicle struck the driver's side of V2. He advised me that V2 was attempting to turn left into the Foundation Lot and the collision occurred in between the north and south lane of traffic in the intersection. I spoke with V2, who advised me that he was traveling south on the Bypass 45/46 attempting to turn left into the IU Foundation parking lot. He stated that as he started to turn, the front bumper of V1 struck the rear driver's side tire of his vehicle. He stated that V1 was coming from the Foundation lot and was attempting to turn left just prior to the collision."
903342101,ISP BLOOMINGTON 33,2.019E+11,MONROE,BLOOMINGTON,BLOOMINGTON,3/22/2019,12:21 AM,1,1,0,0,1,,,,I69,,,I69,,,123.5,,N,,100,S,,,INTERSTATE,,N,N,RURAL,N,N,N,,DARK (NOT LIGHTED),CLEAR,DRY,,NO JUNCTION INVOLVED,STRAIGHT/LEVEL,ASPHALT,ANIMAL/OBJECT IN ROADWAY,$5001 TO $10000,COLLISION WITH DEER,1222,1243,Y,Y,I69123.5,0,LANE CONTROL,"Weather and Roadway Conditions-Clear, Dry, Dark and Light TrafficPrimary Cause-Vehicle 1 struck a deer in the center lane of northbound I69 south of the 123.5 mile markerVehicle 1 was traveling northbound on I69 just south of the 123.5 miler marker. Deer was traveling east bound across I69 just south of the 123.5 mile marker. Vehicle 1 struck the deer with its front bumper in the center lane of I69 just south of the 123.5 mile marker. Vehicle 1 pulled off on the shoulder just north of this location. The remains of the deer came to final rest in the center lane.Driver 1 stated that he was in the center lane traveling approximately 55MPH. Driver 1 said the deer came out of nowhere and he was unable to avoid hitting the deer.Observations-Vehicle 1 had heavy front end damage where it struck the deer. There was also a large amount of deer hair in the grill and radiator area. The radiator was damaged and was leaking fluid. This made Vehicle 1 unable to be driven from the scene. The remains of the deer was found just south of the 123.5 mile marker. I moved them to the right shoulder so it did not cause a secondary crash."
903341435,INDIANA UNIV BLOOMINGTON PD,190686,MONROE,BLOOMINGTON,BLOOMINGTON,3/22/2019,6:20 PM,1,0,0,0,0,709,FEE,LN,,,,N FEE,,,,,Y,,,,0,0,UNKNOWN,,N,N,URBAN,N,N,N,,DAYLIGHT,CLEAR,DRY,,NO JUNCTION INVOLVED,CURVE/GRADE,CONCRETE,DRIVER DISTRACTED - EXPLAIN IN NARRATIVE,$1001 TO $2500,OTHER - EXPLAIN IN NARRATIVE,626,640,Y,N,NFEELN,0,LANE CONTROL,"V1 was on the 5th Floor of the Fee Lane parking garage heading east. As V1 took the sharp left turn west to continue down the parking garage, V1's right front bumper struck a concrete parking garage support pole. D1 stated he was traveling down the parking garage. D1 stated while taking the turn, he believes he must have been distracted or his hand slipped off the steering wheel. D1 stated the right front bumper of his vehicle then struck the concrete support pole. V1 had heavy right front damage. It appeared the crash had also caused fluids to leak from V1. D1 stated he did not think it could be driven and requested a tow. The concrete pole had no damage to it. The pole had marks from previous collisions and I was unable to distinguish old marks with any new marks. D1 did not complain of pain or request medical attention in my presence."
903340979,MONROE SD,M19A9487,MONROE,CLEAR CREEK,BLOOMINGTON,3/22/2019,4:20 PM,1,0,0,0,1,,S OLD SR 37,RD,,,,S OLD SR 37,S GORE,,,,N,,900,N,39.032544,-86.541696,LOCAL/CITY ROAD,,N,N,RURAL,N,N,N,,DARK (NOT LIGHTED),CLEAR,DRY,,NO JUNCTION INVOLVED,STRAIGHT/LEVEL,ASPHALT,ANIMAL/OBJECT IN ROADWAY,$1001 TO $2500,COLLISION WITH DEER,420,438,Y,N,SGORERDSOLDSR37RD,0,NO PASSING ZONE,"D1 WAS TRAVELING NB ON S OLD SR 37. D1 STATED SHE SAW A PACK OF DEER CROSSING THE ROADWAY. SHE THOUGHT SHE WAS IN THE CLEAR, DUE TO THE PACK OF DEER HAVING ALREADY CROSSED THE ROAD. D1 SAID ONE DEER RETURNED ACROSS THE ROAD AT THE LAST MOMENT. D1 THEN COLLIDED WITH THE DEER.D1 THEN MOVED HER VEHICLE INTO A NEARBY DRIVEWAY. THE DEER, HIND LEGS PARALYZED, CRAWLED OFF THE ROADWAY AND INTO A NEARBY YARD. D1 DID NOT REQUEST AN AMBULANCE. THE DEER WAS PUT DOWN."
903341257,BLOOMINGTON PD,B1911464,MONROE,BLOOMINGTON,BLOOMINGTON,3/22/2019,11:43 AM,2,0,0,0,0,3546,JOHN HINKLE,PL,,,,JOHN HINKLE,,,,,Y,,,,39.17056,-86.492704,UNKNOWN,,N,N,URBAN,N,N,N,,DAYLIGHT,CLEAR,DRY,,NO JUNCTION INVOLVED,STRAIGHT/LEVEL,ASPHALT,UNSAFE BACKING,$1001 TO $2500,BACKING CRASH,1153,1205,Y,N,JOHNHINKLEPL,0,NONE,Driver 2 stated he was driving south through the parking lot near 3546 John Hinkle Pl. Driver 2 stated that vehicle 1 backed out of a parking spot and collided with his vehicle as he was driving by. Driver 1 stated he was backing out of the parking spot and collided with vehicle 2.
903341469,INDIANA UNIV BLOOMINGTON PD,190687,MONROE,BLOOMINGTON,BLOOMINGTON,3/22/2019,8:45 PM,2,0,0,0,0,1000,FEE,LN,,,,N FEE,,,,,Y,,,,0,0,UNKNOWN,,N,N,URBAN,N,N,N,,DARK (NOT LIGHTED),CLEAR,DRY,,NO JUNCTION INVOLVED,STRAIGHT/LEVEL,ASPHALT,UNSAFE BACKING,$1001 TO $2500,BACKING CRASH,849,853,Y,N,NFEELN,0,NONE,"V1 was in a parking spot on the west side of the Foster Circle Drive facing west. V2 was driving north on the Foster Circle Drive. As V2 was driving past V1, V1 backed into V2. V1's left rear bumper struck the area above V2's left rear tire. D1 stated while he was backing out and did not see V2 traveling behind him. D1 said he then struck V2. V1 had minor cosmetic damage to the left rear bumper. V2 stated he was traveling north on the Foster Circle Drive. D2 stated he did not see V1 backing out until after V2 had already been struck. V2 had minor cosmetic damage and a slight dent above the left rear tire.Neither driver complained of pain or requested medical attention in my presence."
903341453,MONROE SD,M19A9590,MONROE,INDIAN CREEK,BLOOMINGTON,3/22/2019,7:46 PM,2,0,0,0,0,,BREEDEN,RD,,,,BREEDEN,CRUM,,,,N,,,,39.047296,-86.666976,LOCAL/CITY ROAD,,N,N,RURAL,N,N,N,,DAWN/DUSK,CLOUDY,DRY,,T-INTERSECTION,STRAIGHT/GRADE,ASPHALT,LEFT OF CENTER,$2501 TO $5000,OPPOSITE DIRECTION SIDESWIPE,746,815,Y,N,BREEDENRDCRUMRD,0,NONE,V1 was north bound on Breeden Road at Crum Road when D1 traveled left of center to avoid a pot hole resulting in a opposite direction sideswipe with V2. V2 was south bound on Breeden Road at Crum road when D1 opposite direction sideswiped V2.I was not able to observe any large potholes in the immediate area of the accident.
903341611,MONROE SD,M19A9537,MONROE,VAN BUREN,BLOOMINGTON,3/22/2019,12:35 PM,2,0,0,0,0,970,ADAMS,ST,,,,S ADAMS,,,,,N,,,,0,0,COUNTY ROAD,,N,N,URBAN,N,N,N,,DAYLIGHT,CLEAR,DRY,,NO JUNCTION INVOLVED,STRAIGHT/LEVEL,ASPHALT,UNSAFE BACKING,$2501 TO $5000,RIGHT ANGLE,1241,1249,Y,N,SADAMSST,0,NONE,"V1 WAS BACKING SB OUT OF A PARKING SPACE AT 970 S ADAMS STREET AND STRUCK V2 THAT WAS TRAVELING EASTBOUND THROUGH THE PARKING LOT.D1 CLAIMED THAT SHE WAS MOSTLY OUT OF THE PARKING SPOT AND LOOKED BEFORE SHE BACKED AND DID NOT SEE ANOTHER VEHICLE.D2 ADVISED THAT V1 BACKED INTO HER VEHICLE.FOLLOWING THE COLLISION, BOTH VECHLES MOVED FROM THE POINT OF COLLISIONT TO ADJACENT PARKING SPACES. THEREFORE NO DIAGRAM COMPLETED."
903341012,MONROE SD,M19A9499,MONROE,PERRY,BLOOMINGTON,3/22/2019,6:53 AM,1,0,0,0,1,,WINSLOW,RD,,,,E WINSLOW,WYLIE FARM,,,,Y,,50,E,0,0,LOCAL/CITY ROAD,,N,N,URBAN,N,N,N,,DAWN/DUSK,CLEAR,ICE,,T-INTERSECTION,STRAIGHT/GRADE,ASPHALT,ANIMAL/OBJECT IN ROADWAY,$2501 TO $5000,COLLISION WITH DEER,650,650,Y,N,EWINSLOWRDSWYLIEFARMRD,0,NONE,"V1 WAS TRAVELIMG W ON WINSLOW RD.A DEER RAN INTO THE ROAD FROM THE NORTH AND V1 STRUCK THE DEER. THE DEER RAN INTO THE NEIGHBORHOOD TO HE SOUTH. THE VEHCLE IS DRIVABLE, AND THERE ARE NO INJURIES."
903344666,MONROE SD,M19A9667,MONROE,POLK,BLOOMINGTON,3/23/2019,12:57 PM,2,0,0,0,0,,,,SR46E,,,SR46E,KENT,,,,N,,,,39.152448,-86.400288,STATE ROAD,,N,N,RURAL,N,N,N,,DAYLIGHT,CLOUDY,DRY,,NO JUNCTION INVOLVED,STRAIGHT/LEVEL,ASPHALT,FOLLOWING TOO CLOSELY,$10001 TO $25000,REAR END,1257,125,Y,N,KENTRDSR46E,0,NONE,"V2 WAS STOPPED WAITING TO TURN S ONTO KENT RD. D2 STATED HE SAW V1 APPROACHING AND NOT SLOWING DOWN , D2 STATED THAT V1 REAR ENDED HIM. D1 STATED SHE REAR ENDED V2 WHEN SHE COULD NOT SLOW DOWN QUICKLY ENOUGH."
903341553,MONROE SD,M19A9627,MONROE,INDIAN CREEK,BLOOMINGTON,3/23/2019,3:34 AM,1,0,0,0,1,,,,I111,,,I111S,,,111.5,,N,,50,N,0,0,INTERSTATE,,N,N,RURAL,N,Y,N,,DARK (NOT LIGHTED),CLEAR,DRY,,NO JUNCTION INVOLVED,STRAIGHT/LEVEL,ASPHALT,ANIMAL/OBJECT IN ROADWAY,$5001 TO $10000,COLLISION WITH DEER,348,359,Y,N,I111S111.5,0,NONE,DRIVER 1 WAS TRAVELING SOUTHBOUND ON I69 AND HAD A DEER RUN OUT IN FRONT OF HIS VEHICLE. D1 STATED THAT HE COULD NOT AVOID THE DEER.
903341932,MONROE SD,M19A9669,MONROE,PERRY,BLOOMINGTON,3/23/2019,1:40 PM,1,0,0,0,0,7599,,,SR446S,,,SR446S,,,,,N,PRIVATE,,,39.148464,-86.471256,STATE ROAD,,N,N,RURAL,N,N,N,,DAYLIGHT,CLEAR,DRY,,NO JUNCTION INVOLVED,CURVE/GRADE,ASPHALT,RAN OFF ROAD RIGHT,$5001 TO $10000,RAN OFF ROAD,142,203,Y,N,SR446S,0,NONE,DRIVER STATED SHE WAS TRAVELING NORTH ON SR 446 WHEN HER VEHICLE LEFT THE ROADWAY AND STRUCK THE MAILBOXES FOR 6999 AND 7599 E WALDRIP CREEK ROAD AND DAMAGED HER VEHICLE. DRIVER ADVISED SHE WAS ABLE TO RETURN THE VEHICLE TO THE ROADWAY AND SAFELY STOP TO CALL POLICE.DRIVER DECLINED MEDICAL FOR HER GRANDDAUGHTER WAS IN THE CAR WHEN CRASH OCCURED. CHILD HAD OBVIOUS SINGS OF INJURY. THE ACCIDENT HAPPENED NEAR STATE ROAD 446 AND E WALDRIP CREEK ROAD.
903341737,INDIANA UNIV BLOOMINGTON PD,190693,MONROE,BLOOMINGTON,BLOOMINGTON,3/23/2019,11:09 AM,2,0,1,0,0,,,,SR46,,,SR46,MILO B SAMPSON,,,,Y,,,,0,0,STATE ROAD,,N,N,URBAN,N,N,N,,DAYLIGHT,CLEAR,DRY,,T-INTERSECTION,STRAIGHT/LEVEL,ASPHALT,FOLLOWING TOO CLOSELY,$2501 TO $5000,REAR END,1113,1114,Y,N,NMILOBSAMPSONLNSR46,0,NONE,"On 03/23/2019 at 1113 I was enroute to a personal injury accident at Milo B Sampson Road and the SR45/46 Bypass. When I arrived, Officer Cook was out with two vehicles. A deputy and an ambulance were also on scene. Officer Cook informed me that one male in V2, identified as John Ginther, had complained of neck pain but was cleared by EMS. V1 and V2 had both been traveling east in the right lane of the bypass approaching Milo B Sampson Road. V2 came to a stop as traffic was coming to a stop. V1 had been following behind V2 and did not have time to stop. Due to following too closely, V1 collided with the rear end of V2.D1 stated that she was traveling east on the Bypass in the right lane behind V2. D1 stated that she was experiencing a panic attack while driving and also stated that the sun was in her eyes. V1 states because of these factors, she did not have enough time to stop safely and collided with the rear of V2. D2 stated that she was traveling east on the Bypass in the right lane in front of V1. D2 stated that she came to a stop rather quickly as traffic stopped in front of her. D2 also stated that she looked up in her rear view mirror and noticed V1 was approaching and it appeared that the two vehicles were about to collide. D2 also mentioned that it appeared that D1 was on her phone at the time of the collision. John Ginther, a passenger of V2, complained of neck pain following the collision. EMS came to the scene and accessed John Ginther where he refused to be transported to Bloomington Hospital.V1 was towed via flatbed tow by Sturgis Tow Company."
903341527,BLOOMINGTON PD,B1911576,MONROE,BLOOMINGTON,BLOOMINGTON,3/23/2019,12:48 AM,2,0,0,0,0,,COLLEGE,AVE,,,,COLLEGE,10TH,,,,Y,,,,39.171744,-86.534768,LOCAL/CITY ROAD,,N,N,URBAN,N,N,N,,DARK (LIGHTED),CLOUDY,DRY,,NO JUNCTION INVOLVED,STRAIGHT/GRADE,ASPHALT,FAILURE TO YIELD RIGHT OF WAY,$2501 TO $5000,SAME DIRECTION SIDESWIPE,1248,100,Y,N,10THSTCOLLEGEAVE,0,LANE CONTROL,"V1 and v2 were traveling south on College Avenue; when v1 merged from the center lane into the east, colliding with v2. The primary cause of the accident is V1 failing to yield to V2."
903341865,BLOOMINGTON PD,B1911695,MONROE,BLOOMINGTON,BLOOMINGTON,3/23/2019,7:41 PM,2,0,0,0,0,110,WINSLOW,RD,,,,E WINSLOW,,,,,Y,,,,0,0,UNKNOWN,,N,N,URBAN,N,N,N,,DAYLIGHT,CLEAR,DRY,,NO JUNCTION INVOLVED,STRAIGHT/LEVEL,ASPHALT,IMPROPER TURNING,$1001 TO $2500,REAR END,740,750,Y,N,EWINSLOWRD,0,NONE,Vehicle 2 was parked in the parking lot of 110 E Winslow Rd facing north. Vehicle 1 was parked next to vehicle 2 in the parking lot also facing north. Driver of vehicle 1 backed out of the parking spot southeast.. After backing out of the spot driver of vehicle 1 began driving forward and tried to turn to the west. The driver of vehicle 1 was unable to turn sharp enough to avoid hitting vehicle 2. Vehicle 1 struck vehicle 2 in the rear causing minor damage to the rear of vehicle 2 and significant damage to the front passenger side of vehicle 1. No injuries were reported from the accident.
903341857,MONROE SD,M19A9691,MONROE,PERRY,BLOOMINGTON,3/23/2019,5:09 PM,4,0,0,0,0,,,,SR37S,,,SR37S,ORCHARD,,,,N,,425,S,0,0,STATE ROAD,,N,N,RURAL,N,N,N,,DAYLIGHT,CLEAR,DRY,,NO JUNCTION INVOLVED,STRAIGHT/GRADE,CONCRETE,FOLLOWING TOO CLOSELY,$5001 TO $10000,REAR END,509,513,Y,N,SORCHARDLNSR37S,0,NONE,"THE ORDER OF THE VEHICLES WAS MESSED UP UPON ENTRY. FROM BACK TO FROM THE ORDER IS V1, V3, V2, V4.V4 WAS ATTEMPTING TO MAKE A LEFT TURN INTO A DRIVEWAY ACCROSS THE ROAD ON S. OLD SR 37 AND DUE TO ONCOMMING TRAFFIC THEY STOPPED. V2 STOPPED BEHIND V4. V3 STOPPED BEHIND V2.V1 DIDN'T SEE THEM STOPPED AND D1 REAR ENDED V3. WHEN V3 WAS HIT D3 STATED HE RELEASED THE BREAK PEDAL OF V3 WAS PUSHED INTO V2. D2 STATED THAT WHEN SHE WAS HIT IT PUSHED V2 INTO THE TRAILER HITCH OF V4.THERE WASN'T ANY VISIBLE DAMAGE TO V4. V2 SUSTAINED A HOLE IN THE FRONT BUMPER FROM THE TRAILER HITCH OF V4 AS WELL AS REAR END DAMAGE FROM V3. V3 SUSTAINED FRONT AND REAR END DAMAGE. V1 SUSTAINED HEAVY FRONT END DAMAGE CAUSING IT TO HAVE TO BE TOWED."
903342075,INDIANA UNIV BLOOMINGTON PD,190709,MONROE,BLOOMINGTON,BLOOMINGTON,3/24/2019,2:50 PM,2,0,0,0,0,,ROSE,AVE,,,,S ROSE,JONES,,,,Y,,,,0,0,UNKNOWN,,N,N,URBAN,N,N,N,,DAYLIGHT,RAIN,WET,,NO JUNCTION INVOLVED,CURVE/LEVEL,ASPHALT,FOLLOWING TOO CLOSELY,$1001 TO $2500,REAR END,255,304,Y,N,EJONESAVESROSEAVE,0,NONE,"V1 was traveling westbound in the parking lot near Rose Avenue and Jones Street (Forest East Parking Lot). V2 was parked in a marked parking stall facing west in the lot. V1 then approached V2 to park in the marked parking stall directly behind V1. V1 got too close to V2 and could not stop due to lack of breaking. V1 then rear ended V2. There was minor damage to the rear bumper of V2 and minor damage to the front grille of V1.D1 stated that he was trying to park his vehicle in the marked parking stall and the brakes failed to work properly so he struck V2 because he was unable to come to a complete stop. D1 also stated that the vehicle did not belong to him and that he did not know if V1 had insurance. D1 then pointed me to the owner of the vehicle who stated that the vehicle did not have insurance. Chance Wesley, The owner of V2 stated that he was standing next to V2 when V1 began to attempt to park behind V2. Wesley stated that V1 slowed down but did not come to a stop before colliding with the rear of V2. Wesley stated that he could not tell why V1 did not stop. There were no injuries reported at the scene. V1 was towed by Bland's Towing due to the vehicle not being properly insured and possible brake failure. D1 was cited for operating a vehicle without financial responsibility and for operating a vehicle with expired plates."
903342162,BLOOMINGTON PD,B1911823,MONROE,PERRY,BLOOMINGTON,3/24/2019,5:39 PM,2,0,2,0,0,,W BLOOMFIELD,RD,,,,W BLOOMFIELD,S OAKDALE,,,,Y,,,,39.148544,-86.571504,LOCAL/CITY ROAD,Y,N,N,URBAN,N,N,N,,DAYLIGHT,CLOUDY,WET,,FOUR-WAY INTERSECTION,STRAIGHT/GRADE,ASPHALT,IMPROPER LANE USAGE,$2501 TO $5000,SAME DIRECTION SIDESWIPE,745,749,Y,Y,SOAKDALEDRWBLOOMFIELDRD,0,TRAFFIC CONTROL SIGNAL,"D1 and D2 were headed W/B on W Bloomfield Rd., approaching the intersection of S Oakdale Dr. D1 attempted to merge from the left hand lane into the right hand lane so that should could make a right turn onto S Basswood Dr. As D1 merged lanes, she did not see V2 to her right, causing a collison. D1 stated that she was headed W/B on W Bloomfield Rd., approaching the intersection of S Oakdale Dr. D1 stated that she was in the left hand lane and attempted to merge into the right hand lane so that she could turn right onto S Basswood Dr. D1 stated that she did not see V2 until the collsion occured between V1's passenger side and V2's front drive side. D2 stated that he was headed W/B on S Bloomfield Rd., approaching the intersection of S Oakdale Dr. D2 stated that as he approached the intersection and was passing V1 on the right side, V1 began to merge into his lane, leaving him no where to go. D2 stated that he tried to hit his brakes, however he could not stop V2 from striking V1. D2 stated he didn't know if D1 was trying to merge lanes, or if she was trying to turn onto S Basswood Dr, based on her merging as they entered the intersection."