Master Record Number,Agency,Local Code,County,Township,City,Collision Date,Collision Time,Vehicles Involved,Trailers Involved,Number Injured,Number Dead,Number Deer,House Number,Roadway Name,Roadway Suffix,Roadway Number,Roadway Interchange,Roadway Ramp,Roadway Id,Intersecting Road,Intersecting Road Number,Mile Marker,Interchange,Corporate Limits?,Property Type,Feet From,Direction,Latitude,Longitude,Roadway Class,Traffic Control Devices?,Aggressive Driving?,Hit and Run?,Locality,School Zone?,Rumble Strips?,Construction?,Construction Type,Light Condition,Weather Conditions,Surface Condition,Type of Median,Roadway Junction Type,Road Character,Roadway Surface,Primary Factor,Damage Estimate,Manner of Collision,Time Notified,Time Arrived,Investigation Complete?,Photos Taken?,Unique Location Id,State Property Damage?,Traffic Control,NARRATIVE
903343899,INDIANA UNIV BLOOMINGTON PD,190723,MONROE,PERRY,BLOOMINGTON,3/26/2019,5:06 PM,2,0,0,0,0,800,ATWATER,AVE,,,,E ATWATER,,,,,Y,,,,39.16301,-86.523365,,,N,Y,URBAN,N,N,N,,DAYLIGHT,CLEAR,DRY,,NO JUNCTION INVOLVED,STRAIGHT/LEVEL,ASPHALT,IMPROPER TURNING,$2501 TO $5000,LEFT/RIGHT TURN,509,516,Y,Y,EATWATERAVE,0,NONE,"This accident occurred at the Atwater Parking Lot (800 E Atwater Ave). V1 was parked next to V2 and began turning northeast out of a parking stall. V2 was parked in a parking stall.O2 stated she and W1 were walking to her vehicle when she noticed V1 pulling out of the parking stall. O2 stated V1 was parked on the left of her vehicle. O2 stated that as V1 pulled out of the parking stall, V1 collided with V2. O2 stated that when V1 collided with her vehicle, D1 backed up and attempted to pull out of the parking stall again. O2 stated V1 successfully pulled out of the parking stall the second time. O2 stated she and W1 attempted to alert V1 of the accident but were unsuccessful. V2 had damage to the front driver side bumper.O2 described the offending vehicle as a blue SUV. O2 stated that V1 parks in the lot everyday. O2 stated she would check the lot on 03/27/2019 to see if V1 is located.W1 corroborated O2's story. W1 stated V1 had an ""In God We Trust Plate"" with the letters Y and H and the number 4. W1 was not able to provide a complete license plate number.On 03/27/2019, the Atwater Parking Lot was checked numerous times for V1. V1 was not located in the parking lot.On 03/28/2019 at 0830 hours, I received an email from O2 advising me that she had found the offending vehicle in the Atwater Parking Lot. In the email, O2 attached a photograph of the vehicle, the license plate and the damage. The vehicle is a 2007 GMC Yukon, bearing IN license plate YHV413. I advised O2 that I would investigate it further when I returned to work on 04/01/2019.On 04/01/2019, I ran the license plate through the BMV Database. I contacted D1 and asked to speak to her in person regarding the incident. D1 admitted to me that she was in possession of the V1 on 03/26/2019. D1 also admitted to me that she was the driver of the V1 when the accident occurred on 03/26/2019. D1 corroborated O2's version of events. D1 admitted to me that as she was traveling northeast attempting to pull out of the parking stall, she collided with V2. D1 stated that she backed her vehicle up after colliding with V2 and took a wider turn in order to pull out of the parking stall. D1 advised that when she collided with V2, she did not think she had caused any damage. However, D1 stated she did not exit her vehicle to check for any damage on V2. D1 also stated she did not check for damage on her vehicle. Throughout our conversation, D1 admitted several times the she was in the wrong for not contacting the police when she collided with V2.After speaking with D1, I went to the Atwater Parking Lot and confirmed the damage on D1's vehicle. The damage was in the rear passenger side wheel well. The damage is consistent with the damage on V2.D1 was issued a misdemeanor citation for leaving the scene of an accident (A-Mis)."
903346268,ISP BLOOMINGTON 33,2.019E+11,MONROE,BLOOMINGTON,BLOOMINGTON,3/27/2019,3:40 PM,2,0,0,0,0,,CURRY,PIKE,,,,CURRY,JONATHAN,,,,Y,,100,N,39.17893546,-86.58295,LOCAL/CITY ROAD,,N,N,URBAN,N,N,N,,DAYLIGHT,CLEAR,DRY,,NO JUNCTION INVOLVED,STRAIGHT/LEVEL,ASPHALT,UNSAFE LANE MOVEMENT,$5001 TO $10000,SAME DIRECTION SIDESWIPE,342,350,Y,N,CURRYPIKEJONATHANDR,0,LANE CONTROL,"This crash occurred on Curry Pike. Curry Pike is a multi-lane, undivided road that primarily runs north and south. The weather was clear at the time of this crash. Vehicle #1, a 2001 Chevrolet 1500 pickup truck was north bound on Curry Pike. Vehicle #1 was in the right lane when he slowed down and attempted to make a U turn in the middle of the road. Vehicle #2 a 2007 Chevrolet 1500 pickup truck was also north bound on Curry Pike in the left lane. Driver #1 did not see vehicle #2, attempted a U turn and was struck by vehicle #2. Driver #1, Sylvester Page stated that he was attempting a U turn on Curry Pike and did not see vehicle #2. As vehicle #1 was in the process of the U turn, it was struck by vehicle #2. Driver #2, James Harris stated that he was north bound on Curry Pike in the left lane. As he approached vehicle #1 who was in the right lane slowing down, vehicle #1 attempted a U turn and turned in front of him. Driver #2 could not avoid a collison with vehicle #1. Evidence on the scene indicates this crash was caused by vehicle #1 making unsafe lane movement."
903344008,BLOOMINGTON PD,B1912300,MONROE,VAN BUREN,BLOOMINGTON,3/27/2019,4:15 PM,2,0,0,0,0,,,,SR45W,,,SR45W,INDUSTRIAL,,,,Y,,,,39.143552,-86.580528,STATE ROAD,Y,Y,Y,RURAL,N,N,N,,DAYLIGHT,CLEAR,DRY,,NO JUNCTION INVOLVED,CURVE/LEVEL,ASPHALT,UNSAFE LANE MOVEMENT,UNDER $1001,SAME DIRECTION SIDESWIPE,819,820,Y,Y,INDUSTRIALBLVDSR45W,0,TRAFFIC CONTROL SIGNAL,"On March 27th, 2019 at approximately 2020 hours, I, Officer Southern met with Driver 2 of an LSA accident at the police department. Driver 2 stated that he was driving west on State Rd 45 and was attempting to merge into the left lane. Driver 2 stated that a truck in the left lane next to Driver 2 began speeding up and swerved into Driver 2's car and ended up hitting Driver 2's car on the front drivers side quarter panel and the rear drivers side quarter panel. Driver 2 stated that Driver 1 was in a Toyota Tundra but did not get a license plate number or any other vehicle identifiers. Based on Driver 2's statement and the damage to the vehicle, the accident occurred due to Driver 1's unsafe merging into Driver 2's lane."
903343854,INDIANA UNIV BLOOMINGTON PD,190730,MONROE,PERRY,BLOOMINGTON,3/27/2019,10:29 AM,2,0,0,0,0,,HENDERSON,ST,,,,HENDERSON,ATWATER,,,,Y,,,,,,LOCAL/CITY ROAD,Y,N,N,URBAN,N,N,N,,DAYLIGHT,CLEAR,DRY,,FOUR-WAY INTERSECTION,CURVE/LEVEL,ASPHALT,OTHER (DRIVER) - EXPLAIN IN NARRATIVE,$2501 TO $5000,RIGHT ANGLE,1031,1040,Y,N,ATWATERAVEHENDERSONST,0,TRAFFIC CONTROL SIGNAL,"V1 was traveling northbound on Henderson Street. V2 was traveling eastbound on Atwater Avenue. Both V1 and V2 entered the intersection prior to the crash occurring.D1 said he was traveling northbound on Henderson Street in V1 in the far right lane. D1 said the light was yellow at the intersection of Henderson Street and Atwater Avenue. D1 said he proceeded through the intersection. D1 said as he went through the intersection V2 entered the intersection. D1 said he honked the horn and attempted to brake but was unable to avoid striking V2 with V1. Vehicle incurred damage to the front end. V1 was towed by Hawkins Towing. D2 said he was traveling eastbound on Atwater Avenue in V2 and was in the middle lane. D2 said he assumed the light was green and entered the intersection of Henderson Street and Atwater avenue like normal. D2 said he was two thirds of the way through the intersection when he heard a horn honk. D2 said V2 was truck by V1 in the rear passenger tire, and fender area of V2. V2 also incurred damage on the rear driver side causing V2 tire to go flat. V2 was also towed by Hawkins Towing. There are no witnesses and neither driver admitted responsibility for the crash."
903343959,BLOOMINGTON PD,B1912269,MONROE,BLOOMINGTON,BLOOMINGTON,3/27/2019,4:30 PM,2,0,0,0,0,2500,S ROCKPORT APT 1401,RD,,,,S ROCKPORT APT 1401,,,,,Y,,,,39.165648,-86.505792,LOCAL/CITY ROAD,,N,N,URBAN,N,N,N,,DAYLIGHT,CLEAR,DRY,,NO JUNCTION INVOLVED,STRAIGHT/LEVEL,ASPHALT,UNSAFE BACKING,$2501 TO $5000,BACKING CRASH,432,436,Y,N,SROCKPORTAPT1401RD,0,NONE,D1 STATED SHE WAS REVERSING OUT OF A PARKING STALL AND DID NOT SEE V2 AND BACKED UP INTO V2.D2 STATED SHE WAS DRIVING THROUGH THE PARKING LOT WHEN V1 REVERSED OUT OF THE PARKING STALL AND INTO V2.NO INJURIES REPORTED.V1 HAD MINOR DAMAGE TO THE PASSENGER REAR BUMPER AND V2 HAD MAJOR DAMAGE TO THE ENTIRE PASSENGER SIDE.V2 WAS TOWED FROM THE SCENE BY A TOW ARRANGED BY D2.
903344019,BLOOMINGTON PD,B1912242,MONROE,BLOOMINGTON,BLOOMINGTON,3/27/2019,1:54 PM,2,0,0,0,0,2300,N WALNUT,ST,,,,N WALNUT,,,,,Y,,,,39.232544,-86.540704,UNKNOWN,,N,Y,URBAN,N,N,N,,DAYLIGHT,CLEAR,DRY,,NO JUNCTION INVOLVED,STRAIGHT/LEVEL,ASPHALT,FOLLOWING TOO CLOSELY,UNDER $1001,REAR END,157,215,Y,Y,NWALNUTST,0,NONE,"V1 WAS IN THE DRIVE THRU AT MCDONALDS NORTH FACING EB BEHIND V2. THE FRONT OF V1 COLLIDED WITH THE REAR OF V2. NO VISIBLE DAMAGE WAS SEEN ON V1. D1 ACKNOWLEDGED THAT SHE COLLIDED WITH V2 AND THEN FAILED TO STOP AND PROVIDE INFORMATION. DRIVER DID NOT WISH TO PURSUE CRIMINAL CHARGES AS ALL OF D1 INFORMATION WAS ABLE TO BE OBTAINED.D1 STATED THAT SHE ACKNOWLEDGED THAT SHE COLLIDED BUT THOUGHT D1 GAVE HER A ""THUMBS UP"" MEANING THERE WAS NO DAMAGE, THEREFORE SHE DID NOT STOP.D2 STATED THAT HIS VEHICLE WAS BUMPED, D1 GAVE HIM A THUMBS UP, THEN FAILED TO STOP AND EXCHANGE INFORMATION AS THEIR WAS DAMAGE TO HIS VEHICLE."
903346267,ISP BLOOMINGTON 33,2.019E+11,MONROE,BLOOMINGTON,BLOOMINGTON,3/27/2019,3:05 PM,2,0,0,0,0,,,,SR45,,,SR45,LIBERTY,,,,Y,,,,39.14502,-86.57777,STATE ROAD,Y,N,N,URBAN,N,N,N,,DAYLIGHT,CLEAR,DRY,,FOUR-WAY INTERSECTION,STRAIGHT/LEVEL,ASPHALT,DISREGARD SIGNAL/REG SIGN,$2501 TO $5000,RIGHT ANGLE,307,315,Y,N,LIBERTYDRSR45,0,TRAFFIC CONTROL SIGNAL,"State Road 45 is a multiple lane state highway and in this area runs east and west. It is divided by a raised curb. Liberty Drive is a local city street that primarily runs north and south. Vehicle #1 a gray 2008 Subaru Legacy was south bound on Liberty Drive attempting to turn right (west) onto State Road 45. The light for Liberty Drive was red. Vehicle #1 pulled onto SR 45, did not see vehicle #2 who was west bound on SR 45 and collided with it. Vehicle #2 a gray 2008 Pontiac Vibe was west bound on State Road 45 when vehicle #1 pulled off of Liberty Drive and collided with vehicle #2.Driver #1 Alan Belth stated that he was attempting to turn right onto SR 45 from Liberty Drive. Driver #1 added that his light was red and he did not see vehicle #2 coming. As vehicle #1 pulled onto SR 45 it collided with vehicle #2.Driver #2 Robert Mullen stated that he was west bound on SR 45 when Vehicle #1 pulled onto SR 45 from Liberty Driver and the vehicles collided. Driver #1 added that his light was green. Evidence on the scene indicates that vehicle #1 failed to yield at the traffic control device and pulled out in front of vehicle #2. Vehicle #2 was towed by Sturgis Towing."
903343752,BLOOMINGTON PD,B1912196,MONROE,BLOOMINGTON,BLOOMINGTON,3/27/2019,8:11 AM,2,0,0,0,0,,W KIRKWOOD,AVE,,,,W KIRKWOOD,N ROGERS,,,,Y,,50,W,39.166672,-86.538608,LOCAL/CITY ROAD,,N,N,URBAN,N,N,N,,DAYLIGHT,CLEAR,DRY,,T-INTERSECTION,STRAIGHT/LEVEL,ASPHALT,FOLLOWING TOO CLOSELY,$5001 TO $10000,REAR END,811,820,Y,N,NROGERSSTWKIRKWOODAVE,0,LANE CONTROL,"DRIVER OF VEHICLE 1 STATED SHE WAS EAST BOUND ON KIRKWOOD AVENUE APPROACHING N ROGERS ST. D1 DID NOT SEE THAT VEHICLE 2 HAD ENTERED THE ROADWAY FROM AN ADJACENT PARKING LOT. WHEN D1 NOTICED V2 IN HER LANE, SHE ATTEMPTED TO SWERVE LEFT, BUT COULD NOT AVOID COLLIDING WITH V2.DRIVER OF VEHICLE 2 STATED SHE EXITED THE PARKING LOT ON THE SOUTH SIDE OF KIRKWOOD AND TURNED EAST ONTO THE ROADWAY. AS VEHICLE 2 WAS STOPPED IN TRAFFIC, IT WAS REAR ENDED BY V1."
903343566,MONROE SD,M19A10053,MONROE,RICHLAND,BLOOMINGTON,3/27/2019,1:50 AM,1,0,0,0,0,,,,SR46W,,,SR46W,HEDRICK,,,,N,,500,E,,,STATE ROAD,,N,N,RURAL,N,N,N,,DARK (NOT LIGHTED),CLEAR,DRY,,NO JUNCTION INVOLVED,STRAIGHT/LEVEL,ASPHALT,RAN OFF ROAD RIGHT,$5001 TO $10000,RAN OFF ROAD,152,207,Y,N,HEDRICKRDSR46W,0,NONE,"Witness Trent Higgins was traveling behind Vehicle #1, heading west on State Road 46, when Vehicle #1 crossed over the center line and went off the south side of the roadway. Witness Higgins said it appeared the driver fell asleep.Neither the driver or passenger claimed any injuries at the time of the crash.The driver stated the vehicle was insured through JD Byrider but she didn't know the name of the insurance company."
903343956,BLOOMINGTON PD,B1912277,MONROE,BLOOMINGTON,BLOOMINGTON,3/27/2019,5:13 PM,2,0,0,0,0,,LEONARD SPRINGS,RD,,,,S LEONARD SPRINGS,BARGE,,,,Y,,200,S,0,0,LOCAL/CITY ROAD,,N,N,URBAN,N,N,N,,DAYLIGHT,CLEAR,DRY,,T-INTERSECTION,STRAIGHT/LEVEL,ASPHALT,FOLLOWING TOO CLOSELY,$10001 TO $25000,REAR END,515,528,Y,N,SLEONARDSPRINGSRDWBARGELN,0,NONE,D2 STATED SHE WAS SLOWED AND ALMOST STOPPED AT 2920 S LEONARD SPRINGS RD DUE TO MAKING A RIGHT HAND TURN INTO THE BUSINESS AND THAT'S WHEN V1 REAR ENDED V2.D1 STATED THAT HE DIDN'T REALIZE SHE WAS SLOWING DOWN AND ALMOST STOPPED. D1 STATED WHEN HE SAW V2 BRAKE LIGHTS HE SLAMMED ON V1 BRAKES BUT DID NOT HAVE ENOUGH ROOM AND V1 REAR ENDED V2.NO INJURIES REPORTED.V1 WAS TOWED DUE TO MAJOR DISABLING DAMAGE AND V2 WAS DRIVEN FROM THE SCENE WITH MAJOR REAR END DAMAGE.
903344362,BLOOMINGTON PD,B1912400,MONROE,BLOOMINGTON,BLOOMINGTON,3/28/2019,1:50 PM,2,0,0,0,0,,BLOOMFIELD,RD,,,,WEST BLOOMFIELD,OAKDALE,,,,Y,,,,39.14967,-86.568795,LOCAL/CITY ROAD,Y,N,Y,URBAN,N,N,N,,DAYLIGHT,CLEAR,DRY,,FOUR-WAY INTERSECTION,STRAIGHT/LEVEL,ASPHALT,FOLLOWING TOO CLOSELY,UNDER $1001,REAR END,154,212,Y,Y,SOUTHOAKDALEDRWESTBLOOMFIELDRD,0,TRAFFIC CONTROL SIGNAL,D2 STATED SHE WAS STOPPED AT THE RED LIGHT FACING EASTBOUND AT THE INTERSECTION OF WEST BLOOMFIELD RD AND SOUTH OAKDALE DR WHEN V1 REAR ENDED HER.D2 STATED V1 THEN MOVED OVER INTO THE OTHER LANE AND CONTINUED EASTBOUND ON WEST BLOOMFIELD RD. D2 STATED IT WAS AN OLDER TAN COLORED JEEP WITH A WHITE MALE DRIVING AND MULTIPLE OTHER INDIVIDUALS INSIDE THE VEHICLE.D2 DID GET A PICTURE OF V1 BUT THE PICTURE IS BLURRY AND A LICENSE PLATE CAN'T BE SEEN. THAT PHOTOGRAPH AND PHOTOGRAPHS OF V2 WERE LOGGED INTO EVIDENCE.THERE WERE NO INJURIES REPORTED AND V2 SUFFERED MINOR DAMAGE TO THE REAR BUMPER.D1 WAS LATER FOUND AND I WAS ABLE TO OBTAIN THE INFORMATION TO COMPLETE THIS REPORT. D2 WAS NOTIFIED BY TELEPHONE OF THE INFORMATION AS WELL.
903344333,INDIANA UNIV BLOOMINGTON PD,190742,MONROE,BLOOMINGTON,BLOOMINGTON,3/28/2019,1:00 PM,2,0,0,0,0,,3RD,ST,,,,E 3RD,INDIANA,,,,Y,,,,39.164448,-86.5268,LOCAL/CITY ROAD,Y,N,N,URBAN,N,N,N,,DAYLIGHT,CLOUDY,DRY,,FOUR-WAY INTERSECTION,STRAIGHT/LEVEL,ASPHALT,UNSAFE LANE MOVEMENT,$1001 TO $2500,SAME DIRECTION SIDESWIPE,132,141,Y,N,E3RDSTINDIANAAVE,0,TRAFFIC CONTROL SIGNAL,"Both V1 and V2 were traveling westbound on E. 3rd Street. V1 was in the outside (left, or south) lane to go westbound and V2 was in the inside (right, or north) lane to go westbound. V1 merged into V2 lane of travel causing vehicles to collide. D1 said he was traveling west on E. 3rd Street in V1 and was in the outside lane of travel. D1 said V2 was on the inside lane of travel. D1 said he was wanting to pull into the first entrance for the Circle K located at E. 3rd Street and Indiana Avenue. D1 said as he approached he turned on his passenger side turn signal to merge over into the inside lane to turn into the Circle K. D1 said when he merged V1 was struck by V2. V1 had damage to the rear passenger side quarter panel. D2 said he was traveling westbound on E. 3rd Street in V2 and was in the inside lane. D2 said V1 was traveling on the outside lane. D2 said he could not see due to being in a blind spot if V1 had its turn signal on. D2 said V1 cut in front of him to change lanes. D2 said V1 and V2 struck. D2 said the incident happened very quickly. V2 had minimal damage to the front driver side bumper."
903345027,MONROE SD,M19A10235,MONROE,VAN BUREN,BLOOMINGTON,3/28/2019,10:24 AM,1,0,1,0,0,,,,SR45W,,,SR45W,HINES,,,,N,,1000,W,39.08985667,-86.66623333,STATE ROAD,,N,N,RURAL,N,N,N,,DAYLIGHT,CLEAR,DRY,,NO JUNCTION INVOLVED,CURVE/LEVEL,ASPHALT,RAN OFF ROAD RIGHT,$10001 TO $25000,RAN OFF ROAD,1027,1038,Y,Y,HINESRDSR45W,0,NONE,V1 WAS DISCOVERED TO BE INVERTED APPROX 25 FEET OFF WEST STATE ROAD 45 IN THE YARD OF 8840 UPON MY ARRIVAL TO SCENE. AFTER INVERTING V1 CAUGHT ON FIRE BUT WAS QUICKLY CONTAINED BY THE FIRE DEPT. D1 LOST CONSCIOUSNESS BEFORE MY ARRIVAL AND WAS ENTRAPTED IN V1. I SPOKE WITH A WITNESS WHO STATED THEY WERE DIRECTLY BEHIND V1 WHILE TRAVELING WEST BOUND ON WEST STATE ROAD 45. THE WITNESS STATED V1 RAN OFF THE ROADWAY IN FRONT OF THEM. AFTER DOING SO V1 WENT DOWN A SMALL HILL AND HIT A TREE. THIS CAUSED THE VEHICLE TO OVERTURN. MEDICAL PERSONNEL BELIEVED D1 POSSIBLY SUFFERED A MEDICAL PROBLEM WHILE DRIVING.PHOTOGRAPHS WERE TAKEN
903344295,BLOOMINGTON PD,B1912391,MONROE,PERRY,BLOOMINGTON,3/28/2019,12:20 PM,2,0,0,0,0,2636,E 3RD,ST,,,,E 3RD,,,,,Y,,,,39.16426048,-86.50037632,LOCAL/CITY ROAD,,N,N,URBAN,N,N,N,,DAYLIGHT,CLEAR,DRY,,NO JUNCTION INVOLVED,STRAIGHT/LEVEL,ASPHALT,UNSAFE BACKING,$1001 TO $2500,BACKING CRASH,1222,1235,Y,N,E3RDST,0,NONE,V1 and V2 were backing from parking spaces in a private lot. V1 struck V2 as it backed out.D1 stated she was backing from her parking spot and struck V2 as it was backing from a parking spot.D2 stated that he was backing from a parking spot and had stopped to pull forward when he was struck by V1.W1 stated that she observed V2 back from its spot and had stopped to pull forward. V1 then backed from its spot and struck V2 while it was stopped.V1 did strike V2 causing damage to both vehicles.
903344555,BLOOMINGTON PD,B19-12501,MONROE,BLOOMINGTON,BLOOMINGTON,3/28/2019,3:30 PM,2,0,0,0,0,3002,E 3RD ST,ST,,,,E 3RD ST,,,,,Y,,,,39.16424,-86.4940557,LOCAL/CITY ROAD,,N,Y,URBAN,N,N,N,,DAYLIGHT,CLEAR,DRY,,NO JUNCTION INVOLVED,STRAIGHT/LEVEL,ASPHALT,UNSAFE BACKING,UNDER $1001,BACKING CRASH,1123,1125,Y,Y,E3RDSTST,0,NONE,"Owner of V2 showed me V2, which had damage to the rear driver side bumper. There was no paint transfer, but there was a gash.A witness left a note saying the license plate may be; CV972. I was unable to get a return through Indiana. They did not leave any contact information, or vehicle description. I completed a criminal case for the leaving the scene of an accident."
903344665,MONROE SD,M19A10201,MONROE,SALT CREEK,BLOOMINGTON,3/28/2019,6:38 AM,1,0,0,0,0,,,,SR446,,,SOUTH ST RD 446,RUSH RIDGE,,,,N,,100,S,39.08445075,-86.42061844,COUNTY ROAD,,N,N,RURAL,N,N,N,,DARK (NOT LIGHTED),CLEAR,DRY,,NO JUNCTION INVOLVED,CURVE/GRADE,ASPHALT,RAN OFF ROAD RIGHT,$1001 TO $2500,RAN OFF ROAD,652,704,Y,N,EASTRUSHRIDGERDSOUTHSTRD446RD,0,NONE,VEHICLE 1 WAS TRAVELING NORTHBOUND ON SOUTH STATE ROAD 446 WHEN A TRUCK TRAVELING SOUTHBOUND WAS IN OPPOSING LANE OF TRAVEL. DRIVER 1 STATED HE SWERVED TO AVOID CONTACT AND RAN OFF THE ROAD INTO THE DITCH. NO DESCRIPTION OF THE TRUCK WAS ABLE TO BE OBTAINED.DRIVER 1 WAS UNINJURED AND REFUSED MEDICAL ATTENTION.VEHICLE 1 WAS NOT DRIVABLE AND TOWED BY KENS WESTIDE.
903344477,BLOOMINGTON PD,B1912418,MONROE,PERRY,BLOOMINGTON,3/28/2019,3:13 PM,2,0,0,0,0,,E HILLSIDE,DR,,,,E HILLSIDE,S WALNUT,,,,Y,,,,39.150544,-86.5336,LOCAL/CITY ROAD,Y,N,N,URBAN,N,N,N,,DAYLIGHT,CLEAR,DRY,,FOUR-WAY INTERSECTION,STRAIGHT/LEVEL,ASPHALT,DISREGARD SIGNAL/REG SIGN,$10001 TO $25000,RIGHT ANGLE,315,328,Y,Y,EHILLSIDEDRSWALNUTST,0,TRAFFIC CONTROL SIGNAL,V1 was traveling southbound on Walnut Street and V2 was traveling Westbound on E Hillside Drive through the intersection when D1 ran the red light and struck D2. D1 stated that she was traveling southbound on Walnut St but could not remember what happened before the collision. D2 stated that she was traveling westbound on E Hillside Drive and was almost through the intersection and had a green light when D1 struck her vehicle.
903344268,BLOOMINGTON PD,B1912381,MONROE,BLOOMINGTON,BLOOMINGTON,3/28/2019,11:13 AM,2,0,1,0,0,,E 10TH,ST,,,,E 10TH,N LINCOLN,,,,Y,,,,39.171712,-86.530992,LOCAL/CITY ROAD,,N,N,URBAN,N,N,N,,DAYLIGHT,CLEAR,DRY,,FOUR-WAY INTERSECTION,STRAIGHT/GRADE,ASPHALT,FAILURE TO YIELD RIGHT OF WAY,$5001 TO $10000,RIGHT ANGLE,1115,1118,Y,N,E10THSTNLINCOLNST,0,STOP SIGN,Driver 2 stated she was east on 10th Street approaching the intersection with Lincoln when she saw that Driver 1 started to pull in front of her. Driver 2 stated that she attempted to avoid the collision but it was too late and she could not. Driver 1 and Driver 2 collided. Driver 2 did not have a stop sign.Driver 1 stated that he was north on Lincoln and stopped at the stop sign at 10th St. He stated that he didn't see Driver 2 and began to pull into the intersection. Driver 1 collided with Driver 2. Driver 1 did not have the right-of-way.Driver 2 did suffer an abrasion to her right arm but refused medical at the scene.
903347949,BLOOMINGTON PD,B1912481,MONROE,BLOOMINGTON,BLOOMINGTON,3/28/2019,9:11 PM,2,0,0,0,0,503,W KIRKWOOD,AVE,,,,W KIRKWOOD,,,,,Y,,,,39.16667233,-86.53863249,UNKNOWN,,N,N,URBAN,N,N,N,,DARK (LIGHTED),CLEAR,DRY,,NO JUNCTION INVOLVED,STRAIGHT/LEVEL,ASPHALT,UNSAFE BACKING,$1001 TO $2500,BACKING CRASH,911,931,Y,N,WKIRKWOODAVE,0,NONE,"D1 ADVISED HE WAS PARKED IN FRONT OF A DUMPSTER ON THE EAST SIDE OF 503 W KIRKWOOD. V1 THEN STARTED TO REVERSE OUT OF THE PARKING AREA, AS V1 WAS REVERSING, D1 TRIED TO SWING WIDE TO GET OUT FROMT HE AREA OF THE DUMPSTER, WHEN HE STRUCK V2. D1 STATED HE DID NOT SEE V2 PAKRED BEHIND HIM. D2 STATED HE HAD BEEN INSIDE OF THE V2, HOWEVER V2 WAS PARKED AND TURNED OFF. D2 STATED V2 WAS PARKED A CAR LENGTH BEHIND V1. D2 STATED HE LEFT PLENTY OF SPACE FOR V1 TO GET OUT. V1 STRUCK V2 ON THE PASSNEGER SIDE FRONT BUMPER. V1 HAD DAMAGE TO THE TIRE AREA OF THE FRONT DRIVER SIDE."
903344809,INDIANA UNIV BLOOMINGTON PD,190745,MONROE,BLOOMINGTON,BLOOMINGTON,3/28/2019,4:30 PM,2,0,0,0,0,,11TH,ST,,,,E 11TH,FEE,,,,Y,,,,39.171584,-86.518688,UNKNOWN,,N,Y,URBAN,N,N,N,,DAYLIGHT,CLEAR,DRY,,NO JUNCTION INVOLVED,STRAIGHT/LEVEL,CONCRETE,OTHER (VEHICLE) - EXPLAIN IN NARRATIVE,$1001 TO $2500,OTHER - EXPLAIN IN NARRATIVE,523,533,Y,Y,E11THSTFEELN,0,NONE,Officer Mark Norris took pictures and measurements of V2.On 03/28/2019 at 1723 hours I was dispatched to the Fee parking garage on 709 N. Fee Lane in reference to a hit and run accident property damage only. V2 had been parked in the Fee parking garage on the fourth floor from 0730 hours until around 1630 hours. D2 left the garage in V2 around 1630 hours to go back to his residence during a break from work. When D2 was back at his residence he noticed damage on the driver's side of V2 on the quarter panel extending onto the front driver's side door. The damage was a large dent. There was no paint transfer from V1 on the vehicle of V2. D2 stated that he drove back to the garage after his break and contacted IUPD of a hit and run. D2 stated that he had been parked on the fourth floor of the parking garage all day and someone must have struck his vehicle with their vehicle. V2 was parked backed into a parking spot facing south. D2 stated that V2 was parked three or four spots west from the lane of travel inside of the garage. It is believed that V1 was rounding a corner to travel westbound on the fourth level in the garage when V1 struck V2. At this time there is no evidence of what kind of vehicle struck V2. There is also no time frame as to when V2 was struck. D2 believes that V2 was struck sometime between 0730 hours and 0430 hours inside the parking garage. There are no cameras inside of the parking garage on the fourth floor.Pictures and measurements of the vehicle were taken. The point of impact on V2 was 18.5 inches from the ground. Pictures of the damage of V2 have been submitted into evidence.
903344948,BLOOMINGTON PD,B1912632,MONROE,RICHLAND,BLOOMINGTON,3/29/2019,8:50 PM,2,0,2,0,0,,THIRD,ST,,,,W THIRD,I69 SR 37 OVERPASS,,,,Y,,,,0,0,LOCAL/CITY ROAD,Y,N,N,URBAN,N,N,N,,DARK (NOT LIGHTED),RAIN,WET,,NO JUNCTION INVOLVED,STRAIGHT/LEVEL,ASPHALT,UNSAFE LANE MOVEMENT,$2501 TO $5000,OTHER - EXPLAIN IN NARRATIVE,853,900,Y,N,I69SR37OVERPASSHWYWTHIRDST,0,TRAFFIC CONTROL SIGNAL,V1 WAS TRAVELING EAST APPROACHING THE STOP LIGHT AT THE INTERCHANGE FOR 3RD ST AND I69. V2 WAS IN THE TURN LANE TO THE LEFT OF V1 SLIGHLY BEHIND V1. DRIVER OF V1 STATED HE WENT TO CHANGE LANES FROM THE STRAIGHT LANE TO THE TURN LANE AND FAILED TO SEE V2. DRIVER OF V2 STATED SHE WAS APPROACHING THE STOP LIGHT IN THE TURN LANE WHEN V1 PULLED IN FRONT OF HER. V1 STRUCK V2 IN THE FRONT RIGHT PORTION OF V2. DRIVER OF V2 HAD COMPLAINTS OF NECK PAIN AND WAS TREATED ON SCENE BY MEDICS. THE FRONT PASSENGER OF V2 COMPLAINED OF PAIN TO HER RIGHT KNEE. SHE WAS ALSO TREATED ON SCENE BY MEDICS. BOTH VEHICLES HAD MINOR DAMAGE AND WERE ABLE TO BE DRIVEN FROM THE SCENE.
903344727,BLOOMINGTON PD,B1912551,MONROE,PERRY,BLOOMINGTON,3/29/2019,12:12 PM,2,0,0,0,0,,W 2ND,ST,,,,W 2ND,MORTON,,,,Y,,50,W,39.161472,-86.53624,LOCAL/CITY ROAD,,N,N,URBAN,N,N,N,,DAYLIGHT,CLOUDY,DRY,,NO JUNCTION INVOLVED,STRAIGHT/LEVEL,ASPHALT,FOLLOWING TOO CLOSELY,$1001 TO $2500,REAR END,1212,1225,Y,N,MORTONSTW2NDST,0,NONE,D1 STATED SHE WAS STOPPED IN TRAFFIC EAST ON 2ND STREET. SHE INDICATED TRAFFIC STATRED TO MOVE AND SHE ACCELERATED AND COLLIDED INTO THE REAR OF V2. D1 SAID SHE ANTICIPATED THAT V2 WAS GOING TO MOVE FASTER. D2 STATED SHE WAS STOPPED IN TRAFFIC EAST ON 2ND STREET. SHE INDICATED THAT TRAFFIC STARTED TO MOVE IN FRONT OF HER AND AS SHE STARTED IN TRAFFIC SHE WAS STRUCK FROM BEHIND BY V1.
903347587,INDIANA UNIV BLOOMINGTON PD,190754,MONROE,BLOOMINGTON,BLOOMINGTON,3/29/2019,12:07 PM,2,0,0,0,0,712,E 8TH,ST,,,,E 8TH,,,,,Y,,,,39.16959608,-86.52556702,UNKNOWN,,N,N,URBAN,N,N,N,,DAYLIGHT,CLOUDY,DRY,,NO JUNCTION INVOLVED,STRAIGHT/LEVEL,ASPHALT,UNSAFE BACKING,$1001 TO $2500,BACKING CRASH,1210,1214,Y,N,E8THST,0,NONE,"V1 was parked in a parking spot approximately 50 feet northeast of V2. V1 was backing out of the parking spot in the southwest direction. V1 changed directions while backing, now traveling south, and collided with V2. The left rear portion of V1 struck the left rear portion of V2 during the collision. V2 was parked at the time facing south with no occupants in the vehicle. D1 then moved V1 into a parking spot across the alley directly south of V2. D1 left his contact and insurance information on the windshield of V2 and waited for IUPD to arrive. I left my business card with the case report number on the windshield of V2 with a note for the owner of V2 to call me.D2 made contact with me at a later date through email and provided the insurance company, policy number, and information of the vehicle owner."