Master Record Number,Agency,Local Code,County,Township,City,Collision Date,Collision Time,Vehicles Involved,Trailers Involved,Number Injured,Number Dead,Number Deer,House Number,Roadway Name,Roadway Suffix,Roadway Number,Roadway Interchange,Roadway Ramp,Roadway Id,Intersecting Road,Intersecting Road Number,Mile Marker,Interchange,Corporate Limits?,Property Type,Feet From,Direction,Latitude,Longitude,Roadway Class,Traffic Control Devices?,Aggressive Driving?,Hit and Run?,Locality,School Zone?,Rumble Strips?,Construction?,Construction Type,Light Condition,Weather Conditions,Surface Condition,Type of Median,Roadway Junction Type,Road Character,Roadway Surface,Primary Factor,Damage Estimate,Manner of Collision,Time Notified,Time Arrived,Investigation Complete?,Photos Taken?,Unique Location Id,State Property Damage?,Traffic Control,NARRATIVE
903348529,ISP BLOOMINGTON 33,2.019E+11,MONROE,VAN BUREN,BLOOMINGTON,4/5/2019,5:48 PM,2,0,0,0,0,,CURRY,PIKE,,,,CURRY,GLEN OAKS INDUSTRIAL,,,,Y,,300,S,0,0,LOCAL/CITY ROAD,,N,N,URBAN,N,N,N,,DAYLIGHT,CLEAR,DRY,,NO JUNCTION INVOLVED,STRAIGHT/LEVEL,ASPHALT,FOLLOWING TOO CLOSELY,$2501 TO $5000,REAR END,550,553,Y,Y,CURRYPIKEGLENOAKSINDUSTRIALDR,0,LANE CONTROL,"South Curry Pike south of Industrial Boulevard is a two lane (two-way) roadway with Curry Pike being a through way roadway that primarily travels north and south. Vehicle 1 (2009, Kia Spectra) was traveling southbound directly behind Vehicle 2 (2016, Kia Sportage) when V1 then rear ended V2 as it came to an abrupt stop. Driver 1 (Paul Wegener) indicated the following: He was traveling south behind V2 when both vehicles came to a stop. They both then began to travel southbound again and once they began to move, V2 came to a sudden stop again and he attempted to apply his brakes but was unable to stop and struck the rear of V2.Driver 2 (Benita Tabor) indicated the following: She was traveling southbound when she came to a stop in a line of traffic. The traffic then began to move and so did she. One traffic began to move south, there were numerous cars in front of her that came to a sudden stop causing her to slam on her brakes. She was then rear ended by V1.Neither D1or D2 reported any injuries nor did they request any medical assistance. It is the opinion of the investigating officer that the reason for the crash is following too closely and that D1 is at fault.RRK"
903349224,MONROE SD,M19A11285,MONROE,RICHLAND,BLOOMINGTON,4/6/2019,2:47 PM,1,0,1,0,0,,MCNEELY,ST,,,,W MCNEELY,UNION VALLEY,,,,N,,1000,E,39.2375,-86.59286659,LOCAL/CITY ROAD,,N,N,URBAN,N,N,N,,DAYLIGHT,CLEAR,DRY,,NO JUNCTION INVOLVED,STRAIGHT/HILLCREST,ASPHALT,RAN OFF ROAD RIGHT,$5001 TO $10000,RAN OFF ROAD,247,253,Y,N,NUNIONVALLEYRDWMCNEELYST,0,NONE,D1 STATED HE WAS DRIVING EAST ON W. MCNEELY ST AND WENT TO CHECK HIS PHONE. D1 THEN RAN OFF THE ROADWAY AND TRIED TO GET BACK ON THE ROAD AND ENDED UP FLIPPING V1.UPON FURTHER SPEAKING TO D1 THERE WAS AN ODOR OF AN ALCOHOLIC BEVERAGE COMING FROM HIS PERSONS BREATHE. DEPUTY PITTMAN WITH THE MONROE COUNTY SHERIFF'S OFFICE CONDUCTED FIELD SOBRIETY IN WHICH D1 FAILED. D1 TESTED ON A PORTABLE BREATH TEST .222. D1 WAS THEN TAKEN TO STATION FOR A CERTIFIED BREATH TEST IN WHICH WAS .222.
903349210,MONROE SD,M19A11321,MONROE,VAN BUREN,BLOOMINGTON,4/6/2019,9:25 AM,2,0,0,0,0,,S YONKERS,ST,,,,S YONKERS,W FESTIVE,,,,N,,400,S,39.130144,-86.574,LOCAL/CITY ROAD,,N,N,URBAN,N,N,N,,DARK (NOT LIGHTED),CLEAR,DRY,,NO JUNCTION INVOLVED,STRAIGHT/LEVEL,ASPHALT,UNSAFE BACKING,UNDER $1001,BACKING CRASH,930,931,Y,N,SYONKERSSTWFESTIVEST,0,NONE,D1 ADVISED HE WAS HEADING NORTH ON S. YONKERS ST WHEN HE SAW A CAT UNDER A TRUCK PARKED. D1 STOPPED AND REVERSED HIS CAR TO LOOK AT THE CAT AND BACKED INTO V2. D2 ADVISED HE WAS DELIEVERING A PIZZA TO AN ADDRESS ON S. YONKERS AND V2 WAS PARKED. V1 THEN STARTED TO REVERSE AND BACK INTO THE BACK OF HIS VEHICLE.VEHICLES MOVED PRIOR TO MY ARRIVAL.
903348976,BLOOMINGTON PD,B1913730,MONROE,BLOOMINGTON,BLOOMINGTON,4/6/2019,9:40 PM,2,0,0,0,0,,10TH,ST,,,,10TH,WALNUT,,,,Y,,,,39.171744,-86.53352,LOCAL/CITY ROAD,,N,N,URBAN,N,N,N,,DARK (LIGHTED),CLEAR,DRY,,FOUR-WAY INTERSECTION,STRAIGHT/GRADE,ASPHALT,FAILURE TO YIELD RIGHT OF WAY,$2501 TO $5000,RIGHT ANGLE,940,945,Y,N,10THSTWALNUTST,0,STOP SIGN,V1 HAD STOPPED AT THE STOP SIGN AT 10TH AND WASHINGTON. D1 SAID HE LOOKED BOTH WAYS BUT DID NOT SEE V2 COMING EAST ON 10ST AND PULLED OUT IN FRONT OF V2. D2 SAID HE WAS EAST ON 10TH WHEN V1 PULLED OUT OF WASHINGTON AND HE COULD NOT STOP IN TIME TO AVOID THE ACCIDENT. V2 HAD THE RIGHT OF WAY ON 10TH ST.
903348844,INDIANA UNIV BLOOMINGTON PD,190833,MONROE,PERRY,BLOOMINGTON,4/6/2019,1:24 AM,1,0,0,0,0,,ATWATER,AVE,,,,ATWATER,PARK,,,,Y,,,,39.16311,-86.52403,LOCAL/CITY ROAD,,N,N,URBAN,N,N,N,,DARK (LIGHTED),CLEAR,DRY,,NO JUNCTION INVOLVED,STRAIGHT/LEVEL,ASPHALT,RAN OFF ROAD RIGHT,UNDER $1001,RAN OFF ROAD,124,126,Y,Y,ATWATERAVEPARKAVE,0,LANE CONTROL,"V1 is marked IUPD car #91 and D1 was an on-duty police officer on patrol. D1 was driving eastbound in the right lane of Atwater Avenue approaching Park Avenue when a vehicle in the left lane caught his attention by driving erratically. D1 reported this vehicle started veering toward the lane divider, causing him to look to his left to observe it. D1 stated he then inadvertently started veering toward the right, himself, away from that vehicle. V1's front passenger tire collided with the right-hand curb, immediately causing it to burst. There was no other damage to the vehicle and the tire was replaced with a spare. Photos were taken of the damaged tire."
903349204,MONROE SD,M19A11318,MONROE,PERRY,BLOOMINGTON,4/6/2019,8:58 PM,2,0,0,0,0,5100,S VICTOR,PIKE,,,,S VICTOR,,,,,N,,,,39.10649041,-86.55034722,UNKNOWN,,N,Y,RURAL,N,N,N,,DARK (LIGHTED),CLEAR,DRY,,NO JUNCTION INVOLVED,NON-ROADWAY CRASH,ASPHALT,UNSAFE BACKING,UNDER $1001,BACKING CRASH,859,906,Y,Y,SVICTORPIKE,0,NONE,"UNIT 1 WAS PARKED AT THE GAS PUMP AT THE ADDRESS OF 5100 S. VICTOR PIKE, BLOOMINGTON, INDIANA. UNIT 2 WAS PARKED IN A PARKING SPACE ADJACENT TO UNIT 1. UNIT 2 BEGAN BACKING OUT OF THE PARKING SPACE AND STRUCK THE REAR END OF UNIT 1. UNIT 2 THEN LEFT THE SCENE OF THE ACCIDENT. I ATTEMPTED TO LOCATE THE DRIVER OF THE VEHICLE AT THE REGISTERED OWNERS ADDRESS, HOWEVER FAILED TO LOCATE THE VEHICLE OR DRIVER."
903348703,BLOOMINGTON PD,B1913649,MONROE,BLOOMINGTON,BLOOMINGTON,4/6/2019,11:40 AM,2,0,0,0,0,,,,SR46E,,,SR46E,3RD,,,,Y,,,,39.16424,-86.473296,STATE ROAD,Y,N,Y,URBAN,N,N,N,,DAYLIGHT,CLOUDY,DRY,,FOUR-WAY INTERSECTION,STRAIGHT/GRADE,ASPHALT,UNSAFE LANE MOVEMENT,$1001 TO $2500,SAME DIRECTION SIDESWIPE,1155,1205,Y,N,3RDSTSR46E,0,TRAFFIC CONTROL SIGNAL,V1 and V2 were traveling southbound on SR 46. V2 was in the left turn lane as V1 attempted to go around V2 into the other turn lane. V1 struck V2 as it attempted to pull into the 2nd turn lane. V1 then fled the area. V2 pulled into a private parking lot.
903348961,BLOOMINGTON PD,B1913728,MONROE,BLOOMINGTON,BLOOMINGTON,4/6/2019,9:30 PM,2,0,0,0,0,,FOUNTAIN,DR,,,,WEST FOUNTAIN,CRESCENT,,,,Y,,,,0,0,LOCAL/CITY ROAD,,,Y,URBAN,N,N,N,,DARK (NOT LIGHTED),CLOUDY,DRY,,T-INTERSECTION,STRAIGHT/LEVEL,ASPHALT,,$5001 TO $10000,HEAD ON BETWEEN TWO MOTOR VEHICLES,932,1000,N,Y,NORTHCRESCENTRDWESTFOUNTAINDR,0,STOP SIGN,"V1 was facing Southeast on West Fountain Drive and stopped on the Northwest side of the intersection with North Crescent Road. V2 was traveling Northwest on W Fountain Dr. V1 began to move slowly towards V2 before accelerating rapidly and striking the front driver side of V2. V1 continued to drive into V2 before V1 fled the scene to the South. V1 left the scene and did not provide information. V1 was reported to be a black or dark colored Dodge Avenger. V1 was reported to have sustained significant damage to the front driver side of the vehicle. D1 was reported to be a black male subject in his mid 20s with bald hair. V2 sustained moderate damage to the front driver side of the vehicle. D2 stated that she was not injured and did require medical attention at the scene. V2 was towed from the scene by Kens Westside Towing to the Minton Body Shop. Witness reported that V1 initially left the scene and later returned to the scene. Witness attempted to stop the suspect and speak with him, but the suspect would not exit the vehicle. The suspect then drove away without making contact with the other party.The criminal case in currently active."
903348671,BLOOMINGTON PD,B1913635,MONROE,PERRY,BLOOMINGTON,4/6/2019,8:50 AM,1,0,0,0,1,,SARE,RD,,,,SARE,SPICEWOOD,,,,Y,,100,S,39.14066952,-86.49668113,LOCAL/CITY ROAD,,N,N,URBAN,N,N,N,,DAYLIGHT,CLOUDY,DRY,,NO JUNCTION INVOLVED,STRAIGHT/GRADE,ASPHALT,ANIMAL/OBJECT IN ROADWAY,$1001 TO $2500,COLLISION WITH DEER,855,900,Y,N,SARERDSPICEWOODLN,0,NONE,V1 struck deer as it was traveling northbound on Sare Rd.
903351846,MONROE SD,M19A11384,MONROE,VAN BUREN,BLOOMINGTON,4/7/2019,9:57 AM,1,0,1,0,0,,GARRISON CHAPEL,RD,,,,S GARRISON CHAPEL,,SR45,,,N,,500,N,39.11239634,-86.63837006,COUNTY ROAD,,N,N,RURAL,N,N,N,,DAYLIGHT,RAIN,WET,,NO JUNCTION INVOLVED,STRAIGHT/GRADE,ASPHALT,RAN OFF ROAD RIGHT,$5001 TO $10000,RAN OFF ROAD,959,1014,Y,Y,SGARRISONCHAPELRDWESTSTATEROAD45RD,0,NONE,V1 RAN OFF THE ROADWAY IN THE 4600 BLOCK OF S GARRISON CHAPEL ROAD. D1 WAS TRAPPED INSIDE V1 UNTIL FIRE AND EMS COULD EXTRACT THE DRIVER. D1 WAS IN POSSESION OF ILLEGAL DRUGS. D1 ONE WAS INJURED AND INCOHERENT SO I COULD NOT PERFORM A PROPER INTERVIEW. NO INSURANCE WAS LOCATED DUE TO THE CONDITION OF THE VEHICLE.PHOTOGRAPHS WERE TAKEN.
903349109,INDIANA UNIV BLOOMINGTON PD,190845,MONROE,BLOOMINGTON,BLOOMINGTON,4/7/2019,3:15 PM,2,0,0,0,0,,JORDAN,AVE,,,,JORDAN,17TH,,,,Y,,,,39.178848,-86.511088,LOCAL/CITY ROAD,,N,N,URBAN,N,N,N,,DAYLIGHT,CLOUDY,DRY,,T-INTERSECTION,STRAIGHT/LEVEL,ASPHALT,IMPROPER TURNING,$1001 TO $2500,OPPOSITE DIRECTION SIDESWIPE,320,321,Y,N,EAST17THSTJORDANAVE,0,STOP SIGN,"V1 was turning southbound onto N Jordan Avenue from E 17th street. V2 was stopped in traffic facing northbound on N Jordan Avenue at E 17th street, preparing for an eastbound turn.D1 stated she cut her turn too close, and when she saw V2 out of her blindspot, it was too late and V1 struck V2.D2 stated that V1 turned too tightly and struck V2.Damage to V1 was minor scratches and scrapes.Damage to V2 was minor scratches and scrapes and a piece of the bumper broke off.There were no reported injuries."
903349279,BLOOMINGTON PD,B1913879,MONROE,BLOOMINGTON,BLOOMINGTON,4/7/2019,8:45 PM,1,0,0,0,0,1220,W ARLINGTON,RD,,,,W ARLINGTON,,,,,Y,,,,39.1793458,-86.54728221,LOCAL/CITY ROAD,,N,Y,URBAN,N,N,N,,DARK (NOT LIGHTED),CLEAR,DRY,,NO JUNCTION INVOLVED,CURVE/GRADE,ASPHALT,RAN OFF ROAD RIGHT,UNDER $1001,RAN OFF ROAD,1008,1026,Y,Y,WARLINGTONRD,0,NONE,D1 left the scene of he accident.The homeowner of 1220 W Arlington RD stated he left at 8:45 PM and returned at 10:00 PM and noticed that his mailbox had been destroyed. There were tire marks from V1 going into the yard and through his mailbox and the mailbox post.
903352173,MONROE SD,M19A11421,MONROE,SALT CREEK,BLOOMINGTON,4/7/2019,4:49 PM,1,0,1,0,0,,,,SR46E,,,SR46E,E BENDER,,,,N,,1500,W,39.16357685,-86.44328852,STATE ROAD,,N,N,RURAL,N,N,N,,DAYLIGHT,CLOUDY,DRY,,NO JUNCTION INVOLVED,CURVE/GRADE,ASPHALT,RAN OFF ROAD RIGHT,$10001 TO $25000,RAN OFF ROAD,451,501,Y,Y,EBENDERRDSR46E,0,NONE,"UNIT 1 WAS TRAVELING EAST BOUND ON E. ST. RD. 46. UNIT 1 RAN OFF THE ROADWAY, STRICKING A CULVERT. UNIT 1 THEN RAN INTO A DITCH. UNIT 1 CAME TO A REST IN THE DITCH LAID OVER SLIGHTLY ON THE DRIVERS SIDE DOOR. IT SHOULD BE NOTED THAT MRS. BEATTY, LISTED IN THE PERSON INVOLVEMENT SECTION, IS THE OWNER OF PROPERTY DAMAGED DURING THIS ACCIDENT. MRS. BEATTYS DRIVEWAY AND CULVERT WAS DAMAGED DUE TO THE ACCIDENT."
903349223,MONROE SD,M19A11432,MONROE,VAN BUREN,BLOOMINGTON,4/7/2019,7:57 PM,1,0,0,0,0,,S GARRISON CHAPEL,RD,,,,S GARRISON CHAPEL,SPICER,,,,N,,15,S,39.141648,-86.6428,LOCAL/CITY ROAD,,N,Y,RURAL,N,N,N,,DAWN/DUSK,CLOUDY,DRY,,NO JUNCTION INVOLVED,STRAIGHT/HILLCREST,ASPHALT,RAN OFF ROAD RIGHT,$5001 TO $10000,RAN OFF ROAD,757,810,N,Y,SGARRISONCHAPELRDSPICERLN,0,NONE,"UNTIS RESPONDING DISCOVERED THE DRIVER OF UNIT 1 WALKING WESTBOUND ON AIRPORT RD. THE VEHICLE WAS DISCOVERED AND LATER TOWED. THE VEHICLE ONLY HAD 1 TIRE REMAINING INTACT, AND WAS MISSING THE FRONT AND BACK BUMPERS. THE PROPERTY WHERE THE ACCIDENT HAPPENED SHOWED SIGNS OF THE VEHICLE LEAVING THE ROADWAY JUST SOUTH OF THE INTERSECTION OF SPICER LN AND S GARRISON CHAPEL RD. THE TIRE MARKS ENTERED A ROCK CULVERT, CONTINUED INTO THE YARD, AND THEN RAN INTO A LARGE MOUND. AFTER THE VEHICLE LEFT THE MOUND, THERE WERE NO TIRE MARKS IN THE YARD FOR APPROXIMATELY 70-80 FT. THE TIRE MARKS THEN RETURNED IN THE NEIGHBORING PROPERTY, AND CONTINUED OUT OF THE YARD, BACK INTO THE ROCK CULVERT, AND RETURNED TO THE ROAD. SCRATCH MARKS WERE LEFT FROM THE POINT THE VEHICLE RETURNED TO THE ROAD TO WHERE THE VEHICLE WAS LATER LOCATED."
903349230,BLOOMINGTON PD,B1913878,MONROE,BLOOMINGTON,BLOOMINGTON,4/7/2019,9:59 PM,2,0,0,0,0,,WINSLOW,RD,,,,WINSLOW,HENDERSON,,,,Y,,,,39.13603,-86.52689,LOCAL/CITY ROAD,Y,N,N,URBAN,N,N,N,,DARK (LIGHTED),CLEAR,DRY,,FOUR-WAY INTERSECTION,STRAIGHT/LEVEL,ASPHALT,FAILURE TO YIELD RIGHT OF WAY,$5001 TO $10000,HEAD ON BETWEEN TWO MOTOR VEHICLES,959,1008,Y,N,HENDERSONSTWINSLOWRD,0,TRAFFIC CONTROL SIGNAL,"On April 7th 2019 at approximately 21:59 hours I was dispatched to the intersection of Henderson St and Winslow Rd. Upon arrival, I observed both V1 and V2 in the middle of the intersection with heavy front end damage. V1 was facing southwest in the intersection and V2 was facing eastbound. First, I spoke with D1. D1 explained that she was traveling westbound on Winslow Rd when she started to turn southbound at the intersection of Winslow Rd and Henderson St. D1 stated that she did not see on the oncoming vehicle and collided with V2. D1 stated that it was her fault. I then spoke with D2. He explained that he was traveling eastbound on Winslow Rd when he entered the intersection of Winslow Rd and Henderson St when V1 pulled in front of him. Due to D1 failing to yield the right of way to V2 resulted in the collision between V1 and V2."
903348958,BLOOMINGTON PD,B1913788,MONROE,BLOOMINGTON,BLOOMINGTON,4/7/2019,2:20 AM,2,0,0,0,0,,ISAAC,ST,,,,ISAAC,WESTPLEX,,,,Y,,150,E,39.1634,-86.55388298,LOCAL/CITY ROAD,,N,Y,URBAN,N,N,N,,DARK (LIGHTED),CLEAR,DRY,,NO JUNCTION INVOLVED,STRAIGHT/LEVEL,ASPHALT,UNSAFE BACKING,$2501 TO $5000,BACKING CRASH,225,235,N,Y,ISAACSTSWESTPLEXAVE,0,NONE,"W1 called to report that V1 struck V2. He stated that V2 was parked and V1 attempted to parallel parked behind V2. W1 stated that a male and a female got out of V1, but he was unsure who was driving. W1 said that both individuals appeared intoxicated. V1 left the scene, and parked in a near by parking lot. V1 had damage to the passenger side front bumper. V2 had damage to the driver side rear bumper. The paint transfer on both vehicles is consistent with W1's statements.I attempted to contact the owners of the vehicles, but I was unable to contact them. I completed a criminal case for the Leaving the Scene of an Accident.I photographed the damage from both vehicles. A copy of the field form was left with both vehicles.ADD 4/12/2019.I was contacted by the V2s owner. She advised that they were going to handle the accident civilly. The criminal case is now inactive."
903349227,INDIANA UNIV BLOOMINGTON PD,190848,MONROE,BLOOMINGTON,BLOOMINGTON,4/7/2019,5:00 PM,2,0,0,0,0,150,JORDAN,AVE,,,,N JORDAN,,,,,Y,,,,39.16557833,-86.51795333,LOCAL/CITY ROAD,,N,N,URBAN,N,N,N,,DAYLIGHT,CLEAR,DRY,,NO JUNCTION INVOLVED,STRAIGHT/LEVEL,CONCRETE,IMPROPER TURNING,$1001 TO $2500,RIGHT TURN,808,812,Y,Y,NJORDANAVE,0,NONE,"V2 was parked on the top level of the Jordan Parking Garage next to V1. When V1 pulled out of the parking spot, turning right, V1 struck the driver's side front end of V2. The owner's daughter, who typically drives the vehicle, arrived at IUPD to report the vehicle crash that occurred today at approximately 5:00 PM. The daughter stated that she had parked her vehicle in the Jordan Parking Garage at approximately 4:45 PM on the upper level of the garage. When she arrived back at the vehicle at approximately 7:30 PM, she noticed that there was new damage to the front end (driver's side) of her vehicle. She stated that there was a note placed on V2 with D1's information.Upon follow-up, I made contact with D1 who stated that V1 was parked just to the left of V2. While he was pulling out and turning right out of a parking spot, he felt V1 make contact with V2 hitting V2's driver's side front end. D1 stated that he just made too sharp of a turn in his truck and he believed that was how he hit V2. D1 stated that he was headed out of town, so he left a note with his personal information as well as insurance information."
903349084,MONROE SD,M19A11393,MONROE,SALT CREEK,BLOOMINGTON,4/7/2019,12:29 PM,1,0,0,0,0,,E LAMPKINS RIDGE,RD,,,,E LAMPKINS RIDGE,DEER,,,,N,,5280,E,39.150656,-86.426096,COUNTY ROAD,,N,N,RURAL,N,N,N,,DAYLIGHT,CLEAR,WET,,NO JUNCTION INVOLVED,CURVE/GRADE,ASPHALT,RAN OFF ROAD RIGHT,$1001 TO $2500,RAN OFF ROAD,1229,1258,Y,N,DEERTRELAMPKINSRIDGERD,0,NONE,"Unit 1 travelling Westbound around 7785 Lampkins Ridge Rd, approx 1 mile East of intersction with Deer Trace. Unit 1 moving through a low gradient left turn, went off the road, ending up on a tree which caused damage to the front bumper and headlight."
903349196,INDIANA UNIV BLOOMINGTON PD,190849,MONROE,BLOOMINGTON,BLOOMINGTON,4/7/2019,8:05 PM,1,0,0,0,0,,JORDAN,AVE,,,,JORDAN,JONES,,,,Y,OTHER,200,N,39.18671941,-86.51637,LOCAL/CITY ROAD,,N,N,URBAN,N,N,N,,DAYLIGHT,CLEAR,DRY,,NO JUNCTION INVOLVED,CURVE/GRADE,ASPHALT,RAN OFF ROAD RIGHT,$2501 TO $5000,RAN OFF ROAD,812,812,Y,Y,JONESAVEJORDANAVE,0,NONE,"V1 was traveling south on Jordan Avenue approaching the north entrance to the Musical Arts Center. As V1 passed the north entrance, V1 drifted left (east). V1 went over the curb, destroyed a tree and some of the landscaping, and then went back into the road before stopping just north of the south exit of the Musical Arts Center. D1 stated she believed she saw something that caught her attention and caused her to turn left. D1 also stated she looked down briefly at her phone because her mom was calling. D1 could not provide any more explanation. D1 did not complain of pain and when asked and stated she did not need EMS. V1 had heavy damage to the front left wheel and bumper. Photographs were taken of the Indiana University landscaping that was damaged during the crash."
903352179,MONROE SD,M19A11527,MONROE,BLOOMINGTON,BLOOMINGTON,4/8/2019,5:46 PM,1,0,1,0,0,,RUSSELL,RD,,,,N RUSSELL,COMMODORE,,,,N,,550,N,39.24511258,-86.48181,LOCAL/CITY ROAD,,N,N,RURAL,N,N,N,,DAYLIGHT,CLEAR,DRY,,NO JUNCTION INVOLVED,CURVE/GRADE,CONCRETE,RAN OFF ROAD RIGHT,$1001 TO $2500,RAN OFF ROAD,546,558,Y,Y,ECOMMODORETRLNRUSSELLRD,0,NONE,"V1 WAS TRAVELING NB ON N RUSSELL RD. FEMALE PASSENGER STATED THAT D1 PASSED OUT AT THE WHEEL AND SHE STATED ""HIS EYES WERE ROLLED BACK IN HIS HEAD"". V1 ENDED UP OFF N RUSSELL RD TO THE EAST OF THE ROAD COMING TO A STOP WITH THE FRONT END LIFTED UP BY A COUPLE OF SMALLER TREES. EMS STATED THAT D1'S BLOOD PRESSURE WAS RATHER LOW ON SCENE AND HE WAS TRANSPORTED TO THE HOSPITAL TO BE EVALUATED FURTHER. D1 WAS ON MULTIPLE MEDICATIONS FOR HEART ISSUES HE STATED AND THOUGHT THAT MIGHT HAVE BEEN WHAT HAD DONE IT. THE PASSENGER WAS LOOKED AT BY EMS FOR PAIN IN HER LEG AND WAS TREATED ON SCENE THEN SHE ASKED PRITCHARDS TO TAKE THE CAR TO THEIR HOUSE AND SHE RODE WITH PRITCHARDS."
903350713,MONROE SD,M19A11477,MONROE,BEAN BLOSSOM,BLOOMINGTON,4/8/2019,7:40 AM,2,0,0,0,0,,,,SR46W,,,SR46W,FOSTER FISCUS,,,,N,,,,39.28011,-86.67979,STATE ROAD,,N,N,RURAL,N,N,N,,DAWN/DUSK,CLEAR,DRY,,T-INTERSECTION,CURVE/LEVEL,ASPHALT,FOLLOWING TOO CLOSELY,$1001 TO $2500,REAR END,747,747,Y,N,FOSTERFISCUSRDSR46W,0,NONE,"D2 STATED THAT HE WAS STOPPED FACING EAST BOUND ON SR46 WITH HIS TURN SIGNAL ON TO TURN LEFT ONTO FOSTER FISCUS. D2 STATED THAT HE WAS REAR ENDED BY V1. V1 STATED THAT SHE WAS TRAVELING EAST BOUND ON SR 46 WHEN SHE LOOKED DOWN AT SOMETHING AND REARENDED V2 WITH A GLANCING BLOW TO THE RIGHT REAR OF V2. V1 THEN WENT OFF OF THE ROAD AND DOWN AN EMBANKMENT. BOTH VEHICLES WERE DRIVEABLE. V1 HAD TO BE PULLED OUT DUE TO MUD, BUT CHOSE TO HAVE A FAMILY MEMBER DO THIS. NEITHER DRIVER COULD PRODUCE AN INSURANCE CARD, BUT STATED THEY HAD INSURANCE."
903349804,INDIANA UNIV BLOOMINGTON PD,190859,MONROE,BLOOMINGTON,BLOOMINGTON,4/8/2019,1:45 PM,2,0,0,0,0,,SEVENTH,ST,,,,SEVENTH,DUNN,,,,Y,,,,39.16853,-86.52825,LOCAL/CITY ROAD,,N,Y,URBAN,N,N,N,,DAYLIGHT,CLEAR,DRY,,NO JUNCTION INVOLVED,STRAIGHT/LEVEL,ASPHALT,IMPROPER LANE USAGE,UNDER $1001,SAME DIRECTION SIDESWIPE,149,153,Y,N,DUNNSTSEVENTHST,0,NONE,"On 04/08/2019 at 1349 hours, I was dispatched to the Poplars Building reference a hit-and-run accident. I arrived on scene and met with Officer Hartley. Officer Hartley advised me W1 had told him that a vehicle had struck a parked vehicle and did not stop.The V2 was parked on the north side of 7th Street just west of Dunn Street facing west. V1, described as a silver Toyota Camry bearing an unknown state license plate BG12361, was traveling westbound on 7th Street just west of Dunn Street.W1 stated that V1 was traveling westbound on 7th Street and swerved into V2, striking it on the driver side mirror. V1 then continued westbound towards Grant Street and turned northbound. W1 described V1 as a silver Toyota Camry bearing an unknown state license plate BG12361.O2 stated she had the vehicle parked in a parking space and did not see the accident.There are no known suspects at this time."
903352178,MONROE SD,M19A11508,MONROE,VAN BUREN,BLOOMINGTON,4/8/2019,2:51 PM,2,0,0,0,0,,S LIBERTY,DR,,,,S LIBERTY,W CONSTITUTION,,,,N,,750,N,39.149552,-86.575936,LOCAL/CITY ROAD,,N,N,RURAL,N,N,N,,DAYLIGHT,CLEAR,DRY,,NO JUNCTION INVOLVED,STRAIGHT/LEVEL,CONCRETE,FOLLOWING TOO CLOSELY,$1001 TO $2500,REAR END,251,307,Y,N,SLIBERTYDRWCONSTITUTIONAVE,0,NONE,BOTH V1 AND V2 WERE TRAVELING SB ON S LIBERTY DR JUST NORTH OF W CONSTITUTION AVE. D2 WAS ATTEMPTING TO TURN LEFT INTO THE PARKING LOT OF AUTHOR SOLUTIONS AND V1 WAS BEHIND V2. D1 STATED THAT SHE GOT DISTRACTED BECAUSE SHE THOUGHT A BUG HAD FLOWN INTO HER VEHICLE AND SHE WENT TO SWAT AT IT. D1 STATED WHEN SHE LOOKED UP SHE SAW V2 SITTING WITH THEIR TURN SIGNAL ON AND WAS UNABLE TO STOP PRIOR TO V1 REAR ENDING V2.
903349903,BLOOMINGTON PD,B1913997,MONROE,BLOOMINGTON,BLOOMINGTON,4/8/2019,4:46 PM,2,0,0,0,0,,3RD,ST,,,,W 3RD,CURRY,,,,Y,,,,39.16464,-86.582825,LOCAL/CITY ROAD,Y,N,N,URBAN,N,N,N,,DAYLIGHT,CLEAR,DRY,,FOUR-WAY INTERSECTION,STRAIGHT/LEVEL,ASPHALT,DISREGARD SIGNAL/REG SIGN,$1001 TO $2500,BACKING CRASH,448,503,Y,N,SCURRYPIKEW3RDST,0,TRAFFIC CONTROL SIGNAL,V2 WAS STOPPED IN THE LEFT TURN LANE AT THE INTERSECTION OF W 3RD ST AND CURRY PIKE HEADING EAST ON 3RD. V1 WAS TRAVELING WEST ON 3RD STREET APPROACHING THE 3RD ST/ CURRY PIKE INTERSECTION. AS V2 ATTEMPTED TO TURN ONTO CURRY PIKE THE FRONT PASSENGER SIDE OF V1 COLLIDED WITH THE REAR PASSENGER SIDE OF V2 CAUSING DAMAGE TO BOTH VEHICLES. BOTH VEHICLES WERE ABLE TO BE DRIVEN AWAY FROM THE SCENE.D2 STATED THAT SHE HAD BEEN WAITING AT THE TRAFFIC LIGHT FOR THE GREEN ARROW TO INDICATE THAT SHE COULD TURN LEFT THROUGH THE INTERSECTION. AFTER D2 SAW THE SIGNAL SHE BEGAN TO DRIVE THROUGH THE INTERSECTION AND WAS STRUCK BY V1.D1 STATED THAT AS SHE WAS APPROACHING THE INTERSECTION THE LIGHT HAD JUST TURNED YELLOW. AS SHE WAS ENTERING THE INTERSECTION V2 TURNED LEFT AND INTO HER LANE OF TRAVEL. D1 SAID THAT SHE DID NOT HAVE TIME TO REACT AND ATTEMPT TO STEER AWAY FROM THE CRASH.
903349595,INDIANA UNIV BLOOMINGTON PD,190856,MONROE,BLOOMINGTON,BLOOMINGTON,4/8/2019,10:00 AM,2,0,0,0,0,,CAMPBELL,DR,,,,N CAMPBELL,TENTH,,,,Y,,75,N,39.17937222,-86.51394,UNKNOWN,,N,Y,URBAN,N,N,N,,DAYLIGHT,CLOUDY,,,NO JUNCTION INVOLVED,STRAIGHT/LEVEL,ASPHALT,,$1001 TO $2500,,109,115,Y,N,ETENTHSTNCAMPBELLDR,0,NONE,"On 04/08/2019, at 1309 hours, I was dispatched to the Tenth Street Lot north of the intersection with East 10th Street and North Campbell Drive. When I arrived, I spoke with Savannah Miller, who advised that she had parked her red 2015 Honda Civic around 0900 today. The vehicle was parked facing south (backed into a space) on the west side of the lot in the third row. When Miller went out to her vehicle around 1300 hours, today, she discovered new damage where it appears that her parked car was struck by another vehicle.Miller pointed out a dent to the front edge of the hood on the passenger side near the edge of the front grille. Black plastic molding on the underside of the grille was broken off and was missing. There were significant abrasions through the paint on the front bumper between the centerline and passenger side. It appeared that a vehicle with a bumper higher than the Honda had struck the parked vehicle, causing damage. There was no note left, no witnesses, and there are no surveillance cameras in the area. There are no other leads."