Master Record Number,Agency,Local Code,County,Township,City,Collision Date,Collision Time,Vehicles Involved,Trailers Involved,Number Injured,Number Dead,Number Deer,House Number,Roadway Name,Roadway Suffix,Roadway Number,Roadway Interchange,Roadway Ramp,Roadway Id,Intersecting Road,Intersecting Road Number,Mile Marker,Interchange,Corporate Limits?,Property Type,Feet From,Direction,Latitude,Longitude,Roadway Class,Traffic Control Devices?,Aggressive Driving?,Hit and Run?,Locality,School Zone?,Rumble Strips?,Construction?,Construction Type,Light Condition,Weather Conditions,Surface Condition,Type of Median,Roadway Junction Type,Road Character,Roadway Surface,Primary Factor,Damage Estimate,Manner of Collision,Time Notified,Time Arrived,Investigation Complete?,Photos Taken?,Unique Location Id,State Property Damage?,Traffic Control,NARRATIVE
903352963,BLOOMINGTON PD,B1915208,MONROE,BLOOMINGTON,BLOOMINGTON,4/14/2019,3:01 PM,2,0,0,0,0,,E 17TH,ST,,,,E 17TH,N INDIANA,,,,Y,,,,39.179024,-86.5272,LOCAL/CITY ROAD,,N,N,URBAN,N,N,N,,DAYLIGHT,RAIN,WET,,T-INTERSECTION,STRAIGHT/LEVEL,ASPHALT,FOLLOWING TOO CLOSELY,$10001 TO $25000,REAR END,301,318,Y,N,E17THSTNINDIANAAVE,0,NONE,"D2 stated he was stopped at the intersection of East 17th Street and North Indiana Avenue facing westbound, waiting for cars traveling eastbound on East 17th Street to pass so he could turn southbound onto North Indiana Avenue. D2 stated while he was waiting to turn, V1 rear ended V2.D1 stated that she traveling westbound on East 17th Street and saw V2 stopped but stated she did not have enough time to stop and V1 rear ended V2.V1 suffered major front end damage and had to be towed due to disabling damage.V2 suffered major rear end damage but it was not disabling.No injuries reported."
903353209,MONROE SD,M19A12166,MONROE,VAN BUREN,BLOOMINGTON,4/14/2019,12:16 PM,1,0,1,0,0,,S LEONARD SPRINGS,RD,,,,S LEONARD SPRINGS,W FULLERTON,,,,N,OTHER,,,39.123376,-86.582592,COUNTY ROAD,,N,N,RURAL,N,N,N,,DAYLIGHT,CLOUDY,DRY,,T-INTERSECTION,STRAIGHT/GRADE,ASPHALT,RAN OFF ROAD RIGHT,UNDER $1001,RAN OFF ROAD,1229,1234,Y,N,SLEONARDSPRINGSRDWFULLERTONPIKE,0,STOP SIGN,"VEHICLE 1 WAS TRAVELING WEST BOUND ON WEST FULLERTON PIKE. WHILE ATTEMPTING A NORTHBOUND RIGHT HAND TURN, VEHICLE 1 WAS DRIVEN THROUGH THE INTERSECTION AT WEST FULLERTON AND SOUTH LEONARD SPRINGS RD. VEHICLE 1 STRUCK AN INFORMATION SIGN AND BENT IT TO THE GROUND.DRIVER 1 STATED SHE WAS SEEING DOUBLE AND WAS DIZZY. DRIVER 1 WAS TRANPORTED TO IU HEALTH BLOOMINGTON FOR TREATMENT.VEHICLE 1 WAS WENCHED OUT BY HAWKINS TOWING AND THE BROTHER OF DRIVER 1 DROVE VEHICLE 1 TO HIS RESIDENCE.COUNTY HIGHWAY DEPT. WILL BE NOTIFIED OF SIGN DAMAGE."
903353054,BLOOMINGTON PD,B1915227,MONROE,VAN BUREN,BLOOMINGTON,4/14/2019,5:13 PM,2,0,0,0,0,,ROGERS,ST,,,,S ROGERS,GRAHAM,,,,Y,,,,0,0,LOCAL/CITY ROAD,,N,N,URBAN,N,N,N,,DAYLIGHT,CLEAR,DRY,,FOUR-WAY INTERSECTION,STRAIGHT/GRADE,ASPHALT,UNSAFE SPEED,$1001 TO $2500,LEFT TURN,514,519,Y,N,SROGERSSTWGRAHAMDR,0,STOP SIGN,"D1 stated they were driving northbound on S Rogers St when they noticed a vehicle turning left from W Graham Dr on to S Rogers St. D1 stated she attempted to slow down, but could not reduce to a speed where she avoiding striking V2. The front left portion of V1 then struck the back left portion of V2. D2 stated they were attempting to turn left on to S Rogers St from W Graham Dr. D2 stated they looked both ways before turning two times, and was surprised to find that V1 was quickly approaching V2 from D2's left side. D2 stated they attempted to move out of the way in order to avoid V1, but failed to do so, at which point V1 struck V2."
903352712,BLOOMINGTON PD,B1915138,MONROE,BLOOMINGTON,BLOOMINGTON,4/14/2019,2:15 AM,3,0,0,0,0,,N COLLEGE,AVE,,,,N COLLEGE,S 16TH,,,,Y,,200,N,39.17688,-86.534736,LOCAL/CITY ROAD,,N,Y,URBAN,N,N,N,,DARK (NOT LIGHTED),RAIN,WET,,FIVE POINT OR MORE,STRAIGHT/LEVEL,ASPHALT,WRONG WAY ON ONE WAY,$5001 TO $10000,RAN OFF ROAD,247,253,Y,Y,NCOLLEGEAVES16THST,0,NONE,"V1 was traveling N/B on College Ave, wrong way on a one way. V1 struck V2 which cause V2 to collide with V3.V1 left the scene of the accident.Owner of V2 advised that V2 was parked. Owner of V2 advised that while he was inside his resident he heard someone yell outside""that vehicle just struck the blue sedan"". Owner of V2 advised that he came outside to see the passenger side of V2 damaged. Owner of V2 also advised that when V2 was struck the impact from V1 caused V2 to collide with V3 causing damage to the right passenger side.Due to V1 traveling wrong way on a one way, V1 struck V2 which cause V2 to collided with V3 causing damage."
903353681,BLOOMINGTON PD,B1915334,MONROE,BLOOMINGTON,BLOOMINGTON,4/15/2019,1:15 PM,2,0,0,0,0,2966,E 3RD,ST,,,,E 3RD,,,,,Y,,,,39.16424,-86.49425989,UNKNOWN,,N,N,URBAN,N,N,N,,DAYLIGHT,CLEAR,DRY,,NO JUNCTION INVOLVED,STRAIGHT/LEVEL,ASPHALT,UNSAFE BACKING,UNDER $1001,BACKING CRASH,158,208,Y,N,E3RDST,0,NONE,"D1 of V1 was located in a parking spot in the Target, 2966 E. 3rd St. D2 of V2 was driving south in the Target parking lot coming to a slow stop at a stop sign. D1 stated she was backing out of the parking spot when she hit V2. D2 stated that she was driving south in the parking lot when D1 backed into her car as D2 was coming to a slow stop."
903354959,BLOOMINGTON PD,B1915345,MONROE,BLOOMINGTON,BLOOMINGTON,4/15/2019,11:30 AM,1,0,1,0,0,,S FRANKLIN,RD,,,,S FRANKLIN,W 3RD,,,,Y,,,,39.164688,-86.5712,LOCAL/CITY ROAD,,,Y,URBAN,N,N,N,,DAYLIGHT,CLEAR,DRY,,NO JUNCTION INVOLVED,STRAIGHT/HILLCREST,ASPHALT,CELL PHONE USAGE,UNDER $1001,RIGHT TURN,336,356,N,N,SFRANKLINRDW3RDST,1,TRAFFIC CONTROL SIGNAL,"PEDESTRIAN WAS CROSSING S FRANKLIN RD AT THE INTERSECTION OF W 3RD ST. PEDESTRIAN ADVISED THE CROSSWALK LIGHT WAS NOT WORKING, HOWEVER TRAFFIC HEADING NB AND SB ON FRANKLIN HAD A RED LIGHT. AS PEDESTRIAN WAS CROSSING, DI WAS A FEMALE DRIVING A BLACK CHEVY SEDAN. D1 APPROACHED THE INTERSECTION HEADING SB ON FRANKLIN. PEDESTRIAN ADVISED D1 WAS ON HER PHONE AND DID NOT STOP WHEN D1 HIT THE PEDESTRIAN CROSSING THE ROAD, IN AN ATTEMPT TO MAKE A RIGHT TURN WB ON W 3RD ST. D1 STOPPED MOMENTARILY AND LOOKED AT THE PEDESTRIAN THEN CONTINUED DRIVING WB ON 3RD ST. PEDESTRIAN DID NOT MAKE A REPORT UNTIL APPRX. SIX HOURS AFTER ACCIDENT WHEN PEDESTRIAN WENT TO THE HOSPTIAL TO GET HER KNEE LOOKED AT. PEDESTRIAN DID NOT KNOW D1, AND WAS UNABLE TO GET A LICENSE PLATE NUMBER OR MAKE OF THE CHEVY."
903353862,MONROE SD,M19A12221,MONROE,BLOOMINGTON,BLOOMINGTON,4/15/2019,5:36 AM,1,0,0,0,0,,NORTH OLD STATE ROAD 37,,,,,NORTH OLD STATE ROAD 37,EAST SAMPLE,,,,N,OTHER,,,39.25864,-86.5012,LOCAL/CITY ROAD,,N,Y,RURAL,N,N,N,,DARK (NOT LIGHTED),CLEAR,DRY,,T-INTERSECTION,STRAIGHT/GRADE,ASPHALT,RAN OFF ROAD RIGHT,$5001 TO $10000,RAN OFF ROAD,536,543,Y,N,EASTSAMPLERDNORTHOLDSTATEROAD37,0,NONE,"Monroe County Emergency Dispatch was advised of a crashed vehicle on its roof in the area of North Old SR 37 at the Sample Road intersection at approximately 5:30 AM on April 15, 2019. Fire Department personnel determined that no one was inside the vehicle and that the engine was cold to the touch. While attempting to locate the registered owner to conduct a welfare check, the owner/driver of the vehicle contacted dispatch to report the collision. Driver 1 states that he was operating vehicle 1 northbound on North Old State Road 37 approaching the Sample Road intersection when a southbound vehicle came over the center divider line and nearly collided with his vehicle. Driver 1 states taht he swerved to avoid the collision which caused his vehicle to exit the northwest corner of the intersection into a ditch and row of trees before rolling onto its roof. Driver 1 states that he did not have any cellular phone service at the scene of the crash to contact emergency services and decided to walk to a nearby friends house at 8551 North Old SR 37 where he later contact Monroe County Dispatch to report the collision. Based on the vehicle's engine being cold to the touch when law enforcement and fire personnel arrived, it is believed that the collision occurred earlier in the morning on April 15 and driver 1 waited a considerable amount of time to report the collision to emergency services. Driver 1 smelled of alcohol during the investigation and provided a portable breath test sample of .050 BrAC. Based on the undetermined amount of time between the collision occurring and the investigation, no operating while intoxicated investigation was conducted. However based on damage to roadway signs and private property and fencing, driver 1 was issued a misdemeanor citation for failing to remain at/or report the collision.Vehicle 1 was towed to the 8551 N Old SR 37 address at the request of the owner by Hawkins Towing. See Monroe County Sheriff's Office report for additional information regarding this investigation."
903353656,BLOOMINGTON PD,B1915350,MONROE,BLOOMINGTON,BLOOMINGTON,4/15/2019,3:59 PM,2,0,0,0,0,1280,N COLLEGE,AVE,,,,N COLLEGE,,,,,Y,,,,39.17813638,-86.53472634,,,N,Y,URBAN,N,N,N,,UNKNOWN,CLEAR,DRY,,NO JUNCTION INVOLVED,STRAIGHT/LEVEL,ASPHALT,UNSAFE BACKING,UNDER $1001,BACKING CRASH,350,359,Y,N,NCOLLEGEAVE,0,NONE,V2 was parked and unoccupied and an unknown vehicle struck the drivers side rear bumper and left the area. The owner discovered the damage on 4/13/19 at 1100hrs.
903353718,BLOOMINGTON PD,B1915365,MONROE,BLOOMINGTON,BLOOMINGTON,4/15/2019,5:55 PM,2,0,0,0,0,,W 3RD,ST,,,,W 3RD,S COLLEGE,,,,Y,,,,39.16464,-86.534816,LOCAL/CITY ROAD,Y,N,N,URBAN,N,N,N,,DAYLIGHT,CLEAR,DRY,,FOUR-WAY INTERSECTION,STRAIGHT/GRADE,ASPHALT,DRIVER DISTRACTED - EXPLAIN IN NARRATIVE,$1001 TO $2500,REAR END,557,604,Y,N,SCOLLEGEAVEW3RDST,0,TRAFFIC CONTROL SIGNAL,"D1 stated that they were stopped at the stoplight on W 3rd St at the intersection of S College Ave, headed east, behind V2. D1 stated that a pen fell from their grasp on to the floorboard of the vehicle near the gas pedal. D1 stated that when they attempted to get the pen from the floorboard, their foot moved from the brake to the gas pedal, pushing the gas pedal down, causing V1 to rear end V2. D2 stated that they were stopped at the stoplight on W 3rd St at the intersection of S College Ave, in the north lane, headed eastbound, when their vehicle was struck from the rear by V1."
903353886,BLOOMINGTON PD,B1915330,MONROE,BLOOMINGTON,BLOOMINGTON,4/15/2019,12:19 PM,2,0,0,0,0,3324,W 3RD,ST,,,,W 3RD,,,,,Y,,,,39.164816,-86.573888,LOCAL/CITY ROAD,,N,Y,URBAN,N,N,N,,DAYLIGHT,CLEAR,DRY,,NO JUNCTION INVOLVED,STRAIGHT/LEVEL,ASPHALT,,$1001 TO $2500,,1221,100,Y,N,W3RDST,0,NONE,"V2 WAS PARKED AT THE QUICKSILVER MARATHON GAS STATION AT 3324 W. 3RD ST. OWNER STATED SHE WENT INSIDE TO MAKE A PURCHASE AND PARKED NEXT TO A WHITE PICK UP TRUCK. UPON THE OWNERS RETURN, SHE WAS UNABLE TO OPEN THE DRIVER SIDE DOOR DUE TO POSSIBLY THE WHITE TRUCK STRIKING V2 AS IT WAS LEAVING. DAMAGE IS THE DRIVER SIDE A-FRAME DOOR HINGE AREA.""MANAGER AT THE MARATHON INFORMED ME THEY WOULD BE ABLE TO PULL VIDEO ON 5-21-19. V1/D1 IS UNKNOWN AT THIS TIME."
903353763,ELLETTSVILLE PD,E1902126,MONROE,RICHLAND,ELLETTSVILLE,4/15/2019,6:50 AM,1,0,0,0,0,709,MUSKET,DR,,,,MUSKET,,,,,N,,,,39.22138,-86.61839,LOCAL/CITY ROAD,,N,N,URBAN,N,N,N,,DAYLIGHT,CLEAR,DRY,,NO JUNCTION INVOLVED,STRAIGHT/GRADE,ASPHALT,OTHER (VEHICLE) - EXPLAIN IN NARRATIVE,$10001 TO $25000,OTHER - EXPLAIN IN NARRATIVE,540,545,Y,Y,MUSKETDR,0,NONE,"VEHICLE 1 OWNED BY LINDA GREOGORY WAS SITTING IN THE SLOPED DRIVEWAY OF 320 MUSKET DRIVE ELLETTSVILLE, IN, 47429. AT APPROXIMATLEY 4:40 P.M. IT ROLLED DOWN THE SLOPED DRIVEWAY AND STRUCK THE FRONT PORCH OF 709 MUSKET DRIVE ELLETTSVILLE, IN, 47429. AFTER I ARRIVED ON SCENE AND NOTICED THAT THE VEHICLE CAME FROM THE DRIVE WAY OF 320 MUSKET DRIVE, I THEN WENT AND SPOKE WITH THE OWNER OF THE CAR MRS. GREGORY. SHE STATED THAT SHE HAD BEEN AT THAT ADDRESS FOR A WHILE AND THAT SHE WAS FOR SURE THAT SHE HAD PUT THE CAR IN PARK. THE CAR WAS ABLE TO PULLED AWAY FROM THE STRUCTURE.THE TRUSTEE OF THE HOME IS KATHRYN BERNARDI 4807 MANCHESTER STREET BLOOMINGTON, IN 47404 (812-325-1382)THE HOME OWNER IS FERGUSON FAMILY TRUST"
903353727,BLOOMINGTON PD,B1915363,MONROE,BLOOMINGTON,BLOOMINGTON,4/15/2019,4:30 PM,2,0,0,0,0,2800,E 3RD,ST,,,,E 3RD,,,,,Y,,,,39.16464,-86.56905455,UNKNOWN,,N,Y,URBAN,N,N,N,,DAYLIGHT,CLEAR,DRY,,NO JUNCTION INVOLVED,STRAIGHT/LEVEL,ASPHALT,IMPROPER TURNING,$2501 TO $5000,OTHER - EXPLAIN IN NARRATIVE,551,603,N,Y,E3RDST,0,NONE,V2 was parked in a parking stall facing south at 2800 E. 3rd St. D2 stated that she went inside Orange Theory at 04:10pm and came back out at 05:30pm and noticed her car had been hit. The damage to V2 is consistent with a possible side swipe from an improper turn. V1 had possibly turned to park in a parking stall next to V2 and had hit the rear drivers side quarter panel of V2.D2 stated that she did not see who hit her car and did not have any further information about V1.
903353229,BLOOMINGTON PD,B1915283,MONROE,BLOOMINGTON,BLOOMINGTON,4/15/2019,7:45 AM,2,0,0,0,0,,ROGERS,ST,,,,S ROGERS,ROCKPORT,,,,Y,,50,S,39.02610419,-86.60125226,LOCAL/CITY ROAD,,N,N,URBAN,N,N,N,,DAYLIGHT,CLOUDY,DRY,,T-INTERSECTION,STRAIGHT/GRADE,ASPHALT,FAILURE TO YIELD RIGHT OF WAY,$2501 TO $5000,RIGHT ANGLE,745,755,Y,N,SROCKPORTRDSROGERSST,0,LANE CONTROL,"DRIVER OF VEHICLE 1 STATED HE WAS ON THE PARKING LOT ADJACENT TO S ROGERS STREET, WAITING TO TURN LEFT/NORTH ONTO ROGERS STREET. AN UNINVOLVED DRIVER STOPPED ON NORTH BOUND ROGERS AND WAVED FOR D1 TO ENTER THE ROADWAY. D1 DID NOT SEE VEHICLE 2 APPROACHING FROM THE NORTH. AS V1 TURNED LEFT/NORTH OUT OF THE PARKING LOT, IT WAS STRUCK BY V2.DRIVER OF VEHICLE 2 STATED HE WAS SOUTH BOUND ON ROGERS STREET APPROACHING THE INTERSECTION WITH S ROCKPORT ROAD. AS V2 PASSED THROUGH THE INTERSECTION, HE OBSERVED V1 EXIT THE PARKING LOT TO HIS RIGHT AND ENTER THE ROADWAY DIRECTLY IN FRONT OF HIM. V2 COLLIDED WITH V1."
903353557,INDIANA UNIV BLOOMINGTON PD,190942,MONROE,PERRY,BLOOMINGTON,4/15/2019,2:00 PM,2,0,0,0,0,800,ATWATER,AVE,,,,ATWATER,,,,,Y,,,,39.16301,-86.523365,UNKNOWN,,N,N,URBAN,N,N,N,,DAYLIGHT,CLOUDY,DRY,,NO JUNCTION INVOLVED,STRAIGHT/LEVEL,ASPHALT,IMPROPER TURNING,UNDER $1001,LEFT TURN,205,219,Y,N,ATWATERAVE,0,NONE,V1 was traveling west through the Atwater Parking lot. V1 attempted to turn left and park in a marked parking stall. V1 did not leave enough space for a proper turn and side swiped V2 which was parked in a marked parking stall facing south. V1 collided with parked V2. D1 stated that she was attempting to park and accidentally hit the side of V2. D1 stated that she thought she had enough room to make the turn. V2 was unoccupied. The owner was standing nearby in the parking lot and saw V1 collide into V2. The owner of V2 stated the same information as D1. There were no injuries at the scene and no vehicles had to be towed. There was minor damage to the rear drivers side door and fender of V2. There was minor damage to the front passenger side bumper of V1.
903354413,BLOOMINGTON PD,B1915490,MONROE,BLOOMINGTON,BLOOMINGTON,4/16/2019,4:22 PM,2,0,1,0,0,,W 3RD,ST,,,,W 3RD,,,,,Y,,,,39.164752,-86.573104,LOCAL/CITY ROAD,Y,N,N,URBAN,N,N,N,,DAYLIGHT,CLEAR,DRY,,FOUR-WAY INTERSECTION,STRAIGHT/GRADE,ASPHALT,FAILURE TO YIELD RIGHT OF WAY,$10001 TO $25000,LEFT TURN,426,429,Y,Y,SR37SW3RDST,0,TRAFFIC CONTROL SIGNAL,D1 stated he was facing westbound on W 3rd Street waiting to make a left turn onto the southbound ramp of SR 37. D1 stated a vehicle in the oncoming lane waived at him to make his turn. When D1 made the turn V2 collided with the passenger side of his V1. D1 did not sustain any injuries.D2 stated she was travelling eastbound on W 3rd Street entering the intersection of the southbound ramp of SR 37. D2 stated as she was going through the intersection V1 turned in front of her causing her to T-bone V1. D2 was transported by EMS to the hospital.
903356208,ISP BLOOMINGTON 33,2.019E+11,MONROE,BLOOMINGTON,BLOOMINGTON,4/16/2019,2:25 PM,2,0,1,0,0,,,,SR45,,,SR45,KINSER,,,,Y,,,,39.186544,-86.537888,STATE ROAD,Y,N,N,URBAN,N,N,N,,DAYLIGHT,CLEAR,DRY,,FOUR-WAY INTERSECTION,STRAIGHT/GRADE,ASPHALT,FAILURE TO YIELD RIGHT OF WAY,$10001 TO $25000,LEFT TURN,229,245,Y,N,KINSERPIKESR45,0,TRAFFIC CONTROL SIGNAL,"SR45 is a highway that runs primarily in a eastern and western direction through Monroe County. Kinser Pike is a local road that runs in a northern and southern direction and intersects with SR45. The intersection of SR45 and Kinser Pike is a four-way intersection that uses traffic control signals for vehicular traffic flow. The traffic control signals were functioning properly at the time of the crash. V1 (2016 gray Ford Focus) was preparing to make a left turn from eastbound SR45 onto northbound Kinser Pike. V2 (2008 black Chevrolet Colorado pickup truck) was traveling westbound in the right lane of SR45. As V2 entered the intersection V1 failed to yield and attempted to make a left turn in front of V2. V2 then struck V1 in the passenger side rear door and fender area. This action caused V1 to rotate in a clockwise direction coming to final rest in the southbound lane of Kinser Pike facing west. V2 came to rest on the shoulder of SR45 westbound. D1 (Daniel Dundas) stated that he was traveling eastbound on SR45. He was attempting to make a left turn onto Kinser Pike northbound and did not see V2. D1 stated that he traveled in front of V2 and was struck on the passenger side by V2. He was wearing his seat belt.D2 (Jacob Cox) stated that he was traveling westbound in the right lane on SR45. D2 stated that V1 turned in front of him and he attempted to stop, but was unable to. D1 stated that he struck V1. He was wearing his seat belt. W1 (Susan Matheus) stated that she was stopped in traffic on Kinser Pike northbound on the south side of the intersection. W1 stated that east and westbound traffic had a green light. W1 stated that V1 made a left turn in front of V2. V2 struck V1 in the passenger side. W1 stated that V1, rotated clockwise and came to a stop in the southbound lanes of Kinser Pike on the north side of the intersection. During the course of my investigation, I observed debris on the roadway in the intersection where the crash occurred. I, also observed disabling damage to V1 on the passenger side, rear door and fender. V2 also had disabling damage to the entire front end. D1 did not report any injuries. At the conclusion of my investigation, D2 stated that he had bruising on his lower left arm from the airbag. D2 denied any medical treatment at the scene.The crash investigation showed that the primary cause of the crash is Failure To Yield on the part of D1. This was determined by both drivers and witness statements as well as damage sustained by both vehicles."
903354249,BLOOMINGTON PD,B1915460,MONROE,PERRY,BLOOMINGTON,4/16/2019,2:09 PM,2,0,0,0,0,,,,SR37S,,,SR37S,W 3RD,,,,Y,,,,39.164752,-86.573104,STATE ROAD,Y,N,Y,URBAN,N,N,N,,DAYLIGHT,CLEAR,DRY,,NO JUNCTION INVOLVED,STRAIGHT/LEVEL,ASPHALT,FAILURE TO YIELD RIGHT OF WAY,$1001 TO $2500,SAME DIRECTION SIDESWIPE,209,217,Y,Y,SR37SW3RDST,0,TRAFFIC CONTROL SIGNAL,"D1/V1 left the scene prior to my arrival and is not known at the time of this report. D2 stated that he was headed East on W 3rd St., approaching SR 37. D2 stated that as he approached SR 37 V1 drove along side him on his drivers side, and then merged into his lane prior to being clear of his vehicle, causing the passenger side of V1 to strike the drivers side of V2. D2 stated that D1 then acted as if nothing had happened, and proceeded into his lane and took the exit onto SR 37 South. D1 was unsure of the make, model, or color of V1, but did state that it had a handicap Indiana license plate. D2 described D1 as a older female with grey hair.The investigation into the leaving the scene of the accident is ongoing."
903354443,BLOOMINGTON PD,B1915491,MONROE,BLOOMINGTON,BLOOMINGTON,4/16/2019,3:38 PM,2,0,0,0,0,2966,E 3RD,ST,,,,E 3RD,,,,,Y,,,,39.16424,-86.49425989,UNKNOWN,,N,N,URBAN,N,N,N,,DAYLIGHT,CLEAR,DRY,,NO JUNCTION INVOLVED,STRAIGHT/LEVEL,ASPHALT,DRIVER DISTRACTED - EXPLAIN IN NARRATIVE,$1001 TO $2500,HEAD ON BETWEEN TWO MOTOR VEHICLES,418,425,Y,N,E3RDST,0,NONE,"Vehicle 2 was parked in the parking lot of Target, 2966 E 3rd St, facing east. Vehicle 1 was parked in the parking lot directly across from vehicle 2 and was facing west. Owner of vehicle 1 got into the driver's seat. Driver 1 was leaned over attempting to get items when her vehicle began driving forward towards vehicle 2. Vehicle 1 then struck a cart corral and vehicle 2. Both vehicles had minor damage and were able to drive away from scene. No injuries."
903354619,MONROE SD,M19A12316,MONROE,SALT CREEK,BLOOMINGTON,4/16/2019,12:53 AM,1,0,0,0,1,,,,SR46E,,,SR46E,SEWELL,,,,N,,2890,E,39.15265603,-86.37287662,STATE ROAD,,N,N,RURAL,N,N,N,,DARK (NOT LIGHTED),CLEAR,DRY,,NO JUNCTION INVOLVED,STRAIGHT/HILLCREST,ASPHALT,ANIMAL/OBJECT IN ROADWAY,$5001 TO $10000,COLLISION WITH DEER,1257,126,Y,N,SEWELLRDSR46E,0,NONE,D1 STATED THAT THEY WERE DRIVING WEST ON SR 46 HEADED TOWARD SEWELL RD WHEN A DEER RAN OUT IN FRONT OF THEM. D1 STATED THAT THEY COULD NOT AVOID THE COLLISION WITH THE DEER. V1 SUFFERED HEAVY FRONT PASSENGER SIDE DAMAGE DUE TO THE COLLISION. THE OWNER CALLED THE INSURANCE COMPANY AND THE INSURANCE COMPANY CALLED THE TOW TRUCK. NO INJURIES WERE REPORTED TO ME AT THE SCENE.
903354526,MONROE SD,M19A12434,MONROE,RICHLAND,BLOOMINGTON,4/16/2019,8:14 PM,2,0,1,0,0,,VERNAL,PIKE,,,,W VERNAL,ANGELINA,,,,N,,100,W,39.18663,-86.60201133,COUNTY ROAD,,N,N,RURAL,N,N,N,,DAWN/DUSK,CLEAR,DRY,,T-INTERSECTION,STRAIGHT/LEVEL,ASPHALT,LEFT OF CENTER,$10001 TO $25000,OPPOSITE DIRECTION SIDESWIPE,816,820,Y,N,NANGELINALNWVERNALPIKE,0,NONE,"V1 was traveling eastbound on W Vernal Pike near N Angelina Ln when D1 stated that he became distracted by moving trash by his feet. V1 crossed over the center line all the way into the westbound lane causing V2, who was traveling westbound, to swerve into the curb on the north side of the roadway. V1 crashed into the rear end of V2. W1 stated that that she was traveling westbound behind V2 and saw V1 cross all the way into the westbound lane causing V2 to crash into the curb and V1 crash into the rear end of V2. D2 was treated at the scene by EMS for a complaint of pain to her head. Both vehicles were towed from the scene due to disabling damage."
903354114,BLOOMINGTON PD,B1915422,MONROE,BLOOMINGTON,BLOOMINGTON,4/16/2019,8:39 AM,1,0,0,0,0,,LEONARD SPRINGS,RD,,,,S LEONARD SPRINGS,TAPP,,,,Y,OTHER,,,39.09503967,-86.59195893,LOCAL/CITY ROAD,,N,N,URBAN,N,N,N,,DAYLIGHT,CLEAR,DRY,,T-INTERSECTION,STRAIGHT/GRADE,ASPHALT,FAILURE TO YIELD RIGHT OF WAY,$2501 TO $5000,RAN OFF ROAD,840,844,Y,Y,SLEONARDSPRINGSRDWTAPPRD,0,STOP SIGN,"THIS OCCURRED IN THE CITY OF BLOOMINGTON, INDIANA.D1 SAID SHE WAS DRIVING WB ON W TAPP RD AND TURNED NB ON S LEONARD SPRINGS RD. SHE SAID SWERVED BECAUSE A VEHICLE WAS CLOSE BEHIND HER AND IT WOULD HAVE COLLIDED WITH HER IF SHE DID NOT SWERVE. SHE SAID SHE SWERVED INTO A DITCH AND COLLIDED WITH A SPEED LIMIT SIGN. D1 ACCELERATED OUT OF THE DITCH AND DROVE UPON THE LANDSCAPE OF PRIVATE PROPERTY 2747 S LEONARD SPRINGS RD.D1 WAS IDENTIFIED BY HER VALID IN DL AND ADMITTED TO DRIVING THE VEHICLE.CITY OF BLOOMINGTON WAS NOTIFIED ABOUT THE DOWNED SPEED LIMIT SIGN.WAS UNABLE TO MAKE CONTACT WITH HOMEOWNER OF 2747 S LEONARD SPRINGS. COPY OF INFO EXCHANGE WAS LEFT IN MAILBOX.OFFICER S. ROSE 1665 04/16/2019"
903354499,MONROE SD,M19A12421,MONROE,PERRY,BLOOMINGTON,4/16/2019,5:43 PM,2,0,0,0,0,,CHURCH,LN,,,,CHURCH,S OLD SR 37,,,,N,,300,W,39.1072715,-86.53244915,COUNTY ROAD,,N,N,URBAN,N,N,N,,DAYLIGHT,CLEAR,DRY,,NO JUNCTION INVOLVED,STRAIGHT/GRADE,ASPHALT,FOLLOWING TOO CLOSELY,$2501 TO $5000,REAR END,543,550,Y,N,CHURCHLNSOLDSR37RD,0,NONE,"D1 ADVISED AS SHE WAS TRAVELING EAST BOUND ON CHURCH LN, WEST OF THE INTERSECTION OF S OLD SR 37 AND W CHURCH LN. AS SHE WAS IN STOP AND GO TRAFFIC, D1 WAS DISTRACTED AND LOOKED DOWN WHEN SHE STRUCK V2 IN THE REAR BUMPER. D2 ADVISED SHE WAS TRAVELING EAST BOUND AND WAS IN STOP AND GO TRAFFIC WHEN V1 STRUCK THE REAR BUMPER OF V2. BOTH VEHICLES WERE MOVED OUT OF THE ROADWAY AND INTO THE PARKING LOT OF 5440 S OLD SR 37 PRIOR TO MY ARRIVAL. BOTH DRIVERS ADVISED THE CRASH OCCURED NEAR THE 200 BLK OF W. CHURCH LN. BOTH VEHICLES SUSTAINED MINOR SCRATCHES AND DAMAGE TO THE BUMPERS AND DID NOT REQUIRE TO BE TOWED."
903359986,MONROE SD,M19A12363,MONROE,BEAN BLOSSOM,BLOOMINGTON,4/16/2019,10:10 AM,2,0,0,0,0,,TEXAS RIDGE,RD,,,,N TEXAS RIDGE,COUNTY LINE,,,,N,,4400,E,39.33285,-86.67954138,LOCAL/CITY ROAD,,N,N,RURAL,N,N,N,,DAYLIGHT,CLEAR,DRY,NONE,NO JUNCTION INVOLVED,CURVE/LEVEL,ASPHALT,OTHER (DRIVER) - EXPLAIN IN NARRATIVE,$1001 TO $2500,REAR END,1012,1035,Y,N,NCOUNTYLINERDNTEXASRIDGERD,0,NONE,"V2, A FEDEX TRUCK, WAS PARKED IN THE ROADWAY ON TEXAS RIDGE ROAD, IN THE MIDDLE OF AN S CURVE WHEN V1, APPROACHING FROM THE SOUTH, STRUCK AND REAR ENDED V2. THE OPERATOR OF V2, KEEGAN MCDONALD, ADVISED THAT IT IS COMPANY POLICY TO BACK INTO DRIVEWAYS; HOWEVER, DUE TO TRAFFIC BEHIND V2 KEEGAN WAS UNABLE TO BACK UP AND HE THEREFORE STOPPED THE TRUCK IN THE ROADWAY. D1 ADVISED THAT HE ATTEMPTED TO STOP IN TIME; HOWEVER, WHEN HE APPLIED HIS FOOT TO THE BRAKE HIS FOOT HIT THE ACCELERATOR AS WELL."