Master Record Number,Agency,Local Code,County,Township,City,Collision Date,Collision Time,Vehicles Involved,Trailers Involved,Number Injured,Number Dead,Number Deer,House Number,Roadway Name,Roadway Suffix,Roadway Number,Roadway Interchange,Roadway Ramp,Roadway Id,Intersecting Road,Intersecting Road Number,Mile Marker,Interchange,Corporate Limits?,Property Type,Feet From,Direction,Latitude,Longitude,Roadway Class,Traffic Control Devices?,Aggressive Driving?,Hit and Run?,Locality,School Zone?,Rumble Strips?,Construction?,Construction Type,Light Condition,Weather Conditions,Surface Condition,Type of Median,Roadway Junction Type,Road Character,Roadway Surface,Primary Factor,Damage Estimate,Manner of Collision,Time Notified,Time Arrived,Investigation Complete?,Photos Taken?,Unique Location Id,State Property Damage?,Traffic Control,NARRATIVE
903354430,BLOOMINGTON PD,B1915499,MONROE,BLOOMINGTON,BLOOMINGTON,4/16/2019,5:47 PM,2,0,0,0,0,,WALNUT,ST,,,,S WALNUT,BURKS,,,,Y,,300,N,0,0,LOCAL/CITY ROAD,,N,N,URBAN,N,N,N,,DAYLIGHT,CLEAR,DRY,,NO JUNCTION INVOLVED,STRAIGHT/LEVEL,ASPHALT,DRIVER DISTRACTED - EXPLAIN IN NARRATIVE,$5001 TO $10000,REAR END,551,602,Y,N,EBURKSDRSWALNUTST,0,NONE,"V1 WAS TRAVELING SOUTH ON S. WALNUT ST. V1 REARENDED V2 WHILE V2 WAS STOPPED IN TRAFFIC.D1 STATED THAT SHE HAD JUST PULLED ONTO S. WALNUT ST. FROM A PARKING LOT. D1 STATED THAT SHE ACCELERATED TO CATCH UP WITH THE SPEED OF TRAVEL. D1 STATED THAT HER DAUGHTER, IN THE BACKSEAT, HAS ASKED FOR EARPHONES. D1 STATED SHE TURNED TO GIVE THEM TO HER AND WHEN SHE TURNED BACK, SHE STRUCK V2.V2 WAS TRAVELING SOUTH ON S. WALNUT ST. V2 SLOWED TO A STOP DUE TO TRAFFIC. V2 WAS STRUCK ON THE REAR BY V1.D2 STATED THAT HE WAS STOPPED WITH TRAFFIC AS A VEHICLE 2 CARS IN FRONT OF HIM HAD STOPPED TO TURN LEFT INTO A PARKING LOT. D2 STATED V2 WAS THEN STRUCK IN THE REAR BY V1."
903354122,BLOOMINGTON PD,B1915457,MONROE,BLOOMINGTON,BLOOMINGTON,4/16/2019,1:02 PM,2,0,0,0,0,,COLLEGE,AVE,,,,COLLEGE,4TH,,,,Y,,,,39.165664,-86.5348,LOCAL/CITY ROAD,,N,N,URBAN,N,N,N,,DAYLIGHT,CLEAR,DRY,,FOUR-WAY INTERSECTION,STRAIGHT/GRADE,ASPHALT,UNSAFE LANE MOVEMENT,$1001 TO $2500,SAME DIRECTION SIDESWIPE,105,116,Y,N,4THSTCOLLEGEAVE,0,NONE,Driver 1 stated he was in the center lane southbound on College Ave approaching 4th St. Driver 2 stated that she was in the right lane southbound on College Ave approaching 4th St. Driver 1 stated that he was changing lanes into the right lane and did not see vehicle 2 next to him. Driver 1 stated that he collided with vehicle 2 as he changed lanes. Driver 2 stated vehicle 1 merged into her lane as she was coming up along side of vehicle 1 and vehicle 1 collided with her vehicle.
903354617,MONROE SD,M19A12447,MONROE,PERRY,BLOOMINGTON,4/16/2019,11:24 AM,2,0,0,0,0,4025,S OLD SR 37,RD,,,,S OLD SR 37,,,,,N,,,,39.137088,-86.53056,UNKNOWN,,N,N,RURAL,N,N,N,,DARK (LIGHTED),CLEAR,DRY,,NO JUNCTION INVOLVED,NON-ROADWAY CRASH,ASPHALT,UNSAFE BACKING,$1001 TO $2500,BACKING CRASH,1124,1233,Y,N,SOLDSR37RD,0,NONE,"D1, an employee at Kroger, wanted to move his parked car to another parking spot in the parking lot. D1 stated he was distracted by another car that was oncoming, and did not pay attention to D2, who was parked in a parking spot behind him to the south. D1 collided with that vehicle. D1 then moved his vehicle to another parking spot prior to my arrival. D1 went ahead to work, but did give his information to D2, who awaited police.Neither party requested medical attention.Please note that the delay in response time was due to a separate emergency incident that happened in the same parking lot."
903355254,MONROE SD,M19A12553,MONROE,PERRY,BLOOMINGTON,4/17/2019,6:51 PM,1,0,0,0,0,,,,I69S,,,I69S,,SR37,,,N,OTHER,1500,S,0,0,INTERSTATE,,N,N,RURAL,N,Y,N,,DAYLIGHT,CLOUDY,DRY,,NO JUNCTION INVOLVED,STRAIGHT/GRADE,ASPHALT,RAN OFF ROAD RIGHT,$5001 TO $10000,RAN OFF ROAD,659,704,Y,N,I69SSTATEROAD37RD,0,NONE,"V1 WAS TRAVELING NORTH BOUND ON I69. V1 RAN OFF THE WEST SIDE OF THE ROADWAY, IN THE MEDIAN. D1 THEN GOT THE VEHICLE BACK ONTO THE ROADWAY, OVERCORRECTED, AND STRUCK A GUARDRAIL ON THE EAST SIDE OF THE ROAD."
903355206,BLOOMINGTON PD,B1915616,MONROE,BLOOMINGTON,BLOOMINGTON,4/17/2019,2:51 PM,2,0,0,0,0,,MONTCLAIR,AVE,,,,S MONTCLAIR,SUSSEX,,,,Y,,150,N,39.16081371,-86.50422,LOCAL/CITY ROAD,,N,N,URBAN,N,N,N,,DAYLIGHT,CLOUDY,DRY,,T-INTERSECTION,STRAIGHT/GRADE,ASPHALT,DRIVER DISTRACTED - EXPLAIN IN NARRATIVE,$1001 TO $2500,REAR END,251,259,Y,N,ESUSSEXDRSMONTCLAIRAVE,0,NONE,Vehicle 2 was parked on Montclair Ave facing north on the east side of the roadway. Vehicle 1 was traveling north on Montclair Ave. Driver of vehicle 1 stated that near the intersection of Sussex Dr he dropped a pen. The driver leaned over to pick up the pen and when he looked back at the roadway he was headed for vehicle 2. Driver of vehicle 1 was unable to avoid colliding with vehicle 2 and hit the rear driver's side of vehicle 2 with the front passenger side of vehicle 1.Vehicle 1 has moderate damage to the front passenger side and vehicle 2 has moderate damage to the read driver's side. No injuries were reported from the accident.
903355148,BLOOMINGTON PD,B1915623,MONROE,PERRY,BLOOMINGTON,4/17/2019,3:20 PM,3,0,0,0,0,,WALNUT,ST,,,,SOUTH WALNUT,BURKS,,,,Y,,2500,S,0,0,LOCAL/CITY ROAD,,N,N,URBAN,N,N,B,,DAYLIGHT,CLOUDY,DRY,,NO JUNCTION INVOLVED,STRAIGHT/GRADE,ASPHALT,FAILURE TO YIELD RIGHT OF WAY,$10001 TO $25000,LEFT TURN,324,327,Y,N,EASTBURKSDRSOUTHWALNUTST,0,LANE CONTROL,"V1 WAS MAKING A LEFT HAND TURN OUT OF THE PRIVATE DRIVE OF 4300 SOUTH WALNUT ST TO TRAVEL NORTHBOUND ON SOUTH WALNUT STREET. SOUTHBOUND TRAFFIC ON SOUTH WALNUT STREET WAS BACKED UP AND V3 STOPPED TO ALLOW V1 TO MAKE THE LEFT TURN ONTO SOUTH WALNUT STREET. V1 PULLED OUT OF THE PRIVATE DRIVE AND WHEN IT PULLED INTO THE NORTHBOUND LANE OF SOUTH WALNUT STREET, V2 STRUCK THE FRONT END OF V1. V1 THEN SPUN AROUND AND STRUCK THE FRONT END OF V3. D1 STATED V3 ALLOWED HER TO PULL OUT OF THE PRIVATE DRIVE ONTO WALNUT STREET. D1 STATED SHEN SHE PULLED OUT INTO THE NORTHBOUND LANE, V2 STRUCK THE FRONT OF HER VEHICLE. D1 STATED HER VEHICLE SPUN AND STRUCK THE FRONT END OF V3. D1 STATED V2 WAS GOING ""VERY FAST.""D2 STATED HE WAS NORTHBOUND ON SOUTH WALNUT STREET WHEN V1 PULLED OUT INFRONT OF HIM AND STRUCK HIS VEHICLE.D3 STATED HE WAS SOUTHBOUND ON SOUTH WALNUT STREET AND STOPPED TO ALLOW V1 TO MAKE A TURN TO GO NORTHBOUND ON SOUTH WALNUT STREET. D3 STATED WHEN V1 PULLED OUT INTO THE NORTHBOUND LANE IT WAS STRUCK BY V2. D3 STATED HE ATTEMPTED TO GET D1 RO STOP PRIOR TO THE COLLISION, AS HE SAW V2 APPROACHING. W1 STATED 1 PULLED OUT OF THE PRIVATE DRIVE AND WHEN IT PULLED INTO THE NORTHBOUND LANE OF SOUTH WALNUT STREET, V2 STRUCK THE FRONT END OF V1. V1 THEN SPUN AROUND AND STRUCK THE FRONT END OF V3."
903354620,MONROE SD,M19A12450,MONROE,PERRY,BLOOMINGTON,4/17/2019,12:52 AM,1,0,0,0,0,,,,SR37N,,,SR37N,W VICTOR,,,,N,OTHER,900,N,39.10724558,-86.55341509,STATE ROAD,,N,N,RURAL,N,N,N,,DARK (LIGHTED),CLEAR,DRY,,NO JUNCTION INVOLVED,STRAIGHT/GRADE,ASPHALT,ANIMAL/OBJECT IN ROADWAY,$5001 TO $10000,RAN OFF ROAD,1252,1259,Y,Y,SR37NWVICTORPIKE,0,NONE,V1 was traveling north on State Road 37 when a deer ran out in front of him. He veered to the right to miss the deer and hit a guard rail.
903355270,MONROE SD,M19A12550,MONROE,PERRY,BLOOMINGTON,4/17/2019,6:40 PM,2,0,0,0,0,4025,S OLD SR 37,HWY,,,,S OLD SR 37,,,,,N,,,,39.137088,-86.53056,UNKNOWN,,N,N,RURAL,N,N,N,,DAYLIGHT,CLEAR,DRY,,NO JUNCTION INVOLVED,NON-ROADWAY CRASH,ASPHALT,DRIVER DISTRACTED - EXPLAIN IN NARRATIVE,UNDER $1001,BACKING CRASH,640,707,Y,N,SOLDSR37HWY,0,NONE,D1 WAS BACKING V1 OUT OF HER PARKING SPACE WHEN V2 TURNED INTO THE ROW. D1 WAS PAYING ATTENTION TO THE CAR PARKED NEXT TO HER DUE TO HER STATING IT WAS VERY CLOSE TO HER VEHICLE AND DIDN'T SEE V2 TURN IN. D1 BACKED V1 INTO THE RIGHT REAR DOOR AND BACK PANNEL OF V2.
903355269,MONROE SD,M19A12545,MONROE,PERRY,BLOOMINGTON,4/17/2019,5:24 PM,2,0,0,0,0,901,HASTINGS,DR,,,,S HASTINGS,,,,,N,,,,39.157929,-86.469297,LOCAL/CITY ROAD,,N,N,RURAL,N,N,N,,DAYLIGHT,CLEAR,DRY,,NO JUNCTION INVOLVED,STRAIGHT/LEVEL,ASPHALT,UNSAFE BACKING,$1001 TO $2500,BACKING CRASH,526,537,Y,N,SHASTINGSDR,0,NONE,Driver of Vehicle 1 stated he was backing out of a parking space and did not see that there was a car parked behind him. He backed into Vehicle 2 causing damage to the driver side rear door and leaving a scuff mark on Vehicle 1. Driver of Vehicle 1 was able to locate the owner of Vehicle 2. Both parties wanted an accident report.
903356348,INDIANA UNIV BLOOMINGTON PD,190982,MONROE,PERRY,BLOOMINGTON,4/17/2019,3:00 PM,2,0,0,0,0,921,ATWATER,AVE,,,,ATWATER,,,,,Y,,,,39.16337,-86.52159,UNKNOWN,,N,Y,URBAN,N,N,N,,DAYLIGHT,CLEAR,DRY,,NO JUNCTION INVOLVED,STRAIGHT/GRADE,CONCRETE,OTHER (DRIVER) - EXPLAIN IN NARRATIVE,UNDER $1001,BACKING CRASH,614,619,Y,Y,ATWATERAVE,0,NONE,"V2 was parked in the Atwater parking garage on the second floor, in a parking spot close to the center, facing north. While V2 was parked, V1 struck V2. The owner of V2, stated that between 0900-1700 hours on 04/17/2019, V2 was struck. There is no information on how V2 was struck or any suspects. V2 had minor cosmetic damage to the left rear bumper. Photographs were taken of the damage."
903354890,BLOOMINGTON PD,B19-15583,MONROE,BLOOMINGTON,BLOOMINGTON,4/17/2019,10:47 AM,2,0,0,0,0,264,JACOBS,DR,,,,N JACOBS,,,,,Y,,,,39.16839467,-86.57322433,UNKNOWN,,N,N,URBAN,N,N,N,,DAYLIGHT,CLEAR,DRY,,NO JUNCTION INVOLVED,STRAIGHT/LEVEL,ASPHALT,IMPROPER TURNING,$1001 TO $2500,LEFT TURN,1058,1111,Y,N,NJACOBSDR,0,NONE,"THIS OCCURRED IN THE PRIVATE PARKING LOT OF 264 N JACOBS DRIVE, IN THE CITY OF BLOOMINGTON, INDIANA.V2 WAS OCCUPIED AND PARKED IN THE PRIVATE PARKING LOT FACING EAST. V1 WAS DRIVING NB AND TURNED LEFT TO PARK AND COLLIDED WITH V2.D1 SAID SHE WAS DRIVING NB IN THE PRIVATE PARKING LOTAND TURNED LEFT TO PARK NEXT TO V2. SHE SAID SHE THOUGHT SHE HAD ENOUGH SPACE, BUT DID NOT AND COLLIDED WITH V2.D2 SAID HE WAS PARKED FACING EAST IN THE PRIVATE PARKING LOT. HE SAID V1 TURNED AND COLLIDED WITH HIS VEHICLE.BOTH DRIVERS WERE IDENTIFIED BY THEIR VALID IN DL. BOTH ADMITTED TO DRIVING THEIR RESPECTIVE VEHICLES.D1 WAS NOT THE REGISTERED OWNER OF V1. V1 IS OWNED BY HER BOYFRIEND, WHO WAS NOT PRESENT. SHE WAS GIVEN 24 HOURS TO PROVIDE PROOF OF INSURANCE. REPORT WILL BE SUPPLEMENTED WITH INSURANCE INFO UPON RECEIPT.****SUPPLEMENT***INSURANCE INFORMATION WAS RECEIVED FROM D1. INSURANCE INFORMATION WAS ADDED TO V1.OFFICER S. ROSE 1665 04/18/2019"
903354786,BLOOMINGTON PD,B1915581,MONROE,BLOOMINGTON,BLOOMINGTON,4/17/2019,9:51 AM,2,0,,0,0,,PARK,AVE,,,,PARK,HUNTER,,,,Y,,,,39.16222,-86.52402,LOCAL/CITY ROAD,,,Y,URBAN,N,N,N,,,,,,NO JUNCTION INVOLVED,,,,,SAME DIRECTION SIDESWIPE,953,1005,Y,N,HUNTERAVEPARKAVE,0,,"On 04/17/2019, I was self-dispatched to the 600 block of E Hunter Street inreference to a prior LSA. When I arrived, I spoke with complainant and vehicleowner, Julianna Eidle. She stated that she just got home from yoga class andnoticed that she had damage to the front driver's side of her 2008 white FordEdge. She stated that she is unsure of when or where it happened and that thelast time she remembered seeing the car with no damage was yesterday morningbefore class. Ms Eidle stated she did not have any suspects at this time.At this time, I did look at the damage to the vehicle and the damage wasconsistent with a same direction sideswipe. I did complete a State Report andgave Ms Eidle the case number and my contact information and told her to contactme if she had any questions. This case is inactive."
903355802,BLOOMINGTON PD,B1915762,MONROE,BLOOMINGTON,BLOOMINGTON,4/18/2019,4:05 PM,3,0,0,0,0,,S COLLEGE,AVE,,,,S COLLEGE,W 7TH,,,,Y,,,,39.168656,-86.534784,LOCAL/CITY ROAD,Y,N,N,URBAN,N,N,N,,DAYLIGHT,CLEAR,WET,,FOUR-WAY INTERSECTION,STRAIGHT/LEVEL,ASPHALT,FOLLOWING TOO CLOSELY,$5001 TO $10000,REAR END,403,405,Y,Y,SCOLLEGEAVEW7THST,0,TRAFFIC CONTROL SIGNAL,"V1, V2, V3 were traveling S/B on College Ave. V1 rear ended V2 which caused V2 to rear end V3 causing damage to all three vehicles. D1 advised that he was traveling S/B on College Ave. D1 advised that he observed traffic backup S/B on College Ave, but proceeded through the intersection. D1 advised that he took his eyes off the road for a second when he rear ended V2. D1 advised that he was not paying attention. D1 did not have any injuries.D2 advised that she was traveling S/B on College Ave. D2 advised that she was stopped in traffic due to the traffic control signal turning red. D2 advised that she then felt the impact of V1 rear ending V2. D2 advised that the impact from V1 caused V2 to rear end V3. D2 advised that she had a complaint of pain of 2 out of 10 to her back but refused medical attention.D3 advised that he was traveling S/B on College Ave. D3 advised that while stopped in traffic, he felt the impact of V2 rear ending his vehicle. D3 advised that he did not have any injuries. Due to D1 following to closely, V1 rear ended V2 which caused V2 to rear end V3 causing damage to all three vehicles."
903356117,MONROE SD,M19A12636,MONROE,RICHLAND,BLOOMINGTON,4/18/2019,1:55 PM,2,0,0,0,0,,,,SR46W,,,SR46W,CURRY,,,,N,,,,39.19369,-86.57139,STATE ROAD,,N,N,RURAL,N,N,N,,DAYLIGHT,RAIN,WET,,FOUR-WAY INTERSECTION,STRAIGHT/GRADE,ASPHALT,FOLLOWING TOO CLOSELY,$5001 TO $10000,REAR END,157,204,Y,N,CURRYPIKESR46W,0,NONE,"D2 STATED THAT SHE WAS SITTING AT THE STOP LIGHT OF SR46/CURRY PIKE FACING EAST BOUND WHEN SHE WAS REAR ENDED BY V1. D1 STATED THAT HE ATTEMTED TO BRAKE FOR THE RED LIGHT ON SR46/CURRY PK BUT WAS UNABLE TO IN TIME TO AVOID A COLLISION. STATED THAT THE ROAD MUST HAVE BEEN SLICK FROM THE RAIN. W1 STATED THAT HE WAS BESIDE V2 WHEN HE WITNESSED V2 VIOLENTLY LURCH FOWARD AND HEARD VEHICLES COLIDING. W1 STATED THAT V1 REAR ENDED V2 WHILE V2 WAS SITTING STATIONARY AT THE STOP LIGHT.ROAD CONDITION WAS WET, BUT NOT SLICK. HAD BEEN RAINING ALL DAY AND SURFACE OILS WASHED AWAY."
903355506,BLOOMINGTON PD,B19-15714,MONROE,BLOOMINGTON,BLOOMINGTON,4/18/2019,9:15 AM,2,0,0,0,0,,W 3RD,ST,,,,W 3RD,S COLLEGE,,,,Y,,,,39.16464,-86.534816,LOCAL/CITY ROAD,Y,N,N,URBAN,N,N,N,,DAYLIGHT,RAIN,WET,,FOUR-WAY INTERSECTION,STRAIGHT/GRADE,ASPHALT,DISREGARD SIGNAL/REG SIGN,$1001 TO $2500,RIGHT ANGLE,918,921,Y,N,SCOLLEGEAVEW3RDST,0,TRAFFIC CONTROL SIGNAL,Driver 1 stated she was driving west on W 3rd Street approaching S College Ave when she was distracted and followed the car in front of her through the intersection which was displaying a red light at the time she entered the intersection. Driver 1 stated she was hit by vehicle 2 on the rear passenger side. Driver 1 stated she didn't have insurance.Driver 2 stated she was south on S College Ave when she got a green light at the W 3rd Street light and proceeded into the intersection. Driver 2 stated she hit vehicle 1 in the passenger side as vehicle 1 ran a red light.
903355752,MONROE SD,M19A12639,MONROE,BLOOMINGTON,BLOOMINGTON,4/18/2019,2:56 PM,2,1,0,0,0,301,N COLLEGE,AVE,,,,N COLLEGE,,,,,Y,,,,39.168656,-86.534784,UNKNOWN,,N,N,URBAN,N,N,N,,DAYLIGHT,CLEAR,WET,,NO JUNCTION INVOLVED,STRAIGHT/LEVEL,ASPHALT,OTHER (DRIVER) - EXPLAIN IN NARRATIVE,$5001 TO $10000,OTHER - EXPLAIN IN NARRATIVE,256,315,Y,Y,NCOLLEGEAVE,0,NONE,Driver one stated that he was attempting to leave the alley of the sheriffs office. He stated that he attempted to turn left but had to make a wide turn do to a squad car parked at the left edge. He stated that he swung the vehicle wide to the right and his trailer clipped the parked squad car on the right of him.
903355839,BLOOMINGTON PD,B1915760,MONROE,BLOOMINGTON,BLOOMINGTON,4/18/2019,3:40 PM,2,0,0,0,0,210,KIRKWOOD,AVE,,,,EAST KIRKWOOD,,,,,Y,,,,39.16627,-86.5316,UNKNOWN,,N,Y,URBAN,N,Y,N,,DAYLIGHT,CLOUDY,DRY,,NO JUNCTION INVOLVED,STRAIGHT/LEVEL,ASPHALT,FAILURE TO YIELD RIGHT OF WAY,$1001 TO $2500,BACKING CRASH,348,353,Y,Y,EASTKIRKWOODAVE,0,NONE,"V1 WAS BACKING SOUTHBUND OUT OF THE PARKING LOT AT 210 EAST KIRKWOOD WHEN IT FAILED TO YEILD TO V2, WHICH STRUCK THE REAR BUMPER OF HER VEHICLE. D1 STATED STATED SHE WAS BACKING OUT OF A PARKING SPOT WHEN D2 STRUCK THE REAR END OF HER VEHICLE. D1 STATED D2 GAVE HER AN OLD EXPIRED INSURANCE CARD BUT REFUSED TO GIVE HER NAME OR PHONE NUMBER AND THEN LEFT THE SCENE.D2 LEFT THE SCENE WITHOUT GIVING THE REQUIRED INFORATION TO V1 AND I HAVE BEEN UNBALE TO SPEAK WITH HER YET.D2 CAME TO THE POLICE DEPARTMENT LATER IN THE EVENING TO SPEAK WITH ME ABOUT THE ACCIDENT. D2 STATED SHE WAS DRIVING THROUGH THE ALLEY WHEN V1 BEGAN BACKING OUT OF THE PARKING SPOT AND IT STRUCK HER VEHICLE."
903355954,BLOOMINGTON PD,B1915741,MONROE,BLOOMINGTON,BLOOMINGTON,4/18/2019,12:45 PM,1,0,0,0,0,,17TH,ST,,,,17TH,ARLINGTON PARK,,,,Y,PRIVATE,,,39.17911,-86.55409,LOCAL/CITY ROAD,,Y,Y,URBAN,N,N,Y,LANE CLOSURE,DAYLIGHT,RAIN,WET,,T-INTERSECTION,STRAIGHT/HILLCREST,ASPHALT,DISREGARD SIGNAL/REG SIGN,UNDER $1001,RAN OFF ROAD,129,219,N,Y,17THSTARLINGTONPARKDR,0,LANE CONTROL,"Thomas Mobley witnessed a grey GMC Sierra disregard a road closed sign, drive off of the roadway, and hit 2 wooden stakes that were marking places for future work. The driver of the vehicle knowingly drove through a closed roadway and drove into the grass to bypass signage. The truck left the scene without exchanging his information even after speaking with Mobley after the accident."
903356185,BLOOMINGTON PD,B1915758,MONROE,PERRY,BLOOMINGTON,4/18/2019,3:33 PM,2,0,1,0,0,,,,SR37S,,,SR37S,W 3RD,,,,Y,,,,39.164752,-86.573104,STATE ROAD,Y,N,N,URBAN,N,N,N,,DAYLIGHT,CLOUDY,WET,,FOUR-WAY INTERSECTION,STRAIGHT/LEVEL,ASPHALT,DISREGARD SIGNAL/REG SIGN,$2501 TO $5000,RIGHT ANGLE,333,340,Y,Y,SR37SW3RDST,0,TRAFFIC CONTROL SIGNAL,"D1 was headed East on W 3rd St, approaching the intersection of SR 37. D2 was traveling North from SR 37 on the on ramp to W 3rd St. D2 stopped at the intersection, waited for a green traffic signal, and then proceeded to turn left onto W 3rd St. In the process of the turn V2 was struck on the front drivers side by the front of V1. During the course of the investigation it was determined that D1 disregarded a red traffic signal, causing the collision. D1 stated that he was headed East on W 3rd St, approaching the intersection of SR 37. D1 stated that as he crossed the intersection V1 struck V2. D1 stated he did not remember if he had a green or red traffic signal, and stated that it was possible it was red and than he ran it. D2 stated that she was headed North on SR 37 and took the on ramp to W 3rd St. D2 stated that she stopped at the intersection and waited for a green traffic signal to indicate that she could go. D2 stated that she did get the green traffic signal and proceeded to enter the traffic lane to make a left turn onto W 3rd St. D2 stated that as she entered the traffic lane V2 was struck by V1. D2 stated that she was 100% confident that she had the green traffic signal and that D1 ran through the intersection while the traffic signal was red.- Supplement - On 04/21/19 I, Officer Wood, was informed by D2's insurance agent that the vehicle listed for V2 and insurance provider were incorrect. I have fixed both issues."
903355649,BLOOMINGTON PD,B1915740,MONROE,BLOOMINGTON,BLOOMINGTON,4/18/2019,1:27 PM,1,0,0,0,0,,ALLEN,ST,,,,ALLEN,ROGERS,,,,Y,OTHER,,,39.15559,-86.53874,LOCAL/CITY ROAD,,N,Y,URBAN,N,N,N,,DAYLIGHT,RAIN,WET,,T-INTERSECTION,STRAIGHT/GRADE,ASPHALT,OTHER (DRIVER) - EXPLAIN IN NARRATIVE,UNDER $1001,RAN OFF ROAD,127,134,Y,Y,ALLENSTROGERSST,0,STOP SIGN,"APRIL 18, 2019 I RESPONDED TO A REPORT OF A SEMI TRUCK THAT HAD KNOCKED DOWN THE STOP SIGN ON ROGERS STREET AT ROGERS STREET. UPON ARRIVAL I SAW THE SIGN WAS KNOCKED OVER. I WAS UNABLE TO LOCATE THE BLACK SEMI THAT REPORTEDLY KNOCKED IT DOWN. I TOOK PHOTOS AND CALLED FOR STREET DEPT TO COME AND PUT ANOTHER SIGN UP. ONCE THEY ARRIVED I LEFT."
903356116,MONROE SD,M19A12609,MONROE,CLEAR CREEK,BLOOMINGTON,4/18/2019,8:05 AM,1,0,0,0,0,,E SMITHVILLE,RD,,,,E SMITHVILLE,S SOCIETY,,,,N,,50,E,39.071056,-86.517488,COUNTY ROAD,,N,N,RURAL,N,N,N,,DAYLIGHT,RAIN,WET,,NO JUNCTION INVOLVED,CURVE/GRADE,ASPHALT,RAN OFF ROAD RIGHT,$1001 TO $2500,RAN OFF ROAD,807,818,Y,N,ESMITHVILLERDSSOCIETYLN,0,LANE CONTROL,"V1 WAS TRAVELING WB ON E SMITHVILLE RD, WHEN AROUND A CURVE THEN DOWN A HIT AND RAN OFF THE ROAD A HIT A GROUP OF MAILBOX.D1, A HIGH SCHOOL STUDENT, WENT TO SCHOOL AND I TOOK THE REPORT FROM D1'S PARENTS.IT WAS RAINING DURING THE TIME OF THE COLLSION, D1 WAS LIKELY TRAVELING TOO FAST FOR THE WEATHER CONDITIONS.FOLLOWING THE COLLSION, D1 MOVED APPROX. 150 FEETS FROM THE POINT OF COLLISION AND PARKED SAFELY OFF THE ROAD. THEREFORE NO DIAGRAM COMPLETED."
903356407,MONROE SD,M19A12585,MONROE,PERRY,BLOOMINGTON,4/18/2019,1:07 AM,2,1,0,0,0,5100,VICTOR,PIKE,,,,SOUTH VICTOR,,,,,N,,,,39.10696,-86.55137,UNKNOWN,,N,N,RURAL,N,N,N,,DARK (LIGHTED),CLEAR,DRY,,NO JUNCTION INVOLVED,NON-ROADWAY CRASH,ASPHALT,UNSAFE BACKING,$1001 TO $2500,BACKING CRASH,108,111,Y,N,SOUTHVICTORPIKE,0,NONE,D1 STATED THAT HE WAS BACKING V1(WITH TRAILER) IN THE PARKING LOT OF 5100 S VICTOR PIKE. D1 STATED THAT AS HE WAS BACKING UP TO LOAD HIS TRAILER HE NUDGED THE FRONT PASSENGER SIDE OF V2 WITH THE REAR PASSENGER SIDE OF HIS TRAILER. D1 STATED THAT HE JUST DIDN'T SEE V2.P1 STATED THAT HE WAS SLEEPING IN THE CAB OF V2 WHEN HE FELT V1 STRIKE V2 WITH HIS TRAILER. V2 STATED THAT THERE WAS INTERNAL DAMAGE TO HIS CAB OF V2.NEITHER VEHICLE WERE DAMAGED TO THE POINT THAT THEY NEEDED TOWED. NO INJURIES WERE REPORTED TO ME.
903356186,ELLETTSVILLE PD,E1902193,MONROE,RICHLAND,ELLETTSVILLE,4/19/2019,9:28 AM,1,0,0,0,0,,RATLIFF,RD,,,,WEST RATLIFF,DEER,,,,Y,,400,N,0,0,LOCAL/CITY ROAD,,N,N,URBAN,N,N,N,,DAYLIGHT,CLOUDY,WET,,NO JUNCTION INVOLVED,STRAIGHT/GRADE,ASPHALT,ANIMAL/OBJECT IN ROADWAY,$1001 TO $2500,RAN OFF ROAD,930,940,Y,Y,DEERRUNWESTRATLIFFRD,0,NONE,"Driver 1 stated that he was driving on Ratliff Road when a squirrel ran out and he swerved to miss it, dropping the drivers side tires off the side of the road. From there he failed to correct in time and struck one of the landscaping trees at the Zion Church of the Nazarene, located at 6287 W. Ratliff Road, Bloomington, In 47404.RICKS TOWING CAME TO THE SCENE AND PULLED TO VAN OFF OF THE TREE. VAN WAS MOBILE, SO IT DID NOT NEED TO BE TOWED."
903356393,INDIANA UNIV BLOOMINGTON PD,190983,MONROE,BLOOMINGTON,BLOOMINGTON,4/19/2019,6:15 PM,2,0,0,0,0,,10TH,ST,,,,10TH,CAMPBELL,,,,Y,,,,39.17159,-86.51394,LOCAL/CITY ROAD,,N,N,URBAN,N,N,N,,DAYLIGHT,RAIN,WET,,T-INTERSECTION,STRAIGHT/LEVEL,ASPHALT,FOLLOWING TOO CLOSELY,$2501 TO $5000,REAR END,617,628,Y,N,10THSTCAMPBELLST,0,NONE,"At approximately 1815 hours on 4/19/2019 both V1 and V2 were east bound on 10th Street, approaching the intersection of 10th and Sunrise Drive. V1 unsuccessfully attempted to brake and collided with the rear bumper of V2. D1 advised that she had been traveling east bound on 10th, at approximately the intersection of 10th and Campbell Street, when she began braking to avoid a collision with V2. She stated that she began to decelerate, but then hydro-planed into V2. D1 advised that she had been following V2 at what she considered a safe distance. There was significant damage to the front bumper and hood of V1. D2 advised that she had been traveling east bound on 10th, just east of the intersection of 10th and Campbell, when she was rear ended by V1. She stated that she had not seen a vehicle rapidly approaching in her mirrors, nor had she suddenly braked. There was very minor scraping and paint damage to the rear bumper of V2, however there appeared to be moderate damage to the under carriage. Both D1 and D2 advised that they had been traveling very near the 25mph speed limit in the moments leading the crash. Neither party complained of injury. The road condition was wet and there was very slight rainfall, however there was no standing water. Bland's towed V1 to 1200 N Jordan Avenue."
903356408,MONROE SD,M19A12682,MONROE,BLOOMINGTON,BLOOMINGTON,4/19/2019,2:01 AM,1,0,1,0,0,,BUSINESS 37,RD,,,,BUSINESS 37,BAYLES,,,,N,,1718,S,39.03352271,-86.53741197,LOCAL/CITY ROAD,,N,N,RURAL,N,N,N,,DARK (NOT LIGHTED),RAIN,WET,,NO JUNCTION INVOLVED,STRAIGHT/LEVEL,ASPHALT,DRIVER ASLEEP OR FATIGUED,$10001 TO $25000,RAN OFF ROAD,202,207,Y,N,BAYLESRDBUSINESS37RD,0,NONE,"D1 STATED THAT SHE WAS TRAVELING SOUTH ON BUSINESS 37, RETURNING FROM A LONG TRIP, AND RAN OFF THE ROADWAY DO TO BEING TIRED. D1 WAS REPORTED AS A PERSON THAT MAY WANT TO HARM HERSELF BUT D1 STATED THAT SHE DID NOT TRY TO RUN OFF THE ROADWAY ON PURPOSE. THE ACCIDENT CAUSED SEVERE DAMAGE TO THE VEHICLE, AS IT WAS FOUND ON ITS ROOF. THE VEHICLE DID NOT HAVE A LICENSE PLATE ON IT, IT ONLY SAID ""TAG APPLIED FOR"". THE VIN CAME BACK TO ANOTHER FAMILY BUT IT WAS BELIEVED TO HAVE BEEN RECENTLY PURCHASED BY D1. D1 HAD CUTS AND BRUISING ON HER LOWER ARM. WE TRIED TO GET D1 TO GO TO THE HOSPITAL FOR HER INJURIES BUT SHE REFUSED AND SAID SHE WOULD GO LATER.W1 STATED THAT V1 WAS SWERVING IN FRONT OF HER AND THEN VEERED OFF THE ROADWAY, FLIPPING OVER AND LANDING ON ITS ROOF. W1 STATED THAT D1 TOLD HER THAT SHE HAD BEEN DRIVING FROM ALABAMA AND FELL ASLEEP WHILE DRIVING.D1 DID NOT SHOW ANY SIGNS OF IMPAIRMENT AT THE TIME OF CONTACT WITH DEPUTIES."