Master Record Number,Agency,Local Code,County,Township,City,Collision Date,Collision Time,Vehicles Involved,Trailers Involved,Number Injured,Number Dead,Number Deer,House Number,Roadway Name,Roadway Suffix,Roadway Number,Roadway Interchange,Roadway Ramp,Roadway Id,Intersecting Road,Intersecting Road Number,Mile Marker,Interchange,Corporate Limits?,Property Type,Feet From,Direction,Latitude,Longitude,Roadway Class,Traffic Control Devices?,Aggressive Driving?,Hit and Run?,Locality,School Zone?,Rumble Strips?,Construction?,Construction Type,Light Condition,Weather Conditions,Surface Condition,Type of Median,Roadway Junction Type,Road Character,Roadway Surface,Primary Factor,Damage Estimate,Manner of Collision,Time Notified,Time Arrived,Investigation Complete?,Photos Taken?,Unique Location Id,State Property Damage?,Traffic Control,NARRATIVE
903360301,BLOOMINGTON PD,B1916828,MONROE,BLOOMINGTON,BLOOMINGTON,4/26/2019,1:36 PM,3,0,1,0,0,,WALNUT,ST,,,,S WALNUT,BURKS,,,,Y,,,,0,0,LOCAL/CITY ROAD,,N,N,URBAN,N,N,N,,DAYLIGHT,CLEAR,DRY,,T-INTERSECTION,STRAIGHT/LEVEL,ASPHALT,FOLLOWING TOO CLOSELY,$5001 TO $10000,REAR END,135,137,Y,N,BURKSDRSWALNUTST,0,NONE,Driver 3 stated that she was south on Walnut St just before Burks Dr and had stopped behind backed up traffic on Walnut St. Driver 2 stated that he was behind vehicle 3 and had also stopped for traffic. Driver 1 stated she was south on Walnut St coming up to the stopped traffic and was unable to stop in time to avoid colliding with the rear of vehicle 2. Driver 2 stated that vehicle 1 hit him from behind and the force of the collision pushed his car into the rear of vehicle 3.
903360427,BLOOMINGTON PD,B1916877,MONROE,BLOOMINGTON,BLOOMINGTON,4/26/2019,4:48 PM,2,0,0,0,0,,,,SR45W,,,SR45W,,I69,,,Y,,,,0,0,STATE ROAD,Y,N,N,URBAN,N,N,N,,DAYLIGHT,CLEAR,DRY,,INTERCHANGE,CURVE/GRADE,ASPHALT,FOLLOWING TOO CLOSELY,$2501 TO $5000,REAR END,451,504,Y,N,I69HWYSR45W,0,TRAFFIC CONTROL SIGNAL,"V1 REAR ENDED V2.D1 STATED THAT V2 HAD STOPPED, HE REAR ENDED V2.D2 STATED THAT HE WAS APPROACHING THE INTERSECTION AND WAS YIELDING TO CROSS TRAFFIC WHEN V1 REAR ENDED HIM."
903360404,INDIANA UNIV BLOOMINGTON PD,191038,MONROE,BLOOMINGTON,BLOOMINGTON,4/26/2019,12:38 PM,1,0,0,0,0,,E 10TH,ST,,,,E 10TH,N UNION,,,,Y,OTHER,365,E,39.171472,-86.509376,LOCAL/CITY ROAD,,N,N,URBAN,N,N,N,,DAYLIGHT,CLEAR,DRY,,NO JUNCTION INVOLVED,STRAIGHT/LEVEL,ASPHALT,UNSAFE BACKING,$1001 TO $2500,COLLISION WITH OBJECT IN ROAD,1242,1250,Y,N,E10THSTNUNIONST,0,NONE,"On 4/26/2019 at 1250hrs, I investigated a collision on the service drive located on the southeast side of Eigenmann Hall. V1, a 2016 Ford F250 struck a yellow pole while it was backing out of its parking space.Driver of the F250, Scott M Clarke (D1), stated he was backing northwest out of his parking space and didn't see the yellow pole until it was too late. D1 stated he collided with the pole. Damage to V1 consisted of minor scrapes and yellow paint transfer. There was no obvious damage to the pole.V1 is a Facilities Operations Heat truck owned by Indiana University Bloomington and is identified as unit 626."
903360728,BLOOMINGTON PD,B1917007,MONROE,BLOOMINGTON,BLOOMINGTON,4/27/2019,11:30 PM,2,0,0,0,0,160,GATES,DR,,,,N GATES,,,,,Y,,,,39.16781211,-86.57606255,LOCAL/CITY ROAD,,N,Y,URBAN,N,N,N,,DAYLIGHT,CLOUDY,WET,,NO JUNCTION INVOLVED,STRAIGHT/LEVEL,ASPHALT,UNSAFE BACKING,$1001 TO $2500,BACKING CRASH,209,215,N,N,NGATESDR,0,NONE,The owner of V2 stated she parked in a parking stall at 160 N. Gates Drive:TJ MAXX at approximately 11:30 AM this morning. When she came back to her vehicle around 11:50 AM she found damage to the rear passenger side bumper of her V2. No information could be obtained from V1 as it had already left the scene. A local case report has been completed. Please see case#B19-17007.
903362280,MONROE SD,M19A13785,MONROE,PERRY,BLOOMINGTON,4/27/2019,9:00 PM,1,0,0,0,1,,,,SR446N,,,SR446N,LAMPKINS RIDGE,,,,N,,2000,S,39.14511825,-86.47057946,STATE ROAD,,N,N,RURAL,N,N,N,,DARK (LIGHTED),CLOUDY,DRY,,NO JUNCTION INVOLVED,STRAIGHT/LEVEL,ASPHALT,ANIMAL/OBJECT IN ROADWAY,$2501 TO $5000,RAN OFF ROAD,1200,1205,Y,N,LAMPKINSRIDGERDSR446N,0,NONE,"Driver stated that yesterday (4-27-19) at around 9;00PM while driving down State Road 446, close to Lampkins Ridge Road, a deer ran out and made contact with her vehicle. Front right side has about 2000.00 damage. Driver stated she called the dispatch line and they told her she did not need to report the accident. I confirmed this by looking at her cell phone with a date and time stamp. Driver reported she received a phone call from some guy that told her she hit his vehicle. Driver one then decided to come in and make a report at her fathers direction. Damage to vehicle one is front right side with deer hair in several places. No other damage was found around the vehicle."
903361019,MONROE SD,M19A13620,MONROE,SALT CREEK,BLOOMINGTON,4/27/2019,6:53 AM,1,0,0,0,0,,,,SR46E,,,SR46E,E BENDER,,,,N,,,,39.163648,-86.438,STATE ROAD,,N,N,RURAL,N,N,N,,DAWN/DUSK,CLEAR,DRY,,FOUR-WAY INTERSECTION,STRAIGHT/LEVEL,ASPHALT,RAN OFF ROAD RIGHT,$2501 TO $5000,RAN OFF ROAD,655,710,Y,Y,EBENDERRDSR46E,0,NONE,"Unit 1 was travelling eastbound on E ST RD 46, just past the intersection with E Bender Rd, unit 1 ran off off the roadway, on the north side of the road. Unit 1 proceeded approximately 20 ft off the roadway, down a hill and came to a stop. Unit remained upright with no airbag deployment.driver was not on scene when we arrived."
903360856,BLOOMINGTON PD,B1917060,MONROE,BLOOMINGTON,BLOOMINGTON,4/27/2019,9:41 PM,2,0,0,0,0,,3RD,ST,,,,W 3RD,,SR37,,,Y,,,,39.164752,-86.573104,LOCAL/CITY ROAD,Y,N,N,URBAN,N,N,N,,DARK (LIGHTED),CLOUDY,WET,,INTERCHANGE,CURVE/GRADE,ASPHALT,FAILURE TO YIELD RIGHT OF WAY,$2501 TO $5000,RIGHT ANGLE,945,948,Y,N,SSTATEROAD37RPW3RDST,0,TRAFFIC CONTROL SIGNAL,V1 STRUCK V2.D1 STATED THAT IT WAS HER FAULT. D1 TURNED SOUTH IN FRONT OF V2.D2 STATED THAT HE WAS GOING SOUTH ON TO STATE ROAD 37 S WHEN V1 PULLED OUT IN FRONT OF HIM. D2 STATED THAT HE HAD A GREEN LIGHT.
903360677,BLOOMINGTON PD,B1916981,MONROE,BLOOMINGTON,BLOOMINGTON,4/27/2019,10:17 AM,2,0,1,0,0,,2ND,ST,,,,W 2ND,MORTON,,,,Y,,40,E,39.16139,-86.53631346,LOCAL/CITY ROAD,,N,N,URBAN,N,N,N,,DAYLIGHT,CLEAR,DRY,,TRAIL CROSSINGS,STRAIGHT/GRADE,ASPHALT,FOLLOWING TOO CLOSELY,$1001 TO $2500,REAR END,1017,1020,Y,N,SMORTONSTW2NDST,0,NONE,D1 SAID BOTH VEHICLES WERE WB ON W 2ND ST. HE SAID V2 STOPPED FOR PEDESTRIAN TRAFFIC AND D1 REARENDED V2. D1 SAID HE WAS UNABLE TO STOP IN TIME AND ADMITTED FAULT FOR THE COLLISION.D2 SAID SHE WAS WB ON W 2ND ST. SHE SAID SHE STOPPED FOR PEDESTRIAN TRAFFIC AND WAS REARENDED. D2 COMPLAINED OF LEFT ARM AND HEAD PAIN.BOTH DRIVERS ADMITTED TO DRIVING THEIR RESPECTIVE VEHICLES AND WERE IDENTIFIED BY THEIR INDIANA DL.
903371843,BLOOMINGTON PD,B1917028,MONROE,BLOOMINGTON,BLOOMINGTON,4/27/2019,5:45 PM,2,0,0,0,0,,S DUNN,ST,,,,S DUNN,E KIRKWOOD,,,,Y,,,,39.16664,-86.528192,LOCAL/CITY ROAD,,N,N,URBAN,N,N,N,,DAYLIGHT,RAIN,WET,,FOUR-WAY INTERSECTION,STRAIGHT/LEVEL,ASPHALT,FOLLOWING TOO CLOSELY,$2501 TO $5000,OTHER - EXPLAIN IN NARRATIVE,548,550,Y,N,EKIRKWOODAVESDUNNST,0,STOP SIGN,"V1 and V2 were traveling E/B on Kirkwood Ave. V1 struck V2, while V2 was backing into a parking space on Kirkwood Ave.D1 advised that she was traveling E/B on Kirkwood Ave. D1 stated that she was in the area to pick someone up, when she got distracted and looked down at her cell phone.D1 advised that she did not see V2 directly in front of her vehicle and stated that she believed V2 had already parked. D1 advised that she then felt the impact of V2. D1 advised that she was not injured.D2 advised that he was traveling E/B on Kirkwood Ave. D2 advised that while stopped in traffic he attempted to back into a parking space, when V1 attempted to go around V2. D2 advised that he then felt the impact of V1. D2 advised that he was not injured. Due to D1 following to closely, V1 collided with V2."
903360817,BLOOMINGTON PD,B1917039,MONROE,BLOOMINGTON,BLOOMINGTON,4/27/2019,5:58 PM,1,1,0,0,0,1351,COLLEGE MALL,RD,,,,S COLLEGE MALL,,,,,Y,PRIVATE,,,39.15118,-86.49629,UNKNOWN,,N,N,URBAN,N,N,N,,DAWN/DUSK,CLOUDY,WET,,T-INTERSECTION,STRAIGHT/LEVEL,ASPHALT,IMPROPER TURNING,$5001 TO $10000,RAN OFF ROAD,613,630,Y,N,SCOLLEGEMALLRD,0,NONE,Driver 1 stated that he was pulling in the lot at 1351 S College Mall Rd to make a delivery. Driver 1 stated the normal route through the lot he takes was blocked off. Driver 1 stated he had to then turn left into the lot and his tire went up onto the curb and struck a light post.
903360605,ISP BLOOMINGTON 33,2.019E+11,MONROE,INDIAN CREEK,BLOOMINGTON,4/27/2019,6:35 AM,1,0,0,0,1,,,,I69,,,I69,,,107.5,,N,,250,S,0,0,INTERSTATE,,N,N,RURAL,N,Y,N,,DAWN/DUSK,CLEAR,DRY,,NO JUNCTION INVOLVED,STRAIGHT/LEVEL,CONCRETE,ANIMAL/OBJECT IN ROADWAY,$5001 TO $10000,COLLISION WITH DEER,640,654,Y,N,I69107.5,0,LANE CONTROL,"On 4/27/2019 at approximately 0640 I was dispatched to I-69 at the 107.5 mile marker for a car versus deer crash. I-69 is an interstate that runs north and south through Monroe County. Upon arrival I observed a Ford Edge on the shoulder of the roadway with heavy front end damage.Driver 1 stated that as she was traveling north on I-69 near the 107.5 mm a deer entered the roadway from the east. Driver 1 stated that she could not avoid the deer before her vehicle came into contact with the animal. Driver 1 stated that she was traveling in the right north bound lane when the crash occurred. It is my opinion based on the evidence on the vehicle such as animal fur, excrement, and a dead deer along side of the roadway that the cause of this crash was due to a deer darting in front of Vehicle 1"
903361768,MONROE SD,M19A13638,MONROE,PERRY,BLOOMINGTON,4/27/2019,10:10 AM,2,0,0,0,0,,HENNESSEY,RD,,,,W HENNESSEY,ROCKPORT,,,,N,,,,39.12819,-86.55672,COUNTY ROAD,,N,N,URBAN,N,N,N,,DAYLIGHT,CLEAR,DRY,,T-INTERSECTION,STRAIGHT/LEVEL,ASPHALT,IMPROPER LANE USAGE,$2501 TO $5000,LEFT TURN,1012,1025,Y,N,SROCKPORTRDWHENNESSEYRD,0,NONE,D1 FAILED TO PROPERLY USE THEIR LANE OF TRAVEL CAUSING V1 TO COLLIDE WITH V2. V1 TURNED ONTO QW HENNESSEY ST FROM S ROCKPORT ROAD. V2 WAS STOPPED STATIONARY AT THE STOP SIGN IN THAT INTERSECTION. AFTER TURNING V1 EXITED THEIR LANE AND DROVE INTO V2.D1 IS AN EXPERIENCED DRIVER AND HAD A LEARNER PERMIT ONLY. D1S FATHER WAS IN V1 AND COMPLIANT WITH THE LEARNER PERMIT LAW.
903360775,BLOOMINGTON PD,B1917022,MONROE,PERRY,BLOOMINGTON,4/27/2019,4:28 PM,2,0,0,0,0,,E WINSLOW,RD,,,,E WINSLOW,ALLENDALE,,,,Y,,,,39.136096,-86.516,LOCAL/CITY ROAD,,N,N,URBAN,N,N,N,,DAYLIGHT,RAIN,WET,,T-INTERSECTION,STRAIGHT/GRADE,ASPHALT,FOLLOWING TOO CLOSELY,$5001 TO $10000,REAR END,432,438,Y,N,ALLENDALEDREWINSLOWRD,0,STOP SIGN,V1 REAR ENDED V2.D1 STATED THAT HE SLID AND REAR ENDED V2 AT THE INTERSECTION OF WINSLOW AND ALLENDALE.D2 STATED THAT HE WAS STOPPED AT THE STOP SIGN WHEN V1 REAR ENDED HIM.
903360654,INDIANA UNIV BLOOMINGTON PD,191044,MONROE,BLOOMINGTON,BLOOMINGTON,4/27/2019,11:15 AM,2,0,0,0,0,,UNION,CT,,,,N UNION,UNION,,,,Y,,300,E,39.166848,-86.509296,LOCAL/CITY ROAD,,N,N,URBAN,N,N,N,,DAYLIGHT,CLOUDY,DRY,,NO JUNCTION INVOLVED,CURVE/LEVEL,ASPHALT,IMPROPER TURNING,UNDER $1001,RIGHT TURN,1120,1125,Y,N,NUNIONCTNUNIONST,0,NONE,"V1 was backed into a dumpster area, facing south, on Union Court between several parking spaces. V2 was parked facing north in a marked parking stall on Union Court near the dumpsters. V1 finished emptying dumpsters and attempted to leave the area by turning right, west, onto Union Court. V1 did not leave enough space for a proper turn and sideswiped V2 while exiting the dumpster area. V1 had no visible damage. V2 had scratch/scuff damage to the rear passenger side bumper of the vehicle. D1 stated that he had finished emptying dumpsters and attempted to leave the area by turning right onto Union Court. D1 stated that he thought he had enough space to make the turn but ended up striking the rear of V2 with his rear passenger side tire. V1 struck V2. V2 was parked and unoccupied. There were no injuries reported at the scene and no vehicles had to be towed."
903360826,BLOOMINGTON PD,B1917000,MONROE,BLOOMINGTON,BLOOMINGTON,4/27/2019,3:15 PM,2,0,0,0,0,1705,N KINSER,PIKE,,,,N KINSER,,,,,Y,,,,39.18589867,-86.53787333,,,N,Y,URBAN,N,N,N,,DAYLIGHT,CLEAR,DRY,,NO JUNCTION INVOLVED,STRAIGHT/LEVEL,CONCRETE,UNSAFE LANE MOVEMENT,$1001 TO $2500,RIGHT TURN,144,150,N,N,NKINSERPIKE,0,NONE,D2 stated he was in the parking lot of Marathon gas station heading northbound. D2 stated he passed V1 and as he passed V1 turned right hitting the driver side of his V2. D1 did not provide proper information before leaving the scene of the accident. A local case report is being conducted. Please reference case# B19-17000 for more information on this.
903360834,BLOOMINGTON PD,B1917052,MONROE,PERRY,BLOOMINGTON,4/27/2019,7:49 PM,2,0,0,0,0,1175,S COLLEGE MALL,RD,,,,S COLLEGE MALL,,,,,Y,,,,39.15412578,-86.49786768,UNKNOWN,,N,Y,URBAN,N,N,N,,DAYLIGHT,CLOUDY,WET,,NO JUNCTION INVOLVED,STRAIGHT/GRADE,ASPHALT,UNSAFE BACKING,UNDER $1001,BACKING CRASH,758,811,N,Y,SCOLLEGEMALLRD,0,NONE,"V1 STRUCK V2.D1 IS UNKNOWN.D2 STATED THAT SHE PARKED NEXT TO A WHITE JEEP WRANGLER, AND WHEN SHE GOT OUT OF THE STORE THE JEEP WAS GONE AND THERE WAS DAMAGE TO HER VEHICLE ON THE REAR DRIVER SIDE BUMPER.I DID CHECK VIDEO FROM KROGER, VIDEO FOOTAGE WAS UNABLE TO PICK UP THE LICENSE PLATE, THE VIDEO ALSO DOES NOT CLEARLY INDICATE WHETHER THE WHITE JEEP STRUCK V2 AS THE CAMERA ANGLE IS FAR AWAY.4/28/19 B# corrected to B19-17052"
903361227,BLOOMINGTON PD,B1917186,MONROE,BLOOMINGTON,BLOOMINGTON,4/28/2019,7:19 PM,2,0,0,0,0,350,GATES,DR,,,,N GATES,,,,,Y,,,,39.16987,-86.57497,UNKNOWN,,N,Y,URBAN,N,N,N,,DAYLIGHT,CLEAR,DRY,,NO JUNCTION INVOLVED,STRAIGHT/LEVEL,ASPHALT,OTHER (DRIVER) - EXPLAIN IN NARRATIVE,UNDER $1001,OTHER - EXPLAIN IN NARRATIVE,710,720,N,N,NGATESDR,0,NONE,V2 was parked in the parking lot while D2 was inside of the store. When D2 returned to his vehicle he noticed a dent in the frint driver side of his vehicle. D2 had no information on Vehicle 1 or the driver of that vehicle.
903361262,INDIANA UNIV BLOOMINGTON PD,191053,MONROE,BLOOMINGTON,BLOOMINGTON,4/28/2019,9:50 PM,2,0,0,0,0,,,,SR45,,,SR45,,SR46,,,Y,,,,0,0,STATE ROAD,Y,N,N,URBAN,N,N,N,,DARK (LIGHTED),CLEAR,DRY,,FOUR-WAY INTERSECTION,STRAIGHT/LEVEL,ASPHALT,FAILURE TO YIELD RIGHT OF WAY,$1001 TO $2500,RIGHT TURN,955,1000,Y,N,SR45SR46,0,TRAFFIC CONTROL SIGNAL,V1 was turning east onto 10th St from US 45/46. V2 was going straight on 10th St going east.D1 stated he was turning east onto 10th St from US 45/46. D1 stated that the light was red and thought traffic was clear for him to turn. D1 stated that when he turned east onto 10th St he collided with V2.D2 stated she was headed east on 10th St going through the intersection of 10th St and US 45/46. D2 stated when she was going through the intersection V1 turned and collided with her passenger side quarter panel. D2 stated that the light was green for her to go straight.
903361171,INDIANA UNIV BLOOMINGTON PD,191052,MONROE,BLOOMINGTON,BLOOMINGTON,4/28/2019,5:06 PM,2,0,0,0,0,,WOODLAWN,AVE,,,,WOODLAWN,8TH,,,,Y,,200,E,39.16900315,-86.52341111,UNKNOWN,,N,N,URBAN,N,N,N,,DAYLIGHT,CLEAR,DRY,,NO JUNCTION INVOLVED,STRAIGHT/LEVEL,ASPHALT,UNSAFE BACKING,$2501 TO $5000,BACKING CRASH,507,511,Y,N,E8THSTWOODLAWNAVE,0,NONE,"D1 stated that she was parked facing east in a space on the east side of the IMU Pay Lot #2. When D1 began to back southwest out of the space, the rear driver side bumper of V1 struck the front driver side bumper and quarter panel of V2, which was parked facing east to the southwest of V1's original parking space. V1 had scratches and gouges to the rear driver side bumper. V2's front driver side bumper and quarter panel both sustained moderate damage from the crash and the bumper was hanging down from the anchors."
903361056,BLOOMINGTON PD,B1917135,MONROE,VAN BUREN,BLOOMINGTON,4/28/2019,11:54 AM,2,0,0,0,0,,,,SR45W,,,SR45W,,I69,,,Y,,,,0,0,STATE ROAD,,N,N,URBAN,N,N,N,,DAYLIGHT,CLOUDY,DRY,,FOUR-WAY INTERSECTION,STRAIGHT/LEVEL,ASPHALT,OTHER (DRIVER) - EXPLAIN IN NARRATIVE,$1001 TO $2500,REAR END,1157,1209,Y,N,I69RAMPSR45W,0,LANE CONTROL,"V1 was on SB ramp from I69 to SR 45 west and V2 was in front of V1. Both vehicles had come off the ramp and were in the far right lane on SR 45 west. V2 came to a stop so he could turn into the lane to the left of him. V1 didn't realize V2 had stopped and struck V2 in the rear bumper with the front bumper of his vehicle.D1 stated that he was behind V2 and he advised he was looking to the left to see if any traffic was coming so he could merge into the left lane. He stated when he turned back to the front, V2 was stopped in front of him and he stated he bumped V2.D2 stated that he had come off the ramp and was stopped waiting to merge into the left lane. He stated he was then hit in the rear by V1."
903361020,MONROE SD,M19A13749,MONROE,BENTON,BLOOMINGTON,4/28/2019,4:37 AM,1,0,0,0,0,,,,SR45E,,,SR45E,EAST MARTIN,,,,N,PRIVATE,500,S,39.20369283,-86.46408214,STATE ROAD,,N,Y,RURAL,N,N,N,,DARK (NOT LIGHTED),CLEAR,DRY,,NO JUNCTION INVOLVED,CURVE/LEVEL,ASPHALT,RAN OFF ROAD RIGHT,$10001 TO $25000,RAN OFF ROAD,437,452,Y,Y,EASTMARTINDRSR45E,0,NONE,"A Vehicle traveling south bound on E SR 45 locked up the brakes on the vehicle, missed a 90 degree curve to the right, departing the roadway to the south. Upon departing the roadway, a series of mail boxes where hit damaging them, a road sign with a right pointing directional sign was struck and damaged. The vehicle then stuck a guide wire to an AT&T telephone pole. Upon striking the guide wire, 3 telephone poles were broken approx 20' above the ground to the east, and to the north, 2 poles where bent over. Approx 1/4 of a mile worth of AT&T telephone lines where pulled down and where laying on the ground. The vehicle then departed the area in an unknown direction. Vehicle parts left at the scene suggest the vehicle is a possible late 90's model GM truck or SUV. A passenger side mirror and part of the vehicle side trim where left at the scene."
903362279,MONROE SD,M19A13783,MONROE,RICHLAND,BLOOMINGTON,4/28/2019,11:46 AM,2,0,0,0,0,,PROFILE,PKWY,,,,W PROFILE,CURRY,,,,N,,1000,W,39.17198,-86.58290341,LOCAL/CITY ROAD,,N,N,RURAL,N,N,N,,DAYLIGHT,CLOUDY,DRY,,T-INTERSECTION,STRAIGHT/LEVEL,ASPHALT,FAILURE TO YIELD RIGHT OF WAY,$2501 TO $5000,LEFT TURN,1152,1159,Y,N,NCURRYPIKEWPROFILEPKWY,0,NONE,DRIVER OF VEHICLE 1 STATED SHE MADE A U-TURN ON W PROFILE PARKWAY PULLING INTO A SMALL UNMARKED DRIVE TO TURN AROUND AS SHE PULLED OUT SHE SAID SHE DID NOT SEE VEHICLE 2 AND HIT VEHICLE 2 ON THE PASSENGER SIDE REAR QUARTER PANEL NEAR REAR TIRE. DRIVER OF VEHICLE 2 STATED SHE WAS DRIVING WEST ON W. PROFILE PARKWAY WHEN SHE WAS STRUCK ON THE SIDE BY VEHICLE 1.
903360929,BLOOMINGTON PD,B19-17108,MONROE,BLOOMINGTON,BLOOMINGTON,4/28/2019,3:27 AM,1,0,1,0,0,,N LINCOLN,ST,,,,N LINCOLN,E 7TH,,,,Y,,,,39.16864,-86.530992,LOCAL/CITY ROAD,,N,N,URBAN,N,N,N,,DARK (LIGHTED),CLOUDY,WET,,FOUR-WAY INTERSECTION,STRAIGHT/GRADE,ASPHALT,DISREGARD SIGNAL/REG SIGN,UNDER $1001,RIGHT ANGLE,329,333,Y,Y,E7THSTNLINCOLNST,1,STOP SIGN,Driver one stated she was driving north on N Lincoln Street approaching 7th Street when she slowed for the stop sign and then proceeded through the intersection. Driver one stated she didn't see the bicyclist and she hit the bicyclist with the front of her vehicle in the intersection.Bicyclist stated he was riding east bound on E 7th Street when he slowed for the stop sign at N Lincoln Street and proceeded through the intersection. Bicyclist one stated the lights on his bicycle were on or working and he never came to a complete stop. Bicyclist stated he was hit by vehicle one and he was refusing medical but was brought to the hospital by a friend. Witness one stated he was walking east on E 7th Street just before N Lincoln Street when he saw vehicle one run the stop sign and hit the bicyclist.
903361956,INDIANA UNIV BLOOMINGTON PD,191056,MONROE,BLOOMINGTON,BLOOMINGTON,4/29/2019,8:30 AM,1,0,0,0,0,,TENTH,ST,,,,TENTH,SUNRISE,,,,Y,,,,39.17158,-86.51248,LOCAL/CITY ROAD,,N,N,URBAN,N,N,N,,DAYLIGHT,CLEAR,DRY,,NO JUNCTION INVOLVED,STRAIGHT/LEVEL,ASPHALT,IMPROPER TURNING,UNDER $1001,LEFT TURN,832,836,Y,N,NSUNRISEDRTENTHST,1,NONE,"Both bicyclist (B1) and V2 were traveling eastbound on 10th Street. B1 was in the bike lane and V2 was in its lane of travel. B1 turned left into V2 lane of travel causing V2 to strike B1 rear tire.B1 said he was traveling eastbound on 10th street. B1 said he came to the road entrance where he turned to go northbound across 10th Street into the 10th Street Lot. B1 said he heard the bus and then turned left. B1 said his Trek 930 bicycle was then struck on the rear tire by the driver side front bumper. B1 said he was informed video footage of the crash would be made available. B's bicycle had damage to the rear bike tire area. D2 said he was traveling eastbound on 10th Street in V2. D2 said they were in front of Wright Quad on 10th Street. D2 said B1 was in the bike lane traveling eastbound. D2 said V2 was in his lane. D2 said he pulled up approximately a bus length on 10th Street. D2 said that;s when B1 turned left in front of V2 heading towards the parking lot on north side of 10th Street (10th Street Lot). D2 said that;s when V2 front driver side bumper struck the rear of the Bicycle. V2 had a light scuff mark on the black trim of V2 front bumper. D2 said there will be video footage available. Witness 1 Sharon Aikman ""said she was traveling westbound on 10th Street and bus was traveling eastbound on 10th Street. Aikman said she believed the bicyclist was on the sidewalk. Aikman said she saw the bicyclist look back and then turn to go northbound across 10th Street. Aikman said the front of V2 driver side tire struck rear of bicycle.""Witness 2 Sean McGill said ""bicycle crossed street as bus was coming on. McGill said bicyclist was not at crosswalk with lights and was hit. McGill said seemed to not be the fault of the bus driver. McGill said cyclist looked as bus had right away"".Witness 3 Silvia Reyes said ""I was on the bus and the bus driver was doing fine until someone crossed without looking with the bike and hit him"".Witness 4 Joshua McCulley Sr. was gone prior to police arrival. I attempted to call McCulley twice and got no answer. D2 said the video footage of the crash would be available in the afternoonAll parties said they did not need medical attention."
903361428,BLOOMINGTON PD,B1917252,MONROE,BLOOMINGTON,BLOOMINGTON,4/29/2019,7:40 AM,3,0,0,0,0,,NORTH KINSER,PIKE,,,,NORTH KINSER,SKYLINE,,,,Y,,300,N,39.190544,-86.537712,LOCAL/CITY ROAD,,N,Y,URBAN,N,N,N,,DAYLIGHT,CLEAR,DRY,,NO JUNCTION INVOLVED,STRAIGHT/LEVEL,ASPHALT,FOLLOWING TOO CLOSELY,$2501 TO $5000,REAR END,741,743,Y,Y,NORTHKINSERPIKESKYLINEDR,0,NONE,"V1 (PONTIAC G6/GT) WAS NORTHBOUND ON KINSER PK. D1 (SHYANNA YOKLEY) ADVISED VEHICLES TRAVELING IN FRONT OF HER SUDDENLY BRAKED. D1 ADVISED SHE REAR ENDED V2 (BUICK PARK AVENUE). V2 (BUICK PARK AVENUE) WAS NORTHBOUND ON KINSER PK.D2 (ROBERT SHETTERLEY) ADVISED VEHICLES TRAVELING IN FRONT OF HIM SUDDENLY BRAKED. D2 ADVISED HE STOPPED IN TIME TO AVOID REAR ENDING V3 (UNKNOWN MAKE/MODEL), HOWEVER, V1 REAR ENDED HIM. D2 STATED V1 PUSHED HIM INTO V3 (UNKNOWN MAKE/MODEL). D2 STATED V3 HAD NO DAMAGE AND THEREFORE LEFT. V1 SUSTAINED EXTENSIVE FRONT END DAMAGE. V2 SUSTAINED MINOR REAR END DAMAGE AND A SCUFF MARK ON FRONT BUMPER FROM BEING PUSHED INTO V3. NEITHER VEHICLE NEEDED TOWED."
903374456,DNR LAW ENFORCEMENT,61900614,MONROE,VAN BUREN,BLOOMINGTON,4/29/2019,8:13 AM,1,0,0,0,1,,,,I69,,,I69S,,,112,,N,,100,N,41.13583018,-85.14035522,INTERSTATE,,N,N,RURAL,N,N,N,,DAYLIGHT,CLEAR,DRY,,NO JUNCTION INVOLVED,STRAIGHT/LEVEL,ASPHALT,ANIMAL/OBJECT IN ROADWAY,$2501 TO $5000,COLLISION WITH ANIMAL OTHER,813,819,Y,Y,I69S112,0,NONE,"I, Indiana Conservation Officer, Lt. Angela Goldman was dispatched to a car/deer crash on April 29, 2019 on Southbound I69 at the 112 mile marker.When I arrived there was a green Jeep wrangler pulled off the on the side of the interstate. It had been operated by Lucas Miller. There was damage to the front, left corner of the jeep. Miller advised a deer had crossed the interstate in front of him, traveling west to east and he struck it with his Jeep. Miller advised the deer was still alive but had a broken back. There was deer hair present in the bumper of the Jeep. Miller stated that as I pulled up the deer crawled into the bushes alongside the interstate. I opted to not attempt to put the deer down for fear it would try to run back into the busy interstate traffic. The deer never came back out of the bushes during my interaction with Miller.Damage to Miller's vehicle included hood and bumper damage. He was wearing a seat belt. There were skid marks on the roadway where Miller had attempted to stop prior to striking the deer.Miller was able to drive his vehicle from the scene and a wrecker was not needed."