Master Record Number,Agency,Local Code,County,Township,City,Collision Date,Collision Time,Vehicles Involved,Trailers Involved,Number Injured,Number Dead,Number Deer,House Number,Roadway Name,Roadway Suffix,Roadway Number,Roadway Interchange,Roadway Ramp,Roadway Id,Intersecting Road,Intersecting Road Number,Mile Marker,Interchange,Corporate Limits?,Property Type,Feet From,Direction,Latitude,Longitude,Roadway Class,Traffic Control Devices?,Aggressive Driving?,Hit and Run?,Locality,School Zone?,Rumble Strips?,Construction?,Construction Type,Light Condition,Weather Conditions,Surface Condition,Type of Median,Roadway Junction Type,Road Character,Roadway Surface,Primary Factor,Damage Estimate,Manner of Collision,Time Notified,Time Arrived,Investigation Complete?,Photos Taken?,Unique Location Id,State Property Damage?,Traffic Control,NARRATIVE
903364486,BLOOMINGTON PD,B1918014,MONROE,BLOOMINGTON,BLOOMINGTON,5/3/2019,5:15 PM,3,0,0,0,0,,E 3RD,ST,,,,E 3RD,S HILLSDALE,,,,Y,,,,39.164272,-86.502416,LOCAL/CITY ROAD,Y,N,N,URBAN,N,N,N,,DAYLIGHT,CLOUDY,DRY,,FOUR-WAY INTERSECTION,STRAIGHT/GRADE,ASPHALT,FOLLOWING TOO CLOSELY,$2501 TO $5000,REAR END,515,522,Y,N,E3RDSTSHILLSDALEDR,0,TRAFFIC CONTROL SIGNAL,"V1 WAS TRAVELING WB ON E 3RD STREET BEHIND V2 WHO WAS BEHIND V3. AS V1 PROCEEDED THROUGH THE TRAFFIC CONTROL SIGNAL, THE FRONT OF HIS VEHICLE COLLIDED WITH THE REAR OF V2 WHICH SUBSEQUENTLY SENT THE FRONT OF V2 INTO THE REAR OF V3.D1 STATED THAT HE WAS ATTEMPTING TO GET THROUGH THE LIGHT BEFORE IT TURNED TO YELLOW AND SAW VEHICLE IN FRONT OF V2 AND V3 MOVING, HOWEVER, MISTAKENLY PROCEEDED TOO FAR BEFORE COLLIDING WITH V2."
903369656,MONROE SD,M19A14449,MONROE,RICHLAND,BLOOMINGTON,5/3/2019,1:01 PM,2,0,1,0,0,,SMITH,PIKE,,,,SMITH,,SR46,,,N,,,,39.210144,-86.5832,LOCAL/CITY ROAD,,N,N,URBAN,N,N,N,,DAYLIGHT,CLOUDY,DRY,,T-INTERSECTION,STRAIGHT/LEVEL,ASPHALT,FAILURE TO YIELD RIGHT OF WAY,$5001 TO $10000,RIGHT ANGLE,109,112,Y,N,SMITHPIKESTATEROAD46HWY,0,LANE CONTROL,"D1 stated that he was exiting a private drive to the exit of Urban Air. D1 was facing east attempting to turn left and go north to enter the turn lane to State Road 46. He states that he was watching traffic and once he began exiting onto Smith Pike the collision occurred. D1 believes that V2 was traveling at a high rate of speed down the hill on Smith Pike and contributed to the collision.V2 was traveling north on Smith Pike approaching the intersection with State Road 46. D2 states as he came down the hill he was entering the turn lane to travel west on State Road 46. He stated that the light was green, however, he was slowing because of traffic. There were no observable signs left on the roadway from tire marks. Unable to determine speed at time of impact. Air bags on V2 did deploy, unknown if D2 or D1 were wearing their seat belt at the time of impact."
903364521,BLOOMINGTON PD,B19-18038,MONROE,PERRY,BLOOMINGTON,5/3/2019,7:15 PM,2,0,0,0,0,,WALNUT,ST,,,,S WALNUT,BURKS,,,,Y,,1000,N,0,0,LOCAL/CITY ROAD,,N,N,URBAN,N,N,N,,DAYLIGHT,CLOUDY,DRY,,NO JUNCTION INVOLVED,STRAIGHT/LEVEL,ASPHALT,FAILURE TO YIELD RIGHT OF WAY,$2501 TO $5000,RIGHT TURN,715,724,Y,Y,EBURKSDRSWALNUTST,0,NONE,Driver 2 (D2) advised that she was driving southbound in the area of the 3100 block of South Walnut Street. D2 explained that as she was driving in the area a cream colored vehicle had pulled out in front of her vehicle (V2) attempting to turn right and head south on Walnut Street and struck the front passenger area of V2. V2 did have damage in this area.Driver 1 (D1) advised that he was attempting to turn right from a private drive to go south on Walnut Street when his vehicle (V1) struck V2. V1 had damage to the front driver's side area.
903364027,BLOOMINGTON PD,B1917921,MONROE,BLOOMINGTON,BLOOMINGTON,5/3/2019,12:11 AM,2,0,0,0,0,2100,S WALNUT,ST,,,,S WALNUT,,,,,Y,,,,39.165648,-86.5336,LOCAL/CITY ROAD,,Y,Y,URBAN,N,N,N,,DARK (NOT LIGHTED),RAIN,WET,,NO JUNCTION INVOLVED,STRAIGHT/GRADE,ASPHALT,OTHER (DRIVER) - EXPLAIN IN NARRATIVE,$5001 TO $10000,HEAD ON BETWEEN TWO MOTOR VEHICLES,1211,1233,Y,Y,SWALNUTST,0,NONE,D2 WAS IN HIS VEHICLE FACING SE JUST NORTH OF 2100 S WALNUT ST IN A PARKING LOT. D2 STATED THAT D1 INTENTIONALLY DROVE V1 WB INTO V2. D2 STATED THAT HE THEN DROVE AWAY FROM D1 IN ORDER TO AVOID ANOTHER COLLISION.D1 INTENTIONALLY COLLIDING THE FRONT OF V1 WITH THE FRONT OF V2 CAUSED THIS ACCIDENT.
903364604,BLOOMINGTON PD,B1918107,MONROE,BLOOMINGTON,BLOOMINGTON,5/4/2019,2:10 AM,2,0,0,0,0,,N WALNUT,ST,,,,N WALNUT,W KIRKWOOD,,,,Y,,,,39.16664,-86.5336,LOCAL/CITY ROAD,Y,N,N,URBAN,N,N,N,,DARK (LIGHTED),CLEAR,DRY,,FOUR-WAY INTERSECTION,STRAIGHT/LEVEL,ASPHALT,FAILURE TO YIELD RIGHT OF WAY,$10001 TO $25000,LEFT TURN,217,220,Y,Y,NWALNUTSTWKIRKWOODAVE,0,TRAFFIC CONTROL SIGNAL,D1 STATED SHE WAS DRIVING EAST ON W KIRKWOOD AVE. D1 ATTEMPTED TO TURN NORTH ONTO N. WALNUT ST. D1 STATED SHE DID NOT YEILD TO D2 COMING WEST ON W. KIRKWOOD. D1 STATED V1 HIT V2 CAUSING DAMAGE TO BOTH.D2 STATED HE WAS DRIVING WEST ON 2 KIRKWOOD AVE. D2 STATED HE HAD A GREEN LIGHT AND D1 TURNED NORTH IN FRONT OF HIM. D2 STATED D1 HIT HIS VEHCILE CAUSING DAMAGE TO BOTH VEHICLES.
903364787,INDIANA UNIV BLOOMINGTON PD,191110,MONROE,BLOOMINGTON,BLOOMINGTON,5/4/2019,1:40 PM,2,0,2,0,0,,17TH,ST,,,,EAST 17TH,FESS,,,,Y,,,,39.179008,-86.525888,LOCAL/CITY ROAD,,N,N,URBAN,N,N,N,,DAYLIGHT,RAIN,WET,,FOUR-WAY INTERSECTION,STRAIGHT/GRADE,ASPHALT,IMPROPER TURNING,$10001 TO $25000,LEFT TURN,144,147,Y,N,EAST17THSTFESSAVE,0,LANE CONTROL,"V1 was traveling east on 17th Street near Fess Avenue. V2 was traveling west on 17th Street towards Fess Avenue. V1 then attempted to turn left into Gate 6 of the Memorial Stadium Parking Lot and crossed the center line. V2 was traveling at a high rate of speed and was not able to stop for V1. V2 then struck V1. There was disabling damage to the rear of V1. There was disabling damage to the front of V2. D1 stated that he was traveling east on 17th Street and wanted to turn into Gate 6. D1 stated that he saw V2 approaching and thought that he had enough time to make the turn. V2 then attempted to make the turn into Gate 6. D1 stated that V2 then struck the rear of V1 causing it to spin. D1 stated that V2 was going at an extremely high rate of speed. D1 estimated the speed of V2 to be around 50 miles per hour.D2 stated that she was traveling west on 17th Street and was approaching Gate 6. D2 stated that V1 then turned in front of her rapidly and she was not able to avoid a collision with V1. D2 stated V2 then struck V1. D2 stated that she was going ""pretty fast"" but V1 pulled into her lane of travel.V1 and V2 both had to be towed from the scene by Bland's Towing due to disabling damage. D2 complained of pain to her right wrist and arm but refused medical treatment on scene. The rear right hand passenger of V1 complained of neck pain but refused medical treatment on scene.SUPPLEMENT: 05/09/2019 - D1 HAS A TWIN BROTHER NAMED MICHEAL WITH THE SAME DATE OF BIRTH AND SIMILAR DRIVERS LICENSE NUMBERS. DISPATCH MADE A MISTAKE AND PRINTED OFF MICHEALS INFORMATION AND ADDED IT TO MY CASE FOR THE ORIGINIAL CRASH REPORT. I HAVE EDITED THE CRASH REPORT AND CASE INFORMATION TO SHOW THAT THE DRIVER WAS IN FACT MARK KRIPPINGER (OLN:K615-5476-4047) AND NOT HIS BROTHER MICHEAL FOR THIS ACCIDENT."
903364667,BLOOMINGTON PD,B1918137,MONROE,BLOOMINGTON,BLOOMINGTON,5/4/2019,9:42 AM,2,0,0,0,0,,3RD,ST,,,,WEST 3RD,PATTERSON,,,,Y,,,,39.16441,-86.55196,LOCAL/CITY ROAD,Y,N,N,URBAN,N,N,N,,DAYLIGHT,RAIN,WET,,NO JUNCTION INVOLVED,STRAIGHT/GRADE,ASPHALT,FAILURE TO YIELD RIGHT OF WAY,$5001 TO $10000,HEAD ON BETWEEN TWO MOTOR VEHICLES,943,948,Y,Y,SOUTHPATTERSONDRWEST3RDST,0,TRAFFIC CONTROL SIGNAL,"D1 (VICTORIA HICKMAN) WAS TRAVELING EASTBOUND ON 3RD ST APPROACHING PATTERSON DR.D1 WAS IN THE MIDDLE LANE, HOWEVER, THOUGHT SHE WAS IN THE TURN LANE TO GO NORTHBOUND.D1 TURNED NORTHBOUND FROM 3RD ST ONTO PATTERSON DRIVE FROM MIDDLE LANE. D1 FAILED TO YIELD RIGHT OF WAY TO ONCOMMING TRAFFIC AND STRUCK V2. D2 (CHERRYL TINCHER) WAS TRAVELING WESTBOUND ON 3RD ST APPROACHING PATTERSON DR. D2 WAS GOING STARIGHT THROUGH THE GREEN LIGHT WHEN V1 TURNED IN FRONT OF HER."
903364917,MONROE SD,M19A14574,MONROE,PERRY,BLOOMINGTON,5/4/2019,4:15 PM,2,0,1,0,0,,,,SR446S,,,SR446S,RUSH RIDGE,,,,N,,,,39.08457,-86.42041,STATE ROAD,,N,N,RURAL,N,N,N,,DAYLIGHT,RAIN,WET,,T-INTERSECTION,CURVE/HILLCREST,ASPHALT,SPEED TOO FAST FOR WEATHER CONDITIONS,$2501 TO $5000,REAR END,415,443,Y,N,RUSHRIDGERDSR446S,0,NONE,"Unit 1 was traveling southbound on ST RD 446. Unit 2 was stopped in the roadway waiting for another vehicle in front of it to turn left on to Rush Ridge Rd. While stopped in the roadway, Unit 2 was traveling south on ST RD 446 and impacted Unit 2 in the rear end. Unit 2 was pushed off the side of the road into a small ditch, while Unit 1 pulled off the road on to Rush Ridge Rd."
903364709,INDIANA UNIV BLOOMINGTON PD,191109,MONROE,BLOOMINGTON,BLOOMINGTON,5/4/2019,12:20 PM,2,0,0,0,0,,JORDAN,AVE,,,,JORDAN,LINGELBACH,,,,Y,,200,S,39.15599434,-86.51254,LOCAL/CITY ROAD,,N,N,URBAN,N,N,N,,DAYLIGHT,RAIN,WET,,NO JUNCTION INVOLVED,CURVE/GRADE,ASPHALT,IMPROPER TURNING,$2501 TO $5000,LEFT TURN,1225,1234,Y,N,ELINGELBACHLNJORDANAVE,0,LANE CONTROL,"V1 was traveling south on Jordan Avenue, just south of Lingelbach Lane, and was stopped or slowed in traffic. V2 was traveling north on Jordan towards Lingelbach. V1 then attempted to make a U turn on Jordan. V1 did not notice V2 approaching around the line of traffic and crossed the center line to turn north on Jordan. V2 did not have enough time to stop for V1. V2 then struck V1. There was moderate damage to the front bumper and front passenger side of V1. There was moderate damage to the front passenger side bumper and front passenger side fender of V2. D1 stated that he was facing south on Jordan stuck in a line of traffic and wanted to turn around to avoid congestion. D1 stated that he could not see any vehicles approaching and attempted to make a U turn. D1 stated that V2 then struck V1. D2 stated that she was traveling north on Jordan. D2 stated that V1 then crossed the center line into her lane of traffic. D2 stated that she did not have enough time to stop and struck V1."
903364790,BLOOMINGTON PD,B1918153,MONROE,PERRY,BLOOMINGTON,5/4/2019,2:05 PM,2,0,0,0,0,,COLLEGE,AVE,,,,NORTH COLLEGE,14TH,,,,Y,,,,39.17595,-86.53477,LOCAL/CITY ROAD,,N,N,URBAN,N,N,N,,DAYLIGHT,RAIN,WET,,FOUR-WAY INTERSECTION,STRAIGHT/GRADE,ASPHALT,FAILURE TO YIELD RIGHT OF WAY,$2501 TO $5000,SAME DIRECTION SIDESWIPE,210,216,Y,N,NORTHCOLLEGEAVEWEST14THST,0,STOP SIGN,"V1 WAS SOUTHBOUND ON COLLEGE AVE IN THE FAR RIGHT LANE, NEAR THE INTERSECTION OF WEST 14TH STREET, WHEN V1 MERGED INTO THE LEFT LANE, NOT SEEING V2 WAS ALREADY THERE, AND SIDE SWIPED V2.D1 STATED SHE WAS ATTEMPTING TO MERGE INTO THE LEFT LANE TO MAKE A TURN AND WHEN SHE DID SO SHE DID NOT SEE V2 WAS ALREADY IN THE LEFT LANE. D1 STATED HER VEHICLE THEN STRUCK V2.D2 STATED HE WAS IN THE RIGHT LANE WHEN V1 BEGAN TO MERGE INTO HIS LANE, THEN STRIKING HIS VEHICLE."
903365236,INDIANA UNIV BLOOMINGTON PD,191121,MONROE,BLOOMINGTON,BLOOMINGTON,5/4/2019,10:30 AM,2,0,0,0,0,1000,17TH,ST,,,,EAST 17TH,,,,,Y,,,,39.17896,-86.521088,,,,Y,URBAN,N,N,N,,DAYLIGHT,RAIN,WET,,NO JUNCTION INVOLVED,STRAIGHT/GRADE,ASPHALT,,$1001 TO $2500,,440,451,Y,N,EAST17THST,0,NONE,"On 5/5/2019, I met with Miguel Palacios at the Indiana University Police Station. Palacios escorted me to his 2016 Kia Sorento bearing IN plate K366444 that was parked in the IUPD parking lot. I noticed damage to the rear driver side bumper and tail light of the vehicle.Palacios parked his vehicle at the Memorial Stadium Orange Athletic Lot on 5/4/2019 for the 2019 Indiana University Commencement Ceremony at approximately 10:30 hours. After the ceremony at approximately 1300 hours, Palacios was pumping gas at a nearby gas station and noticed the damage to his vehicle. I asked if he noticed the vehicle parked on the driver side of the vehicle and was told that a family member parked on that side of him but did not know anything about the damage.Palacios stated that the vehicle was parked somewhere near the middle of the of the Orange Lot between Memorial Stadium and Assembly Hall, but was uncertain as to exactly which parking stall.There are no witnesses or leads as to the offending vehicle."
903364842,ELLETTSVILLE PD,E1902491,MONROE,RICHLAND,ELLETTSVILLE,5/4/2019,3:38 PM,2,0,0,0,0,,,,SR46W,,,SR46W,NORTH SMITH,,,,N,,,,39.210144,-86.5832,STATE ROAD,Y,N,N,URBAN,N,N,N,,DAYLIGHT,RAIN,WET,,FOUR-WAY INTERSECTION,STRAIGHT/LEVEL,ASPHALT,DRIVER DISTRACTED - EXPLAIN IN NARRATIVE,$1001 TO $2500,REAR END,342,342,N,N,NORTHSMITHPIKESR46W,0,TRAFFIC CONTROL SIGNAL,BOTH D1 AND D2 WERE EAST BOUND ON WEST STATE ROAD 46 NEAR THE NORTH SMITH PIKE INTERSECTION. D1 TOOK HIS EYES OF THE ROAD TO LOOK AT SOMETHING OFF THE SIDE OF THE ROAD AND REAR ENDED D2. NO DAMAGE TO D2 ONLY MINOR DAMAGE TO D1. VEHICLES WERE MOVED BEFORE MY ARRIVAL.
903364843,ELLETTSVILLE PD,E1902493,MONROE,RICHLAND,ELLETTSVILLE,5/4/2019,4:00 PM,2,0,0,0,0,4681,RICHLAND PLAZA,DR,,,,WEST RICHLAND PLAZA,,,,,Y,,,,0,0,UNKNOWN,,N,Y,URBAN,N,N,N,,DAYLIGHT,RAIN,WET,,NO JUNCTION INVOLVED,STRAIGHT/LEVEL,ASPHALT,OTHER (DRIVER) - EXPLAIN IN NARRATIVE,$2501 TO $5000,OTHER - EXPLAIN IN NARRATIVE,449,452,N,Y,WESTRICHLANDPLAZADR,0,NONE,***SUPPLEMENT*** 05/13/2019CRASH DID NOT HAPPEN IN OUR JURISDICTION. CHARGES ARE BEING FILED AGAINST PARTY IN THIS CRASH REPORT. MARCY BENNETT WAS SHOPPING AT THE IGA GROCERY STORE. SHE ARRIVED AT APPROXIMATELY 3:00PM AND RETURNED TO HER VEHICLE THAT WAS PARKED IN THE PARKING LOT AROUND 4:00PM. WHEN SHE RETURNED THERE WAS HEAVY LEFT SIDE DAMAGE TO HER VEHICLE. THERE ARE NO SUSPECTS AT THIS TIME. WILL FOLLOW UP WITH LOCAL BUSINESSES
903364637,INDIANA UNIV BLOOMINGTON PD,191108,MONROE,BLOOMINGTON,BLOOMINGTON,5/4/2019,7:32 AM,2,0,0,0,0,,INDIANA,AVE,,,,INDIANA,14TH,,,,Y,,,,39.176192,-86.52712,LOCAL/CITY ROAD,,N,N,URBAN,N,N,N,,DAYLIGHT,RAIN,WET,,NO JUNCTION INVOLVED,STRAIGHT/GRADE,ASPHALT,FAILURE TO YIELD RIGHT OF WAY,$1001 TO $2500,RIGHT ANGLE,733,733,Y,N,14THSTINDIANAAVE,0,STOP SIGN,"D1 was stopped at a stop sign facing west on 14th St., attempting to cross Indiana Avenue. D1 pulled into the roadway and did not see V2 approaching from the south coming north. V1 struck V2 on the front driver side bumper of V1 causing damage to the front bumper of V1. V1 struck V2 on the rear passenger side quarter panel of V2. There was no complaint of pain from either driver. D1 admitted responsibility for the crash. V2 had the right of way on Indiana Ave."
903365230,MONROE SD,M19A14579,MONROE,VAN BUREN,BLOOMINGTON,5/4/2019,5:00 PM,2,0,0,0,0,,LEONARD SPRINGS,RD,,,,LEONARD SPRINGS,TAPP,,,,N,,,,39.13704,-86.582512,LOCAL/CITY ROAD,,N,N,URBAN,N,N,N,,DAYLIGHT,CLOUDY,WET,,T-INTERSECTION,STRAIGHT/LEVEL,ASPHALT,FAILURE TO YIELD RIGHT OF WAY,$2501 TO $5000,RIGHT ANGLE,501,510,Y,N,LEONARDSPRINGSRDTAPPRD,0,STOP SIGN,"D2 was traveling north on South Leonard Springs Road approaching the intersection with Tapp Road. D1 was facing west, stopped and awaiting to turn north onto Leonard Springs Road. V1 failed to yield the right of way and pulled into the lane of travel of D2, consequently colliding. D2 could not recall how the event occurred. Another Deputy arrived on scene shortly to make sure the vehicle were moved out of the roadway safely. While doing so he was flagged down by an unknown witness that stated that D2 pulled out in front of D1 and due to the wet pavement slid when D1 applied his brakes but was unable to avoid collision because of on coming traffic in the south bound lanes.Both vehicle had began moving out of the roadway prior to my arrival."
903365334,MONROE SD,M19A14710,MONROE,WASHINGTON,BLOOMINGTON,5/5/2019,3:43 PM,2,0,0,0,0,,,,I69,,,I69N,,,127,,N,,200,N,41.33809036,-85.08769536,INTERSTATE,,N,N,RURAL,N,N,N,,DAYLIGHT,CLEAR,DRY,,NO JUNCTION INVOLVED,STRAIGHT/LEVEL,ASPHALT,FOLLOWING TOO CLOSELY,$5001 TO $10000,REAR END,348,359,Y,N,I69N127,0,NONE,"BOTH DRIVERS STATED THAT UNIT 2 APPLIED THE BRAKES DUE TO ANOTHER MOTOR VEHICLE TURNING ONTO A TURN AROUND ON I69. UNIT 1 DID APPLY BRAKES, BUT STRUCK UNIT 2 ON THE REAR BUMPER. UNIT 1 WAS TOWED DUE TO THE DAMAGE SUSTAINED TO THE FRONT END."
903365037,INDIANA UNIV BLOOMINGTON PD,191117,MONROE,BLOOMINGTON,BLOOMINGTON,5/5/2019,3:00 AM,2,0,0,0,0,,DUNN,ST,,,,DUNN,FOURTH,,,,Y,,,,39.16556,-86.52823,LOCAL/CITY ROAD,,N,N,URBAN,N,N,N,,DARK (LIGHTED),CLEAR,DRY,,FOUR-WAY INTERSECTION,STRAIGHT/LEVEL,ASPHALT,IMPROPER TURNING,$1001 TO $2500,REAR END,309,309,Y,N,DUNNSTFOURTHST,0,STOP SIGN,"I was on patrol when I observed V1 sitting half in a parallel parking space and half in the lane of travel, with no lights on. There were two people standing in front of the vehicle (D1 & D2) looking at it. I pulled up behind them, activated my emergency lights, and exited my vehicle to check on their welfare.The two individuals stated they had just been involved in a traffic collision but were both not hurt. D2 stated he was in the midst of actively backing his vehicle into a parallel parking space on the east edge of the roadway just south of 4th Street when he was suddenly struck from behind by V1. He was not sure where she came from. D1 told me she was eastbound on 4th and turned right (south) onto Dunn when she collided with V2. She gave several different accounts of which lane she turned into, but the only one that would have made sense is if she had turned into the far lane (unless she turned into the close lane and then immediately made an unsafe lane change into the left lane). D1 did not want any police assistance with the crash and told me she just wanted to go home. D1 showed signs of intoxication and was arrested for Operating While Intoxicated. Her vehicle was impounded."
903367091,MONROE SD,M19A14701,MONROE,PERRY,BLOOMINGTON,5/5/2019,1:37 PM,2,0,0,0,0,5230,S OLD ST RD 37,RD,,,,S OLD ST RD 37,,,,,Y,,,,39.137088,-86.53056,UNKNOWN,,N,N,URBAN,N,N,N,,DAYLIGHT,CLEAR,DRY,,NO JUNCTION INVOLVED,NON-ROADWAY CRASH,ASPHALT,UNSAFE BACKING,$1001 TO $2500,BACKING CRASH,137,153,Y,N,SOLDSTRD37RD,0,NONE,"Unit 1 was parked in the parking lot at 5230 S OLD ST RD 37. Unit 2 was backing from a parking space and backed into Unit 1, making impact on the rear passenger side quarter panel."
903365403,MONROE SD,M19A14651,MONROE,CLEAR CREEK,BLOOMINGTON,5/5/2019,2:38 AM,1,0,0,0,0,,OLD STATE ROAD 37,RD,,,,OLD STATE ROAD 37,MONROE DAM,,,,N,,2400,N,39.27151098,-86.53944,LOCAL/CITY ROAD,,N,N,RURAL,N,N,N,,DARK (NOT LIGHTED),CLEAR,DRY,,NO JUNCTION INVOLVED,STRAIGHT/GRADE,ASPHALT,OTHER (DRIVER) - EXPLAIN IN NARRATIVE,$5001 TO $10000,RAN OFF ROAD,238,246,Y,Y,MONROEDAMRDOLDSTATEROAD37RD,0,NONE,V1 was traveling north on South Old State Road 37. V1 went west off the roadway striking an embankment and rolled over resting on its top.D1 stated that a deer ran out in the roadway causing her to run off the roadway.D1 was given field sobriety testing resulting in an arrest
903365172,BLOOMINGTON PD,B1918288,MONROE,RICHLAND,BLOOMINGTON,5/5/2019,2:20 PM,2,1,0,0,0,,3RD,ST,,,,WEST 3RD,GATES,,,,Y,,150,W,0,0,LOCAL/CITY ROAD,,N,N,URBAN,N,N,N,,DAYLIGHT,CLEAR,DRY,,NO JUNCTION INVOLVED,STRAIGHT/LEVEL,ASPHALT,FAILURE TO YIELD RIGHT OF WAY,$2501 TO $5000,LEFT TURN,254,257,Y,N,SOUTHGATESDRWEST3RDST,0,LANE CONTROL,V1 WAS TURNING LEFT OUT OF THE ARBY'S PARKING LOT ONTO WEST THIRD STREET WHEN IT STRUCK THE REAR QUARTER PANNEL OF V2. D1 STATED HE WAS TURNING LEFT OUT OF ARBY'S INTO THE 3RD STREET LEFT HAND TURN LANE (FOR SOUTH GATES DRIVE) WHEN HE STRUCK V2. D1 STATED D2 WAS IN THE MIDDLE LANE OF WEST 3RD STREET.D2 STATED HE WAS EASTBOUND ON 3RD STREET WHEN V1 PULLED OUT OF ARBYS AND STRUCK THE REAR QUARTER PANNEL OF HIS VEHICLE.
903365405,MONROE SD,M19A14743,MONROE,BLOOMINGTON,BLOOMINGTON,5/5/2019,11:50 PM,1,0,0,0,0,110,FRANKLIN,RD,,,,FRANKLIN,,,,,Y,,,,39.167979,-86.571612,LOCAL/CITY ROAD,,N,N,URBAN,N,N,N,,DARK (LIGHTED),CLEAR,DRY,,NO JUNCTION INVOLVED,STRAIGHT/LEVEL,ASPHALT,UNSAFE BACKING,$1001 TO $2500,OTHER - EXPLAIN IN NARRATIVE,1151,1156,Y,Y,FRANKLINRD,0,NONE,DEPUTY WALLS WAS ASSISTING A FEMALE ON A CALL AND WAS BACKING HIS CAR UP WHILE IN THE PARKING LOT OF TEXAS ROADHOUSE. DEPUTY WALLS WAS GOING TO PROVIDE A RIDE FOR THE FEMALE AND WAS ABOUT TO LEAVE THE PARKING LOT. DEPUTY WALLS HIT A CURB AND DID NOT REALIZE THERE WAS A LARGE ROCK NEAR THE CURB AND MADE CONTACT WITH THE ROCK CAUSING DAMAGE TO THE UNDERSIDE AND REAR BUMPER OF THE CAR. THE FEMALE HAD NO INJURIES AND DECIDED TO WALK TO HER DESITNATION RATHER THAN WAIT ON A RIDE.
903366388,MONROE SD,M19A14741,MONROE,PERRY,BLOOMINGTON,5/5/2019,11:08 PM,2,0,0,0,0,,,,I69S,,,I69S,SAMPLE,,,,Y,OTHER,250,N,39.29775809,-86.52750503,INTERSTATE,,N,N,URBAN,N,Y,N,,DARK (LIGHTED),CLEAR,DRY,,RAMP,STRAIGHT/GRADE,ASPHALT,FAILURE TO YIELD RIGHT OF WAY,$10001 TO $25000,SAME DIRECTION SIDESWIPE,1108,1116,Y,Y,I69SSAMPLERD,0,OFFICER/CROSSING GUARD/FLAGMAN,V2 was attempting to merge onto I-69 Southbound off the Sample Rd exit. V2 merged into the middle lane with out yielding to V1. V1 was traveling at highway speed and had to swerve to the left to avoid V2 causing V1 to loose control striking V2. V1 spun to the left coming to rest against the guard rail. V2 was attempting to change lanes to avoid a Deputy Hutchen's vehicle who had his emergency overhead lights activated on the right hand shoulder of the road tending to a stranded vehicle. D2 initially stated V1 had come into the middle lane where V2 was driving. Deputy Hutchen's dash camera was activated and showed V2 entering the middle lane where it collided with V1 in the right rear end causing V2 to spin and hit the guard rail on the east side of the road.V1 and V2 were unable to be changed in crash report to accurately represent V1 and V2. Deputy Hutchens submitted dash cam footage and pictures into evidence.
903365490,MONROE SD,M19A14767,MONROE,INDIAN CREEK,BLOOMINGTON,5/6/2019,4:54 AM,1,0,0,0,0,,BREEDEN,RD,,,,BREEDEN,FREELAND,,,,N,PRIVATE,,,0,0,LOCAL/CITY ROAD,,N,N,RURAL,N,N,N,,DARK (NOT LIGHTED),FOG/SMOKE/SMOG,DRY,,T-INTERSECTION,CURVE/LEVEL,ASPHALT,ANIMAL/OBJECT IN ROADWAY,$10001 TO $25000,RAN OFF ROAD,500,514,Y,N,BREEDENRDFREELANDLN,0,NONE,"D1 STATED THAT SHE WAS TRAVELING NORTH ON BREEDEN RD, APPROACHING FREELAND LN, WHEN A DEER RAN IN FRONT OF HER. D1 STATED THAT SHE SWERVED TO MISS THE DEER. D1 STATED THAT ONCE SHE SWERVED HER TIRES GOT INTO THE GRASS AND PULLED HER INTO THE DITCH. D1 STATED THAT SHE THEN HIT THE UTILITY POLE NUMBER UDWI 143371. UDWI OF BLOOMFIELD WAS MADE AWARE OF THE DAMAGE TO THE UTILITY POLE. V1 SUFFERED SEVERE FRONT PASSENGER SIDE DAMAGE DUE TO THE COLLISON WITH THE POLE. D1 DID NOT WISH TO SEEK MEDICAL TREATMENT BUT SAID HER ARM WAS HURTING A LITTLE."
903366318,ELLETTSVILLE PD,E1902536,MONROE,BLOOMINGTON,ELLETTSVILLE,5/6/2019,4:33 PM,2,0,0,0,0,,,,SR46W,,,SR46W,DEER PARK,,,,Y,,,,39.21212,-86.58719,STATE ROAD,,N,N,URBAN,N,N,N,,DAYLIGHT,CLEAR,DRY,,NO JUNCTION INVOLVED,STRAIGHT/GRADE,ASPHALT,FAILURE TO YIELD RIGHT OF WAY,$5001 TO $10000,SAME DIRECTION SIDESWIPE,435,433,Y,Y,DEERPARKAVESR46W,0,STOP SIGN,"Driver #1 reported he was stopped at the intersection on Deer Park attempting to take a left turn, and as he began did not see the vehicle coming westbound and struck the passenger side of the vehicle.Driver #2 reported she was driving westbound on 46 in the left lane, and was struck on the passenger side of the vehicle from another vehicle pulling out from Deer Park"
903366312,BLOOMINGTON PD,B1918447,MONROE,VAN BUREN,BLOOMINGTON,5/6/2019,5:13 PM,3,0,0,0,0,,COUNTRY CLUB,DR,,,,W COUNTRY CLUB,WALNUT,,,,Y,,100,W,39.13597,-86.53110135,LOCAL/CITY ROAD,,N,N,URBAN,N,N,N,,DAYLIGHT,CLEAR,DRY,,NO JUNCTION INVOLVED,STRAIGHT/GRADE,ASPHALT,DRIVER DISTRACTED - EXPLAIN IN NARRATIVE,$1001 TO $2500,REAR END,513,525,Y,N,SWALNUTSTWCOUNTRYCLUBDR,0,NONE,"D1 stated they were driving eastbound on W Country Club Dr, towards the intersection with S Walnut St, and stated traffic was backed up on W Country Club Dr. D1 stated that he was going approximately 10-15 miles per hour and looked down for a moment, and looked back up, and was not able to stop his vehicle in time from hitting the rear of V2. D2 stated they were driving eastbound on W Country Club Dr, towards the intersection with S Walnut St, when they felt V1 hit the rear of their vehicle. D2 stated this caused V2 to hit the rear of V3 in front of them. D3 stated they were driving on W Country Club Dr, towards the intersection with S Walnut St, when they felt V2 hit the rear of their vehicle.Supplement Update: Printed out driver's exchange information for records."