Master Record Number,Agency,Local Code,County,Township,City,Collision Date,Collision Time,Vehicles Involved,Trailers Involved,Number Injured,Number Dead,Number Deer,House Number,Roadway Name,Roadway Suffix,Roadway Number,Roadway Interchange,Roadway Ramp,Roadway Id,Intersecting Road,Intersecting Road Number,Mile Marker,Interchange,Corporate Limits?,Property Type,Feet From,Direction,Latitude,Longitude,Roadway Class,Traffic Control Devices?,Aggressive Driving?,Hit and Run?,Locality,School Zone?,Rumble Strips?,Construction?,Construction Type,Light Condition,Weather Conditions,Surface Condition,Type of Median,Roadway Junction Type,Road Character,Roadway Surface,Primary Factor,Damage Estimate,Manner of Collision,Time Notified,Time Arrived,Investigation Complete?,Photos Taken?,Unique Location Id,State Property Damage?,Traffic Control,NARRATIVE
903366961,MONROE SD,M19A14841,MONROE,PERRY,BLOOMINGTON,5/6/2019,5:31 PM,2,0,0,0,0,,OLD IN 37,RD,,,,S OLD IN 37,CHURCH,,,,N,,,,39.10726,-86.53149,LOCAL/CITY ROAD,Y,N,N,URBAN,N,N,N,,DAYLIGHT,CLEAR,DRY,,FOUR-WAY INTERSECTION,STRAIGHT/GRADE,ASPHALT,FOLLOWING TOO CLOSELY,$2501 TO $5000,REAR END,531,534,Y,N,SOLDIN37RDWCHURCHLN,0,TRAFFIC CONTROL SIGNAL,D1 stated he was at the light behind V2 when he thought V2 was starting to pull forward so he pulled forward and rear-ended V2.
903366662,BLOOMINGTON PD,B1918468,MONROE,PERRY,BLOOMINGTON,5/6/2019,6:30 PM,2,0,0,0,0,500,LIBERTY,DR,,,,S LIBERTY,,,,,Y,,,,39.16263,-86.580607,UNKNOWN,,N,Y,URBAN,N,,N,,DAYLIGHT,CLEAR,ICE,,NO JUNCTION INVOLVED,STRAIGHT/LEVEL,ASPHALT,UNSAFE BACKING,UNDER $1001,BACKING CRASH,730,744,Y,Y,SLIBERTYDR,0,NONE,"D1/V1 left the scene prior to my arrival. V2 was parked in the parking lot of 500 S Liberty Dr at the time of the accident. The owner of V2 returned from shopping to find the rear passenger side of her vehicle damaged with fresh scrapes. A witness of the accident, Allen Lutes, informed the owner that he witnessed V1 strike V2 as it backed into into the parking spot to V2's left. Allen stated that D1 then left the scene after going into the store for less than 2 minutes. The investigation into the crime of leaving the scene of an accident is ongoing."
903366276,BLOOMINGTON PD,B1918460,MONROE,BLOOMINGTON,BLOOMINGTON,5/6/2019,6:42 AM,2,0,2,0,0,,N ADAMS,ST,,,,N ADAMS,W 11TH,,,,Y,,,,39.173344,-86.549792,LOCAL/CITY ROAD,,N,N,URBAN,N,N,N,,DAYLIGHT,CLEAR,DRY,,T-INTERSECTION,STRAIGHT/GRADE,ASPHALT,FOLLOWING TOO CLOSELY,UNDER $1001,REAR END,644,645,Y,N,NADAMSSTW11THST,0,STOP SIGN,"V1 WAS TRAVELING NB ON N ADAMS STREET BEHIND V2. AS V2 STOPPED AT THE STOP SIGN AT W 11TH STREET AND N ADAMS STREET, V1 WAS UNABLE TO STOP IN TIME CAUSING THE FRONT OF V1 TO COLLIDE WITH THE REAR OF V2. THERE WAS NO VISIBLE DAMAGE TO V2 ON SCENE AND VERY MINIMAL DAMAGE TO V1'S LICENSE PLATE.D1 STATED THAT V1 SLAMMED ON THEIR BRAKES WHICH CAUSED HER TO COLLIDE WITH HER. D1 STATED THAT SHE COULD HEAR D2 TELLING HER PASSENGERS TO PUT THEIR SEAT BELTS ON AFTER THE COLLISION HAD OCCURREDD2 STATED THAT V1 SLAMMED INTO THE REAR OF HER VEHICLE VERY HARD CAUSING A JOLT. D2 STATED THAT ALL OF HER PASSENGERS WERE WEARING SAFETY BELTS."
903365587,BLOOMINGTON PD,B1918369,MONROE,BLOOMINGTON,BLOOMINGTON,5/6/2019,8:26 AM,2,0,1,0,0,,,,SR46W,,,SR46W,KINSER,,,,Y,,,,39.186544,-86.537888,STATE ROAD,Y,N,N,URBAN,N,N,N,,DAYLIGHT,CLEAR,DRY,,FOUR-WAY INTERSECTION,STRAIGHT/LEVEL,ASPHALT,FOLLOWING TOO CLOSELY,$2501 TO $5000,REAR END,831,842,Y,Y,KINSERPIKESR46W,0,TRAFFIC CONTROL SIGNAL,Driver 2 stated he was west on SR 46 in the left straight lane. Driver 2 stated he stopped for the traffic light at Kinser Pk after it turned red. Driver 2 stated shortly after stopping he was hit from behind by vehicle 1. Driver 1 stated she was behind vehicle 2 and thought the light was green and when she realized vehicle 2 had stopped for the red light she was not able to stop in time and collided with the rear of vehicle 2.
903366264,BLOOMINGTON PD,B1918428,MONROE,PERRY,BLOOMINGTON,5/6/2019,11:35 AM,2,0,0,0,0,1965,S WALNUT,ST,,,,S WALNUT,,,,,Y,,,,39.142555,-86.531238,,,N,Y,URBAN,Y,N,N,,DAYLIGHT,CLEAR,DRY,,NO JUNCTION INVOLVED,NON-ROADWAY CRASH,ASPHALT,OTHER (DRIVER) - EXPLAIN IN NARRATIVE,$1001 TO $2500,OTHER - EXPLAIN IN NARRATIVE,333,341,Y,Y,SWALNUTST,0,NONE,"D1 stated that they parked their vehicle in the parking lot of Bloomington High School South at approximately 0645 hours. D1 stated the next time they saw their vehicle, which stayed parked and did not move, was approximately 1527 hours, at which point D1 noticed white scraping and denting to their driver's side rear end of the vehicle that was not there previously. D1 was not able to provide additional information on the offending vehicle; I am waiting to follow up with camera footage provided by the school in attempt to identify the offending vehicle, presumably a white vehicle.Supplement update: Updated state report with offender vehicle information and offending driver information. D2 admitted to running in to V1 without leaving necessary paperwork. D2 also admitted to driving a vehicle without ever have received a valid driver's license. Diagram also updated to reflect offending vehicle."
903366441,MONROE SD,M19A14818,MONROE,PERRY,BLOOMINGTON,5/6/2019,1:30 PM,1,0,0,0,0,,PARKING LOT,ST,,,,PARKING LOT,WALNUT,,,,N,,100,S,0,0,UNKNOWN,,N,N,RURAL,N,N,N,,DAYLIGHT,CLEAR,DRY,,NO JUNCTION INVOLVED,STRAIGHT/LEVEL,ASPHALT,FAILURE TO YIELD RIGHT OF WAY,$2501 TO $5000,RAN OFF ROAD,130,215,Y,N,PARKINGLOTSTSOUTHWALNUTPIKE,0,NONE,Driver attempted to pass a vehicle waiting in line and ran up on to the curb hitting a fire hydrant.
903367807,ISP BLOOMINGTON 33,2.019E+11,MONROE,RICHLAND,ELLETTSVILLE,5/6/2019,11:35 AM,2,0,0,0,0,,UNION VALLEY,RD,,,,UNION VALLEY,MCNEELY,,,,N,,500,S,39.18452938,-86.59278,COUNTY ROAD,,N,N,RURAL,N,N,N,,DAYLIGHT,CLEAR,DRY,,NO JUNCTION INVOLVED,STRAIGHT/GRADE,ASPHALT,FAILURE TO YIELD RIGHT OF WAY,UNDER $1001,REAR END,1137,1146,Y,N,MCNEELYSTUNIONVALLEYRD,0,NO PASSING ZONE,"Union Valley Road is a two lane county road that runs in a north / south direction. The area of the collision occurred just to the north of a hillcrest. V2, silver Toyota Sienna, was traveling north on Union Valley Road south of McNeely Street. V1, tan Chevrolet Tahoe, was traveling north on Union Valley Road behind V2. V2 stopped in the roadway. V1 was unable to stop behind V2 and truck the rear of V2 with the front of V1. D1, Fultz, stated she was traveling north on Union Valley Road behind V2. D1 stated D2 stopped suddenly due to a squirrel that was in the roadway. D1 stated she was unable to stop in time to avoid impact with V2. D1 stated she struck the rear of V2 with the front of V1. D2, Polley, stated he was traveling north on Union Valley Road. D2 stated he stopped in the roadway to avoid a squirrel. D2 stated V1 struck the rear of V2.Evidence shows minimal visible damage to the front of V1. Evidence shows minimal damage to the rear bumper cover of V2."
903366132,BLOOMINGTON PD,B1918405,MONROE,BLOOMINGTON,BLOOMINGTON,5/6/2019,1:08 PM,2,0,2,0,0,,3RD,ST,,,,WEST 3RD,LANDMARK,,,,Y,,,,39.16443,-86.55631,LOCAL/CITY ROAD,Y,N,N,URBAN,N,N,N,,DAYLIGHT,CLEAR,DRY,,FOUR-WAY INTERSECTION,STRAIGHT/LEVEL,ASPHALT,FAILURE TO YIELD RIGHT OF WAY,$5001 TO $10000,RIGHT ANGLE,109,115,Y,Y,SOUTHLANDMARKAVEWEST3RDST,0,TRAFFIC CONTROL SIGNAL,"D2 stated they were traveling westbound on West Third Street when V1 tried to enter the lane of traffic making a left hand turn and in doing so V1 collided with V2.D1 stated that he was trying to enter the traffic lane and one lane of traffic stopped to let him enter the traffic lane but as he entered into the traffic lane, V1 collided with V2.Photos were taken and logged into evidence.Both passengers in V2 were transported to the hospital by ambulance and treated for injuries. No injury to D1.V1 suffered minor front end damage and V2 suffered disabling damage to the front passenger side."
903366945,BLOOMINGTON PD,B1918617,MONROE,BLOOMINGTON,BLOOMINGTON,5/7/2019,4:40 PM,2,0,0,0,0,,N DUNN,ST,,,,N DUNN,45 46,,,,Y,,,,39.186352,-86.528496,LOCAL/CITY ROAD,,N,Y,URBAN,N,N,N,,DAYLIGHT,CLEAR,DRY,,FOUR-WAY INTERSECTION,STRAIGHT/LEVEL,ASPHALT,IMPROPER LANE USAGE,$1001 TO $2500,RIGHT ANGLE,451,509,N,N,4546HWYNDUNNST,0,NONE,"D2 was driving north on Dunn St at the intersection with SR 45/46. D2 performed a legal U turn to avoid heavy traffic at the intersection. As D2 was driving south on Dunn a white pickup truck also attempted to perform a U turn and the pickup truck's front passenger side collided with the rear driver's side of V2, causing minor damage to V2 and unknown damage to V1. D2 then slowed to the shoulder of the road and V1 drove past and continued without attempting to exchange driver information. D2 then attempted to follow V1 south on Dunn St but was unable to maintain sight of V1. D2 then called 911 to report the incident."
903367059,MONROE SD,M19A15030,MONROE,PERRY,BLOOMINGTON,5/7/2019,11:24 PM,1,0,0,0,0,,,,SR46W,,,SR46W,FRIENDSHIP,,,,Y,,276,W,39.15395,-86.40679615,STATE ROAD,,N,N,RURAL,N,N,N,,DARK (NOT LIGHTED),CLEAR,DRY,,NO JUNCTION INVOLVED,STRAIGHT/GRADE,ASPHALT,RAN OFF ROAD RIGHT,$2501 TO $5000,RAN OFF ROAD,1129,1138,Y,N,FRIENDSHIPRDSR46W,0,NONE,V1 WAS TRAVELING EAST ON STATE ROAD 46 JUST EAST OF FRIENDSHIP ROAD WHEN D1 STATED HIS RIGHT TIRE LEFT THE ROADWAY.V1 WENT INTO A DITCH ON THE WEST SIDE OF THE ROAD WHERE IT COLLIDED WITH A TREE.
903366461,BLOOMINGTON PD,B1918546,MONROE,PERRY,BLOOMINGTON,5/7/2019,8:29 AM,2,0,0,0,0,,COUNTRY CLUB,DR,,,,COUNTRY CLUB,ROGERS,,,,Y,,,,39.13608,-86.538096,LOCAL/CITY ROAD,Y,N,N,URBAN,N,N,N,,DAYLIGHT,CLEAR,DRY,,FOUR-WAY INTERSECTION,STRAIGHT/GRADE,ASPHALT,DRIVER DISTRACTED - EXPLAIN IN NARRATIVE,$1001 TO $2500,REAR END,830,840,Y,N,COUNTRYCLUBDRROGERSST,0,TRAFFIC CONTROL SIGNAL,"BOTH VEHICLES WERE EAST BOUND ON COUNTRY CLUB DRIVE, AT THE INTERSECTION WITH ROGERS ST.D1 SAID HE WAS DISTRACTED BY HIS PET CAT, ALSO IN THE CAR WITH HIM, LOOKED DOWN, THEN ROLLED FORWARD INTO V2, CAUSING DAMAGE.D2 SAID SHE WAS STOPPED AT THE TRAFFIC LIGHT, AND WAS REAR ENDED BY V1.NO REPORTED INJURIES."
903366767,BLOOMINGTON PD,B1918602,MONROE,BLOOMINGTON,BLOOMINGTON,5/7/2019,3:45 PM,2,0,0,0,0,,S WALNUT,ST,,,,S WALNUT,W 3RD,,,,Y,,,,39.16464,-86.5336,LOCAL/CITY ROAD,Y,N,N,URBAN,N,N,N,,DAYLIGHT,CLEAR,DRY,,FOUR-WAY INTERSECTION,STRAIGHT/GRADE,ASPHALT,FOLLOWING TOO CLOSELY,UNDER $1001,REAR END,347,350,Y,N,SWALNUTSTW3RDST,0,TRAFFIC CONTROL SIGNAL,"D1 stated that he was exiting the terminal of the Bloomington Transit Center and pulled on to S Walnut St and entered into the left turn lane near the intersection with W 3rd St. D1 stated that he moved forward in order to give room to other vehicles behind him, at which point V1 struck the rear of V2. D2 stated they were stopped at the stoplight at S Walnut St and W 3rd St in the left turn lane, behind a line of cars, when she felt her vehicle get struck from behind.Supplement: opened to find different accident. All information is accurate"
903366724,INDIANA UNIV BLOOMINGTON PD,191130,MONROE,BLOOMINGTON,BLOOMINGTON,5/7/2019,1:27 PM,1,0,0,0,0,,N INDIANA,AVE,,,,N INDIANA,E 13TH,,,,Y,,,,39.175504,-86.527104,LOCAL/CITY ROAD,Y,N,N,URBAN,N,N,N,,DAYLIGHT,CLEAR,DRY,,RAILROAD CROSSINGS,STRAIGHT/LEVEL,ASPHALT,DISREGARD SIGNAL/REG SIGN,UNDER $1001,OTHER - EXPLAIN IN NARRATIVE,131,134,Y,N,E13THSTNINDIANAAVE,0,TRAFFIC CONTROL SIGNAL,"On 5/7/2019 at 1334hrs, I investigated a crash involving a delivery box truck that struck a railroad overpass structure at 13th Street and N Indiana Ave. The box truck was too tall to clear the overpass safely.D1, Ricky G Trueblood, stated he was southbound on Indiana Ave approaching the intersection of 13th Street when he noticed the railroad overpass. D1 stated he normally would not have taken that route, however there was road construction that forced him to make a detour. D1 stated he drove slowly and believed V1 would clear the overpass. D1 stated as he was slowly moving southbound, the top of V1's cargo box collided with the railroad overpass structure. There was no obvious damage to the railroad overpass, however Indiana Railroad was contacted and informed of the collision.A sign displaying the bridge height is displayed at the overpass."
903366956,BLOOMINGTON PD,B1918639,MONROE,BLOOMINGTON,BLOOMINGTON,5/7/2019,7:38 PM,3,0,1,0,0,,,,SR46E,,,SR46E,N DUNN,,,,Y,,,,39.186352,-86.528496,STATE ROAD,Y,N,N,URBAN,N,N,N,,DAYLIGHT,CLEAR,DRY,,FOUR-WAY INTERSECTION,STRAIGHT/GRADE,ASPHALT,FAILURE TO YIELD RIGHT OF WAY,$10001 TO $25000,RIGHT ANGLE,738,738,Y,Y,NDUNNSTSR46E,0,TRAFFIC CONTROL SIGNAL,"D1 stated she was driving southbound from N Dunn St and entered into the intersection with E State Rd 45/46. D1 stated she believed she had the green light. D1 stated that as she entered into the intersection, she looked up through her moonroof for a moment in order to check her canoe that was fastened to her roof. D1 stated she was almost completely through the intersection when she was struck on the passengers side by D2. D2 stated he was traveling eastbound on E State Rd 45/46 and was approaching the intersection with N Dunn St in the southmost lane. D2 stated he had a green light when he entered into the intersection. D2 stated that V1 pulled out in front of him in the intersection, at which point V2 struck V1. D3 stated he was traveling northbound on N Dunn St and was approaching the intersection with E State Rd 45/46. D3 stated the light was green as he entered into the right turn lane on N Dunn St, south of the intersection. D3 stated he yielded for a moment to check for traffic coming from the west, at which point he observed V2 run in to V1. D3 stated V2 then struck V3 as V2 slid across the road. W1 stated he was south of the intersection at the time of this accident, on the sidewalk on the east side of N Dunn St. W1 stated that he saw D1 enter into the intersection when D1 had a red light. W1 stated that D2 approached the intersection of E State Rd 45/46 and N Dunn St with a red light, but changed to a green light before D2 entered into the intersection, at which point W1 observed V2 strike V1, and then observed V1 and V2 run in to V3.5/8/19 2115 hours: Supplement Update of D1 statement: D1 called in after reading the initial state report narrative. D1 wanted to make it clear that she believed she had a green light when she entered into the intersection; D1 stated she was stopped at a red light on N Dunn St, north of the intersection, when she looked up for a moment to check her canoe on top of her vehicle. D1 stated that an unknown vehicle behind her honked their horn, at which point D1 entered into the intersection.5/11/19 2104 hours: Supplement Update of accident: After further review of body camera footage, I have now come to the conclusion that D2 should be listed as the at-fault driver, not D1. W1 stated that he observed the stoplight which D1 was traveling through turning from green to red as D1 drove through the intersection. This also correlates with D3's statements. It is my belief that D1 entered into the intersection when the stoplight was green, and was dominating the intersection as the stoplight turned red, meaning D1 had the right of way, and D2 failed to yield the right of way to D1."
903366567,BLOOMINGTON PD,B1918566,MONROE,RICHLAND,BLOOMINGTON,5/7/2019,11:20 PM,2,0,0,0,0,,,,SR45E,,,SR45E,MONROE,,,,Y,,500,E,39.18686,-86.54669827,STATE ROAD,,N,N,URBAN,N,N,Y,LANE CLOSURE,DAYLIGHT,CLEAR,DRY,,NO JUNCTION INVOLVED,STRAIGHT/GRADE,ASPHALT,FOLLOWING TOO CLOSELY,$5001 TO $10000,REAR END,1121,1131,Y,N,NORTHMONROESTSR45E,0,NONE,"D2 STATED THAT SHE WAS TRAVELING EAST ON STATE ROAD 45 46 BYPASS AND THAT SHE WAS IN THE RIGHT LANE, DUE TO SIGNS STATING THAT THE LEFT LAND WOULD BE CLOSED SOON.D2 STATED THAT TRAFFIC WAS CONGESTED AND THE VEHICLES IN FRONTOF HER DID COME TO AN ABRUPT STOP.D2 STATED THAT V2 DID COME TO A COMPLETE STOP IN TRAFFIC.D1 STATED THAT SHE WAS DRIVING EAST ON THE STATE ROAD 45 46 BYPASS, IN THE RIGHT LANE.D1 STATED THAT THE VEHICLES IN FRONT OF HER DID COME TO AN ABRUPT STOP DUE TO TRAFFIC CONGESTION.D1 STATED THAT V1 DID COME TO A STOP, BUT THAT THE FRONT OF V1 DID MAKE CONTACT WITH THE REAR OF V2, RESULTING INI DAMAGE TO BOTH VEHICLES.V1 WAS TOWD BY STRYKER TOWING DUE TO DISABLING DAMAGE.NO ONE WAS INJURED."
903366769,BLOOMINGTON PD,B1918603,MONROE,BLOOMINGTON,BLOOMINGTON,5/7/2019,3:15 PM,1,0,0,0,0,2721,THIRD,ST,,,,E THIRD,,,,,Y,,,,39.16548,-86.49728,UNKNOWN,,N,Y,URBAN,N,N,N,,DAYLIGHT,CLEAR,DRY,,NO JUNCTION INVOLVED,NON-ROADWAY CRASH,ASPHALT,OTHER (DRIVER) - EXPLAIN IN NARRATIVE,UNDER $1001,OTHER - EXPLAIN IN NARRATIVE,350,405,N,Y,ETHIRDST,0,NONE,V1 was parked facing west in the parking lot of 2721 E. 3rd St; Best Buy. V1's owner stated that she and her husband went inside Best Buy for about 20 minutes. When they came back out they noticed their car had been hit. V1 had damage to the front passenger side quarter panel.
903366685,BLOOMINGTON PD,B1918583,MONROE,BLOOMINGTON,BLOOMINGTON,5/7/2019,2:23 PM,2,0,0,0,0,,N MORTON,ST,,,,N MORTON,W 6TH,,,,Y,,50,N,39.167664,-86.536,LOCAL/CITY ROAD,,N,N,URBAN,N,N,Y,WORK ON SHOULDER,DAYLIGHT,CLEAR,DRY,,FOUR-WAY INTERSECTION,STRAIGHT/GRADE,ASPHALT,OTHER (DRIVER) - EXPLAIN IN NARRATIVE,$5001 TO $10000,RIGHT ANGLE,223,224,Y,N,NMORTONSTW6THST,0,NONE,"V1 WAS TRAVELING NB ON N MORTON ST N OF 6TH ST. V2 WAS STOPPED AFTER BACKING FACING WB JUST EAST OF MORTON ST. V1 TRAVELED NB AND THE PASSENGER SIDE OF V1 COLLIDED WITH THE FRONT FORKLIFT OF V2.D1 STATED THAT HE WAS NB ON MORTON N OF 6TH ST. D1 STATED THAT V2 WAS EAST OF MORTON ON A PARKING GARAGE ENTRANCE FACING WB. D1 STATED THAT D2 WAS PARTIALLY BLOCKING THE ROADWAY. D1 STATED THAT D2 WAVED HIM TO GO THROUGH NB AND HE BEGAN PROCEEDING NB. D1 STATED THAT THE PASSENGER SIDE OF V1 COLLIDED WITH THE FRONT FORKS OF V2.D2 STATED THAT HE WAS STOPPED IN A PARKING GARAGE ENTRANCE E OF MORTON FACING WB. D2 STATED THAT HE WAS PARTIALLY IN THE ROADWAY AND SAW V1 APPROACHING NB. D2 STATED THAT HE WAVED D1 TO PROCEED NB BECAUSE HE BELIEVED THAT HE HAD ENOUGH ROOM. AS V1 PROCEEDED NB, THE PASSENGER SIDE OF V1 COLLIDED WITH THE FRONT FORKS OF V2.THE FORKS OF THE FORKLIFT WERE A FEW FEET OFF OF THE GROUND AND V1 HAD DAMAGE TO THE STRUCTURAL PILLARS AND WINDOWS OF THE VEHICLE."
903367413,BLOOMINGTON PD,B1918761,MONROE,BLOOMINGTON,BLOOMINGTON,5/8/2019,3:00 PM,1,0,1,0,0,,3RD,ST,,,,W 3RD,MULLER,,,,Y,,,,39.1645,-86.5627,,,N,Y,URBAN,N,N,N,,DAYLIGHT,CLEAR,DRY,,NO JUNCTION INVOLVED,STRAIGHT/LEVEL,ASPHALT,FAILURE TO YIELD RIGHT OF WAY,UNDER $1001,RIGHT ANGLE,302,306,Y,Y,SMULLERPKWYW3RDST,1,STOP SIGN,"D1/V1 left the scene prior to my arrival. The other party involved, Brooke, stated that she was headed W/B on W 3rd St on her bicycle, on the South sidewalk. Brooke stated that she stopped at the intersection of S Muller Parkway to check for traffic. Brooke stated that V1 also stopped at the intersection on S Muller Parkway. Brooke stated that she then proceeded across the intersection, at which point she was struck on her left side by V1, who then fled the scene. The investigation into the leaving the scene of the accident is ongoing.************************************SUPPLEMENT*******************************************************Later on 05/08/19 D1 did come into the police department and identify as D1. D1 stated that she was headed N/E on S Muller Dr., approaching W 3rd St. D1 stated that she stopped at the intersection to check for traffic, and then proceeded into the lane of traffic. D1 stated that as she entered the lane she saw the other party at the last moment entering the intersection from the East. D1 stated that she then struck the cyclist with the right front of her vehicle."
903368346,MONROE SD,M19A15124,MONROE,PERRY,BLOOMINGTON,5/8/2019,7:25 PM,2,0,0,0,0,4025,S OLD STATE ROAD 37,RD,,,,S OLD STATE ROAD 37,,,,,N,,,,39.137088,-86.53056,UNKNOWN,,N,N,RURAL,N,N,N,,DAYLIGHT,CLEAR,DRY,,NO JUNCTION INVOLVED,STRAIGHT/LEVEL,ASPHALT,UNSAFE BACKING,$2501 TO $5000,BACKING CRASH,728,739,Y,N,SOLDSTATEROAD37RD,0,NONE,Both vehicles were in the drive through line at Kroger Pharmacy on the south side of building. V1 began backing up while in line for an unknown reason and ran into the front of V2. V2 was still stopped in the drive thru line behind V1.
903367251,BLOOMINGTON PD,B1918731,MONROE,BLOOMINGTON,BLOOMINGTON,5/8/2019,11:25 AM,2,0,0,0,0,,,,SR46W,,,SR46W,N KINSER,,,,Y,,,,39.186544,-86.537888,STATE ROAD,Y,N,Y,URBAN,N,N,Y,WORK ON SHOULDER,DAYLIGHT,CLEAR,DRY,,FOUR-WAY INTERSECTION,STRAIGHT/LEVEL,ASPHALT,UNSAFE LANE MOVEMENT,UNDER $1001,SAME DIRECTION SIDESWIPE,1134,1144,Y,Y,NKINSERPIKESR46W,0,TRAFFIC CONTROL SIGNAL,V1 AND V2 WERE BOTH TRAVELING WESTBOUND ON W STATE ROAD 45/46 BYPASS AND WERE AT THE INTERSECTION WITH N KINSER PIKE. V2 WAS TRAVELING IN THE LEFT HAND WHEN V1 ATTEMPTED TO ENTER HER LANE OF TRAVEL FROM THE LEFT HAND TURN LANE IN AN ATTEMPT TO MERGE AND STRUCK BOTH THE DRIVERS SIDE REAR PASSENGER AND DRIVERS SIDE DOOR OF V2 BEFORE IT CONTINUED TO TRAVEL WESTBOUND ON THE BYPASS WITHOUT STOPPING TO PROVIDE DRIVER INFORMATION NOR VEHICLE INSURANCE INFORMATION. D1 INFORMATION IS UNKNOWN. V1 PLATE INFORMATION PROVIDED BY THE COMPLAINANT HAS BEEN ENTERED WITH THIS REPORT. IT SHOULD BE NOTED D2 STATED SHE WAS ONLY 85% ON THE ACCURACY OF THE PLATE INFORMATION SHE PROVIDED TO BOTH OFFICER AND DISPATCH WHICH DID RETURN TO THE VEHICLE DESCRIBED AS THE SUSPECT VEHICLE. D2 STATED AS SHE WAS TRAVELING WESTBOUND IN THE LEFT LANE AND AS SHE ENTERED THE INTERSECTION HER VEHICLE WAS STRUCK BY V1 AS IT ATTEMPTED TO ENTER HER LANE OF TRAVEL FROM THE LEFT HAND TURN LANE. V1 DAMAGE IS UNKNOWNV2 SUSTAINED MINORE DAMAGE TO BOTH THE DRIVERS SIDE REAR PASSENGER DOOR AND DRIVERS SIDE DOOR.
903367264,INDIANA UNIV BLOOMINGTON PD,191139,MONROE,BLOOMINGTON,BLOOMINGTON,5/8/2019,12:47 PM,2,0,0,0,0,,17TH,ST,,,,EAST 17TH,FEE,,,,Y,,,,39.178928,-86.518992,LOCAL/CITY ROAD,Y,N,N,URBAN,N,N,N,,DAYLIGHT,CLEAR,DRY,,FOUR-WAY INTERSECTION,STRAIGHT/GRADE,ASPHALT,UNSAFE BACKING,$5001 TO $10000,BACKING CRASH,1249,1255,Y,N,EAST17THSTFEELN,0,TRAFFIC CONTROL SIGNAL,"No other officers assisted with the accident investigation.V1 was stopped in the straight/right turn lane on Fee Lane at the 17th Street intersection and was in front of V2.V2 was stopped behind V1.D1 stated that he was unfamiliar with the area as he is not from Bloomington. At the stoplight, D1 stated that he was in the wrong lane and actually wanted to be in the 'left only' turn lane that was to his left. He stated he glanced in his rearview mirror and did not see anyone behind him. He then put his vehicle in reverse and struck V2 which was directly behind him.D2 stated he was stopped behind V1 and saw V1 activate its reverse lights and proceed backwards. D2 stated he honked his horn to prevent V1 from backing into him but by then it was too late. V1 backed into V2.There are no injuries and both parties were able to drive their vehicles from the scene.****D2 has a seemingly valid drivers license from the Bahamas. His drivers number is 415492142. I was unable to appropriately input his drivers information into ARIES therefore the driver screen had to be left blank."
903367513,ELLETTSVILLE PD,E1902591,MONROE,RICHLAND,ELLETTSVILLE,5/8/2019,5:37 PM,2,0,0,0,0,4600,RICHLAND PLAZA,DR,,,,WEST RICHLAND PLAZA,,,,,Y,,,,39.21656924,-86.59512314,UNKNOWN,,N,Y,,N,N,N,,DAYLIGHT,CLEAR,DRY,,NO JUNCTION INVOLVED,STRAIGHT/LEVEL,ASPHALT,UNSAFE BACKING,$2501 TO $5000,BACKING CRASH,540,545,N,Y,WESTRICHLANDPLAZADR,0,NONE,V2 WAS PARKED AT THE IGA PARKING LOT (4600 W RICHLAND PLAZA DRIVE). THE VEHICLE THAT WAS PARKED NEXT TO V2 ATTEMPTED TO BACK OUT OF IT'S PARKING SPACE AND IN DOING SO TURNED TO SHARP AND HIT V2. V1 THEN FLED THE SCENE BEFORE LEAVING ANY CONTACT INFO. V1 IS DESCRIBED AS A BLACK MAZDA SUV. AT THIS TIME THERE IS NO SUSPECT INFO BESIDES BLACK SUV.
903367434,BLOOMINGTON PD,B1918753,MONROE,BLOOMINGTON,BLOOMINGTON,5/8/2019,2:06 PM,2,0,0,0,0,,W 3RD,ST,,,,W 3RD,S DUNN,,,,Y,,,,39.164448,-86.528096,LOCAL/CITY ROAD,Y,N,N,URBAN,N,N,N,,DAYLIGHT,CLEAR,DRY,,FOUR-WAY INTERSECTION,STRAIGHT/LEVEL,ASPHALT,DISREGARD SIGNAL/REG SIGN,$2501 TO $5000,RIGHT ANGLE,206,213,Y,N,SDUNNSTW3RDST,0,TRAFFIC CONTROL SIGNAL,"V1 was traveling west on E 3rd Street towards the intersection with S Dunn Street. V1 then entered the intersection and the front passenger side collided with the front driver side of V2 causing both vehicles to be inoperable.V2 was traveling South on Dunn street towards the intersection with E 3rd Street. V2 then entered the intersection and the front driver side collided with the front passenger side of V1 causing both vehicles to be inoperable.D1 stated that as she was driving into the intersection she was not paying attention and did not remember what color the light was as she entered the intersection. D1 said that she thinks that the light was red and she had ""spaced"". D1 said she did not attempt to stop because it happened so fast.D2 stated that he was driving south and did observe the traffic signal was green for Dunn Street traffic. D2 entered into the intersection and did not attempt to stop because he did not notice V1 entering the intersection.Both vehicles were towed from the scene."