Master Record Number,Agency,Local Code,County,Township,City,Collision Date,Collision Time,Vehicles Involved,Trailers Involved,Number Injured,Number Dead,Number Deer,House Number,Roadway Name,Roadway Suffix,Roadway Number,Roadway Interchange,Roadway Ramp,Roadway Id,Intersecting Road,Intersecting Road Number,Mile Marker,Interchange,Corporate Limits?,Property Type,Feet From,Direction,Latitude,Longitude,Roadway Class,Traffic Control Devices?,Aggressive Driving?,Hit and Run?,Locality,School Zone?,Rumble Strips?,Construction?,Construction Type,Light Condition,Weather Conditions,Surface Condition,Type of Median,Roadway Junction Type,Road Character,Roadway Surface,Primary Factor,Damage Estimate,Manner of Collision,Time Notified,Time Arrived,Investigation Complete?,Photos Taken?,Unique Location Id,State Property Damage?,Traffic Control,NARRATIVE
903367414,BLOOMINGTON PD,B1918747,MONROE,PERRY,BLOOMINGTON,5/8/2019,1:47 PM,2,0,0,0,0,1175,COLLEGE MALL,RD,,,,SOUTH COLLEGE MALL,,,,,Y,,,,39.153705,-86.495218,LOCAL/CITY ROAD,,N,Y,URBAN,N,N,N,,DAYLIGHT,CLEAR,DRY,,NO JUNCTION INVOLVED,STRAIGHT/LEVEL,ASPHALT,UNSAFE BACKING,$2501 TO $5000,BACKING CRASH,153,206,N,Y,SOUTHCOLLEGEMALLRD,0,NONE,"D2 STATED THAT SHE WAS STOPPED, FACING WEST, ATTEMPTING TO TURN SOUTH TO EXIT THE KROGER PARKING LOT.D2 STATED THAT V1, WHICH SHE DESCRIBED AS A NEWER MODEL DODGE RAM PICKUP, DID BEGIN TO BACK UP OUT OF ITS PARKING SPOT, WHICH WAS JUST SOUTH OF WHERE V2 WAS STOPPED.D2 STATED THAT THE REAR DRIVER'S CORNER OF V1 DID MAKE CONTACT WITH THE FRONT DRIVER'S SIDE DOOR OF V2, RESULTING IN DAMAGE TO THE DOOR OF V2.D1 STATED THAT THE DRIVER OF V1 DID GET OUT OF V1, LOOKED AT THE CARS AND SAID THERE WAS NO DAMAGE.D2 STATED THAT SHE DID TELL D1 THAT SHE WAS GOING TO CALL POLICE TO REPORT THE ACCIDETN.D2 STATED THAT D1 DID THEN RETURN TO HER VEHICLE AND DID LEAVE THE AREA.D2 DESCRIBED D1 AS BEING AN OLDER WHITE FEMALE.V1 WAS NOT LOCATED. PHOTOGRAPHS OF THE DAMAGE TO V2 WILL BE ATTACHED TO THE CASE."
903367580,BLOOMINGTON PD,B1918798,MONROE,PERRY,BLOOMINGTON,5/8/2019,9:00 AM,2,0,0,0,0,2966,E 3RD,ST,,,,E 3RD,,,,,Y,,,,39.16424,-86.49425989,LOCAL/CITY ROAD,,N,Y,URBAN,N,N,N,,DAYLIGHT,CLEAR,DRY,,NO JUNCTION INVOLVED,STRAIGHT/LEVEL,ASPHALT,UNSAFE BACKING,$1001 TO $2500,BACKING CRASH,743,802,N,Y,E3RDST,0,NONE,"THE OWNER OF V2 STATED THAT HE HAD PARKED V2 IN THE TARGET PARKING LOT AT APPROXIMATELY 9:00 AM.THE OWNER OF V2 STATED THAT HE RETURNED TO V2 AT 1945 HOURS AND FOUND V2 HAD BEEN STRUCK ON THE REAR DRIVER'S SIDE CORNER.THE OWNER OF V2 STATED THAT A NOTE WAS LEFT ON THE FRONT OF V2 WHICH STATED THAT THE LICENSE PLATE NUMBER OF THE VEHICLE THAT BACKED INTO HIS VEHICLE IS 511WE.THE OWNER OF V2 IS THE MANAGER OF TARGET AND HE MENTIONED THAT HE WOULD ATTEMPT TO GET VIDEO FOOTAGE OF THE INCIDENT FROM LOSS PREVENTION.ON MAY 16, 2019 I DID VIEW FOOTAGE OF THE INCIDENT AND I DID MAKE CONTACT WITH D1.D1 STATED THAT SHE WAS ATTEMPTING TO TURN, SOUTH EAST, INTO A PARKING SPOT IN THE TARGET PARKING LOT.D1 STATED THAT SHE WAS TURNING LEFT AND THAT THE FRONT PASSENGER CORN OF V1 DID MAKE CONTACT WITH THE REAR DRIVER'S CORNER OF V2.D1 STATED THAT SHE DID NOT REALIZE THAT THERE WAS DAMAGE TO V2.D1 STATED THAT THERE IS NO DAMAGE TO V1.D1 DID PROVIDE THE NECESSARY INFORMATION FOR THE STATE REPORT."
903367297,INDIANA UNIV BLOOMINGTON PD,191140,MONROE,BLOOMINGTON,BLOOMINGTON,5/8/2019,1:54 PM,2,0,0,0,0,,INDIANA,AVE,,,,INDIANA,17TH,,,,Y,,,,39.179024,-86.5272,LOCAL/CITY ROAD,,N,N,URBAN,N,N,N,,DAYLIGHT,CLEAR,DRY,,T-INTERSECTION,STRAIGHT/LEVEL,ASPHALT,FOLLOWING TOO CLOSELY,$1001 TO $2500,REAR END,154,154,Y,N,EAST17THSTINDIANAAVE,0,NONE,"V1 was travelling westbound on E 17th Street at N Indiana Avenue. V2 was stopped in traffic waiting for the vehicle in front to turn southbound on N Indiana Avenue. D1 stated that he had looked away from the road briefly, and when his attention returned to the roadway he saw V2 stopped in front of him, and did not have time to stop completely. D2 stated that she was stopped waiting for the car in front of her to turn southbound when V1 struck the rear of V2.Damage to V1 was damage to the front bumper. It was dented and the radiator was leaking antifreeze.Damage to V2 was a dent to the rear bumper.There were no reported injuries V1 was towed from the scene by Auto Mobile towing."
903368365,MONROE SD,M19A15248,MONROE,INDIAN CREEK,BLOOMINGTON,5/9/2019,4:39 PM,1,0,1,0,0,7025,S HARMONY,RD,,,,S HARMONY,,,,,N,OTHER,,,39.07707343,-86.6284384,LOCAL/CITY ROAD,,N,N,RURAL,N,N,N,,DARK (LIGHTED),CLEAR,DRY,,NO JUNCTION INVOLVED,CURVE/LEVEL,ASPHALT,RAN OFF ROAD RIGHT,$5001 TO $10000,RAN OFF ROAD,445,454,Y,N,SHARMONYRD,0,NONE,"AFTER ARIVING ON SCENE, I OBSERVED UNIT 1 HAD STRUCK A TREE JUST OFF THE ROADWAY. THERE WERE TIRE MARKS LEFT IN THE GRASS TO INDICATE HIS PATH OF TRAVEL. THE DRIVER OF UNIT 1 WAS IN ANOTHER VEHICLE LOCATED AT THE NEIGHBORING DRIVEWAY. AFTER SPEAKING WITH THE DRIVER OF UNIT 1 AND HIS FAMILY, THEY STATED HE HAS BEEN TIRED LATELY FROM WORK, AND LIKELY FELL ASLEEP WHILE DRIVING AND RAN OFF THE ROAD. THE DRIVER HAD COMPLAINTS OF PAIN IN HIS RIGHT LEG AND RIGHT FOOT."
903368363,MONROE SD,M19A15256,MONROE,RICHLAND,BLOOMINGTON,5/9/2019,5:36 PM,2,0,0,0,0,,,,SR46W,,,SR46W,W ARLINGTON,,,,N,,50,E,39.20756967,-86.57364702,STATE ROAD,Y,N,N,RURAL,N,N,N,,DAYLIGHT,CLEAR,DRY,,T-INTERSECTION,STRAIGHT/LEVEL,ASPHALT,FOLLOWING TOO CLOSELY,$2501 TO $5000,REAR END,536,536,Y,N,SR46WWARLINGTONRD,0,TRAFFIC CONTROL SIGNAL,V2 was stopped on W. State Road 46 westbound at the traffic control signal at N. Arlington Rd. D1 stated that he had just hung up the phone with his wife and looked down at his speedometer as he was approaching the stopped traffic on westbound W. State Road 46. V1 then rear ended V2 causing minor damage to both vehicles.
903368321,BLOOMINGTON PD,B1918912,MONROE,PERRY,BLOOMINGTON,5/9/2019,2:53 PM,2,0,0,0,0,,AUTO MALL,RD,,,,SOUTH AUTO MALL,BUICK CADILLAC,,,,Y,,300,S,0,0,LOCAL/CITY ROAD,,N,N,URBAN,N,N,N,,DAYLIGHT,CLEAR,DRY,,T-INTERSECTION,STRAIGHT/LEVEL,ASPHALT,FAILURE TO YIELD RIGHT OF WAY,$10001 TO $25000,LEFT TURN,254,304,Y,Y,EASTBUICKCADILLACBLVDSOUTHAUTOMALLRD,0,NONE,"D1 STATED THAT SHE WAS ATTEMPTING TO TURN LEFT, NORTHEAST, OUT OF THE PARKING LOT OF 822 SOUTH AUTO MALL ROAD.D1 STATED THAT THERE ARE BUSHES ALONG THE ENTRANCE TO THE PARKING LOT WHICH MAKE IT DIFFICULT TO SEE CARS DRIVING NORTH AND SOUTH ON AUTO MALL ROAD.D1 STATED THAT SHE DID ATTEMPT TO TURN LEFT AND THE FRONT LEFT CORNER OF V1 DID MAKE CONTACT WITH THE PASSENGER SIDE OF V2, RESULTING IN DAMAGE TO BOTH VEHICLES.D2 STATED THAT SHE WAS DRIVING SOUTH ON AUTO MALL ROAD.D2 STATED THAT SHE WAS PASSING THE ENTRANCE TO 822 SOUTH AUTO MALL ROAD.D2 STATED THAT SHE COULD NOT SEE V1 AS SHE WAS DRIVING SOUTH.D2 THEN STATED THAT V1 ATTEMPTED TO TURN LEFT, NORTHEAST, AND THE FRONT DRIVER'S SIDE CORNER DID MAKE CONTACT WITH THE PASSENGER SIDE OF V2, RESULTING IN DAMAGE TO BOTH VEHICLES.NEITHER VEHICLE WAS TOWED AND NO ONE WAS INJURED."
903368135,INDIANA UNIV BLOOMINGTON PD,191150,MONROE,BLOOMINGTON,BLOOMINGTON,5/9/2019,1:00 PM,2,0,0,0,0,,17TH,ST,,,,EAST 17TH,JORDAN,,,,Y,,200,W,39.178848,-86.51179377,LOCAL/CITY ROAD,,N,N,URBAN,N,N,N,,DAYLIGHT,RAIN,WET,,NO JUNCTION INVOLVED,STRAIGHT/GRADE,ASPHALT,FOLLOWING TOO CLOSELY,$2501 TO $5000,REAR END,100,101,Y,N,EAST17THSTNJORDANAVE,0,NONE,"On 05/09/2019 I was dispatched to a two-vehicle collision on 17th Street just west of St. Paul's Catholic Church. V1 and V2 were driving east on 17th Street just prior to the collision. V2 was in front of V1 just prior to the collision.I spoke with D1, who advised me that he was headed eastbound on 17th Street just west of St. Paul's Catholic Church. He stated that V2 was directly in front of him. He stated that V2 slowed down and he could not slow down enough in time to avoid a collision. He stated that the front of his vehicle struck the rear of V2. He stated that he did not see brake lights from V2.I spoke with D2, who advised me that he noticed a pick up truck attempting to back up on to 17th Street. He stated that he slowed down because he noticed this. He stated that as V1 and V2 were heading eastbound, the front of V1 struck the rear of his vehicle.All parties stated that they were not injured due to the collision.I checked and noticed that V2 had one functioning brake light and it was on the rear driver's side of the bumper."
903368462,BLOOMINGTON PD,B19-18906,MONROE,BLOOMINGTON,BLOOMINGTON,5/9/2019,2:24 PM,2,0,0,0,0,,JORDAN,AVE,,,,S JORDAN,2ND,,,,Y,,,,0,0,LOCAL/CITY ROAD,,N,N,URBAN,N,N,N,,DAYLIGHT,CLOUDY,DRY,,FOUR-WAY INTERSECTION,STRAIGHT/GRADE,ASPHALT,FAILURE TO YIELD RIGHT OF WAY,$2501 TO $5000,RIGHT ANGLE,226,237,Y,N,E2NDSTSJORDANAVE,0,STOP SIGN,Driver 1 stated she was drive west on E 2nd Street when she stopped at the stop sign at S Jordan Ave. Driver 1 stated she began to proceed through the intersection when vehicle 2 came out of no where and she hit vehicle 2 in the front passenger corner. Driver 1 stated she was on the phone at the time of the accident.Driver 2 stated he was driving north on S Jordan Ave when he stopped for the stop sign at E 2nd Street. Driver 2 stated he proceed to drive through the intersection when vehicle 1 ran the stop sign and hit his vehicle in the front passenger corner with the front passenger corner of her vehicle.
903367985,BLOOMINGTON PD,B1918888,MONROE,BLOOMINGTON,BLOOMINGTON,5/9/2019,11:46 AM,3,0,0,0,0,,3RD,ST,,,,W 3RD,LANDMARK,,,,Y,,200,W,39.16443,-86.55629269,LOCAL/CITY ROAD,Y,N,N,URBAN,N,N,N,,DAYLIGHT,RAIN,WET,,NO JUNCTION INVOLVED,STRAIGHT/LEVEL,ASPHALT,FOLLOWING TOO CLOSELY,$2501 TO $5000,REAR END,1146,1149,Y,N,SLANDMARKAVEW3RDST,0,TRAFFIC CONTROL SIGNAL,D1 STATED THAT HE WAS TRAVELING EAST BOUN ON WEST 3RD ST WHEN DO TO THE RAIN AND FAILURE TO MAINTAIN STOPPING DISTANCE REARENDED V2 WHICH CAUSED V2 TO REARENDED V1. D2 STATED THAT HE WAS STOPPED IN TRAFFIC EASTBOUND N WEST 3RD ST WHEN V1 REARENDED HIS CAR CAUSING HIM TO STRIKE V3. D3 STATED THAT SHE WAS STOPPED IN TRAFFIC EASTBOUND ON WEST 3RD ST WHEN V2 REARENDED HER CAR.
903368265,INDIANA UNIV BLOOMINGTON PD,191152,MONROE,BLOOMINGTON,BLOOMINGTON,5/9/2019,4:54 PM,1,0,0,0,0,101,JORDAN,AVE,,,,NORTH JORDAN,,,,,Y,,,,39.16705217,-86.51793483,UNKNOWN,,N,N,URBAN,N,N,N,,DAYLIGHT,CLOUDY,DRY,,NO JUNCTION INVOLVED,CURVE/LEVEL,ASPHALT,OTHER (DRIVER) - EXPLAIN IN NARRATIVE,UNDER $1001,OTHER - EXPLAIN IN NARRATIVE,454,458,Y,N,NORTHJORDANAVE,0,NONE,V1 was driving south on the Musical Arts Center drive.D1 stated she was driving south under the awning of the Musical Arts Center located at 101 N. Jordan Avenue in V1. She stated that the top of the box truck she was driving collided with 17 light bulbs attached to the concrete awning and the light bulbs busted.There was damage to 17 light bulbs at the Musical Arts Center owned by Indiana University. There was no damage to V1 and there were no injuries.
903368512,MONROE SD,M19A15203,MONROE,VAN BUREN,BLOOMINGTON,5/9/2019,9:15 AM,2,0,0,0,0,3585,,,SR45,,,W STATE ROAD 45,,,,,N,,,,39.125312,-86.610496,UNKNOWN,,N,N,URBAN,N,N,N,,DAYLIGHT,CLOUDY,DRY,,NO JUNCTION INVOLVED,STRAIGHT/LEVEL,ASPHALT,OTHER (DRIVER) - EXPLAIN IN NARRATIVE,$1001 TO $2500,REAR END,919,930,N,N,WSTATEROAD45RD,0,NONE,Driver 1 stated he thinks his brakes were not working. D1 stated he also might have applied the gas and brakes simultaneously. D1 rear ended D2.Driver 2 stated she observed D1 quickly approaching her in her rear view mirror. D2 was rear ended by D1. D1 was suspected of operating while intoxicated and an investigation was conducted by Deputy Chitwood at the Monroe County Sheriff's Office.
903368112,ELLETTSVILLE PD,E1902607,MONROE,RICHLAND,ELLETTSVILLE,5/9/2019,12:16 PM,2,0,0,0,0,,,,SR46W,,,SR46W,HARTSTRAIGHT,,,,Y,,,,0,0,STATE ROAD,Y,N,N,URBAN,N,N,N,,DAYLIGHT,RAIN,WET,,NO JUNCTION INVOLVED,STRAIGHT/LEVEL,ASPHALT,UNSAFE LANE MOVEMENT,$5001 TO $10000,SAME DIRECTION SIDESWIPE,1227,1232,Y,Y,HARTSTRAIGHTRDSR46W,0,TRAFFIC CONTROL SIGNAL,V2 was Easttbound on S.R. 46 going through the intersection of Hartstraight Road. V2 was in left hand eastbound lane with right of way. V1 turned off of Hartstraight Road and sideswiped V2. Insurance Info for V1 may be memer number and not policy number. Scott McDonald is the Farm Bureau Agent in Bloomington. NO DIAGRAM. BOTH VEHICLES MOVED INTO PARKING LOT AT DISH NETWORK PRIOR TO MY ARRIVAL.
903372525,BLOOMINGTON PD,B1920001,MONROE,BLOOMINGTON,BLOOMINGTON,5/9/2019,10:00 PM,1,0,0,0,0,,N WALNUT,ST,,,,N WALNUT,10TH,,,,Y,,30,S,39.171744,-86.53352,LOCAL/CITY ROAD,,N,Y,URBAN,N,N,N,,DARK (LIGHTED),CLEAR,DRY,,NO JUNCTION INVOLVED,STRAIGHT/LEVEL,ASPHALT,OTHER (DRIVER) - EXPLAIN IN NARRATIVE,$1001 TO $2500,OTHER - EXPLAIN IN NARRATIVE,742,742,N,Y,10THSTNWALNUTST,0,NONE,D1 of V1 was parked on N. Walnut St just south of 10th St. D1 of V1 stated that he had parked his car on the east side of N. Walnut St at a metered spot. D1 of V1 stated that when he moved his car the next morning he noticed the damage on the front quarter panel of his vehicle. The damage to V1 is consistent with a side swipe.
903368024,BLOOMINGTON PD,B1918898,MONROE,PERRY,BLOOMINGTON,5/9/2019,1:11 PM,2,0,0,0,0,,WALNUT,ST,,,,WALNUT,RHORER,,,,Y,,200,N,39.12198859,-86.52653233,LOCAL/CITY ROAD,,N,N,URBAN,N,N,N,,DAYLIGHT,RAIN,WET,,NO JUNCTION INVOLVED,STRAIGHT/GRADE,ASPHALT,FAILURE TO YIELD RIGHT OF WAY,$1001 TO $2500,LEFT TURN,113,127,Y,Y,RHORERRDWALNUTST,0,LANE CONTROL,"V2 WAS SOUTH BOUND ON WALNUT ST, APPROACHING RHORER ROAD.V1 WAS TRYING TO TURN LEFT (NORTH) FROM A SIDE LOT, ONTO WALNUT ST. D1 SAID THAT ANOTHER DRIVER, STOPPED IN TRAFFIC, WAVED HIM OUT. HE STARTED TO MAKE THE LEFT TURN, AND DID NOT SEE V2 IN THE STRAIGHT LANE.D2 SAID THAT V1 TURNED LEFT INTO HIM, STRIKING V2, CAUSING DAMAGE TO BOTH VEHICLES.NO INJURIES REPORTED."
903367712,BLOOMINGTON PD,B1918868,MONROE,PERRY,BLOOMINGTON,5/9/2019,8:16 AM,2,0,1,0,0,,ROGERS,ST,,,,ROGERS,HILLSIDE,,,,Y,,,,39.15064,-86.538592,LOCAL/CITY ROAD,,N,N,URBAN,N,N,N,,DAYLIGHT,CLOUDY,WET,,T-INTERSECTION,STRAIGHT/LEVEL,ASPHALT,ROADWAY SURFACE CONDITION,$1001 TO $2500,REAR END,816,821,Y,Y,HILLSIDEDRROGERSST,0,LANE CONTROL,"BOTH VEHICLES WERE NORTH BOUND ON ROGERS ST, AT HILLSIDE DRIVE.D1 SAID SHE SAW V2 STOPPING IN TRAFFIC, TRIED TO BRAKE, AND SLID FORWARD, REAR ENDING V2.D2 SAID THAT HE WAS STOPPED, AND WAS REAR ENDED BY V1.D2 HAD A COMPLAINT OF PAIN IN HIS BACK AND NECK, AND WAS TAKEN TO IU HEALTH BLOOMINGTON HOSPITAL."
903367989,BLOOMINGTON PD,B1918891,MONROE,PERRY,BLOOMINGTON,5/9/2019,12:05 PM,2,0,0,0,0,,WALNUT,ST,,,,S WALNUT,KIRKWOOD,,,,Y,,,,39.16658,-86.53361,LOCAL/CITY ROAD,Y,N,N,URBAN,N,N,N,,DAYLIGHT,RAIN,WET,,FOUR-WAY INTERSECTION,STRAIGHT/LEVEL,ASPHALT,SPEED TOO FAST FOR WEATHER CONDITIONS,$1001 TO $2500,RIGHT ANGLE,1209,1211,Y,Y,EKIRKWOODAVESWALNUTST,0,TRAFFIC CONTROL SIGNAL,"V1 AND V2 WERE AT THE INTERECTION OF S WALNUT ST AND E KIRKWOOD AVE WHEN V1 STRUCK V2, CAUSING IT TO THEN STRIKE A FIRE HYDRANT ON THE SOUTHEAST CORNER OF THE INTERSECTION. V1/D1 STATED HE WAS NORTHBOUND ON S WALNUT ST WHEN ATTEMPTED TO STOP DUE TO THE RED LIGHT AT THE INTERSECTION, HOWEVER, DUE TO THE SPEED OF HIS VEHICLE AND THE ROADWAY SURFACE CONDITION BEING WET, IT CAUSED HIM TO SLIDE INTO THE INTERSECTION WHERE HIS VEHICLE THEN STRUCK V2 AS IT WAS PROCEEDING EASTBOUND THROUGH THE INTERSECTION. V2/D2 STATED SHE WAS TRAVELING EASTBOUND ON E KIRKWOOD AVE AND HAD ENTERED THE INTERSECTION WITH S WALNUT ST. UPON DOING SO, D2 STATED HER VEHICLE WAS THEN STRUCK ON THE REAR RIGHT PASSENGER SIDE BY V1 WHICH THEN CAUSED IT TO STRIKE THE FIRE HYDRANT ON THE SOUTHEAST CORNER OF THE INTERSECTION. V1 SUSTAINED MINOR DAMAGE TO THE FRONT BUMPER PORTION OF THE VEHICLE. V2 SUSTAINED DAMAGE TO THE REAR RIGHT PASSENGER SIDE 1/4 PANEL AS WELL AS FRONT BUMPER DAMAGE TO THE COLLISION WITH THE FIRE HYDRANT. IT SHOULD BE NOTED, UPON PHYSICAL INSPECTION OF THE FIRE HYDRANT THERE APPEARED TO BE NO VISIBLE DAMAGE CAUSED BY V2. BOTH VEHICLES WERE DRIVEN FROM THE SCENE."
903368517,BLOOMINGTON PD,B1918874,MONROE,BLOOMINGTON,BLOOMINGTON,5/9/2019,9:11 AM,2,0,0,0,0,,PINEHURST,DR,,,,PINEHURST,PINE MEADOW,,,,Y,,150,W,,,LOCAL/CITY ROAD,,N,Y,URBAN,N,N,N,,DAYLIGHT,RAIN,WET,,NO JUNCTION INVOLVED,STRAIGHT/LEVEL,ASPHALT,IMPROPER LANE USAGE,$2501 TO $5000,HEAD ON BETWEEN TWO MOTOR VEHICLES,911,920,Y,N,PINEMEADOWDRPINEHURSTDR,0,NONE,VEHICLE 2 WAS PARKED ON PINEHURST ON THE NORTH SIDE OF THE STREET FACING EAST. VEHICLE 1 WAS WEST BOUND ON PINEHURST. V1 DRIFTED TO THE RIGHT AND STRUCK V2 HEAD ON. V1 THEN FLED THE SCENE.
903367850,BLOOMINGTON PD,B1918877,MONROE,BLOOMINGTON,BLOOMINGTON,5/9/2019,9:55 AM,2,0,1,0,0,,MORTON,ST,,,,S MORTON,1ST,,,,Y,,,,39.15939,-86.5363,LOCAL/CITY ROAD,,N,N,URBAN,N,N,N,,DAYLIGHT,RAIN,WET,,FOUR-WAY INTERSECTION,STRAIGHT/LEVEL,ASPHALT,DISREGARD SIGNAL/REG SIGN,UNDER $1001,RIGHT ANGLE,1000,1005,Y,Y,SMORTONSTW1STST,0,STOP SIGN,"D1 STATED HE WAS TRAVELLING NORTH ON THE B-LINE TRAIL ON A LIME SCOOTER. D1 STATED AS HE APPROACHED THE INTERSECTION OF W 1ST ST. HE INCREASED HIS SPEED. D1 STATED HE DID NOT STOP AT THE STOP SIGN. D1 STATED WHEN HE ENTERED THE INTERSECTION HE WAS STRUCK BY V2. D1 STATED HE HAD SCRAPES AND ABRASIONS TO HIS KNEES AND ELBOWS, BUT NO OTHER INJURIES.D2 STATED SHE WAS TRAVELLING WEST ON W. 1ST ST. D2 STATED SHE NEVER SAW D1 UNTIL D1 DROVE IN FRONT OF HER VEHCILE. D2 STATED V2 MADE CONTACT WITH D1 AND HE FELL FROM THE SCOOTER.W1 STATED D2 WAS TRAVELLING WEST ON W 1ST ST. W1 STATED D1 WAS TRAVELLING NORTH ON THE B-LINE TRAIL. W1 STATED D1 DID NOT STOP AT THE STOP SIGN AND ENTERED INTO THE INTERSECTION WHERE D1 WAS STRUCK BY D2."
903367711,BLOOMINGTON PD,B1918864,MONROE,PERRY,BLOOMINGTON,5/9/2019,7:20 AM,2,0,0,0,0,,COLLEGE,AVE,,,,COLLEGE,1ST,,,,Y,,100,N,39.15971464,-86.53487561,LOCAL/CITY ROAD,,N,N,URBAN,N,N,N,,DAWN/DUSK,CLOUDY,WET,,NO JUNCTION INVOLVED,STRAIGHT/GRADE,ASPHALT,ROADWAY SURFACE CONDITION,$1001 TO $2500,REAR END,722,730,Y,N,1STSTCOLLEGEAVE,0,LANE CONTROL,"BOTH VEHICLES WERE SOUTH BOUND ON COLLEGE AVE, JUST NORTH OF 1ST ST., IN THE LEFT LANE.D2 SAID SHE WAS STOPPED IN TRAFFIC AND WAS REAR ENDED BY V1.D1 SAID HE SAW V2 STOPPING, TRIED TO BRAKE, SLID ON THE WET PAVEMENT INTO V2.NO REPORTED INJURIES."
903368366,MONROE SD,M19A15254,MONROE,VAN BUREN,BLOOMINGTON,5/9/2019,5:20 PM,2,0,0,0,0,1531,S CURRY,PIKE,,,,S CURRY,,,,,N,,,,39.15247863,-86.582704,UNKNOWN,,N,Y,URBAN,N,N,N,,DAYLIGHT,CLOUDY,DRY,,NO JUNCTION INVOLVED,NON-ROADWAY CRASH,ASPHALT,IMPROPER TURNING,$2501 TO $5000,LEFT TURN,520,533,Y,N,SCURRYPIKE,0,NONE,"V1 was traveling north through the parking lot of 1531 S. Curry Pike and made a left turn into a parking space, when D1 improperly turned colliding with the front right of V2. V2 was parked facing east in a proper parking space, when it was struck by V1. D1 left a note on the windshield of V2 indicating that he struck the vehicle."
903369551,BLOOMINGTON PD,B1919188,MONROE,BLOOMINGTON,BLOOMINGTON,5/10/2019,10:52 PM,2,0,0,0,0,,315 W 15TH,ST,,,,315 W 15TH,WOODBURN,,,,Y,,100,W,39.176912,-86.536064,LOCAL/CITY ROAD,,N,Y,URBAN,N,N,N,,DARK (NOT LIGHTED),RAIN,WET,,NO JUNCTION INVOLVED,STRAIGHT/GRADE,ASPHALT,UNSAFE BACKING,$1001 TO $2500,BACKING CRASH,510,516,Y,Y,315W15THSTWOODBURNAVE,0,LANE CONTROL,"V1 was attempting to back up eastbound in the road approaching Woodburn Ave. While backing the rear driver side of V1 hit the back driver side door of V2. D1 left the scene prior to my arrival. V2 was parked and unoccupied. D2 stated that he did not witness the event. D2 did have a home security system that had a camera facing his vehicle. I could witness the accident on D2's phone but I was unable to read a plate number or determine the make of the vehicle. It did look like a small, dark colored SUV. Through my investigation I have determined that V1 used improper backing which caused the rear driver side of V1 to hit the rear driver side door of V2."
903369476,BLOOMINGTON PD,B1919261,MONROE,VAN BUREN,BLOOMINGTON,5/10/2019,6:50 PM,2,0,0,0,0,200,GATES,DR,,,,N GATES,,,,,Y,,,,0,0,UNKNOWN,,N,N,URBAN,N,N,N,,DAYLIGHT,CLEAR,DRY,,NO JUNCTION INVOLVED,STRAIGHT/GRADE,ASPHALT,DRIVER DISTRACTED - EXPLAIN IN NARRATIVE,$1001 TO $2500,REAR END,446,510,Y,Y,NGATESDR,0,NONE,"Brandy Hulett, the lsat person to drive V2, stated V2 was parked in the parking lot outside of Dollar Tree at 200 N Gates Dr from 0800-2000 hours. A witness, who did not leave their information, left a note on V2 that they observed a teal van with Indiana plate WIL901 hit V2's rear passenger's side bumper while it was parked in the lot at 1850 hours and left the scene without leaving any information.The following diagram is an approximation of the event that took place, since there were no cameras in the area to follow up on."
903369080,MONROE SD,M19A15302,MONROE,WASHINGTON,BLOOMINGTON,5/10/2019,4:38 AM,1,0,0,0,1,,,,I69N,,,I69N,SAMPLE,,,,N,,300,N,0,0,INTERSTATE,,N,N,RURAL,N,Y,N,,DARK (LIGHTED),CLEAR,DRY,,NO JUNCTION INVOLVED,STRAIGHT/LEVEL,ASPHALT,ANIMAL/OBJECT IN ROADWAY,$10001 TO $25000,COLLISION WITH DEER,442,452,Y,N,ESAMPLERDI69N,0,NONE,"DRIVER 1 ADVISED SHE WAS TRAVELING NB ON I 69 JUST NORTH OF THE OVERPASS FOR E SAMPLE RD. DRIVER 1 STATED SHE THOUGHT SHE SAW SOMETHING FLY INTO THE ROAD BUT WAS UNSURE WHAT IT WAS AND THAT IT STRUCK THE FRONT DRIVER SIDE OF THE VEHICLE. UPON INSPECTING THE AREA WHERE SHE STATED THE OBJECT HIT I OBSERVED WHAT APPEARED TO BE A LARGE AMOUNT OF DEER HAIR, BLOOD, AND PARTIALLY CHEWED VEGETATIVE MATTER THAT BASED UPON MY EXPERIENCE IS CONSISTENT WITH STRIKING A DEER. I WAS UNABLE TO LOCATE THE DEER IN THE AREA. THE VEHICLE HAD MOVED OFF THE ROAD TO THE SHOULDER PRIOR TO MY ARRIVAL."
903368915,BLOOMINGTON PD,B1919093,MONROE,BLOOMINGTON,BLOOMINGTON,5/10/2019,3:33 PM,2,0,1,0,0,,N KINSER,PIKE,,,,N KINSER,,,,,Y,,,,39.186544,-86.537888,LOCAL/CITY ROAD,Y,N,N,URBAN,N,N,N,,DAYLIGHT,CLOUDY,DRY,,FOUR-WAY INTERSECTION,STRAIGHT/LEVEL,CONCRETE,FOLLOWING TOO CLOSELY,$2501 TO $5000,REAR END,334,339,Y,Y,NKINSERPIKESR46E,0,TRAFFIC CONTROL SIGNAL,D1 stated he was stopped at a red light facing northbound on N Kinser Pike. D1 stated he thought traffic was moving forward and began to accelerate. D1 advised he rear ended V2. D2 stated he was stopped at a red light facing northbound on N Kinser Pike. D2 stated V1 rear ended his vehicle. A passenger in V2 was injured during this accident complaining of pain in her back. She did not get transported by EMS.
903368933,INDIANA UNIV BLOOMINGTON PD,191158,MONROE,BLOOMINGTON,BLOOMINGTON,5/10/2019,6:20 AM,1,0,0,0,0,1873,FEE,LN,,,,FEE,,,,,Y,,,,,,UNKNOWN,,N,N,URBAN,N,N,N,,DARK (NOT LIGHTED),CLOUDY,DRY,,T-INTERSECTION,CURVE/GRADE,ASPHALT,IMPROPER TURNING,$1001 TO $2500,OTHER - EXPLAIN IN NARRATIVE,1225,1230,Y,Y,FEELN,0,NONE,"9305/10/2019 V1 is an Indiana University owned garbage truck. V1 had turned west off of Fee Lane onto unnamed private drive #1 at the Andy Mohr baseball field to empty a dumpster near the field. V1 traveled onto private drive #1 and drove the vehicle in the northwest direction in order to back the vehicle onto private drive #2 in order to reach a dumpster located near the baseball field. Due to the height of where D1 was sitting in the vehicle, D1 did not see a red pole that was just to the left of private drive #1. As V1 was traveling in the northwest direction on private drive #1, the left front portion of the vehicle struck the pole causing damage to the pole and V1. D1 is an IU worker and drives a garbage truck. He stated that he frequents the Andy Mohr field location for a dumpster that is near the baseball field off of private drive #2. He normally reaches the dumpster by turning west onto private drive #1 off of Fee Lane and then makes a left hand turn onto private drive #2 and travels southbound on that drive to reach the dumpster. D1 stated that today when he went to empty the dumpster, a vehicle was sitting next to the dumpster making his usual route of reaching the dumpster difficult. Due to the vehicle being next to the dumpster, D1 stated he would instead travel just past private drive #2 and then back V1 south onto private drive #2 to reach the dumpster. While adjusting the vehicle in order to back onto private drive #2, V1 struck the pole that was sitting just to the left of private drive #1. He stated that he could not see the pole and thought he was clear of the pole while positioning his vehicle to back onto private drive #2 where the dumpster was located.Pictures were taken of the garbage truck (V1) along with photos of the pole that was damaged."
903369833,MONROE SD,M19A15403,MONROE,BENTON,BLOOMINGTON,5/10/2019,8:53 PM,1,0,0,0,0,,SHUFFLE CREEK,RD,,,,SHUFFLE CREEK,SHORE,,,,N,,2571,S,39.24520924,-86.40437596,COUNTY ROAD,,N,N,RURAL,N,N,N,,DARK (NOT LIGHTED),CLEAR,DRY,,NO JUNCTION INVOLVED,STRAIGHT/LEVEL,ASPHALT,RAN OFF ROAD RIGHT,$5001 TO $10000,RAN OFF ROAD,853,918,Y,N,SHUFFLECREEKRDSOUTHSHOREDR,0,NONE,Driver 1 was traveling southbound in the 6600 block of North Shuffle Creek Road. Driver 1 stated he began attempting to reach for his glasses and while doing so he crossed the center line and into the ditch which had several feet of standing water. Driver 1 was able to exit the vehicle and was out upon my arrival. Vehicle 1 was in standing water upon arrival and was towed by Pritchards. Driver 1 declined medical personnel.
903369069,MONROE SD,M19A15383,MONROE,VAN BUREN,BLOOMINGTON,5/10/2019,6:07 PM,2,0,0,0,0,,OCEAN,DR,,,,W OCEAN,DAPHNE,,,,N,,,,0,0,COUNTY ROAD,,N,N,RURAL,N,N,N,,DAYLIGHT,CLEAR,DRY,,T-INTERSECTION,STRAIGHT/LEVEL,ASPHALT,UNSAFE BACKING,$2501 TO $5000,BACKING CRASH,612,627,Y,N,SDAPHNEDRWOCEANDR,0,NONE,V1 was backing down W Ocean Dr after just retrieving mail at his mailbox. V2 was backing out of his driveway at 5415 W Ocean Dr to check his mail at his mailbox. Neither D1 nor D2 saw one another backing and rear ended each other. Neither vehicle sustained disabling damage.