Master Record Number,Agency,Local Code,County,Township,City,Collision Date,Collision Time,Vehicles Involved,Trailers Involved,Number Injured,Number Dead,Number Deer,House Number,Roadway Name,Roadway Suffix,Roadway Number,Roadway Interchange,Roadway Ramp,Roadway Id,Intersecting Road,Intersecting Road Number,Mile Marker,Interchange,Corporate Limits?,Property Type,Feet From,Direction,Latitude,Longitude,Roadway Class,Traffic Control Devices?,Aggressive Driving?,Hit and Run?,Locality,School Zone?,Rumble Strips?,Construction?,Construction Type,Light Condition,Weather Conditions,Surface Condition,Type of Median,Roadway Junction Type,Road Character,Roadway Surface,Primary Factor,Damage Estimate,Manner of Collision,Time Notified,Time Arrived,Investigation Complete?,Photos Taken?,Unique Location Id,State Property Damage?,Traffic Control,NARRATIVE
903369226,BLOOMINGTON PD,B1919213,MONROE,PERRY,BLOOMINGTON,5/11/2019,10:05 AM,2,0,0,0,0,730,E ATWATER,AVE,,,,E ATWATER,,,,,Y,,,,39.1633182,-86.52525453,UNKNOWN,,N,N,URBAN,N,N,N,,DAYLIGHT,CLEAR,DRY,,NO JUNCTION INVOLVED,STRAIGHT/LEVEL,CONCRETE,OTHER (DRIVER) - EXPLAIN IN NARRATIVE,$1001 TO $2500,SAME DIRECTION SIDESWIPE,1010,1015,Y,N,EATWATERAVE,0,NONE,"V1 was in parking lot behind 730 E Atwater street and was preparing to park. V2 was parked in the same lot and was facing NB. V1 struck V2 in the passenger side rear quarter panel with the front driver side bumper of her vehicle. D1 stated that she was going to park and had to maneuver around another parked car. She stated she thought she had room to still get parked. She said as she was trying to turn into the parking space, she hit V2 with the front bumper of her vehicle."
903369459,BLOOMINGTON PD,B1919288,MONROE,BLOOMINGTON,BLOOMINGTON,5/11/2019,8:45 PM,1,0,0,0,0,,SWAIN,AVE,,,,S SWAIN,ATWATER,,,,Y,,,,0,0,LOCAL/CITY ROAD,,N,N,URBAN,N,N,N,,DARK (LIGHTED),RAIN,WET,,FOUR-WAY INTERSECTION,STRAIGHT/LEVEL,ASPHALT,IMPROPER TURNING,$2501 TO $5000,RAN OFF ROAD,857,902,Y,N,EATWATERAVESSWAINAVE,0,NONE,D1 WAS DRIVING EAST ON E ATWATER AVENUE APPROACHING S SWAIN AVENUE. D1 STATED HE WAS DRIVING ABOUT 20 MPH AND IT WAS WET OUT. D1 STATED HE TRIED TO TURN OFF ATWATER ONTO SWAIN AND HIT A WET SPOT AND SLID AND ENDED UP IN CULVERT ON EAST SIDE OF ROAD.D1'S INSURANCE INFORMATION WAS IN THE CAR WHICH WAS ON ITS SIDE AND UNSAFE TO OBTAIN. D1 COULD NOT ACCESS IT VIA A PHONE APPLICATION EITHER. NO DAMAGE TO PUBLIC PROPERTY.NO INJURIES NO PICTURES. END.
903369227,BLOOMINGTON PD,B1919208,MONROE,PERRY,BLOOMINGTON,5/11/2019,9:26 AM,2,0,0,0,0,,S PARK,AVE,,,,S PARK,E MAXWELL,,,,Y,,60,N,39.15792,-86.523696,LOCAL/CITY ROAD,,N,N,URBAN,N,N,N,,DAYLIGHT,CLEAR,DRY,,NO JUNCTION INVOLVED,STRAIGHT/LEVEL,ASPHALT,OTHER (DRIVER) - EXPLAIN IN NARRATIVE,$1001 TO $2500,SAME DIRECTION SIDESWIPE,930,938,Y,N,EMAXWELLSTSPARKAVE,0,NONE,V1 was NB on Park avenue and was preparing to back into his driveway with his moving truck. V2 was parked on the east side of the street facing NB just south of the driveway V1 was going to back into. V1 got too close to V2 and hit V2 in the driver side front quarter panel with the passenger side front tire of his vehicle causing damage to V2. V1 didn't appear to have any damage.D1 stated that he got close to V2 so he could then pull across the roadway so he could back into his driveway. He stated he just got too close and hit V2.
903369564,MONROE SD,M19A15434,MONROE,VAN BUREN,BLOOMINGTON,5/11/2019,12:29 AM,1,0,0,0,0,7281,HOLLAND HILL,LN,,,,HOLLAND HILL,,,,,N,,,,,,LOCAL/CITY ROAD,,N,N,RURAL,N,N,N,,DARK (LIGHTED),CLEAR,DRY,,NO JUNCTION INVOLVED,STRAIGHT/GRADE,ASPHALT,RAN OFF ROAD RIGHT,$5001 TO $10000,RAN OFF ROAD,1234,1240,Y,N,HOLLANDHILLLN,0,NONE,I was dispatched to the area of 7281 Holland Hill Ln in reference to a vehicle that ran off the roadway. I responded to the area and V1 was located at a dead end to Holland Hill Ln in a wooded area. D1 stated he was driving the vehicle when it left the roadway and struck a group of trees at the end of the dead end roadway. D1 also stated he had been drinking. I could detect the odor of an alcoholic beverage emanating from D1's exhaled breath. I did observe V1 wedged between trees in a wooded area with front end damage and damage to both side. Deputy Moxley also responded and conducted an OWI investigation and obtained a PBT result of .15. D1 was not injured in the crash and V1 was towed due to disabling damage.Gave D1 a copy of my contact information to contact me with insurance information. I gave D1 till 2:30 am on 5/12/19 and he did not contact me with insurance information.
903369565,MONROE SD,M19A15467,MONROE,BLOOMINGTON,BLOOMINGTON,5/11/2019,9:08 AM,1,0,1,0,0,,HINKLE,RD,,,,HINKLE,GRAMERCY PARK,,,,N,,,,,,COUNTY ROAD,,N,N,RURAL,N,N,N,,DAYLIGHT,CLEAR,DRY,,NO JUNCTION INVOLVED,CURVE/HILLCREST,ASPHALT,RAN OFF ROAD RIGHT,$10001 TO $25000,RAN OFF ROAD,910,917,Y,Y,GRAMERCYPARKDRHINKLERD,0,NONE,ON 05/11/2019 UNIT 1 WAS TRAVELING SOUTH ON HINKLE ROAD. THE DRIVER OF UNIT 1 IDENTIFIED AS ROBERT BOOZE RAN OFF THE ROADWAY STRICKING A TREE. UPON STRICKING THE TREE UNIT 1 ROLLED UPSIDE DOWN COMING TO A REST ON HINKLE ROAD FACING WEST.
903370810,MONROE SD,M19A15626,MONROE,BLOOMINGTON,BLOOMINGTON,5/12/2019,11:30 PM,1,0,0,0,0,,SAMPLE,RD,,,,WEST SAMPLE,CANYON,,,,N,,150,S,0,0,LOCAL/CITY ROAD,,N,N,RURAL,N,N,N,,DARK (NOT LIGHTED),CLEAR,DRY,,NO JUNCTION INVOLVED,CURVE/LEVEL,ASPHALT,RAN OFF ROAD RIGHT,$2501 TO $5000,RAN OFF ROAD,1130,1137,Y,N,NORTHCANYONCTWESTSAMPLERD,0,NONE,Vehicle 1 was westbound on West Sample Road from Interstate 69 when a deer entered the roadway near the ninety degree turn in the 300 Block of West Sample Road. Driver 1 had mistakenly exited onto Sample Road thinking that it was the Liberty Church Road exit in Morgan County and was not familiar with the sharp curve on this road and was also alarmed by the deer entering the roadway. Driver 1 ultimately continued straight through the curve and into a utility pole. The collision caused the utility pole to become dislodged at its base and it also snapped approximately 6 feet above ground level. No injuries were reported and driver 1 was not impaired on drugs/alcohol.
903369587,BLOOMINGTON PD,B1919332,MONROE,PERRY,BLOOMINGTON,5/12/2019,9:31 AM,2,0,0,0,0,,S WALNUT,ST,,,,S WALNUT,RHORER,,,,Y,,,,39.12144,-86.526496,LOCAL/CITY ROAD,Y,N,N,URBAN,N,N,N,,DAYLIGHT,CLOUDY,DRY,,FOUR-WAY INTERSECTION,STRAIGHT/LEVEL,ASPHALT,OTHER (DRIVER) - EXPLAIN IN NARRATIVE,$1001 TO $2500,REAR END,933,935,Y,N,RHORERRDSWALNUTST,0,TRAFFIC CONTROL SIGNAL,"V1 was SB on Walnut street and was behind V2 in the straight lane, stopped at traffic light at Rhorer road. V1 started to move forward and struck V2 in the rear bumper with the front bumper of her vehicle. D1 stated that she was stopped at a red light and she thought the light turned green so she started to move. V2 was still stopped at a red light and she struck V2 in the rear bumper. She stated she later realized the light she saw turn green was the left turn arrow.D2 stated she was stopped at a red light and V1 hit her from behind."
903370845,MONROE SD,M19A15584,MONROE,BLOOMINGTON,BLOOMINGTON,5/12/2019,1:30 PM,1,0,0,0,0,4498,N OLD SR 37,HWY,,,,N OLD SR 37,,,,,N,PRIVATE,,,39.215344,-86.521392,UNKNOWN,,N,N,RURAL,N,N,N,,DAYLIGHT,CLOUDY,WET,NONE,NO JUNCTION INVOLVED,NON-ROADWAY CRASH,ASPHALT,OTHER (DRIVER) - EXPLAIN IN NARRATIVE,$1001 TO $2500,OTHER - EXPLAIN IN NARRATIVE,133,133,Y,N,NOLDSR37HWY,0,NONE,"V1, AN AMBULANCE, RESPONDED TO A PERSONAL INJURY ACCIDENT ON N OLD SR 37. AFTER ARRIVING ON SCENE D1 BEGAN TO MOVE V1 OFF OF THE ROADWAY AND INTO A DRIVEWAY AT 4498 N OLD SR 37. WHILE TURNING RIGHT INTO THE DRIVEWAY V1 STRUCK A LOW ROCK/CONCRETE WALL THAT SEPERATED THE DRIVEWAY FROM A DITCH. THERE WERE NO OBVIOUS SIGNS OF DAMAGE TO V1; HOWEVER, THE WALL WAS DAMAGED.I WAS ON SCENE ASSISTING WITH THE PERSONAL INJURY ACCIDENT WHEN I WAS INFORMED ABOUT THIS ACCIDENT; THEREFORE, MY DISPATCH AND ARRIVAL TIME ARE THE SAME."
903398474,MONROE SD,M19A15533,MONROE,CLEAR CREEK,BLOOMINGTON,5/12/2019,12:01 AM,1,0,1,0,0,,STRAIN RIDGE,RD,,,,S STRAIN RIDGE,ANNE,,,,N,,100,S,39.03879668,-86.51104,COUNTY ROAD,,N,N,RURAL,N,N,N,,DARK (NOT LIGHTED),RAIN,WET,,NO JUNCTION INVOLVED,CURVE/LEVEL,ASPHALT,RAN OFF ROAD RIGHT,$10001 TO $25000,RAN OFF ROAD,1204,1218,Y,Y,ANNEDRSSTRAINRIDGERD,0,NONE,"Upon arriving on scene I observed that Unit 1 had continued traveling straight through a 90 degree turn in the roadway. Unit 1 ran off the roadway, over corrected went back on the roadway, then ran off the other side of the roadway and collided with several trees. Driver 1 showed signs of intoxication and Deputy Dillon conducted an OWI investigation. Driver 1 had multiple injuries to her face and was transported the the hospital by ambulance."
903369710,ISP BLOOMINGTON 33,2.019E+11,MONROE,BLOOMINGTON,BLOOMINGTON,5/12/2019,12:55 PM,2,0,1,0,0,,OLD STATE ROAD 37,RD,,,,OLD STATE ROAD 37,BETHEL,,,,N,,,,39.215344,-86.521392,LOCAL/CITY ROAD,,N,N,RURAL,N,N,N,,DAYLIGHT,CLEAR,WET,,NO JUNCTION INVOLVED,STRAIGHT/GRADE,ASPHALT,FAILURE TO YIELD RIGHT OF WAY,$5001 TO $10000,RIGHT ANGLE,1258,105,Y,N,BETHELLNOLDSTATEROAD37RD,0,STOP SIGN,"Old State Road 37 is a two lane road that primarily runs north and south. In the area of Bethel Lane Old State Road 37 has one lane northeast and one lane southwest. Bethel lane intersects with Old State Road 37 on the east side of Old SR 37 with a T intersection. There is a stop sign on Bethel Lane and through traffic on Old State Road 37 has the right of way.Vehicle 1 was traveling east on Bethel Ln and came to the intersection at Old State Road 37. Vehicle 1 attempted to make a left turn onto Old State Road 37 to go southwest. Vehcile1 turned into the patch of vehicle 2 that was heading northeast. Vehicle 2 impacted vehicle 1 on the driver's side between the driver's side front and back door. Vehicle 1 was pushed off the west side of the roadway into a ditch where it came to an uncontrolled stop. Vehicle 2 came to a stop in the south bound lanes of Old State Road 37.Driver 1 stated he following his brother who was in front of him. He stated his brother made the left turn onto Old State Road 37. Driver 1 stated he pulled up to the stop sign and came to a stop. He stated he looked both ways and saw that traffic was clear. Driver 1 stated when he started to pull across the northbound lanes of Old State Road 37 he noticed vehicle 2 come over the hill. He stated he attempted to accelerate to get across the road but his tires did not get traction on the wet pavement and just spun. He stated he was then struck by vehicle 2.Driver 2 stated she was traveling northeast on Old SR 37 approaching Bethel Lane. She stated vehicle 2 pulled out in front of her and she was unable to stop before striking vehicle 1. She stated she saw vehicle 1 pull up to the stop sign and it did not appear that he mad a complete stop before pulling out in front of her.Witness 1 stated she was traveling west on Bethel Lane approaching Old State Road 37 behind Vehicle 1. She stated she saw vehicle 1 pull across Old State Road 37 and into the path of vehicle 2. She stated she witnessed the crash but she could not advise if vehicle 1 came to a stop at the stop sign before pulling onto Old State Road 37.Driver 1 was transported to IU Bloomington Hospital with complaint of pain to his neck, chest and abdomen. He was transported via IU Health ambulance 2164.I met with Driver 1 at the hospital. He was alert and talking. He was able to give me a statement of what he thought happened during the crash. Hospital staff stated driver 1's injuries did not seem to be life threatening but still needed to run test to determine the extent of any internal injuries he may have."
903369566,MONROE SD,M19A15534,MONROE,CLEAR CREEK,BLOOMINGTON,5/12/2019,12:11 AM,1,0,0,0,0,,S FAIRFAX,RD,,,,S FAIRFAX,CLEVE BUTCHER,,,,N,,1372,N,39.059984,-86.498432,LOCAL/CITY ROAD,,N,N,RURAL,N,N,N,,DARK (LIGHTED),RAIN,WET,,NO JUNCTION INVOLVED,CURVE/GRADE,ASPHALT,RAN OFF ROAD RIGHT,$5001 TO $10000,OTHER - EXPLAIN IN NARRATIVE,1214,1221,Y,N,CLEVEBUTCHERRDSFAIRFAXRD,0,LANE CONTROL,Spoke to D1 who stated he was traveling south on S Fairfax Rd. D1 stated he ran off the road in the area of 8235 S Fairfax Rd and ran into a ditch. I observed V1 in a deep ditch with both doors pinned shut by the ditch. D1 climbed out of the drivers window to exit climbed. I also observed tire marks north of the 8235 address and into the grass and across the driveway for 8235 and into the ditch. I could detect the odor of an alcoholic beverage emanating form D1's breath. D1 stated he had been drinking Jim Beam at a friends house just prior to driving. Deputy Moxley then conducted an OWI investigation. D1 was not injured in the crash. V1 was towed due to disabling damage and an OWI investigation. Deputy Moxley obtained a PBT result of .155.
903369830,BLOOMINGTON PD,B1919310,MONROE,BLOOMINGTON,BLOOMINGTON,5/12/2019,2:42 AM,1,0,0,0,0,,S CORY,LN,,,,S CORY,W 3RD,,,,Y,,,,39.164544,-86.560096,LOCAL/CITY ROAD,Y,N,N,URBAN,N,N,N,,DARK (LIGHTED),CLEAR,WET,,T-INTERSECTION,STRAIGHT/LEVEL,ASPHALT,RAN OFF ROAD RIGHT,$5001 TO $10000,RAN OFF ROAD,240,249,Y,Y,SCORYLNW3RDST,0,TRAFFIC CONTROL SIGNAL,"V1 ran off the roadway traveling South on S. Cory Ln. V1 struck and drove up onto guide lines for a utility pole.D1 was arrested for Operating While Intoxicated.There was damage to the front bumper, and undercarriage to V1. There was damage to the guide wires for the utility pole.D1 deny any injuries."
903369648,BLOOMINGTON PD,B1919336,MONROE,BLOOMINGTON,BLOOMINGTON,5/12/2019,11:15 AM,1,0,0,0,0,,WALNUT,ST,,,,WALNUT,19TH,,,,Y,OTHER,,,39.181552,-86.5336,LOCAL/CITY ROAD,,N,N,URBAN,N,N,N,,DAYLIGHT,RAIN,WET,,T-INTERSECTION,STRAIGHT/GRADE,ASPHALT,DRIVER ASLEEP OR FATIGUED,$5001 TO $10000,RAN OFF ROAD,1105,1115,Y,Y,19THSTWALNUTST,0,STOP SIGN,"D1 stated she was pulling onto Walnut Street from 19th Street to head North.D1 stated that she pushed the gas to her vehicle and the vehicle would not turn. D1 stated the vehicle went off the road over the curb.D1 stated she tried to stop but the car slid and struck the guard rail that surrounds a retention pond. W1 stated that he was behind V1 and it appeared to him that D1 was passed out or asleep. W1 stated he got out of his vehicle and started walking to V1 to check on D1.W1 stated as he approached the window of V1, D1 pushed the gas and went across Walnut Street, off the road and then hit the guard rail."
903371936,MONROE SD,M19A15605,MONROE,RICHLAND,BLOOMINGTON,5/12/2019,6:29 PM,1,0,0,0,0,,,,SR46W,,,SR46W,W ARLINGTON,,,,N,PRIVATE,100,W,39.20769931,-86.57413882,STATE ROAD,,N,N,RURAL,N,N,N,,DAYLIGHT,CLOUDY,WET,,T-INTERSECTION,CURVE/LEVEL,ASPHALT,UNSAFE SPEED,$5001 TO $10000,RAN OFF ROAD,634,652,Y,N,SR46WWARLINGTONRD,0,NONE,V1 was traveling westbound on W. State Road 46 just west of W. Arlington Rd. D1 stated that he had prom the prior night and had a high school football camp the entire day the next day and believes he possibly fell asleep at the wheel. V1 ran off the north side of the road way and into a fence cause disabling damage to V1.
903369563,BLOOMINGTON PD,B1919321,MONROE,BLOOMINGTON,BLOOMINGTON,5/12/2019,5:35 AM,1,0,0,0,0,,HENDERSON,ST,,,,S HENDERSON,BRENDA,,,,Y,OTHER,,,0,0,LOCAL/CITY ROAD,,N,N,URBAN,Y,N,N,,DARK (NOT LIGHTED),RAIN,WET,,NO JUNCTION INVOLVED,STRAIGHT/LEVEL,ASPHALT,DRIVER ASLEEP OR FATIGUED,$1001 TO $2500,RAN OFF ROAD,538,548,Y,N,SBRENDALNSHENDERSONST,0,LANE CONTROL,"Vehicle 1 was southbound on S. Henderson St approaching Brenda Lane when it went left of center and struck the curbed traffic median. Front end and undercarrriage damage. Subject passed field sobriety tests however blew a .06 on PBT, cited for IC."
903375420,BLOOMINGTON PD,B1920691,MONROE,BLOOMINGTON,BLOOMINGTON,5/13/2019,12:00 PM,2,0,0,0,0,780,BASSWOOD,DR,,,,SOUTH BASSWOOD,,,,,Y,,,,39.1577115,-86.57164217,LOCAL/CITY ROAD,,N,Y,URBAN,N,N,N,,UNKNOWN,,,,NO JUNCTION INVOLVED,STRAIGHT/LEVEL,ASPHALT,IMPROPER TURNING,UNDER $1001,LEFT TURN,314,324,Y,Y,SOUTHBASSWOODDR,0,NONE,"The daughter of the owner V2 reported another vehicle hit V2 while she was on vacation. She reported she left May 13, 2019 at 5:00 AM and when she returned to V2 on May 18, 2019 during the afternoon, another vehicle had hit V2.It appears that V1 tried to pull into the parking space next to V2, and when V1 did that, it collided with V2. It appears that V1 is black in color, due to the paint transfer.Photographs were taken of V2 and logged into evidence."
903370846,MONROE SD,M19A15648,MONROE,RICHLAND,ELLETTSVILLE,5/13/2019,9:53 AM,2,0,0,0,0,,,,SR46W,,,SR46W,CYPRESS,,,,N,,300,E,,,STATE ROAD,,N,N,RURAL,N,N,N,,DAYLIGHT,CLEAR,DRY,,NO JUNCTION INVOLVED,STRAIGHT/LEVEL,ASPHALT,FOLLOWING TOO CLOSELY,$1001 TO $2500,REAR END,956,1011,Y,N,CYPRESSLNSR46W,0,NONE,"ON 05/13/2019 UNIT 1 WAS TRAVELING EAST ON STATE ROAD 46 BEHIND UNIT 2. UNIT 2 WAS ALSO TRAVELING EAST ON STATE ROAD 46. ANOTHER UNKNOWN UNIT IN FRONT OF UNIT 2 QUICKLY CAME TO A STOP TO TURN INTO A LOCAL BUISNESS, CAUSING UNIT 2 TO ABRUPTLY COME TO A STOP. UNIT 1 WAS UNABLE TO STOP BEFORE STRICKING THE REAR OF UNIT 2. UNIT 2 HAS DAMAGE TO THE REAR BUMPER AND UNIT 1 HAS DAMAGE TO THE FRONT BUMPER"
903370161,BLOOMINGTON PD,B1919451,MONROE,BLOOMINGTON,BLOOMINGTON,5/13/2019,10:00 AM,2,0,0,0,0,,S LINCOLN,ST,,,,S LINCOLN,E 3RD,,,,Y,,,,39.16464,-86.531024,LOCAL/CITY ROAD,Y,N,N,URBAN,N,N,N,,DAYLIGHT,CLEAR,DRY,,FOUR-WAY INTERSECTION,STRAIGHT/LEVEL,ASPHALT,DISREGARD SIGNAL/REG SIGN,$5001 TO $10000,OTHER - EXPLAIN IN NARRATIVE,1003,1004,Y,N,E3RDSTSLINCOLNST,0,TRAFFIC CONTROL SIGNAL,D1 STATED HE WAS TRAVELLING WEST ON EAST 3RD ST. D1 STATED HE THOUGHT HE HAD A GREEN LIGHT. D1 STATED D2 PULLED IN FRONT OF HIM. D1 STATED HIS VEHICLE IMPACTED V2 CAUSING DAMAGE TO BOTH VEHICLES.D2 STATED SHE WAS TRAVELLING NORTH ON SOUTH LINCOLN ST. D2 STATED SHE HAD A GREEN LIGHT. D2 STATED D1 RAN A RED LIGHT GOING WEST OF EAST 3RD ST. D2 STATED V1 STRUCK HER CAUSING DAMAGE TO BOTH VEHICLES. W1 STATED HE WAS INSIDE HIS STORE AT THE INTERSECTION OF SOUTH LINCOLN ST. AND EAST 3RD ST. W1 STATED HE HEARD A LOUD CRASH AND WENT OUTSIDE. W1 STATED WHEN HE WENT OUTSIDE THE LIGHT FOR D1 WAS RED. W1 STATED IT WAS 1-2 SECONDS BEFORE HE CAME OUTSIDE AFTER HEARING THE CRASH. W1 STATED D1 WAS STILL INSIDE HIS VEHICLE WHEN HE CAME OUTSIDE.
903387781,MONROE SD,M19A15710,MONROE,BLOOMINGTON,BLOOMINGTON,5/13/2019,10:23 PM,1,0,0,1,0,,,,SR45E,,,SR45E,NORTH RUSSELL,,,,N,,500,S,39.19897945,-86.46794293,STATE ROAD,,N,Y,RURAL,N,Y,N,,DARK (NOT LIGHTED),CLEAR,DRY,,NO JUNCTION INVOLVED,STRAIGHT/GRADE,ASPHALT,OTHER (DRIVER) - EXPLAIN IN NARRATIVE,$1001 TO $2500,OTHER - EXPLAIN IN NARRATIVE,1025,1032,Y,Y,NORTHRUSSELLRDSR45E,1,NONE,"V1 was traveling northeast bound on East State Road 45. A pedestrian was riding his bicycle on the east side of the roadway, traveling northeast bound. V1 struck the rear of the bicyclist. There was a separation of units and the bicyclist came to rest approximately 25 feet north of the location of the crash. The bicycle was propelled into a ditch on the east side of the roadway and came to rest against a culvert, approximately 50 feet from the location of the cash.V1 then fled the scene of the accident after the crash. The bicyclist had incapacitating injuries as a result of the crash and was transported by ambulance to IU Health Bloomington Hospital for treatment. He succumbed to his injuries shortly after. On May 20th, 2019, V1 and D1 were located. V1 was processed by evidence technicians and D1 was questioned by detectives. D1 stated she thought she hit a deer. D1 was charged with leaving the scene of an accident as a Level 5 Felony."
903370324,INDIANA UNIV BLOOMINGTON PD,191170,MONROE,BLOOMINGTON,BLOOMINGTON,5/13/2019,12:00 PM,3,0,0,0,0,,,,SR46,,,SR46,BALFOUR,,,,Y,,,,0,0,STATE ROAD,,N,N,URBAN,N,N,Y,LANE CLOSURE,DAYLIGHT,CLOUDY,DRY,,NO JUNCTION INVOLVED,STRAIGHT/LEVEL,ASPHALT,FOLLOWING TOO CLOSELY,$5001 TO $10000,REAR END,1202,1205,Y,N,EBALFOURSTSR46,0,NONE,"No other officers assisted with the accident investigation.Other (environmental - explain in narrative) - A vehicle, only described as a gray Volkswagen, had swerved into the path of V3 which caused V3 to quickly apply their brakes to avoid collision.V3, V2, and V1 were traveling in a line on westbound SR 46 in the southmost lane. An unidentified vehicle was in the adjacent lane to the right of V3. The northmost lane became closed ahead of the vehicles due to mowing and utility work.D3 stated that the unidentified vehicle was approaching a lane closure and needed to get into the same lane as V3. D3 slowed down and made several attempts to let the vehicle over but the vehicle would not merge. V3 then began to accelerate past the vehicle; however, the vehicle then decided to merge. This caused D3 to brake suddenly to almost a stop. D3 noted that the driver of the vehicle was on their cell phone and did not appear to be paying attention.D2 witnessed the unidentified vehicle merge into the lane of V3 and V3 quickly apply their brakes. D2 was able to stop in time, but barely. After braking, V1 struck the back of V2. This propelled V2 into the back of V3.D1 stated that he also observed the unidentified vehicle merge suddenly into the path of V3. He saw both V3 and V2 stop and he also quickly applied his brakes. He stated that he was traveling approximately 45 mph prior to the collision, but continued to slide into the back of V2.There were no injuries and none of the vehicles needed towed."
903371219,ELLETTSVILLE PD,E1902683,MONROE,RICHLAND,ELLETTSVILLE,5/14/2019,3:15 PM,2,0,0,0,0,,NORTH SYCAMORE,DR,,,,NORTH SYCAMORE,WEST HICKORY,,,,Y,,100,S,39.235744,-86.640032,LOCAL/CITY ROAD,,N,N,URBAN,Y,N,N,,DAYLIGHT,CLEAR,DRY,,NO JUNCTION INVOLVED,STRAIGHT/LEVEL,ASPHALT,LEFT OF CENTER,$2501 TO $5000,OPPOSITE DIRECTION SIDESWIPE,317,321,Y,Y,NORTHSYCAMOREDRWESTHICKORYDR,0,NONE,"V1 WAS TRAVEILING NORTH ON SYCAMORE APPROACKING HICKORY WHEN IT WENT LEFT OF CENTER AND STRUCK V2. D2 STATED THAT D1 WENT LEFT OF CENTER, D2 TRIED TO AVOID THE CRASH BUT D1 KEEP GOING LEFT OF CENTER. STUDENT ON BUS THAT WAS NOT INJURED:OLIVER FARRIS - FATHER - TRISTAN FARRIS - PHONE NUMBER FOR FATHER 517-526-3686VEHICLES WERE MOVED PRIOR TO MY ARRIVAL"
903371183,MONROE SD,M19A15739,MONROE,VAN BUREN,BLOOMINGTON,5/14/2019,9:36 AM,2,0,2,0,0,,S HICKORY,DR,,,,S HICKORY,W BELLE,,,,N,,,,39.16344,-86.58584,LOCAL/CITY ROAD,,Y,N,URBAN,N,N,N,,DAYLIGHT,CLEAR,DRY,,NO JUNCTION INVOLVED,STRAIGHT/LEVEL,ASPHALT,DISREGARD SIGNAL/REG SIGN,$5001 TO $10000,RIGHT ANGLE,937,939,Y,Y,SHICKORYDRWBELLEAVE,0,STOP SIGN,"D2 advised she was traveling N. On S. Hickory Drive when she saw V1 approaching the intersection and failed to stop. Next thing she knew, V1 had struck her vehicle and spun them around. D1 was in great pain and had complaint of pain to his neck and leg. He began to say that V2 was traveling north and he tried to stop for them, at which point D2 stepped in and stated that D1 did not stop for the stop sign. D1 was traveling East on W. Belle Ave and struck V2 at the intersection of S. Hickory Drive and W. Belle Ave. Two of the three passengers of V2 advised that D1 failed to stop for the stop sign. It should be noted that the other passenger, Luther, advised he didn't see what had happened."
903375895,BLOOMINGTON PD,B1919595,MONROE,BLOOMINGTON,BLOOMINGTON,5/14/2019,9:30 AM,2,0,0,0,0,601,2ND,ST,,,,W 2ND S,,,,,Y,,,,39.16025,-86.54012,UNKNOWN,,N,Y,URBAN,N,N,N,,DAYLIGHT,CLEAR,DRY,,NO JUNCTION INVOLVED,STRAIGHT/GRADE,CONCRETE,UNSAFE BACKING,UNDER $1001,BACKING CRASH,1040,1040,Y,N,W2NDSST,0,NONE,V1 WAS PARKED AND UNOCCUPIED ON THE GROUND LEVEL OF THE IU HEALTH PARKING LOT AT 601 W 2ND STREET.V2 WAS BACKING OUT OF A PARKING SPACE TO THE SOUTH OF V1.WITNESS #1 SAID HE SAW V2 HIT V1 WHILE BACKING OUT. HE SAID D2 WAS A WHITE FEMALE WITH BROWN HAIR DRIVING A BLUE LATE 90'S DODGE RAM EXT CAB. HE SAID D2 LOOKED AROUND AND THEN DROVE UP TO ANOTHER LEVEL OF THE PARKING GARAGE. WITNESS #1 SAID IT HAPPENED ABOUT 9:30 AM. BPD WAS CONTACTED AT 10:40 AM AND WE DID NOT LOCATE V2 IN THE PARKING GARAGE.SUSPECT VEHICLE NOT LOCATED.
903371172,BLOOMINGTON PD,B1919616,MONROE,BLOOMINGTON,BLOOMINGTON,5/14/2019,1:42 PM,2,0,0,0,0,,S LINCOLN,ST,,,,S LINCOLN,E 3RD,,,,Y,,,,39.16464,-86.531024,LOCAL/CITY ROAD,,N,N,URBAN,N,N,N,,DAYLIGHT,CLEAR,DRY,,FOUR-WAY INTERSECTION,STRAIGHT/LEVEL,CONCRETE,DISREGARD SIGNAL/REG SIGN,$2501 TO $5000,OTHER - EXPLAIN IN NARRATIVE,142,142,Y,N,E3RDSTSLINCOLNST,0,NONE,"V1 was traveling E/B on 3rd ST. V2 was traveling N/B on Lincoln ST. V1 disregard the traffic control signal and struck V2 causing damage to both vehicles.D1 advised that she was traveling E/B on 3rd ST. D1 advised that she noticed she was going the wrong way 3rd ST. D1 advised that she was not paying attention and disregard the traffic control signal and struck V2. D1 advised that she was not injured.D2 advised that he was traveling N/B on Lincoln ST. D1 advised that his traffic control signal was green and he proceeded through the intersection heading N/B. D2 advised that he then felt the impact of V1. D2 advised that he was not injured.Due to D1 disregard the traffic control signal, V1 collided with V2 causing damage to both vehicles."