Master Record Number,Agency,Local Code,County,Township,City,Collision Date,Collision Time,Vehicles Involved,Trailers Involved,Number Injured,Number Dead,Number Deer,House Number,Roadway Name,Roadway Suffix,Roadway Number,Roadway Interchange,Roadway Ramp,Roadway Id,Intersecting Road,Intersecting Road Number,Mile Marker,Interchange,Corporate Limits?,Property Type,Feet From,Direction,Latitude,Longitude,Roadway Class,Traffic Control Devices?,Aggressive Driving?,Hit and Run?,Locality,School Zone?,Rumble Strips?,Construction?,Construction Type,Light Condition,Weather Conditions,Surface Condition,Type of Median,Roadway Junction Type,Road Character,Roadway Surface,Primary Factor,Damage Estimate,Manner of Collision,Time Notified,Time Arrived,Investigation Complete?,Photos Taken?,Unique Location Id,State Property Damage?,Traffic Control,NARRATIVE
903373088,BLOOMINGTON PD,B1920140,MONROE,BLOOMINGTON,BLOOMINGTON,5/17/2019,5:27 PM,1,0,1,0,0,,EAST 10TH,ST,,,,EAST 10TH,NORTH DUNN,,,,Y,,,,39.17168,-86.528256,LOCAL/CITY ROAD,,N,N,URBAN,N,N,N,,DAYLIGHT,CLEAR,DRY,,FOUR-WAY INTERSECTION,STRAIGHT/LEVEL,ASPHALT,DISREGARD SIGNAL/REG SIGN,$10001 TO $25000,RIGHT ANGLE,529,532,N,Y,EAST10THSTNORTHDUNNST,1,STOP SIGN,"D1 STATED THAT HE WAS TRAVELING EAST ON EAST 10TH STREET AT THE INTERSECTION OF EAST 10TH STREET AND NORTH DUNN STREET.D1 STATED THAT AS HE WAS TRAVELING EAST THROUGH THE INTERSECTION OF NORTH DUNN STREET AND EAST 10TH STREET THAT A BICYCLIST, D2, DID GO THROUGH THE STOP SIGN AT 10TH AND DUNN STREET.D1 STATED THAT THE BICYCLIST WAS TRAVELING SOUTH ON DUNN STREET.D1 STATED THAT HE COULD NOT STOP V1 AND THAT THE FRONT OF V1 DID STRIKE THE BICYCLIST AND THE BIKE TRAVELING SOUTH.OFFICER CAMBLE DID SPEAK WITH SEVERAL WITNESSES WHILE ON SCENE, THEY ARE ADDED TO THIS REPORT.THE WITNESSES DID STATE THAT THE BICYCLIST, D2, WAS TRAVELING SOUTH ON DUNN STREET AND THAT HE WAS TRAVELING FAST.THE WITNESSES DID STATE THAT D2 DID GO THROUGH THE STOP SIGN ON THE NORTH SIDE OF THE INTERSECTION WITHOUT STOPPING AND THAT D2 WAS STRUCK BY V1.THE BICYCLIST, D2, DID SUSTAIN SEVERAL INJURIES INCLUDING A FRACTURED SKULL, AVULSION TO HIS LEFT FLANK, AVULSION TO RIGHT SHOULDER, BLACK EYES, AND CUTS AND ROAD RASH TO HIS BODY. D2 IS CURRENTLY AT THE IU BLOOMINGTON HOSPITAL BEING TREATED FOR HIS INJURIES. D2 WAS TRANSPORTED THERE BY AMBULANCE.D1'S VEHICLE WAS TOWED BY AUTO MOBILE DUE TO DISABLING DAMAGE."
903372737,BLOOMINGTON PD,B1920062,MONROE,PERRY,BLOOMINGTON,5/17/2019,7:50 AM,2,0,0,0,0,,S MAXWELL,ST,,,,S MAXWELL,E THORNTON,,,,Y,,,,39.148336,-86.515024,LOCAL/CITY ROAD,,N,N,URBAN,N,N,N,,DAYLIGHT,CLOUDY,DRY,,FOUR-WAY INTERSECTION,STRAIGHT/GRADE,ASPHALT,DISREGARD SIGNAL/REG SIGN,$1001 TO $2500,RIGHT ANGLE,756,804,Y,N,ETHORNTONDRSMAXWELLST,0,STOP SIGN,"V1 was WB on E Thornton drive and was approaching S Maxwell street. V2 was NB on S Maxwell street and was approaching Thornton drive. V1 failed to stop at the stop sign and pulled out in front of V2. V2 hit V1 in the driver side front bumper with the passenger side front bumper of his vehicle.D1 stated that he ""rolled thru"" the stop sign and then heard V2 hitting his horn. He stated he was unable to get stopped before V2 struck him. D2 stated he was going straight and he saw V1 not stop at stop sign. He stated he was unable to get stopped before striking V1."
903373091,BLOOMINGTON PD,B1920163,MONROE,BLOOMINGTON,BLOOMINGTON,5/17/2019,9:51 PM,2,0,1,0,0,,E 3RD,ST,,,,E 3RD,HIGH,,,,Y,,,,39.164352,-86.508288,LOCAL/CITY ROAD,Y,N,Y,URBAN,N,N,N,,DARK (LIGHTED),CLEAR,DRY,,FOUR-WAY INTERSECTION,STRAIGHT/GRADE,ASPHALT,FOLLOWING TOO CLOSELY,$2501 TO $5000,REAR END,951,955,Y,Y,E3RDSTHIGHST,0,TRAFFIC CONTROL SIGNAL,"V2 WAS STOPPED AT THE STOPLIGHT ON E 3RD ST FACING E/B. WHEN V1 REAR ENDED V2, THE DRIVER OF V1 EXITED HIS VEHICLE AND APPEARED INTOXICATED TO D2. D1 ASKED D2 TO JUST EXCHANGE INFORMATION, AND WHEN D2 SAID NO, D1 GOT BACK INTO HIS VEHICLE AND LEFT E/B ON 3RD ST WITHOUGH EXCHANGING INFORMATION.AFTER FULL INVESTIGATION, IT WAS DETERMINED THAT V1 BELONGED TO A CLAUDIO SAINZ. PHOTOGRAPHS OF V1 HAVE BEEN TAKEN AND THE EXCHANGE OF INFORMATION HAS BEEN MAILED TO EACH PARTY."
903375409,MONROE SD,M19A16138,MONROE,VAN BUREN,BLOOMINGTON,5/17/2019,4:07 PM,2,0,0,0,0,2510,S LEONARD SPRINGS,RD,,,,S LEONARD SPRINGS,,,,,N,,,,39.14187494,-86.58259037,UNKNOWN,,N,N,RURAL,N,N,N,,DAYLIGHT,CLEAR,DRY,,NO JUNCTION INVOLVED,NON-ROADWAY CRASH,CONCRETE,DRIVER DISTRACTED - EXPLAIN IN NARRATIVE,$1001 TO $2500,BACKING CRASH,407,425,Y,N,SLEONARDSPRINGSRD,0,NONE,D1 STATED THAT HE WAS ATTEMPTING TO BACK V1 OUT OF THE PARKING SPOT HE WAS IN AT THE GAS STATION BUT DIDN'T SEE V2 DUE TO PAYING ATTENTION TO A LARGE TRUCK PARKED NEXT TO HIM AND ATTEMPTING NOT TO HIT THE TRUCK. D1 BACKED V1 INTO THE RIGHT REAR OF V2.
903372897,ISP BLOOMINGTON 33,2.019E+11,MONROE,RICHLAND,BLOOMINGTON,5/17/2019,1:10 PM,2,0,0,0,0,,,,SR46,,,SR46,ARLINGTON,,,,N,,,,39.209808,-86.582672,STATE ROAD,Y,N,N,RURAL,N,N,N,,DAYLIGHT,CLEAR,DRY,,FOUR-WAY INTERSECTION,CURVE/GRADE,ASPHALT,FOLLOWING TOO CLOSELY,$5001 TO $10000,REAR END,115,125,Y,N,ARLINGTONRDSR46,0,TRAFFIC CONTROL SIGNAL,"This crash occurred on State Road 46 which is an undivided four lane highway that primarily runs east and west. The weather at the time of the crash was clear and 84 degrees. Vehicle #1 a 2018 Ford Transit van was east bound on State Road 46 behind vehicle #2, a 2007 Pontiac G6 who was also east bound. As vehicle #2 approached the automatic signal it changed to yellow and then to red. Vehicle #2 slowed to a stop and vehicle #1 struck vehicle #2 in the rear. Driver #1 Gregory Beavers stated that he was behind vehicle #2 as the light was changing. Driver #1 stated that he thought vehicle #2 was going to continue through the light and he was going to follow, however vehicle #2 stopped for the light and he struck vehicle #2 in the rear. Driver #2 Abagail Martin stated that she was east bound on State Road 46 approaching Arlington Road. As the light changed, Driver #2 slowed to a stop for the traffic light. Driver #2 stated that vehicle #1 struck her vehicle in the rear. Evidence on the scene indicates vehicle #1 was following too close to vehicle #2 and was unable to get stopped and struck vehicle #2 in the rear."
903373063,BLOOMINGTON PD,B1920152,MONROE,BLOOMINGTON,BLOOMINGTON,5/17/2019,7:40 PM,2,0,0,0,0,,E 17TH,ST,,,,E 17TH,N GRANT,,,,Y,,50,W,39.178944,-86.5296,LOCAL/CITY ROAD,,N,N,URBAN,N,N,N,,DAYLIGHT,CLOUDY,DRY,,NO JUNCTION INVOLVED,STRAIGHT/GRADE,ASPHALT,IMPROPER TURNING,$1001 TO $2500,RIGHT ANGLE,740,745,Y,N,E17THSTNGRANTST,0,NONE,Vehicle 2 was traveling east on E 17th St. Vehicle 1 was attempting to turn west onto E 17th St. From the parking garage on the north side of 17th near 345 E 17th St. Driver of vehicle 1 stated that he turned to wide and crossed the center line and did not see vehicle 2 until he was already in the roadway. Driver of vehicle 1 attempted to turn and go straight across 17th St to avoid the collision. Driver of vehicle 2 was unable to avoid vehicle 1 and the vehicles collided. Vehicle 1 has moderate damage to the passenger side front door and Vehicle 2 has minor damage to the front. No injuries were reported from this crash.
903373185,MONROE SD,M19A16076,MONROE,WASHINGTON,BLOOMINGTON,5/17/2019,2:28 AM,1,0,0,0,0,,,,I69,,,I69N,,,129.5,,Y,OTHER,200,S,41.37294174,-85.07820502,INTERSTATE,,N,N,RURAL,N,Y,N,,DARK (NOT LIGHTED),CLEAR,DRY,,NO JUNCTION INVOLVED,STRAIGHT/GRADE,ASPHALT,RAN OFF ROAD RIGHT,$5001 TO $10000,RAN OFF ROAD,228,236,Y,Y,I69N129.5,0,NONE,V1 WAS TRAVELING NORTHBOUND ON 1-69 NORTH OF THE 129.5 MILE MARKER WHEN D1 STATED SHE WENT OFF THE ROAD AND LOST CONTROL OF THE VEHICLE.D1 WAS TAKEN TO IU HEALTH BLOOMINGTON HOSPITAL FOR MEDICAL TREATMENT AND A BLOOD DRAW. D1 BLEW A .085 AFTER APPROXIMATELY 4 HOURS AT THE HOSPITAL AND ADMITTED TO TAKING VALUUM. RESULTS OF THE BLOOD DRAW ARE PENDING.
903391972,MONROE SD,M19A16275,MONROE,SALT CREEK,BLOOMINGTON,5/18/2019,5:51 PM,2,1,0,0,0,4850,,,SR446,,,S STATE ROAD 446,,,,,N,,,,39.135648,-86.462248,UNKNOWN,,N,Y,RURAL,N,N,N,,DAYLIGHT,CLEAR,DRY,,NO JUNCTION INVOLVED,STRAIGHT/GRADE,ASPHALT,OTHER (VEHICLE) - EXPLAIN IN NARRATIVE,$1001 TO $2500,,602,626,Y,Y,SSTATEROAD446RD,0,NONE,V-1 owner stated that he had parked his truck and trailer in the parking lot at 4850 S State Road 446 while fishing for the day. After returning to his vehicle he noticed that another vehicle had struck the right side of his trailer fender causing damage. There where no other vehicles close to V-1 when he found the damage therefore it is unknown who stuck V-1.
903373693,MONROE SD,M19A16246,MONROE,CLEAR CREEK,BLOOMINGTON,5/18/2019,12:14 AM,2,0,0,0,0,,STRAIN RIDGE,RD,,,,STRAIN RIDGE,STONE RIDGE,,,,N,,1000,S,38.94782617,-86.50797,COUNTY ROAD,,N,N,RURAL,N,N,N,,DAYLIGHT,CLEAR,DRY,,NO JUNCTION INVOLVED,STRAIGHT/HILLCREST,ASPHALT,LEFT OF CENTER,$2501 TO $5000,OPPOSITE DIRECTION SIDESWIPE,1215,1239,Y,N,STONERIDGERDSTRAINRIDGERD,0,NONE,"Vehicle 1 was a 1977 John Deere tractor pulling pulling a disc behind it. Vehicle 1 was traveling Northbound on South Strainridge Road approximately 1000 feet south of the intersection of Strain Ridge Road and Stone Ridge Road. Driver 1 stated that he had slowed down and got over as much as he could, however there was a stump and electrical box near the side of the road that did not allow the him to fully avoid center of the road.Vehicle 2 was traveling Southbound on Strainridge Road approximately 1000 feet south of the intersection of Strain Ridge Road and Stone Ridge Road. Vehicle 2 struck the disc trailer vehicle 1 was pulling. Driver 2 stated while he was approaching a hill crest he did see the tractor, however did not see it was pulling a disc until it was too late to avoid an accident."
903373186,MONROE SD,M19A16205,MONROE,PERRY,BLOOMINGTON,5/18/2019,12:41 AM,1,0,3,0,0,,,,I69,,,I69S,,,127,,Y,OTHER,250,N,41.33809036,-85.08769536,INTERSTATE,,N,N,URBAN,N,Y,N,,DARK (LIGHTED),CLEAR,DRY,,NO JUNCTION INVOLVED,STRAIGHT/GRADE,ASPHALT,OVERCORRECTING/OVERSTEERING,$5001 TO $10000,RAN OFF ROAD,1244,1246,Y,Y,I69S127,0,NONE,"V1 was traveling southbound on I69 near mile marker 127 when D1 stated his vehicle pulled to the left and he over corrected causing him to lose control of the vehicle. V1 hit the guard rail and spun coming to rest in the middle of the road. The passenger in the 3rd row right seat, Mr. Cox, was ejected from the vehicle. The passenger had severe head trauma and broken left leg and was air lifted to Methodist Hospital in Indianapolis. He was not wearing his seat belt.The passenger in the 3rd row center, Mr. Shively, was also ejected from the vehicle and had a laceration on his head. He was transported to IU Health Bloomington Hospital for treatment. He was not wearing his seat belt.The passenger in the 3rd row back left was injured. She had lacerations on her face. She was transported to IU Health for treatment. Due to the crash involving serious bodily injury, D1 had Indiana Implied Consent read to him and consented to Standardized Field Sobriety Tests and a Indiana State Department of Toxicology Blood Draw. Mr. Stier showed no signs of impairment. Pictures were taken and Accident Reconstructionist Deputy Bennett Dillion was on scene and will supplement this report."
903373691,MONROE SD,M19A16243,MONROE,VAN BUREN,BLOOMINGTON,5/18/2019,11:49 AM,2,0,0,0,0,,CURRY,PIKE,,,,S CURRY,CONSTITUTION,,,,N,,,,39.15127,-86.58262,LOCAL/CITY ROAD,,N,N,URBAN,N,N,N,,DAYLIGHT,CLEAR,DRY,,FOUR-WAY INTERSECTION,STRAIGHT/LEVEL,ASPHALT,FAILURE TO YIELD RIGHT OF WAY,$2501 TO $5000,RIGHT ANGLE,1151,1159,Y,N,SCURRYPIKEWCONSTITUTIONAVE,0,STOP SIGN,"D1 stated she was in the right turn lane on Constitution Ave, at the stop sign. D1 stated there was a bicyclist on her right side that motioned for her to go. D1 stated she turned without looking back. D1 entered traffic on Curry Pike and collided with D2.D2 stated he was traveling north on Curry Pike in the right lane. D2 stated there was a ""biker"" that told D1 to go. D1 pulled out and collided with D2. D2 stated he does not have insurance."
903375580,MONROE SD,M19A16266,MONROE,POLK,BLOOMINGTON,5/18/2019,4:37 PM,1,0,1,0,0,,,,SR446N,,,SR446N,OLD BEND,,,,N,,,,0,0,STATE ROAD,,N,N,RURAL,N,N,N,,DAYLIGHT,CLEAR,DRY,,T-INTERSECTION,CURVE/LEVEL,ASPHALT,OTHER (DRIVER) - EXPLAIN IN NARRATIVE,UNDER $1001,OTHER - EXPLAIN IN NARRATIVE,440,455,Y,N,SOLDBENDRDSR446N,0,NONE,"IT WAS REPORTED THAT THE FEMALE PASSED OUT WHILE ON THE BACK OF THE MOTORCYCLE AND FELL OFF. THE FEMALE STATED THAT SHE WAS NOT FEELING WELL, AND LEANED FORWARD TO SPEAK TO HER HUSBAND, THE DRIVER. SHE THEN STATED SHE DOES NOT REMEMBER WHAT HAPPENED NEXT, BUT WOKE UP ON THE SIDE OF THE ROAD. SHE WAS TRANSPORTED FOR ROAD RASH AND A COMPLAINT OF FOOT PAIN TO IU HEALTH BLOOMINGTON."
903373264,BLOOMINGTON PD,B1920207,MONROE,BLOOMINGTON,BLOOMINGTON,5/18/2019,7:33 AM,1,0,0,0,0,122,MILLER,DR,,,,EAST MILLER,,,,,Y,PRIVATE,,,39.147326,-86.529472,UNKNOWN,,N,N,URBAN,N,N,N,,DAYLIGHT,CLEAR,DRY,,NO JUNCTION INVOLVED,STRAIGHT/LEVEL,ASPHALT,DRIVER ASLEEP OR FATIGUED,$10001 TO $25000,COLLISION WITH OBJECT IN ROAD,733,735,Y,N,EASTMILLERDR,0,NONE,DRIVER 1 STATED THAT HE WAS FEELING DIZZY AS HE WAS DRIVING BACK TO THIS LOCATION AND HIT A LIGHT POLE IN THE PARKING LOT HEAD ON.SUBJECT ADVISED NO INJURY. VEHICLE WAS TOWED DUE TO DISABLING DAMAGE.WITNESS STATED HE SAW DRIVER 1 PULL INTO THE PARKING LOT AND HEARD A LOUD CRASH BUT DID NOT SEE THE EXACT TIME OF IMPACT. HE WITNESSED THE DRIVER EXIT THE VEHICLE AND FALL TO THE GROUND FACE FORWARD.
903373488,ISP BLOOMINGTON 33,2.019E+11,MONROE,WASHINGTON,BLOOMINGTON,5/18/2019,10:25 PM,1,0,0,0,1,,,,I69S,,,I69S,SAMPLE,,,,N,,100,N,39.28185324,-86.52750503,INTERSTATE,,N,N,RURAL,N,N,N,,DARK (NOT LIGHTED),CLEAR,DRY,,NO JUNCTION INVOLVED,STRAIGHT/LEVEL,ASPHALT,ANIMAL/OBJECT IN ROADWAY,$1001 TO $2500,COLLISION WITH DEER,1027,1045,Y,N,I69SSAMPLERD,0,LANE CONTROL,"I-69 is an interstate (multiple lanes with grass median) that runs primarily north and south. I-69 is constructed of sections of asphalt and concrete. The area where the crash took was straight and level. The roadway was dry and clear. It was dusk and dark.Vehicle #1 was traveling south on I-69 south at Sample Road (125 mile marker). As it approached the overpass at Sample Road at the 125 mile marker a deer entered the roadway from the east and crossed the north bound lanes. After crossing the north bound lanes the deer continued west and Vehicle #1 struck the deer with the left front of Vehicle #1. Vehicle #1 continued south bound on I-69 south and came to a controlled stop off the roadway just north of State Road 46 (mile marker 120).Vehicle #1 was traveling south on I-69 north of Sample Road (exit 125).Driver #1 indicated he was driving south just north of Sample Road. Driver #1 indicated he saw a deer cross into the south bound lanes just before striking it with the front left of Vehicle #1. Vehicle #1 sustained damage to the left front and side, along with the left side mirror. Driver #1 indicated he came to a controlled stop with Vehicle #1 at a safe location just north of State Road 46 (mile marker 120) on the right shoulder of I-69 south.Driver #1 collided with the deer with Vehicle #1 just north of Sample Road. Vehicle #1 was not towed and damage was not disabling. Damage to Vehicle #1 was observed to the left front, side mirror (taken off by collision) and left side. Deer hair was also observed at collision area of Vehicle #1."
903375727,INDIANA UNIV BLOOMINGTON PD,191201,MONROE,BLOOMINGTON,BLOOMINGTON,5/18/2019,11:40 AM,1,0,0,0,0,,WOODLAWN,AVE,,,,WOODLAWN,17TH,,,,Y,,,,39.178992,-86.523504,LOCAL/CITY ROAD,Y,N,N,URBAN,N,N,Y,LANE CLOSURE,DAYLIGHT,CLEAR,DRY,,FOUR-WAY INTERSECTION,STRAIGHT/LEVEL,GRAVEL,RAN OFF ROAD RIGHT,UNDER $1001,RAN OFF ROAD,1140,1140,Y,N,EAST17THSTWOODLAWNAVE,0,TRAFFIC CONTROL SIGNAL,"I, Michael Smolen (W1), was riding in the front passenger seat at the time of the crash. Austin Rearick (D1) was driving a white Ford police interceptor (V1) in emergency mode on the way to a dispatched call.V1 was headed north on Woodlawn Ave and passed through the intersection at 17th St. North of the intersection, at Gate 4, was a designated construction zone marked ""Road Closed"" with signage. The asphalt had been removed from the roadway and large gravel rocks had been placed as a service drive into the construction zone. The service drive was very uneven.D1 decided to drive north through the construction zone and within the first few feet of the zone, the front bumper dipped downward and struck the large gravel rocks that make up the service drive. D1 stated that he did not know he struck anything.V1 sustained two scrapes to the front bumper that resulted in the white paint being removed.No injuries were sustained. V1 was able to be driven from the scene."
903373297,BLOOMINGTON PD,B1920230,MONROE,BLOOMINGTON,BLOOMINGTON,5/18/2019,12:27 PM,3,0,0,0,0,,,,SR46E,,,SR46E,7TH,,,,Y,,,,39.167648,-86.500096,STATE ROAD,,N,N,URBAN,N,N,N,,DAYLIGHT,CLEAR,DRY,,T-INTERSECTION,STRAIGHT/LEVEL,ASPHALT,FOLLOWING TOO CLOSELY,$5001 TO $10000,REAR END,1231,1242,Y,N,7THSTSR46E,0,NONE,"Driver 3 stated she was stopped in the left lane of southbound SR45/46 Bypass behind backed up traffic from the traffic light at 3rd St. Driver 2 stated he was stopped behind vehicle 3. Driver 1 stated he was south on the SR 45/46 Bypass in the left lane when traffic stopped quickly in front of him. Driver 1 stated he was unable to stop and collided with the rear of vehicle 2. Driver 2 stated that he was hit from behind by vehicle 1. Driver 2 stated that the collision pushed his car forward into the rear of vehicle 3. Driver 3 stated that she heard tires screeching and a collision behind her, then vehicle 2 collided with the rear of her vehicle."
903373387,MONROE SD,M19A16269,MONROE,RICHLAND,BLOOMINGTON,5/18/2019,5:17 PM,2,0,0,0,0,,ARLINGTON,RD,,,,ARLINGTON,,,,,N,,550,E,39.20882891,-86.58119336,LOCAL/CITY ROAD,,N,N,RURAL,N,N,N,,DAYLIGHT,CLEAR,DRY,,NO JUNCTION INVOLVED,CURVE/GRADE,ASPHALT,FOLLOWING TOO CLOSELY,$2501 TO $5000,REAR END,517,527,Y,N,ARLINGTONRDSR46W,0,NONE,V1 and V2 were both traveling southwest on Arlington Road while V2 was slowed or stopped to turn left and V1 rear ended V2. D1 stated he looked down and during that time rear ended V2.
903373660,BLOOMINGTON PD,B1920343,MONROE,BLOOMINGTON,BLOOMINGTON,5/19/2019,9:12 AM,2,0,1,0,0,,,,SR46W,,,SR46W,STONELAKE,,,,Y,,150,S,39.1710493,-86.54665,STATE ROAD,,Y,Y,URBAN,N,N,Y,LANE CLOSURE,DAYLIGHT,CLEAR,DRY,,FOUR-WAY INTERSECTION,STRAIGHT/LEVEL,ASPHALT,FOLLOWING TOO CLOSELY,$25001 TO $50000,REAR END,912,915,Y,Y,SR46WSTONELAKEDR,0,NONE,"VEHICLE 1 COLLIDED HEAD ON WITH WITH THE REAR RIGHT BUMPER OF VEHICLE 2. VEHICLE 1 LANDED UPSIDE DOWN IN THE ROADWAY AND VEHICLE 2 LANDED IN A NEARBY DITCH.DRIVER 2 STATED HE WAS DRIVING ALONG THE ROAD WHEN HIS VEHICLE (VEHICLE 2) WAS STRUCK FROM BEHIND BY VEHICLE 1 AND CAUSED HIM TO SWERVE OFF OF THE ROAD.GARY COOPER, WITNESS FROM VEHICLE 2 STATED THEIR VEHICLE WAS DRIVING ALONG THE ROAD WHEN VEHICLE 2 WAS STRUCK FROM BEHIND BY VEHICLE 1 AND SWERVED INTO THE DITCH.DRIVER 1 STATED HE WAS TRAVELING WESTBOUND ON THE ROADWAY IN THE RIGHT LANE WHEN VEHICLE 2 CHANGED LANES FROM THE RIGHT TO THE LEFT AND THEN VEHICLE 2 CUT BACK IN FRONT OF HIM AND THIS IS WHEN THE IMPACT OCCURED.BROOKE TIPTON, WITNESS FROM VEHICLE 2 STATED SHE WAS ON HER CELL PHONE WHEN THE COLLISION OCCURED AND DOES NOT KNOW HOW THE COLLISION OCCURED"
903375226,ISP BLOOMINGTON 33,2.019E+11,MONROE,BENTON,BLOOMINGTON,5/19/2019,5:11 PM,2,0,1,0,0,,,,SR46,,,SR46,BENDER,,,,N,PRIVATE,450,W,39.16326,-86.4410311,STATE ROAD,,Y,N,RURAL,N,N,N,,DAYLIGHT,CLEAR,DRY,,NO JUNCTION INVOLVED,STRAIGHT/GRADE,ASPHALT,UNSAFE LANE MOVEMENT,$25001 TO $50000,RAN OFF ROAD,516,522,Y,Y,BENDERRDSR46,0,LANE CONTROL,"SR46 is a two lane State Highway that runs primarily east and west. The eastbound lane consists of a downhill grade. The roadway was dry and there was moderate traffic during the time of this collision.V1, gray Hyundai, was traveling east on SR46 west of Bender Road, behind V2. V2, red Nissan, was traveling east on SR46 west of Bender Road, in front of V1. V1 struck the right rear corner of V2 in the eastbound lane of SR46 before leaving the south side of the roadway. V1 struck a driveway drainage structure at 6196 E. SR46 and continued off the roadway to the south of SR46. V1 struck two ATT above ground utility junction boxes as it continued along the south side of SR46. V1 rolled and came to final rest in the wooded area along the south side of SR46.D1, Williams, stated he was traveling east on SR46 back to his residence on E. Bender Road. D1 stated he did not recall what occurred prior to the collision. D2, Krejci, stated she was traveling east on SR46 west of Bender Road. D2 stated V1 attempted to pass V2 then V1 swerved to the right due to oncoming traffic. D2 stated V1 struck the rear of V2 as V1 left the roadway to her right. D2 stated V1 continued off the roadway before coming to final rest along the south side of SR46. D2 stated she stopped V2 on E. Bender Road after the collision.Evidence shows damage to the right rear corner and right rear wheel of V2. Evidence shows damage to all sides, top and undercarriage of V1. Evidence shows tire marks leaving the eastbound lane of SR46, crossing the private drive at 6196 E. SR46 and continuing along the south side of the roadway. Evidence shows damage to the drainage culvert and landscaping along the driveway at 6196 E. SR46. Evidence shows damage to two (2) ATT above ground utility junction boxes. D1, Williams, admitted to the consumption of an alcoholic beverage prior to the collision. A PBT was administered at the scene with a positive result of .195 % BrAC at approximately 5:32 pm. D1 was transported the IU Health Bloomington Hospital for his injuries and submitted to a blood draw. The results are pending the Indiana State Department of Toxicology examination. See Incident Report 19ISPC005740.W1, Martin, stated she was traveling west on SR46 approaching V1 and V2. W1 stated she observed V1 traveling east in the westbound lane. W1 stated V1 swerved to the right behind V2 before leaving the south side of SR46. W1 stated V1 rolled after leaving the roadway. Other occupants inside V2:1. Front Passenger: Dave Debikey, DOB 8-20-1971, 2412 S. Brown Avenue, Bloomington, IN.2. Right Rear Passenger: Emily Krejci, DOB 4-19-1973, 6575 W. Airport Road, Bloomington, IN.3. Left Rear Passenger: Kelli Debikey, DOB 4-1-1979, 2412 S. Brown Avenue, Bloomington, IN.4. Middle Rear Passenger: Greysan Debikey, DOB 12-22-2009, 2412 S. Brown Avenue, Bloomington, IN.On Sunday, July 14, 2019, I updated this report with toxicology results for D1, Williams. Williams had a Blood Alcohol Content of .235 g/100 mL."
903373832,BLOOMINGTON PD,B1920398,MONROE,BLOOMINGTON,BLOOMINGTON,5/19/2019,7:00 PM,2,0,0,0,0,,SOUTH WALNUT,ST,,,,SOUTH WALNUT,EAST 4TH,,,,Y,,,,39.165648,-86.5336,LOCAL/CITY ROAD,N,N,N,URBAN,N,N,N,,DAYLIGHT,RAIN,WET,,FOUR-WAY INTERSECTION,STRAIGHT/LEVEL,ASPHALT,TRAFFIC CONTROL INOPERATIVE/MISSING/OBSC,$2501 TO $5000,RIGHT ANGLE,709,712,Y,N,EAST4THSTSOUTHWALNUTST,0,TRAFFIC CONTROL SIGNAL,"IT SHOULD BE NOTED THE TRAFFIC SIGNAL AT THIS LOCATION (SOUTH WALNUT ST AND EAST 4TH STREET) WAS COMPLETELY OUT DUE TO A LOCAL POWER OUTAGE.V2 WAS STOPPED ON EAST 4TH STREET AT WALNUT STREET WHERE THE TRAFFIC SIGNAL WAS OUT. V2 ENTERED THE INTERSECTION WHEN IT WAS HIS TURN WHEN V1, WHO WAS NORTHBOUND ON WALNUT STREET, DID NOT STOP AT THE INTERSECTION AND STRUCK V2.D1 STATED SHE WAS NORTHBOUND ON WALNUT STREET WHEN SHE STARTED TO SLOW AT THE INTERSECTION WHERE THE LIGHTS WERE OUT, BUT DID NOT THINK SHE STOPPED, AND WHEN SHE GOT INTO THE INTERSECTION SHE STRUCK V2.D2 STATED HE WAS STOPPED ON 4TH STREET AT THE INTSERECTION OF WALNUT STREET, TO CONTINUE EASTBOUND ON 4TH STREET. D2 STATED HE TREATED THE TRAFFIC SIGNAL THAT WAS OUT AS A FOUR-WAY STOP. D2 STATED WHEN IT WAS HIS TURN TO GO HE BEGAN THROUGH THE INTERSECTION WHEN V1 DID NOT STOP AND STRUCK HIS VEHICLE.W1 STATED V2 STOPPED ON 4TH STREET AND WENT THROUGH THE INTERSECTION WHEN IT WAS HIS TURN TO GO. W1 STATED V1 DID NOT STOP AT THE INTERSECTION, AND STRUCK V1."
903373974,ELLETTSVILLE PD,E1902791,MONROE,RICHLAND,ELLETTSVILLE,5/19/2019,5:19 PM,2,0,1,0,0,5989,MATTHEWS,DR,,,,MATTHEWS,,,,,Y,,,,39.23809,-86.62427,LOCAL/CITY ROAD,,N,N,URBAN,N,N,N,,DAYLIGHT,CLEAR,DRY,,T-INTERSECTION,CURVE/LEVEL,ASPHALT,VIEW OBSTRUCTED,$5001 TO $10000,RIGHT ANGLE,520,533,Y,Y,MATTHEWSDR,0,NONE,D1 STATED WAS PULLING OUT OF DRIVE AS SHE ENTERED LANE OF TRAVEL V2 ROUNDED CORNER AND STRUCK FRONT OF V1. D2 STATED HE WAS COMING AROUND CURVE AND V1 WAS PULLING OUT AND D2 TRIED TO SWERVE AND STRUCK FRONT OF V1.
903374368,BLOOMINGTON PD,B1920476,MONROE,BLOOMINGTON,BLOOMINGTON,5/19/2019,7:30 PM,1,0,0,0,0,739,W WYLIE,ST,,,,W WYLIE,,,,,Y,PRIVATE,,,39.25164131,-86.5181152,UNKNOWN,,N,N,URBAN,N,N,N,,DAYLIGHT,CLOUDY,WET,,NO JUNCTION INVOLVED,STRAIGHT/GRADE,ASPHALT,BRAKE FAILURE OR DEFECTIVE,$1001 TO $2500,RAN OFF ROAD,1035,1041,Y,N,WWYLIEST,0,NONE,"DRIVER OF VEHICLE ONE ADVISED HE WAS PULLING INTO A PARKING SPACE AT 739 W WYLIE ST. AS HE PULLED INTO THE SPACE, THE BRAKES FAILED TO STOP THE VEHICLE, CAUSING V1 TO DRIVE OVER THE CURB AND STRIKE THE BUILDING."
903373694,MONROE SD,M19A16340,MONROE,BLOOMINGTON,BLOOMINGTON,5/19/2019,1:11 PM,1,0,0,0,0,,,,I69N,,,I69N,COLLEGE EXIT,,,,N,,,,0,0,INTERSTATE,,N,N,RURAL,N,N,N,,DAYLIGHT,RAIN,WET,,NO JUNCTION INVOLVED,CURVE/LEVEL,ASPHALT,RAN OFF ROAD RIGHT,$1001 TO $2500,RAN OFF ROAD,111,119,Y,N,COLLEGEEXITAVEI69N,0,NONE,Veh 1 was heading north on college ave exit getting onto I69 North when his car hit some water causing him to run off the roadway into a ditch