Master Record Number,Agency,Local Code,County,Township,City,Collision Date,Collision Time,Vehicles Involved,Trailers Involved,Number Injured,Number Dead,Number Deer,House Number,Roadway Name,Roadway Suffix,Roadway Number,Roadway Interchange,Roadway Ramp,Roadway Id,Intersecting Road,Intersecting Road Number,Mile Marker,Interchange,Corporate Limits?,Property Type,Feet From,Direction,Latitude,Longitude,Roadway Class,Traffic Control Devices?,Aggressive Driving?,Hit and Run?,Locality,School Zone?,Rumble Strips?,Construction?,Construction Type,Light Condition,Weather Conditions,Surface Condition,Type of Median,Roadway Junction Type,Road Character,Roadway Surface,Primary Factor,Damage Estimate,Manner of Collision,Time Notified,Time Arrived,Investigation Complete?,Photos Taken?,Unique Location Id,State Property Damage?,Traffic Control,NARRATIVE
903373772,INDIANA UNIV BLOOMINGTON PD,191204,MONROE,BLOOMINGTON,BLOOMINGTON,5/19/2019,2:49 PM,2,0,0,0,0,,,,SR46,,,SR46,17TH,,,,Y,,,,39.17984,-86.507088,STATE ROAD,Y,N,N,URBAN,N,N,N,,DAYLIGHT,CLOUDY,DRY,,T-INTERSECTION,STRAIGHT/GRADE,ASPHALT,FOLLOWING TOO CLOSELY,UNDER $1001,REAR END,259,309,Y,N,EAST17THSTSR46,0,TRAFFIC CONTROL SIGNAL,"V2 was stopped at the red light on 17th Street facing southeast preparing to turn south on to State Road 45/46. V1 was approaching the intersection directly behind V2.D2 stated he stopped on 17th Street at State Road 45/46 for a red light V2 preparing to turn south. He stated that he moved forward a little to see if there were cars coming southbound on State Road 45/46, and then stopped again. He stated that V1 then struck the rear of his vehicle.D1 stated he was behind V2 on 17th Street at the State Road 45/46 intersection in V1. He stated V2 moved forward a little and he thought that V1 was going to turn south. He stated that he looked up and saw that V2 was stopped, but he did not have enough time to stop and collided into the rear of V2.There was minor damage to the rear bumper of V2. There was no damage to V1. Neither party was injured."
903373653,BLOOMINGTON PD,B1920353,MONROE,BLOOMINGTON,BLOOMINGTON,5/19/2019,11:14 AM,2,0,0,0,0,,PETE ELLIS,DR,,,,PETE ELLIS,LONGVIEW,,,,Y,,,,39.166944,-86.495056,LOCAL/CITY ROAD,,N,N,URBAN,N,N,N,,DAYLIGHT,RAIN,WET,,FOUR-WAY INTERSECTION,STRAIGHT/LEVEL,ASPHALT,FAILURE TO YIELD RIGHT OF WAY,$1001 TO $2500,LEFT TURN,1117,1128,Y,N,LONGVIEWAVEPETEELLISDR,0,STOP SIGN,"V1 WAS NORTH BOUND ON PETE ELLIS. D1 SAID SHE CAME TO A COMPLETE STOP AT THE INTERSECTION, SIGNALLED A LEFT TURN, AND PROCEEDED INTO THE INTERSECTION. SHE SAID AS SHE DID SO, SHE THOUGHT V2 ""ROLLED"" THE STOP SIGN GOING SOUTH ON PETE ELLIS DR, SO SHE BEGAN HONKING AT V2 WHILE TURNING LEFT.V2 WAS SOUTH BOUND ON PETE ELLIS DRIVE. D2 SAID THAT HE CAME TO A COMPLETE STOP AT THE INTERSECTION, DID NOT SEE V1 SIGNALLING A TURN, AND ENTERED THE INTERSECTION. D2 SAID THAT V1 SUDDELY TURNED LEFT IN FRONT OF HIM.BOTH DRIVERS CLAIM THEY CAME TO A COMPLETE STOP, THEN ENTERED THE INTERSECTION. BOTH DRIVERS DISPUTED THE OTHER DRIVER'S ACCOUNT OF WHAT HAPPENED. NO INJURIES REPORTED."
903374775,BLOOMINGTON PD,B1920527,MONROE,PERRY,BLOOMINGTON,5/20/2019,3:19 PM,2,0,0,0,0,,E 3RD,ST,,,,E 3RD,S CLARIZZ,,,,Y,,,,39.16424,-86.4908,LOCAL/CITY ROAD,Y,N,N,URBAN,N,N,N,,DAYLIGHT,CLEAR,DRY,,FOUR-WAY INTERSECTION,STRAIGHT/LEVEL,ASPHALT,FAILURE TO YIELD RIGHT OF WAY,$5001 TO $10000,RIGHT ANGLE,327,329,Y,N,E3RDSTSCLARIZZBLVD,0,TRAFFIC CONTROL SIGNAL,"V1 WAS IN THE LEFT OF TWO WEST BOUND LANES OF E. 3RD ST. WAITING TO TURN LEFT TO TRAVEL SOUTH ON S. CLARIZZ BLVD. V1 TURNED SOUTH AND STRUCK V2 WHICH WAS ALSO TURNING SOUTH BOUND FROM THE RIGHT OF TWO EAST BOUND LANES OF E 3RD ST.D1 STATED THAT HE WAS WAITING TO TURN LEFT FROM E 3RD ST AND THE TRAFFIC LIGHT TURNED YELLOW. D1 STATED THAT HE WATCHED AS A EAST BOUND CAR CONTINUED THROUGH THE INTERSECTION BEFORE HE ATTEMPTED TO TURN LEFT. D1 STATED THAT HE THOUGHT V2 HAD ENOUGH TIME TO STOP, BUT CONTINUED TO TURN RIGHT TO TRAVEL SOUTH ON S. CLARIZZ BLVD. D1 STATED THAT V1 AND V2 STRUCK EACH OTHER.V2 WAS TRAVELING EAST ON E 3RD ST IN THE RIGHT OF TWO EAST BOUND LANES. V2 TURNED RIGHT TO TRAVEL SOUTH ON S. CLARIZZ BLVD. AND STRUCK V1.D2 STATED SHE WAS DRIVING EAST IN THE RIGHT OF 2 EAST BOUND LANES. D2 STATED THAT SHE HAD A GREEN LIGHT ON THE TRAFFIC LIGHT SO SHE TURNED RIGHT TO TRAVEL SOUTH ON S. CLARIZZ BLVD. V2 STRUCK V1 AND IT TURNED LEFT FROM E. 3RD ST.THE TRAFFIC SIGNAL WAS OPERATIONAL."
903374451,BLOOMINGTON PD,B1920489,MONROE,PERRY,BLOOMINGTON,5/20/2019,11:49 AM,2,0,0,0,0,409,S WALNUT,ST,,,,S WALNUT,,,,,Y,,,,39.16273306,-86.5336,UNKNOWN,,N,N,URBAN,N,N,N,,DAYLIGHT,CLEAR,DRY,,NO JUNCTION INVOLVED,STRAIGHT/LEVEL,ASPHALT,UNSAFE BACKING,$1001 TO $2500,BACKING CRASH,1154,1154,Y,N,SWALNUTST,0,NONE,"V1 was parked in parking space facing SB in parking lot at 409 S Walnut street. V2 had just pulled into the parking lot and was headed EB, behind V1. V1 started to back out of parking space and struck V2 in the passenger side rear quarter panel with the driver side rear bumper of her vehicle.D1 stated that she was backing out of parking space and did not see V2 behind her.D2 stated she had pulled into the parking lot and was getting ready to park next to V1 when V1 backed up and struck her vehicle."
903374750,BLOOMINGTON PD,B1920473,MONROE,BLOOMINGTON,BLOOMINGTON,5/20/2019,10:15 AM,1,0,0,0,0,,2ND,ST,,,,322 E 2ND,LINCOLN,,,,Y,,,,39.16428045,-86.53121796,UNKNOWN,,,Y,URBAN,N,N,N,,UNKNOWN,CLEAR,DRY,,NO JUNCTION INVOLVED,,,IMPROPER LANE USAGE,$10001 TO $25000,OTHER - EXPLAIN IN NARRATIVE,1015,1015,N,Y,322E2NDSTSLINCOLNST,0,,"AT THIS TIME IT IS UNKNOWN AT WHAT TIME OR WHERE THE ACCIDENT TOOK PLACE. I DID PLACE THE LOCATION FOR THE ACCIDENT AS 322 E 2ND STREET, APT 8, AS THAT IS WHERE THE OWNER'S SON, AND THE PERSON WHO NORMALLY DRIVES THE VEHICLE LIVES. IT SHOULD BE NOTED THAT THE OWNER'S SON WAS NOT INVOLVED IN THE ACCIDENT OF THIS VEHICLE.THE OWNER OF V1 HAD REPORTED THE V1 AS STOLEN ON 05/15/2019.V1 WAS LOCATED ON 05/20/2019 WITH DAMAGE TO THE PASSENGER SIDE, MAKING IT APPEAR THAT IT HAD BEEN INVOLVED IN A SIDESWIPE.THE SUSPECT IN THE VEHICLE THEFT HAD DRIVEN V1 TO 352 S. DUNN STREET BUT HE HAD LEFT THE AREA PRIOR TO OFFICERS ARRIVAL AND WAS NOT LOCATED."
903375157,INDIANA UNIV BLOOMINGTON PD,191210,MONROE,BLOOMINGTON,BLOOMINGTON,5/21/2019,9:55 AM,2,0,1,0,0,,,,SR45N,,,SR45N,RANGE,,,,Y,,,,39.171504,-86.495312,STATE ROAD,,N,N,URBAN,N,N,N,,DAYLIGHT,CLOUDY,WET,,T-INTERSECTION,STRAIGHT/LEVEL,ASPHALT,FAILURE TO YIELD RIGHT OF WAY,$10001 TO $25000,LEFT TURN,958,1003,Y,Y,NRANGERDSR45N,0,LANE CONTROL,"9305/21/2019Officer Pesa assisted with traffic controlV1 was traveling southbound in the left hand turn lane on the SR 45/46 Bypass to turn onto N. Range road. V2 was traveling North on the SR 45/46 Bypass in the left lane.V1 was traveling south and attempting to turn left off of the SR 45/46 Bypass onto N. Range Road. V1 turned in front of V2 attempting to travel east on N. Range Rd while V2 was traveling north on the SR 45/46 Bypass. V1 made the turn at around 30 mph attempting to turn onto N. Range Rd. V1 failed to yield to V2 which led to a collision between the two vehicles.V2 was traveling north on the SR 45/46 Bypass in the left lane at around 45 mph. V2 was originally traveling in the right lane but changed lanes to the left lane as a construction vehicle was slowly traveling partially in the right hand lane and partially the side of the road about 150 feet ahead of V2. V2 switched to the left lane approximately 100 feet before the SR 45/46 Bypass and N. Range Road intersection. V1 was traveling southbound on the SR 45/46 Bypass and attempted to turn onto N. Range Rd to travel east. V1 did not have enough time to complete the turn as V2 was traveling north through the intersection. V2 and V1 then collided. D1 stated that she was attempting to turn onto N. Range Rd to travel east form the SR 45/46 Bypass. D1 stated that she initially thought V2 was going to make a U-turn as she saw V2 move out of the right lane into the left lane and begin to slow heading north. D1 thought she had enough time to pull out in front of V2 to complete her turn onto N. Range Rd but ended up colliding with V2 instead. D1 stated she thought she had enough time to complete her turn but did not.D2 stated that she was traveling northbound on the SR 45/46 Bypass in the right lane. D2 stated that she switched to the left lane about 100 feet prior to the SR 45/46 intersection with N. Range Rd as she witnessed a construction vehicle partially blocking the right hand lane of the northbound SR 45/46 traffic ahead of her. After she switched to the left lane she began to slow her vehicle for slowing traffic ahead of her. D2 stated she then saw V1 pull out in front of her which led to the collision.Both drivers did not complain of pain and did not request an ambulance at any point of the accident investigation. Later after both parties had arrived at their destinations after the accident, D2 contacted IUPD requesting an ambulance to check her out as she began to feel pain from the accident. Bloomington Hospital Ambulance Service unit 2164 responded to D2's residence to evaluate her. I responded to the residence as well. D2 complained of pain to her chest from the seatbelt and pain to her left arm from the airbag deployment. D2's left arm was visibly red and appeared to be starting to swell. D2 denied the offer to be transported to the hospital for further evaluation and stated she would go to the doctor if the pain worsened. It is to be noted that there is no traffic signal at the intersection of the SR 45/46 Bypass and N. Range Rd. Traffic turning onto N. Range Rd or off onto the SR 45/46 Bypass must yield to traffic traveling on the SR 45/46 Bypass.Photographs of the scene were saved under this case number."
903375624,BLOOMINGTON PD,B1920695,MONROE,RICHLAND,BLOOMINGTON,5/21/2019,3:25 PM,2,0,0,0,0,,3RD,ST,,,,W 3RD,CURRY,,,,Y,,200,W,39.16464,-86.58294268,LOCAL/CITY ROAD,,Y,Y,URBAN,N,N,N,,DAYLIGHT,RAIN,WET,,FOUR-WAY INTERSECTION,STRAIGHT/LEVEL,ASPHALT,FAILURE TO YIELD RIGHT OF WAY,$5001 TO $10000,RIGHT ANGLE,325,340,Y,Y,SCURRYPIKEW3RDST,0,NONE,"V1 pulled into traffic from a private lot on the South side of W. 3rd St. to turn Westbound. V1 pulled out in front of V2 who was traveling Eastbound on W. 3rd St. V1 collided with the front passenger side bumper of V2 with its driver side bumper. V1 then scraped down the passenger side of V2 and then struck the rear bumper of V2.V1 left West on W. 3rd St without providing the necessary information for the accident.Neither of the witness could provide a plate number, but both stated that the driver of V1 fled West bound on W. 3rd St. Nick (W1) stated that V1 was possibly a 2006 Buick Lesabre or Lacrosse.A criminal case was completed for this case. Photographs were logged into evidence. V1 / D1 were never located. V2 had heavy front end, passenger side, and rear end damage from the collision. No injuries were reported."
903375587,BLOOMINGTON PD,B19-20732,MONROE,BLOOMINGTON,BLOOMINGTON,5/21/2019,7:43 PM,2,0,0,0,0,,W 7TH,ST,,,,W 7TH,N FAIRVIEW,,,,Y,,,,39.16872,-86.541104,LOCAL/CITY ROAD,,N,Y,URBAN,Y,N,N,,DAYLIGHT,CLOUDY,DRY,,T-INTERSECTION,STRAIGHT/GRADE,ASPHALT,IMPROPER TURNING,UNDER $1001,LEFT/RIGHT TURN,743,750,Y,Y,NFAIRVIEWSTW7THST,0,STOP SIGN,"Owner of vehicle 2 (V2) advised that his vehicle was parked in the area from 6:00pm-7:30pm. He advised that when he returned to the vehicle he found damage on the front wheel well on the driver's side of V2. V2 was parked on W 7th Street facing eastbound.While I was observing the vehicle it appeared that there was possibly red paint transfer. I took photographs of the damage and uploaded them as Evidence per department policy and procedure. Based on the damage, I was unable to determine a direction of travel of the other vehicle involved. I also attempted to locate and check video cameras in the area, but was unsuccessful in locating any that would have recorded the area of the incident."
903375955,MONROE SD,M19A16560,MONROE,PERRY,BLOOMINGTON,5/21/2019,10:27 AM,3,0,0,0,0,,S FAIRFAX,RD,,,,S FAIRFAX,E CHERRY,,,,N,OTHER,250,N,39.09784,-86.5168,LOCAL/CITY ROAD,,N,Y,RURAL,N,N,N,,DAYLIGHT,RAIN,WET,NONE,NO JUNCTION INVOLVED,STRAIGHT/GRADE,ASPHALT,FOLLOWING TOO CLOSELY,$10001 TO $25000,REAR END,1030,1050,Y,N,ECHERRYLNSFAIRFAXRD,0,NONE,"V1 AND V2, BOTH COMCAST BUCKET TRUCKS, WERE TRAVELING NORTHBOUND ON S FAIRFAX ROAD WHEN V3, IN FRONT OF V1, STOPPED ABRUPTLY DUE TO UTILITY WORK IN THE AREA. V1 THEN REAR ENDED V3 AND V1 WAR REAR ENDED BY V2. D3 ADVISED D1 THAT THERE WAS NO DAMAGE TO V3; THEREFORE, D3 LEFT THE SCENE.THE UTILITY WORKERS IN THE AREA ALSO LEFT THE SCENE PRIOR TO MY ARRIVAL."
903376407,MONROE SD,M19A16604,MONROE,PERRY,BLOOMINGTON,5/21/2019,5:19 PM,2,0,0,0,0,,WALNUT,PIKE,,,,WALNUT STREET,FAIRFAX,,,,N,,200,N,39.12830788,-86.52648,LOCAL/CITY ROAD,,N,N,RURAL,N,N,N,,DAYLIGHT,CLOUDY,WET,,NO JUNCTION INVOLVED,STRAIGHT/LEVEL,ASPHALT,FAILURE TO YIELD RIGHT OF WAY,$5001 TO $10000,OPPOSITE DIRECTION SIDESWIPE,520,534,Y,N,FAIRFAXRDWALNUTSTREETPIKE,0,NONE,"DUE TO A ROAD BEING BLOCKED, UNIT 1 PULLED INTO A DRIVEWAY TO TURN AROUND. UNIT 1 BACKED OUT INTO THE ROAD, INTO THE PATH OF UNIT 2. UNIT 1 SUSTAINED DAMAGE TO THE PASSENGER SIDE REAR BUMPER AND UNIT 2 SUSTAINED DAMAGE TO THE FRONT PASSENGER SIDE DOOR AND QUARTER PANEL. THE VIEW OF UNIT 1 WAS OBSTRUCTED BY A LARGE BUSH LOCATED NEXT TO THE ROAD, BLOCKING THE VIEW OF UNIT 2."
903375702,MONROE SD,M19A16571,MONROE,PERRY,BLOOMINGTON,5/21/2019,11:10 AM,2,0,0,0,0,,,,SR46E,,,SR46E,TWINLEAF,,,,N,,500,W,39.16373716,-86.41857996,STATE ROAD,,N,N,URBAN,N,N,N,,DAYLIGHT,RAIN,WET,,NO JUNCTION INVOLVED,STRAIGHT/LEVEL,ASPHALT,FOLLOWING TOO CLOSELY,$5001 TO $10000,REAR END,1144,1158,Y,N,STWINLEAFDRSR46E,0,NONE,"V1 WAS TRAVELING WEST ON STATE ROAD 46. D1 STATED THAT V2 WAS SLOWING VERY RAPIDLY DUE TO A VEHICLE AHEAD OF V2 THAT WAS STOPPED IN THE ROADWAY, ASSISTING A DOG THAT WAS LOOSE. V2 CAME TO A STOP, AND D1 STATED THAT SHE WAS UNABLE TO STOP IN TIME TO AVOID STRIKING V2 FROM THE REAR. D2 SAID HE SAW THAT V1 WAS NOT GOING TO BE ABLE TO STOP IN TIME AND HE WAS STRUCK FROM THE REAR."
903376209,BLOOMINGTON PD,B1920826,MONROE,BLOOMINGTON,BLOOMINGTON,5/21/2019,9:00 AM,1,1,0,0,0,1111,N WALNUT,ST,,,,N WALNUT,,,,,Y,PRIVATE,,,39.17694922,-86.53342237,LOCAL/CITY ROAD,,N,Y,URBAN,N,N,N,,UNKNOWN,CLOUDY,,,NO JUNCTION INVOLVED,STRAIGHT/GRADE,ASPHALT,UNSAFE BACKING,$5001 TO $10000,RAN OFF ROAD,219,230,N,N,NWALNUTST,0,NONE,"The owner of the fence stated a semi truck drove onto his property to back up heading westbound. According to the owner, D1 backed the semi and sideswiped his fence causing damage. The owner also advised D1 then struck a utility pole causing damage. It was reported this incident occurred on either Monday 5/20/19 or Tuesday 5/21/19 at an unknown time. Due to D1 leaving the scene of the accident without providing the proper information, there will be a local case report done."
903374953,BLOOMINGTON PD,B1920630,MONROE,BLOOMINGTON,BLOOMINGTON,5/21/2019,8:52 AM,2,0,0,0,0,,3RD,ST,,,,3RD,ROOSEVELT,,,,Y,,,,39.164304,-86.505792,LOCAL/CITY ROAD,,N,N,URBAN,N,N,N,,DAYLIGHT,CLOUDY,DRY,,T-INTERSECTION,STRAIGHT/GRADE,ASPHALT,FOLLOWING TOO CLOSELY,$1001 TO $2500,REAR END,855,900,Y,N,3RDSTROOSEVELTST,0,NONE,"V1 and V2 were traveling westbound on 3rd Street. V1 struck V2 in the rear.D1 stated that he was looking ahead to the light and saw it turn green. He did not realize that V2 had not started moving forward and had looked down. Upon looking up, he was unable to avoid striking V2.D2 stated that he was stopped in traffic and that V1 struck him in the rear.V1 did Strike V2 in the rear causing damage to both vehicles.W1 observed V1 strike V2 and has dash cam video that she will save."
903375143,BLOOMINGTON PD,B1920666,MONROE,PERRY,BLOOMINGTON,5/21/2019,11:57 AM,2,0,0,0,0,,WINSLOW,RD,,,,WINSLOW,WALNUT,,,,Y,,200,E,39.13613411,-86.52798283,LOCAL/CITY ROAD,,N,N,URBAN,N,N,N,,DAYLIGHT,CLOUDY,WET,,NO JUNCTION INVOLVED,STRAIGHT/LEVEL,ASPHALT,FAILURE TO YIELD RIGHT OF WAY,$5001 TO $10000,SAME DIRECTION SIDESWIPE,1157,1215,Y,N,WALNUTSTWINSLOWRD,0,NONE,"D1 STATED SHE EXITED ONTO WINSLOW RD FROM THE CREDIT UNION PARKING LOT IN THE NORTHERN MOST LANE. SHE INDIATED THAT SHE BEGAN TO MERGE LEFT INTO THE TURN LANE AND DID NOT SEE V1 PRIOR TO MAKING HER LANE CHANGE. D1 SAID V2 MUST HAVE BEEN IN HER BLIND SPOT AND SHE COLLIDED INTO THE PASSENGER SIDE OF V2. D2 STATED HE WAS TRAVELING WEST ON WINSLOW RD AND AS HE WAS APPROACHING THE CREDIT UNION EXIT, V1 PULLED ONTO WINSLOW IN THE NORTHERN MOST LANE. HE SAID V1 THEN MERGED OVER INTO HIS LANE, COLLIDING INTO THE SIDE OF HIS VEHICLE."
903375595,BLOOMINGTON PD,B1920747,MONROE,PERRY,BLOOMINGTON,5/21/2019,10:10 PM,1,0,0,0,0,,SMITH,RD,,,,S SMITH,STONEGATE,,,,Y,,33,N,39.16463926,-86.48072,LOCAL/CITY ROAD,,N,N,URBAN,N,N,N,,DARK (NOT LIGHTED),CLEAR,DRY,,FOUR-WAY INTERSECTION,STRAIGHT/LEVEL,ASPHALT,RAN OFF ROAD RIGHT,$5001 TO $10000,RAN OFF ROAD,1014,1020,Y,N,SSMITHRDSTONEGATEDR,0,NONE,"D1 STATED SHE WAS ADJUSTING HER REAR VIEW MIRROR WHEN SHE VEERED TO THE RIGHT SIDE OF THE ROAD, STRIKING A CONCRETE CULVERT ON THE RIGHT HAND SIDE OF THE ROADWAY. D1 WAS HAD JUST TURNED N/B ONTO S SMITH RD FROM STONEGATE PRIOR TO THE ACCIDENT. AIRBAGS DID DEPLOY, NO INJURIES TO D1. NO NOTICEABLE DAMAGE TO THE CONCRETE BARRIER."
903374944,ELLETTSVILLE PD,E1902816,MONROE,RICHLAND,ELLETTSVILLE,5/21/2019,7:55 AM,2,0,0,0,0,,TEMPERANCE,ST,,,,TEMPERANCE,HARTSTRAIT,,,,Y,,,,39.22766,-86.61594,LOCAL/CITY ROAD,Y,N,N,URBAN,N,N,N,,DAYLIGHT,CLOUDY,DRY,,FOUR-WAY INTERSECTION,STRAIGHT/LEVEL,ASPHALT,FOLLOWING TOO CLOSELY,$2501 TO $5000,REAR END,755,759,Y,N,HARTSTRAITRDTEMPERANCEST,0,TRAFFIC CONTROL SIGNAL,Narrative By Chief Deputy William Jay HumphreyEllettsville Police DepartmentDriver of Vehicle #1 going West Bound on Temperance St . At the Intersection of Temperance St. And Hartstrait Rd. Vehicle #1 struck rear of Vehicle #2 who was stopping and slowing down on Temperance St in refernce to Traffic Signal light .
903375281,BLOOMINGTON PD,B1920668,MONROE,BLOOMINGTON,BLOOMINGTON,5/21/2019,7:00 AM,2,0,0,0,0,1915,S WALNUT,ST,,,,S WALNUT,,,,,Y,,,,39.1835444,-86.53425422,UNKNOWN,,,Y,URBAN,N,N,N,,,CLOUDY,DRY,,NO JUNCTION INVOLVED,STRAIGHT/LEVEL,ASPHALT,,,,1215,1215,Y,Y,SWALNUTST,0,NONE,V2 was parked on the SW end of the parking lot at 1915 S Walnut street and was facing North. V1 struck V2 in the front bumper causing damage to V2. V1 then left area without stopping.
903375900,BLOOMINGTON PD,B1920790,MONROE,BLOOMINGTON,BLOOMINGTON,5/22/2019,9:30 AM,2,0,0,0,0,,3RD,ST,,,,3RD,COLLEGE MALL,,,,Y,,,,39.16424,-86.4984,LOCAL/CITY ROAD,,N,Y,URBAN,N,N,N,,DAYLIGHT,RAIN,WET,,NO JUNCTION INVOLVED,STRAIGHT/LEVEL,ASPHALT,FAILURE TO YIELD RIGHT OF WAY,$1001 TO $2500,SAME DIRECTION SIDESWIPE,1040,1050,Y,N,3RDSTCOLLEGEMALLRD,0,NONE,"D2 STATED SHE WAS TRAVELING WEST ON 3RD STREET IN THE SOUTHERN MOST LANE. SHE INDICATED AS SHE ENTERED THE INTERSECTION OF COLLEGE MALL RD, V1, WHICH WAS TRAVELING WEST IN THE NORTHERN MOST LANE, MERGED INTO THE PASSENGER SIDE OF HER VEHICLE. D2 STATED AFTER THE COLLISION SHE MERGED RIGHT BEHIND V1 AND ASSUMED THEY WERE GOING TO PULL INTO THE RED LOBSTER PARKING LOT. D2 SAID SHE PULLED INTO THE LOT AND V1 CONTINUED WEST. D2 DID NOT GET A PLATE NUMBER OF THE OFFENDING VEHICLE BUT DESCRIBED IT AS A TAN MINI VAN."
903376033,BLOOMINGTON PD,B1920810,MONROE,PERRY,BLOOMINGTON,5/22/2019,12:10 PM,2,0,1,0,0,,WALNUT,ST,,,,S WALNUT,PINEWOOD,,,,Y,,100,S,39.12095449,-86.53143,LOCAL/CITY ROAD,,N,N,URBAN,N,N,N,,DAYLIGHT,CLOUDY,WET,,T-INTERSECTION,STRAIGHT/LEVEL,ASPHALT,FAILURE TO YIELD RIGHT OF WAY,$10001 TO $25000,LEFT TURN,1220,1222,Y,Y,SWALNUTSTWPINEWOODDR,0,NONE,"D1 STATED HE WAS PULLING OUT OF FORCE FITNESS PARKING LOT. D1 STATED HE PULLED TO THE END OF THE DRIVE AND STOPPED AT SOUTH WALNUT ST. WHICH CROSS TRAFFIC DOES NOT STOP. D1 STATED HE LOOKED LEFT AND DID NOT SEE ANY CARS. D1 STATED HE THEN LOOKED RIGHT AND DID NOT SEE ANY CARS. D1 STATED HE PULLED INTO THE INTERSECTION AND WAS THEN STRUCK BY V2 IN THE BACK DRIVERS SIDE OF HIS VEHICLE.D2 STATED SHE WAS TRAVELLING SOUTH ON SOUTH WALNUT ST. D2 STATED D1 PULLED TO THE EDGE OF THE ROADWAY LEAVING FORCE FITNESS AND CAME TO A STOP. D2 STATED D1 PULLED OUT IN FRONT OF HER ATTEMPTING TO TURN LEFT (NOTH). D2 STATED SHE ATTEMPTED TO APPLY HER BRAKES, BUT WAS UNABLE TO STOP IN TIME. D2 STATED THE FRONT OF HER VEHCILE STRUCK THE BACK DRIVERS SIDE OF V1 CAUSING DAMAGE TO BOTH VEHICLES.W1 STATED HE WAS FOLLOWING D2 TRAVELLING SOUTH ON SOUTH WALNUT ST. W1 STATED D1 CAME TO A STOP WHEN HE APPROACHED SOUTH WALNUT ST. ATTEMPTING TO LEAVE FORCE FITNESS. W1 STATED D1 THEN PULLED OUT IN FRONT OF D2 ATTEMPTING TO TURN NORTH. W1 STATED D2 WAS UNABLE TO STOP IN TIME. W1 STATED V2 HIT THE BACK DRIVERS SIDE OF V1 CAUSING DAMAGE TO BOTH."
903376466,INDIANA UNIV BLOOMINGTON PD,191216,MONROE,BLOOMINGTON,BLOOMINGTON,5/22/2019,10:08 PM,1,0,0,0,1,,,,SR46,,,SR46,MILO B SAMPSON,,,,Y,,,,0,0,STATE ROAD,,N,N,URBAN,N,N,N,,DARK (NOT LIGHTED),CLEAR,DRY,,NO JUNCTION INVOLVED,STRAIGHT/LEVEL,ASPHALT,ANIMAL/OBJECT IN ROADWAY,$1001 TO $2500,COLLISION WITH DEER,1010,1010,Y,N,NMILOBSAMPSONLNSR46,0,LANE CONTROL,"V1 was traveling WB on State Road 45/46 bypass approaching Milo Sampson Road when the accident occurred. When I pulled on scene, I observed the deer deceased and laying in the middle of the right most WB traffic lane. D1 stated he was traveling WB on the bypass in the right most lane when he observed a deer run in front of V1. D1 stated he had no time to respond and struck the deer with the front bumper of V1. I observed the front bumper area and hood of V1 had been damaged due to the deer strike. D1 was able to drive V1 away from the scene."
903376371,BLOOMINGTON PD,B1920861,MONROE,BLOOMINGTON,BLOOMINGTON,5/22/2019,6:09 PM,2,0,0,0,0,,N KINSER,PIKE,,,,N KINSER,W 17TH,,,,Y,,,,39.178992,-86.537792,LOCAL/CITY ROAD,Y,N,N,URBAN,N,N,N,,DAYLIGHT,CLEAR,DRY,,FOUR-WAY INTERSECTION,STRAIGHT/HILLCREST,ASPHALT,FOLLOWING TOO CLOSELY,$2501 TO $5000,REAR END,611,621,Y,N,NKINSERPIKEW17THST,0,TRAFFIC CONTROL SIGNAL,"V2 was driving northbound on N. Kinser Pike with V1 following behind V2. After passing through the intersection of N. Kinser and W 17th st, V2 stopped to avoid hitting a vehicle she was following and then V1 collided with the rear of V2. The vehicle in front of V2 was turning off of the roadway in an attempt to turn around. V2 did not collide with the other vehicle.D2 stated that she was driving northbound and the vehicle in front of her stopped abruptly and turned its turn signal on to turn east into a private drive. D2 said that she braked hard as to not hit the vehicle. V1 then collided with the rear of her vehicle.D1 stated that he was following V2 northbound on N. Kinser when V2 stopped abruptly. D1 said that he did attempt to brake to avoid colliding with V2 but was not able to stop in time. D1 said that his anti-lock brakes did engage as he attempted to stop.The collision cause moderate damage to the front of V1 and the rear of V2. Both vehicles were still operable and were driven away from the scene. No injuries to involved parties."
903375893,BLOOMINGTON PD,B1920794,MONROE,BLOOMINGTON,BLOOMINGTON,5/22/2019,9:51 AM,1,0,1,0,0,,COUNTRY SIDE,DR,,,,COUNTRY SIDE,RCA PARK,,,,Y,,100,W,39.14333,-86.54321134,LOCAL/CITY ROAD,,N,N,URBAN,N,N,N,,DAYLIGHT,RAIN,WET,,NO JUNCTION INVOLVED,CURVE/GRADE,ASPHALT,SPEED TOO FAST FOR WEATHER CONDITIONS,$2501 TO $5000,RAN OFF ROAD,952,1006,Y,N,COUNTRYSIDEDRRCAPARKDR,0,NONE,V1 WAS EASTBOUND ON COUNTRY SIDE LANE APPROACHING RCA PARK DRIVE.D1 SAID AFTER HE WENT OVER A SPEED BUMP HE LOST CONTROL ON THE WET PAVEMENT AND RAN OFF THE ROAD STRIKING A TREE.
903376571,ISP BLOOMINGTON 33,2.019E+11,MONROE,INDIAN CREEK,BLOOMINGTON,5/22/2019,11:35 AM,2,0,0,0,0,,,,I69,,,I69,,,105,,N,,50,S,,,INTERSTATE,,N,N,RURAL,N,N,N,,DAYLIGHT,RAIN,WET,,NO JUNCTION INVOLVED,STRAIGHT/GRADE,ASPHALT,UNSAFE LANE MOVEMENT,$5001 TO $10000,SAME DIRECTION SIDESWIPE,1136,1139,Y,N,I69105.0,0,LANE CONTROL,"Vehicle 1 (silver 2008 Ford Taurus) was traveling north on I69, 50 feet south of the 105.0MM in the left lane. Vehicle 2 (silver 2018 Toyota 4 Runner) was north on I69, 50 feet south of the 105.0MM in the right lane. Vehicle 1 moved in to the right lane, striking the driver's side of vehicle 2. This resulted in damage to both vehicles.Driver 1 ( Janet Riggins) advised that she was traveling north on I69, in the left lane. She advised that she was following a semi and vehicle 2 was behind her. She advised that she attempted to move in to the right lane and in doing so struck vehicle 2. She advised that she did not see vehicle 2 move in to the right lane before she attempted to change lanes.Driver 2 ( Scott Deon) advised that he was traveling north on I69, in the right lane. He advised that as he traveled north, vehicle 1 changed lanes in to his vehicle.Both vehicles involved in the crash were driven from the scene. No injuries were reported at the time of the investigation."
903380971,MONROE SD,M19A16746,MONROE,RICHLAND,ELLETTSVILLE,5/22/2019,3:42 AM,2,0,0,0,0,,LAKEVIEW,DR,,,,N LAKEVIEW,,SR46,,,N,,900,S,39.221152,-86.6056,LOCAL/CITY ROAD,,N,N,URBAN,N,N,N,,DAYLIGHT,CLEAR,DRY,,NO JUNCTION INVOLVED,STRAIGHT/LEVEL,ASPHALT,UNSAFE BACKING,$5001 TO $10000,BACKING CRASH,347,355,Y,N,NLAKEVIEWDRWSTATEROAD46RD,0,NONE,D1 ADVISED SHE WAS ON HER BUS ROUTE DROPPING SCHOOL KIDS OFF WHEN SHE PASSED ONE OF HER STOPS AND ADVISED SHE STOPPED QUICKER THAN NORMAL AND WAS REAR ENDED BY V2.D2 ADVISED SHE CAME TO A STOP AS THE SCHOOL BUS IN FRONT OF HER HAD STOP. D2 THEN NOTICED THE BUS REVERSE LIGHTS CAME ON AND BACKED INTO V2.