Master Record Number,Agency,Local Code,County,Township,City,Collision Date,Collision Time,Vehicles Involved,Trailers Involved,Number Injured,Number Dead,Number Deer,House Number,Roadway Name,Roadway Suffix,Roadway Number,Roadway Interchange,Roadway Ramp,Roadway Id,Intersecting Road,Intersecting Road Number,Mile Marker,Interchange,Corporate Limits?,Property Type,Feet From,Direction,Latitude,Longitude,Roadway Class,Traffic Control Devices?,Aggressive Driving?,Hit and Run?,Locality,School Zone?,Rumble Strips?,Construction?,Construction Type,Light Condition,Weather Conditions,Surface Condition,Type of Median,Roadway Junction Type,Road Character,Roadway Surface,Primary Factor,Damage Estimate,Manner of Collision,Time Notified,Time Arrived,Investigation Complete?,Photos Taken?,Unique Location Id,State Property Damage?,Traffic Control,NARRATIVE
903378790,MONROE SD,M19A17260,MONROE,VAN BUREN,BLOOMINGTON,5/26/2019,2:17 PM,1,0,0,0,0,,GARDNER,RD,,,,GARDNER,GREENE OUNTY LINE,,,,N,,2000,E,,,COUNTY ROAD,,N,N,RURAL,N,N,N,,DAYLIGHT,RAIN,WET,,NO JUNCTION INVOLVED,CURVE/GRADE,ASPHALT,SPEED TOO FAST FOR WEATHER CONDITIONS,$1001 TO $2500,RAN OFF ROAD,230,240,Y,N,GARDNERRDGREENEOUNTYLINERD,0,NONE,Driver was west bound on Gardner Rd on a class B MDC. The driver was driving in rainy weather conditions and was carrying a heavy bag of animal feed on his MDC. When the driver approached a curve before a bridge he lost control and hit the guard rail on the south side of the bridge. The driver stated that he lost control due to the wet roadway conditions.
903378791,MONROE SD,M19A17276,MONROE,SALT CREEK,BLOOMINGTON,5/26/2019,8:12 PM,1,0,0,0,0,,,,SR446S,,,SR446S,OAK RIDGE,,,,N,,150,N,39.13305222,-86.45175425,STATE ROAD,,N,N,RURAL,N,N,N,,DAWN/DUSK,CLOUDY,WET,,NO JUNCTION INVOLVED,CURVE/GRADE,ASPHALT,SPEED TOO FAST FOR WEATHER CONDITIONS,$2501 TO $5000,RAN OFF ROAD,828,842,Y,N,OAKRIDGELNSR446S,0,NONE,Driver Amy L Reader was north bound on S SR 446 just north of Rush Ridge Rd. The roadway conditions were wet from a recent rain making the roadway surface slick. The driver stated that she lost control of the vehicle striking a guard rail on the east side of the roadway causing the vehicle to go across both lanes and strike the guard rail on the west side of the roadway. When the vehicle struck the west side guard rail the vehicle flipped on its passenger side coming to rest in the middle of the roadway.The driver admitted to drinking 3-4 beers at a party before driving on S SR 446.
903378997,MONROE SD,M19A17256,MONROE,WASHINGTON,BLOOMINGTON,5/26/2019,1:29 PM,2,0,0,0,0,,OLD STATE ROAD 37,RD,,,,8771 N OLD STATE ROAD 37,COURTLAND,,,,N,,3000,N,0,0,LOCAL/CITY ROAD,,N,N,RURAL,N,N,N,,DAYLIGHT,CLEAR,DRY,,NO JUNCTION INVOLVED,STRAIGHT/LEVEL,ASPHALT,UNSAFE BACKING,$2501 TO $5000,BACKING CRASH,131,146,Y,N,8771NOLDSTATEROAD37RDNCOURTLANDRD,0,NONE,Driver of Vehicle 2 stated he slowed and stopped as Vehicle 1 was attempting to go backward (south) in the Northbound lane. Vehicle 1 continued backing until it struck Vehicle 2 causing disabling front end damage. Driver of Vehicle 1 stated he did not see Vehicle 2 behind him. He stated he was attempting to go back ward has he missed the address he needed to turn into. There was no damage to Vehicle 1. Driver of Vehicle 2 was seen by an EMTs but refused any medical assistance.
903378753,BLOOMINGTON PD,B1921422,MONROE,BLOOMINGTON,BLOOMINGTON,5/26/2019,6:09 PM,2,0,0,0,0,,E 3RD,ST,,,,E 3RD,S PARK RIDGE,,,,Y,,,,39.16424,-86.476096,LOCAL/CITY ROAD,,N,N,URBAN,N,N,N,,DAYLIGHT,CLOUDY,DRY,,FOUR-WAY INTERSECTION,STRAIGHT/GRADE,ASPHALT,UNSAFE LANE MOVEMENT,$1001 TO $2500,SAME DIRECTION SIDESWIPE,609,619,Y,N,E3RDSTSPARKRIDGEDR,0,NONE,Vehicle 1 and 2 were both traveling west on E 3rd St. Vehicle 1 was in the left lane and vehicle 2 was in right lane. A vehicle that was not involved was attempting to turn south onto Park Ridge from E 3rd in front of vehicle 1. Vehicle 1 slowed for the turning vehicle and attempted to change to the right lane to go around the vehicle. Driver of vehicle 1 stated that he checked his mirrors before changing lanes but failed to see vehicle 2. Driver of vehicle 1 signaled and began changing lanes. Vehicle 2 was already next to vehicle 1 when it began to change lanes. Vehicle 1 then collided with Vehicle 2 causing moderate damage to the front passenger side of vehicle 1 and moderate damage to the front driver's side of vehicle 2. No injuries were reported and both vehicles were able to drive from the scene.
903378757,BLOOMINGTON PD,B1921410,MONROE,PERRY,BLOOMINGTON,5/26/2019,5:00 PM,2,0,0,0,0,2701,E 3RD,ST,,,,E 3RD,,,,,Y,,,,39.16424,-86.4984,UNKNOWN,,N,Y,URBAN,N,N,N,,DAYLIGHT,CLEAR,DRY,,NO JUNCTION INVOLVED,STRAIGHT/GRADE,ASPHALT,UNSAFE BACKING,UNDER $1001,BACKING CRASH,506,516,Y,Y,E3RDST,0,NONE,"AT THE TIME OF THE HIT AND RUN, NO OCCUPANTS IN V1, WHICH WAS PARKED ON THE SOUTH SIDE OF CVS PARKING LOT IN THE NORTHERN MOST ROW. W1 STATED THAT THEY OBSERVED WHAT LOOKED LIKE AN OLDER MODEL WHITE NISSAN SENTRA WITH TWO OCCUPANTS BACK IN TO V1 AS V2 WAS ATTEMPTING TO REVERSE AND THEN LEFT THE SCENE.SUPPLEMENT 5/27/19 @ 1601 HOURS: CHANGED PRIMARY CAUSE OF ACCIDENT TO UNSAFE BACKING. D1 INFO WAS REMOVED, AS THERE WAS NO DRIVER IN V1. PRINTED OUT FIELD FORM FOR RECORDS."
903380644,BROWN SD,19A052601,MONROE,BLOOMINGTON,BLOOMINGTON,5/26/2019,5:24 PM,2,0,0,0,0,,KENT,RD,,,,KENT RD,TC STEELE,,,,N,,,,39.14375,-86.36965,COUNTY ROAD,,N,N,URBAN,N,N,N,,DAYLIGHT,CLEAR,DRY,,NO JUNCTION INVOLVED,STRAIGHT/HILLCREST,ASPHALT,OTHER (VEHICLE) - EXPLAIN IN NARRATIVE,$1001 TO $2500,OPPOSITE DIRECTION SIDESWIPE,527,535,Y,N,KENTRDRDTCSTEELERDRD,0,NONE,Unit 1 was West bound on Kent road. Unit 2 was East bound on Kent road. Both Unit 1 and Unit 2 attempted to get off the road as much as possible without going into the ditch. Unit 1's mirror struck Unit 2's mirror causing it to break and strike Driver 2 in the nose. After the impact Driver 2's passenger mirror struck a tree and break. Glass flew into the passenger side window causing an abrasion on the face of Unit 2's passenger. Driver 2 had minor bleeding from the nose.Driver 2 stated that he was going to drive his self to the hospital. Driver 1 stated he did not need medical attention
903381837,BLOOMINGTON PD,B1921466,MONROE,PERRY,BLOOMINGTON,5/26/2019,8:20 PM,2,0,0,0,0,528,S COLLEGE,AVE,,,,S COLLEGE,,,,,N,,,,39.16115717,-86.53485253,UNKNOWN,,N,Y,URBAN,N,N,N,,DAWN/DUSK,CLOUDY,DRY,,NO JUNCTION INVOLVED,STRAIGHT/GRADE,ASPHALT,UNSAFE BACKING,UNDER $1001,BACKING CRASH,935,935,N,Y,SCOLLEGEAVE,0,NONE,"V2 was parked in a parking spot facing southwest at 528 S College Avenue, Kroger. The driver went into the store at approximately 2015hrs on 5/26/19 and returned to his vehicle at approximately 2020hrs. When the driver returned to his vehicle, he noticed a dent and scrapes in the paint on the passenger side rear quarter panel. There were traces of white paint that had transferred to the vehicle. The driver stated the other vehicle was no longer on scene and then they called the police."
903378614,BLOOMINGTON PD,B1921377,MONROE,BLOOMINGTON,BLOOMINGTON,5/26/2019,11:15 AM,2,0,0,0,0,,W 7TH,ST,,,,W 7TH,N ELM,,,,Y,,50,W,39.168704,-86.5452,LOCAL/CITY ROAD,,N,N,URBAN,N,N,N,,DAYLIGHT,CLEAR,DRY,,NO JUNCTION INVOLVED,STRAIGHT/LEVEL,ASPHALT,DRIVER DISTRACTED - EXPLAIN IN NARRATIVE,$2501 TO $5000,RIGHT ANGLE,1123,1135,Y,N,NELMSTW7THST,0,NONE,D1 STATED SHE WAS PULLING SOUTH OUT OF HER DRIVEWAY. D1 STATED SHE DID NOT SEE V2 AND PULLED INTO THE ROADWAY CAUSING HER VEHICLE TO COLLIDE WITH V2 AND CAUSING DAMAGE TO BOTH VEHICLES. D2 STATED SHE WAS DRIVING WEST OF W. 7TH ST. D2 STATED SHE DID NOT SEE V1. D2 STATED V1 HIT HER IN THE PASSENGER SIDE OF HER VEHCILE CAUSING DAMAGE TO BOTH VEHICLES.
903378808,BLOOMINGTON PD,B1921448,MONROE,BLOOMINGTON,BLOOMINGTON,5/26/2019,9:50 PM,2,0,0,0,0,,S WALNUT,ST,,,,S WALNUT,E 1ST,,,,Y,,,,39.17784,-86.533408,LOCAL/CITY ROAD,Y,N,Y,URBAN,N,N,N,,DARK (LIGHTED),CLEAR,DRY,,FOUR-WAY INTERSECTION,STRAIGHT/LEVEL,ASPHALT,FOLLOWING TOO CLOSELY,UNDER $1001,REAR END,955,1000,N,Y,E1STSTSWALNUTST,0,TRAFFIC CONTROL SIGNAL,"V2 WAS STOPPED AT STOPLIGHT, FACING N/B ON S WALNUT ST. V2 APPROACHED FROM THE REAR, REAR ENDING V2, CAUSING SLIGHT DAMAGE. D1 WAS DESCRIBED AS WHITE MALE, 60'S, HEAVY SEAT. NO VEHICLE INFORMAITON OTHER THAN SILVER CHEVROLET EQUINOX, LAST SEEN HEADED E/B ON E 1ST ST. D1 DID NOT PROVIDE ANY INFORMATION FOR HIS VEHICLE, OR NAME, OR INSURANCE. NO PLATE INFORMATION FOR V1."
903381096,ISP BLOOMINGTON 33,2.019E+11,MONROE,PERRY,BLOOMINGTON,5/26/2019,4:30 AM,1,0,0,0,1,,,,I69,,,I69,,,114,,N,,300,S,0,0,INTERSTATE,,N,N,RURAL,N,N,N,,DARK (NOT LIGHTED),CLEAR,DRY,,NO JUNCTION INVOLVED,CURVE/LEVEL,CONCRETE,ANIMAL/OBJECT IN ROADWAY,UNDER $1001,COLLISION WITH DEER,430,437,Y,Y,I69114,0,LANE CONTROL,"Vehicle 1 was traveling northbound on I69 just south of the 114 mile marker when it struck a deer in the roadway. Vehicle 1 sustained minor damage and was driven from the scene.Vehicle 1, a White 2011 Dodge Charger was traveling northbound on I69 near the 114 mile marker in the left lane when a deer entered the roadway. Vehicle 1 swerved in an attempt to avoid striking the deer but was unsuccessful and struck the deer with the front bumper on the passenger side. Vehicle 1 sustained minor cosmetic damage to the front bumper as well as to the wheel liner for the front passenger side tire. Vehicle 1 was driven from the scene.Driver 1, Caleb Garvin, stated he was traveling northbound on I69 near the 114 mile marker when a deer entered the roadway from the east side of the road traveling westbound. Garvin stated he attempted an evasive maneuver to avoid striking the deer but was unsuccessful. Garvin was not injured in the crash and drove the vehicle from the scene."
903379164,ELLETTSVILLE PD,E1902943,MONROE,RICHLAND,ELLETTSVILLE,5/27/2019,3:30 PM,2,0,0,0,0,,,,SR8120E,,,SR8120E,,SR46,,,N,,800,W,0,0,STATE ROAD,,N,N,RURAL,N,N,N,,DAYLIGHT,CLEAR,DRY,,NO JUNCTION INVOLVED,CURVE/GRADE,ASPHALT,DRIVER DISTRACTED - EXPLAIN IN NARRATIVE,$2501 TO $5000,REAR END,325,330,Y,N,SR8120ESTATEROAD46RD,0,NONE,AT APPROXIMATLY 1525 HOURS I OFFICER DUSTIN WHITE WAS DISPATCHED TO A MINOR REAR END COLLISION AT 8120 WEST STATE ROAD 46. ONCE ARRIVING ON SCENE I NOTICED THAT UNIT 1 HAD STRUCK THE BACK OF UNIT 2. THEY BOTH STATED THT THEY WENT TO PULL OVER FROM TWO COUNTY DEPUITES THAT HAD THIER EMERGENCY LIGHTS ON AND UNIT 1 COULD NOT STOP IN ENOUGH TIME WHICH HE ENDED UP MAKING CONACT WITH UNIT 2. THE DRIVER OF UNIT 1 AND HIS PSSENGERS ALL DENIED TO GO TO THE HOSPITAL. UNIT 2 DRIVER DENIED THE SAME HOWEVER UNIT 2'S PASSENGER COMPLIANED OF NECK PAIN BUT REFUESD TREATMENT.
903379233,BLOOMINGTON PD,B1921500,MONROE,BLOOMINGTON,BLOOMINGTON,5/27/2019,2:51 PM,2,0,1,0,0,,N WALNUT,ST,,,,N WALNUT,E 10TH,,,,Y,,,,39.171744,-86.53352,LOCAL/CITY ROAD,Y,N,N,URBAN,N,N,N,,DAYLIGHT,CLEAR,DRY,,FOUR-WAY INTERSECTION,STRAIGHT/LEVEL,ASPHALT,FAILURE TO YIELD RIGHT OF WAY,$2501 TO $5000,OTHER - EXPLAIN IN NARRATIVE,251,252,Y,Y,E10THSTNWALNUTST,0,TRAFFIC CONTROL SIGNAL,"V1 was traveling E/B on 10th St. V2 was traveling N/B on Walnut ST. V1 failed to yield right of way and struck V2 causing damage to both vehicles.D1 advised that he was traveling E/B on 10th ST. D1 advised that while traveling E/B his traffic control signal was green. D1 advised that he proceeded through intersection before striking the side of V2. D1 advised that he did not see or hear the emergency vehicle of V2.D1 stated that he was traveling at 35mph. D1 advised that he had a complaint of pain to his left wrist and was treated on scene. D2 advised that he was traveling N/B on Walnut ST. D2 advised that while traveling N/B, he had emergency lights and sirens activated when he slowed down to clear the intersection of Walnut and 10th ST. D2 advised that he then saw V1 traveling at a high rate of speed as V2 was already half way through the intersection. D2 advised that V1 struck V2 causing damage. D2 was not injured. W1 advised that he was in the passenger seat of V2. W1 advised that D2 cleared the intersection with his emergency lights and sirens activated before proceeding through the intersection. W1 stated that he then felt the impact of V1. Due to V1 failing to yield, V1 struck V2 causing damage to both vehicles.Corrections on 5/28/2019 by Sgt Hines 1551. In the narrative the sentence ""V1 failed to yield right of way and struck V2 causing damage to both vehicles"" was changed to ""V1 failed to yield right of way and struck V2 causing damage to both vehicles.""Also V2 vehicle information was corrected to the correct information for the fire truck, and the owners information was also corrected to the correct owners information."
903378998,MONROE SD,M19A17306,MONROE,PERRY,BLOOMINGTON,5/27/2019,7:48 AM,1,0,0,0,1,,,,SR446S,,,SR446S,PINE GRIOVE,,,,N,,2600,N,0,0,STATE ROAD,,N,N,RURAL,N,N,N,,DAYLIGHT,CLEAR,DRY,,NO JUNCTION INVOLVED,STRAIGHT/LEVEL,ASPHALT,ANIMAL/OBJECT IN ROADWAY,$2501 TO $5000,COLLISION WITH DEER,750,805,Y,N,EPINEGRIOVERDSR446S,0,NONE,"Unit 1 was travelling southbound on ST RD 446. Approximaltely 1/2 mile North of the intersection of E Pine Grove Rd, a deer ran in the roadway from the East. Unit 1 impacted with the deer and caused disabling damage to the vehicle. Unit 1 managed to pull off the road. Unit 1 was pulling a fishing which suffered no damage."
903380976,MONROE SD,M19A17327,MONROE,BEAN BLOSSOM,STINESVILLE,5/27/2019,3:17 PM,1,0,0,1,0,,STINESVILLE,RD,,,,STINESVILLE,,SR46,,,N,OTHER,2200,N,39.27245437,-86.66323867,COUNTY ROAD,,N,N,RURAL,N,N,N,,DAYLIGHT,CLEAR,DRY,,NO JUNCTION INVOLVED,CURVE/GRADE,ASPHALT,RAN OFF ROAD RIGHT,$2501 TO $5000,RAN OFF ROAD,317,329,Y,Y,STINESVILLERDWESTSTATEROAD46RD,0,NONE,"Upon arrival on scene I observed a barbed wire fence that had been driven through and had sustained damage with debris along the ground. Fire personnel was on scene prior to my arrival and treating a male subject, later identified as Joseph Ciodyk. I observed another male subject laying face up next to a motorcycle that was upright inside the field and fence. The male subject, later identified as the victim Trenton Mullis appeared to sustain an extreme laceration from the barb wire fence as there was blood and pieces of skin along the fence, the roadway, and in the field up to his body. Trenton also sustained minor abrasions and lacerations to his arms and legs, no helmet was located on scene. Medical personnel arrived on scene and determined that Trenton was deceased. Trenton and the scene were photographed. I spoke to Joseph who advised that they were both riding motorcycles and Trenton was test driving his motorcycle. Joseph noted that they turned onto North Stinesville Road from West State Road 46 and began traveling northbound. I asked Joseph if they were speeding he stated he was not sure, that he was probably going too fast so if Trenton was trying to keep up it was possible. The Coroner arrived on scene and Trenton was later transported by ambulance to IU Health Bloomington Hospital. The motorcycle was towed by Pritchards."
903380219,MONROE SD,M19A17373,MONROE,VAN BUREN,BLOOMINGTON,5/27/2019,9:19 PM,1,0,0,0,1,,,,SR45W,,,SR45W,W ELWREN,,,,N,,,,39.107648,-86.643696,STATE ROAD,,N,N,RURAL,N,N,N,,DARK (NOT LIGHTED),CLEAR,DRY,,FOUR-WAY INTERSECTION,STRAIGHT/LEVEL,ASPHALT,ANIMAL/OBJECT IN ROADWAY,UNDER $1001,COLLISION WITH DEER,921,929,Y,N,SR45WWELWRENRD,0,STOP SIGN,Driver stated they were traveling westbound on SR 45 where W Elwren Rd intersects into SR 45 when a deer ran into the roadway from the south and collided with the rear side of their vehicle.
903380426,MONROE SD,M19A17312,MONROE,RICHLAND,ELLETTSVILLE,5/27/2019,11:14 AM,2,0,0,0,0,,,,SR46W,,,SR46W,N UNION VALLEY,,,,Y,,300,E,39.21458895,-86.59202676,STATE ROAD,,N,Y,RURAL,N,N,N,,DAYLIGHT,CLEAR,DRY,,FOUR-WAY INTERSECTION,STRAIGHT/LEVEL,ASPHALT,UNSAFE LANE MOVEMENT,$1001 TO $2500,SAME DIRECTION SIDESWIPE,1139,1139,N,N,NUNIONVALLEYRDSR46W,0,NONE,"V1 WAS TRAVELING WESTBOUND ON W SR 46 WHEN V2 BEGAN TO EXIT MCDONALDS AND MERGE INTO WESTBOUND TRAFFIC. AS V2 MERGED IT STRUCK V1 ON THE DRIVERS SIDE CAUSING MINOR PAINT DAMAGE. ACCORDING TO D1, AFTER THE COLLISION SHE STOPPED AND WAITED FOR APPROXIMATELY 5 MINUTES AND ATTEMPTED TO HAVE D2 EXIT HIS VEHICLE TO EXCHANGE INFORMATION; HOWEVER, D2 SHOOK HIS HEAD NO AND EVENTUALLY LEFT HEADING WESTBOUND. D1 WAS ABLE TO GET A LICENSE PLATE NUMBER FOR V2 AS IT WAS LEAVING AND SAID LICENSE PLATE RETURNS TO A JEEP CHEROKEE THAT IS REGISTERED IN OWEN COUNTY. I HAVE BEEN UNABLE TO MAKE CONTACT WITH D2 AND I WILL SUPPLEMENT IF I MAKE CONTACT.D1 INITIALLY WENT TO THE ELLETTSVILLE POLICE DEPARTMENT TO REPORT THE ACCIDENT BUT WAS INFORMED, INCORRECTLY, THAT THE ACCIDENT OCCURRED IN COUNTY JURISDICTION. D1 THEN CAME TO THE SHERIFFS OFFICE TO REPORT THE ACCIDENT."
903380042,ISP BLOOMINGTON 33,2.019E+11,MONROE,BLOOMINGTON,BLOOMINGTON,5/28/2019,8:45 AM,2,0,0,0,0,284,JACOB,DR,,,,JACOB,,,,,Y,,,,,,UNKNOWN,,N,N,URBAN,N,N,N,,DAYLIGHT,CLEAR,DRY,,NO JUNCTION INVOLVED,STRAIGHT/GRADE,ASPHALT,UNSAFE BACKING,UNDER $1001,BACKING CRASH,846,848,Y,Y,JACOBDR,0,NONE,"V-1 is a State of Indiana owned vehicle, commission number 1869. V-1 was backing from a parking spot on the west side of a parking lot for Starbucks located at 284 Jacob Drive. V-2 was in a parking spot in the same parking lot as V-1. However, V-2 was parked one space north and on the east side of the parking lot from V-1. V-2 was also backing from a parking space.Both driver's stated that they were backing from a parking lot and backed into each other. D-2 further stated that he was backed out far enough that he was about to place his vehicle in drive when the vehicles crashed.Crash Photos taken and submitted by Trp Jeremy Cox."
903380270,BLOOMINGTON PD,B1921659,MONROE,BLOOMINGTON,BLOOMINGTON,5/28/2019,4:44 PM,2,0,0,0,0,,N WALNUT,ST,,,,N WALNUT,E KIRKWOOD,,,,Y,,,,39.16664,-86.5336,LOCAL/CITY ROAD,Y,N,Y,URBAN,N,N,N,,DAYLIGHT,CLEAR,DRY,,FOUR-WAY INTERSECTION,STRAIGHT/LEVEL,ASPHALT,RAN OFF ROAD RIGHT,$5001 TO $10000,SAME DIRECTION SIDESWIPE,444,448,N,Y,EKIRKWOODAVENWALNUTST,0,TRAFFIC CONTROL SIGNAL,"This accident occurred just North of E Kirkwood Ave on N Walnut Street. Vehicle 1 (V1) was driving northbound on N Walnut Street when it ran off the roadway and struck Vehicle 2 (V2), which was parked on side street parking. Witness 1 (W1) advised that he was standing on the corner of N Walnut St and E Kirkwood Ave when he heard a loud crash. W1 stated that he observed a black Honda strike a black Ford Mustang that was parked on side street parking. W1 reported that he then observed the black Honda to not slow down and continue northbound on N Walnut Street. W1 described the black Honda as having a loud exhaust pipe and the trunk to be open. Witness (2) explained that she was located two vehicles behind a black Honda Civic. W2 stated that she had been behind the vehicle since the area of S Walnut Street and E Grimes Street. W2 explained that she observed the Honda Civic to run off the road and hit (V2) just north of the E Kirkwood Avenue intersection. W2 advised that she then observed the Honda Civic to leave the scene northbound on N Walnut Street. W2 advised that she followed the vehicle for a period of time. W2 reported that she took a photograph of the license plate on the vehicle. W2 provided me with a copy of the photograph. In the photograph you can observe the trunk to be open on the vehicle as W1 had described.I then was able to observe video footage from the local restaurant, Malibu Grill. In the video footage you can view V1 strike V2 and continue to leave the scene northbound.The car was bearing IN license plate 287REZ. It should be noted that this plate does not return to a Honda Civic, but a black 2004 Chevy Impala. The plate returned to a Zachary Huelsman in Bloomington, IN.I was then able to contact the owner of V2, who provided me with insurance information for his vehicle in order to work on the vehicle exchange information. I informed him that there was damage to both wheel panels on the driver's side of the vehicle. I also explained that was minor damage to the front bumper and the driver's side side mirror had been broken off. I was later able to locate V1 at the address of Huelsman. The vehicle had matching damage on the right front passenger side of the vehicle. Huelsman would not speak with me in regards to the vehicle or accident. If any more information is obtained this report will be supplemented accordingly."
903380555,MONROE SD,M19A17406,MONROE,WASHINGTON,BLOOMINGTON,5/28/2019,8:55 AM,2,0,0,0,0,,AIRPORT,RD,,,,W AIRPORT,GARRISON CHAPEL,,,,N,,2000,E,39.13703,-86.64308328,LOCAL/CITY ROAD,,N,N,RURAL,N,N,Y,INTERMITTENT OR MOVING WORK,DAYLIGHT,CLEAR,DRY,,NO JUNCTION INVOLVED,STRAIGHT/LEVEL,ASPHALT,UNSAFE BACKING,$5001 TO $10000,RIGHT ANGLE,856,904,Y,N,SGARRISONCHAPELRDWAIRPORTRD,0,NONE,"V1 WAS BACKING OUT OF THE DRIVEWAY OF 7585 W AIRPORT ROAD WHEN IT STRUCK V2 AT A RIGHT ANGLE. D1 ADVISED THAT AS HE WAS BACKING OUT HE WAS WAVED ON BY ANOTHER DRIVER WHO WAS WAITING IN THE ROADWAY. D1 DID NOT SEE V2 DUE TO THE FACT THAT IT WAS PARKED IN THE ROADWAY DIRECTLY BEHIND HIM. V2 IS A MARKED, AND LIGHTED, TRAFFIC CONTROL VEHICLE THAT WAS PARKED IN THE ROADWAY TO ASSIST WITH TRAFFIC DIRECTION. THERE WERE FLAGGERS ON BOTH ENDS OF THE CONTRUCTION AND SIGNAGE WAS POSTED ALONG THE ROADWAY."
903380803,BLOOMINGTON PD,B1921682,MONROE,BLOOMINGTON,BLOOMINGTON,5/28/2019,5:15 PM,2,0,1,0,0,,S KIRBY,ALY,,,,S KIRBY,E 3RD,,,,Y,,,,39.16464,-86.528992,LOCAL/CITY ROAD,,N,N,URBAN,N,N,N,,DAYLIGHT,CLOUDY,DRY,,FOUR-WAY INTERSECTION,STRAIGHT/GRADE,ASPHALT,FAILURE TO YIELD RIGHT OF WAY,$1001 TO $2500,RIGHT ANGLE,515,830,Y,N,E3RDSTSKIRBYALY,0,STOP SIGN,"V1 WAS TRAVELING ON THE SIDEWALK ON THE N SIDE OF 3RD GOING EB APPROACHING KIRBY ALLEY. V2 WAS STOPPED FACING SB IN KIRBY ALLEY AT 3RD ST. THE FRONT OF V1 COLLIDED WITH V2, CAUSING D1 TO FALL OFF OF V1 TO THE GROUND.D1 STATED THAT HE WAS EB ON THE N SIDE OF 3RD ST ON THE SIDEWALK APPROACHING KIRBY ALLEY. D1 STATED THAT HE DID NOT SEE V2 COMING OUT OF THE ALLEY AND HE BELIEVED THAT V2 MOVED SB IN THE ALLEY INTO HIS PATH OF TRAVEL. D1 STATED THAT THE FRONT OF V1 COLLIDED WITH THE PASSENGER SIDE OF V2 AND HE FELL TO THE GROUND. D1 SHOWED ME PAPERWORK FROM BLOOMINGTON HOSPITAL THAT STATED THAT HE HAD ROAD RASH.D2 STATED THAT SHE WAS SB ON KIRBY ALLEY AND STOPPED AT 3RD ST IN ORDER TO WAIT TO TURN ONTO 3RD ST. D2 STATED THAT SHE WAS STOPPED FOR A LITTLE WHILE WHEN D1 SUDDENLY STRUCK THE FRONT PASSENGER SIDE OF V2. D2 STATED THAT HER VEHICLE HAD BEEN STATIONARY BEFORE AND DURING THE ACCIDENT. D2 STATED THAT D1 INITIALLY STATED THAT HE WAS OKAY AND ONLY WANTED HER INSURANCE INFORMATION OR PHONE NUMBER. D2 WAS ABLE TO PROVIDE D1 WITH HER PHONE NUMBER."