Master Record Number,Agency,Local Code,County,Township,City,Collision Date,Collision Time,Vehicles Involved,Trailers Involved,Number Injured,Number Dead,Number Deer,House Number,Roadway Name,Roadway Suffix,Roadway Number,Roadway Interchange,Roadway Ramp,Roadway Id,Intersecting Road,Intersecting Road Number,Mile Marker,Interchange,Corporate Limits?,Property Type,Feet From,Direction,Latitude,Longitude,Roadway Class,Traffic Control Devices?,Aggressive Driving?,Hit and Run?,Locality,School Zone?,Rumble Strips?,Construction?,Construction Type,Light Condition,Weather Conditions,Surface Condition,Type of Median,Roadway Junction Type,Road Character,Roadway Surface,Primary Factor,Damage Estimate,Manner of Collision,Time Notified,Time Arrived,Investigation Complete?,Photos Taken?,Unique Location Id,State Property Damage?,Traffic Control,NARRATIVE
903379708,INDIANA UNIV BLOOMINGTON PD,191232,MONROE,BLOOMINGTON,BLOOMINGTON,5/28/2019,9:27 AM,2,0,0,0,0,300,JORDAN,AVE,,,,N JORDAN,,,,,Y,,,,39.166912,-86.516224,UNKNOWN,,N,N,URBAN,N,N,N,,DAYLIGHT,CLEAR,DRY,,NO JUNCTION INVOLVED,STRAIGHT/LEVEL,ASPHALT,UNSAFE BACKING,$2501 TO $5000,BACKING CRASH,930,931,Y,Y,NJORDANAVE,0,NONE,"9305-28-2019V1 vehicle use (explain in narrative) - Indiana University pickup truck used for transporting flowers/lawn care supplies.V1 was backing up (south) in a parking lot and was nearing V2. V2 was parked in a parking spot sitting pointed towards the north west. V1 was backing directly straight back towards the parked car.As D1 was approaching the parked V2, he hit the gas instead of the brakes by mistake. This resulted in V1 striking V2. V1 was damaged on the right rear side of the vehicle while V2 resulted in damage on the left front side of the vehicle. The force of the collision pushed V2 slightly into an adjacent parking spot and partially in the grass to the east of the parking spots.An SD card containing photos of the damage of the vehicles was properly packaged and put into evidence to be attached to this case. The Evidence Technician was notified."
903380186,BLOOMINGTON PD,B1921664,MONROE,BLOOMINGTON,BLOOMINGTON,5/28/2019,5:15 PM,3,0,1,0,0,,3RD,ST,,,,WEST 3RD,WESTPLEX,,,,Y,,,,0,0,LOCAL/CITY ROAD,,N,N,URBAN,N,N,N,,DAYLIGHT,CLEAR,DRY,,FOUR-WAY INTERSECTION,STRAIGHT/LEVEL,ASPHALT,FOLLOWING TOO CLOSELY,$10001 TO $25000,REAR END,515,518,Y,Y,SOUTHWESTPLEXAVEWEST3RDST,0,NONE,"D3 stated she was slowing in traffic and almost stopped when V2 rear ended V3.D2 stated he was almost stopped behind V3, when he looked into his rear view mirror V1 rear end V2.D1 stated he was not on his cell phone or speeding and messing with the radio, and when he looked up V2 was almost stopped and he could not slow down in time and V1 rear ended V2.It should be noted that there were no signs of V1 slowing down.V1 and V2 were towed due to disabling damage and D2 was transported to the hospital for head pain.Photographs were taken and logged into evidence."
903379318,MONROE SD,M19A17384,MONROE,POLK,BLOOMINGTON,5/28/2019,11:55 PM,1,0,0,0,1,,,,SR446S,,,SR446S,S CHAPEL HILL,,,,N,OTHER,1500,N,39.02726119,-86.40690304,STATE ROAD,,N,N,RURAL,N,Y,N,,DARK (NOT LIGHTED),CLEAR,DRY,,NO JUNCTION INVOLVED,CURVE/LEVEL,ASPHALT,ANIMAL/OBJECT IN ROADWAY,$5001 TO $10000,RAN OFF ROAD,1200,1225,Y,N,SCHAPELHILLRDSR446S,0,NONE,DRIVER 1 STATED HE WAS SB ON S SR 446 NORTH OF THE INTERSECTION OF S SR 446 AND E CHAPEL HILL ROAD WHEN TWO DEER ENTERED THE ROADWAY. DRIVER 1 STATED HE STRUCK ONE OF THE DEER AND SWERVED CAUSING HIM TO RUN OFF THE ROADWAY INTO A DITCH LOCATED ON THE WEST SIDE OF THE ROAD WHERE THE VEHICLE INVERTED.
903379688,BLOOMINGTON PD,B1921617,MONROE,VAN BUREN,BLOOMINGTON,5/28/2019,7:00 AM,2,0,0,0,0,3477,3RD,ST,,,,W 3RD,,,,,Y,,,,39.164848,-86.581504,UNKNOWN,,N,Y,URBAN,N,N,N,,DAYLIGHT,CLOUDY,DRY,,NO JUNCTION INVOLVED,STRAIGHT/LEVEL,ASPHALT,OTHER (DRIVER) - EXPLAIN IN NARRATIVE,UNDER $1001,OPPOSITE DIRECTION SIDESWIPE,1107,1115,Y,Y,W3RDST,0,NONE,V2 WAS STRUCK BY AN UNKNOWN VEHICLE WHILE IT WAS PARKED OUTSIDE OF 3477 W 3RD ST; PLANET FITNESS. NO DRIVER CONTACT NOR VEHICLE INSURANCE INFORMATION WAS PROVIDED FOR V1/D1. V1/D1 INFORMATION IS UNKNOWNV2 WAS PARKED AND UNOCUPPIED FACING NORTHWEST IN THE PARKING LOT OUTSIDE OF THE BUSINESS. V2 SUSTAINED MINOR DAMAGE TO THE FRONT BUMPER ON THE DRIVERS SIDE. THERE WERE NO WITNESSES NOR VIDEO SURVIELLANCE FOOTAGE AVAILABLE.
903381565,MONROE SD,M19A17425,MONROE,WASHINGTON,BLOOMINGTON,5/28/2019,12:17 PM,1,0,2,0,0,,,,I69S,,,I69S,BURMA,,,,N,,3000,N,0,0,INTERSTATE,,N,N,RURAL,N,N,N,,DAYLIGHT,CLEAR,DRY,,NO JUNCTION INVOLVED,STRAIGHT/GRADE,ASPHALT,DRIVER ASLEEP OR FATIGUED,$2501 TO $5000,RAN OFF ROAD,1223,1230,Y,N,I69SWBURMARD,0,LANE CONTROL,"D1 advised he had been traveling South on Interstate 69 from a ten hour shift at Fedex, which is located in Indianapolis. D1 could not advise what had happened to cause the vehicle to travel off the roadway. D1 did not show signs of impairment and possibly had fallen asleep due to working a long shift. A witness who was on scene briefly advised they had seen the vehicle travel off the roadway and then back onto the Interstate and then back off the roadway. The witness could not advise if the vehicle malfunctioned or if a tire had ruptured etc., but did advise the vehicle jerked back onto the roadway after running off the roadway the initial time."
903380320,ELLETTSVILLE PD,E1902963,MONROE,RICHLAND,ELLETTSVILLE,5/28/2019,6:15 PM,1,0,0,0,0,,KELLI,DR,,,,KELLI,TAMERA,,,,N,,,,39.232992,-86.619264,LOCAL/CITY ROAD,,N,N,RURAL,N,N,N,,DAYLIGHT,CLEAR,DRY,,NO JUNCTION INVOLVED,CURVE/HILLCREST,ASPHALT,DRIVER DISTRACTED - EXPLAIN IN NARRATIVE,$5001 TO $10000,OTHER - EXPLAIN IN NARRATIVE,610,615,Y,Y,KELLIDRTAMERADR,0,NONE,"UNIT 1 WAS DRIVER WEST BOUND ON KELLI DRIVE AND STRUCK A DITCH WITCH THAT WAS PARKED ALOND SIDE OF THE ROAD. UNIT 1 DRIVER SAID THAT IT WAS IN THE MIDDLE OF THE ROAD WAY. I SPOKE WIT TWO WORKERS FROM WELLS LAWN CARE AND THEY DIDNT SEE THE ACCIDENT HAPPEN BUT THEY TOLD ME THAT THE DITCH WITCH WAS PARKED ON THE SIDE OF THE ROAD. THE INFO ON THE DITCH WITCH IS SERIAL NUMBER- DWPSK800VJ00008542018 YEAR, ORANGE IN COLOR,INSURANCE INFO- FARM BUREAU 812-336-0174POLICY NUMBER- 850606099"
903380924,ISP BLOOMINGTON 33,2.019E+11,MONROE,PERRY,BLOOMINGTON,5/29/2019,11:50 AM,2,0,0,0,0,,WALNUT,ST,,,,WALNUT,HILLSIDE,,,,Y,,,,0,0,LOCAL/CITY ROAD,Y,N,N,URBAN,N,N,N,,DAYLIGHT,RAIN,WET,,T-INTERSECTION,CURVE/LEVEL,ASPHALT,UNSAFE SPEED,$2501 TO $5000,REAR END,1155,1210,Y,N,HILLSIDEAVEWALNUTST,0,TRAFFIC CONTROL SIGNAL,"Walnut Street at Hillside Avenue is a multiple lane undivided roadway with two or more lanes in each direction that primarily runs north and south. Vehicle 1 (white Buick passenger car) was traveling north on Walnut Street at Hillside Avenue, in the far right lane.Vehicle 2 (white Dodge Darango) was traveling north on Walnut Street at Hillside Avenue, in the far right lane. Driver 1 (Thomas) stated he was traveling north on Walnut Street, behind Vehicle 2. Driver 1 stated there was a UPS truck, in front of Vehicle 2, with its four way flashers activated. Driver 1 stated that all three vehicles were stopped at a red light, at Hillside Avenue, when the light turned green, the UPS truck proceeded North through the intersection and came to a stop just north of the intersection, causing Vehicle 2 to come to a stop abruptly. Driver 1 stated he was unable to come to a stop before rear-ending Vehicle 2. Driver 2 (Wickizer) stated she was traveling behind a UPS truck that had stopped to make a delivery just south of Hillside Avenue. Driver 2 stated that the UPS driver got back in the UPS truck and proceeded to travel north on Walnut before coming to a stop at a red light at Hillside Avenue. Driver 2 stated that when the light turned green, the UPS truck proceeded through the intersection, turned its four way flashers on and came to a stop just north of Hillside Avenue. Driver 2 stated she came to a stop behind the UPS truck and was rear-ended by Vehicle 2.Based upon driver's statements, this officer determines primary cause of the crash to be speed too fast to avoid collision by Driver 1."
903380476,MONROE SD,M19A17505,MONROE,PERRY,BLOOMINGTON,5/29/2019,8:05 AM,3,0,0,0,0,,,,SR48,,,48,CAVE,,,,N,,,,39.15524,-86.62896996,COUNTY ROAD,,N,N,RURAL,N,N,N,,DAWN/DUSK,RAIN,WET,,NO JUNCTION INVOLVED,CURVE/HILLCREST,ASPHALT,FAILURE TO YIELD RIGHT OF WAY,$10001 TO $25000,REAR END,810,810,Y,N,48HWYCAVERD,0,NONE,"Driver one in vehicle one stated ""it was his fault"" and he hit vehicle number two in the rear end. Driver one stated he could not stop in time.Driver two in vehicle two stated vehicle one hit him from behind.Driver three in vehicle three stated vehicle one hit vehicle two and then vehicle two was pushed into his path of travel and they hit."
903380702,MONROE SD,M19A17511,MONROE,PERRY,BLOOMINGTON,5/29/2019,9:43 AM,2,0,1,0,0,,HANDY,RD,,,,SOUTH HANDY,AIRLINE,,,,N,,800,N,39.17787181,-86.48688,COUNTY ROAD,,N,N,RURAL,N,N,N,,DAYLIGHT,RAIN,WET,,NO JUNCTION INVOLVED,CURVE/GRADE,ASPHALT,LEFT OF CENTER,$10001 TO $25000,HEAD ON BETWEEN TWO MOTOR VEHICLES,945,958,Y,N,SOUTHAIRLINERDSOUTHHANDYRD,0,NONE,"VEHICLE 1 WAS TRAVELING NORTHBOUND ON SOUTH HANDY ROAD NEAR THE INTERSECTION OF SOUTH HANDY ROAD AND SOUTH AIRLINE ROAD. VEHICLE 1 APPROACHED A CURVE IN THE ROAD AND SLID ACROSS THE CENTER LINE AND STRUCK VEHICLE 2 HEAD ON. VEHICLE 2 WAS TRAVELING SOUTH BOUND ON SOUTH HANDY ROAD.DRIVER 2 COMPLAINED OF PAIN IN UPPER CHEST, AND WAS TAKEN TO MONROE HOSPITAL VIA AMBUANCE.DRIVER 1 WAS UNINJURED AND DECLINED ANY MEDICAL ATTENTION.BOTH VEHICLES WERE TOWED BY KEN'S WEST SIDE TO KEN'S WEST SIDE"
903380777,BLOOMINGTON PD,B1921765,MONROE,VAN BUREN,BLOOMINGTON,5/29/2019,12:28 PM,2,0,0,0,0,,3RD,ST,,,,W 3RD,LIBERTY,,,,Y,,150,W,0,0,LOCAL/CITY ROAD,,N,N,URBAN,N,N,N,,DAYLIGHT,RAIN,WET,,NO JUNCTION INVOLVED,STRAIGHT/LEVEL,ASPHALT,FAILURE TO YIELD RIGHT OF WAY,$1001 TO $2500,RIGHT ANGLE,1231,1246,Y,N,SLIBERTYDRW3RDST,0,LANE CONTROL,V1 was in the Long John Silvers parking lot and was waiting to turn left onto W. 3rd street. V2 was EB on W. 3rd street and was in the left lane. V1 failed to yield the right of way and pulled out to turn left and was struck by V2 in the driver side rear quarter panel. V2 was damaged on the driver side front bumper.D1 stated that a truck had stopped in the right lane of 3rd street for her to pull out and turn. She stated she didn't see V2 coming until she was already committed to the turn. She stated she tried to speed up but was hit by V2. D2 stated that he was in the left lane on W. 3rd street headed toward Liberty drive. He advised that V1 pulled out and tried to turn in front of him. He stated he slid on the wet pavement and struck V1.
903382933,MONROE SD,M19A17702,MONROE,PERRY,BLOOMINGTON,5/30/2019,8:43 PM,1,0,1,0,0,,GORDON,PIKE,,,,GORDON,ROGERS,,,,N,,699,E,39.12152265,-86.53662889,COUNTY ROAD,,N,N,RURAL,N,N,N,,DAYLIGHT,CLEAR,DRY,,NO JUNCTION INVOLVED,STRAIGHT/GRADE,ASPHALT,UNSAFE SPEED,$2501 TO $5000,OTHER - EXPLAIN IN NARRATIVE,843,849,Y,Y,GORDONPIKESROGERSST,0,NONE,"Upon arrival Driver 1 was located on the ground outside his residence, located at 315 West Gordon Pike Trailer 2. I observed the male to have abrasions on his arms and legs and additional a compound fraction to his left forearm. Fire and medical personnel had began treating Driver 1 who was later transported to IU Health Bloomington Hospital due to his compound fracture, medical personnel advised additional he might have internal injuries as well. I spoke with two witnesses on scene. Witness 1 stated she was facing westbound attempting to turn into 315 West Gordon Pike when she saw Driver 1 traveling westbound towards her at a high rate of speed. Witness 1 stated Driver 1 attempted to brake to slow down however was unable to do so and he down his bike sliding down the roadway westbound into a small rock pile. Witness 1 stated Driver 1 then quickly got up and proceeded to his residence. Witness 2 also provided the same statement as she was outside facing the north and 315 West Gordon Pike. I did photograph the scene and observed long skid marks then scrap marks which ended in a small rock pile. Vehicle 1 sustained damage along the right side however it was moved prior to my arrival and was left at Driver 1's residence. Driver 1 stated he was traveling westbound and got behind Witness 1 who had their turn signal but was still in the westbound lane and not in the median. Driver 1 stated he might have been speeding but tried going around Witness 1 as he was also going to turn into 315 West Gordon Pike, at that time he stated Witness 1 got back over which resulted in him losing control and wrecking."
903381836,BLOOMINGTON PD,B1921878,MONROE,PERRY,BLOOMINGTON,5/30/2019,3:10 AM,1,0,0,0,0,,S SARE,RD,,,,S SARE,E ROGERS,,,,N,,,,39.13584,-86.496288,LOCAL/CITY ROAD,,N,N,URBAN,N,N,N,,DARK (LIGHTED),CLOUDY,WET,,FOUR-WAY INTERSECTION,CURVE/LEVEL,ASPHALT,DRIVER ASLEEP OR FATIGUED,$1001 TO $2500,RAN OFF ROAD,319,333,Y,N,EROGERSRDSSARERD,0,ROUNDABOUT INTERSECTION,"V1 Was traveling southeast on S Sare Road when D1 stated he fell asleep at the wheel as he was entering the round about at S Sare Road and E Rogers Road.D1 stated he drove up over the center median, back into the roadway on the south side of the roundabout and into the curb on the south-side of the roundabout and came to a stop."
903381439,INDIANA UNIV BLOOMINGTON PD,191238,MONROE,BLOOMINGTON,BLOOMINGTON,5/30/2019,8:27 AM,2,0,1,0,0,,,,SR45,,,SR45,10TH,,,,Y,,700,E,0,0,STATE ROAD,,N,N,URBAN,N,N,N,,DAYLIGHT,CLOUDY,DRY,,NO JUNCTION INVOLVED,STRAIGHT/GRADE,ASPHALT,FOLLOWING TOO CLOSELY,$2501 TO $5000,REAR END,830,839,Y,Y,10THSTSR45,0,NONE,"9305-30-2019V2 was traveling west on E 10th Street in front of V1. V2 was attempting to turn off of E. 10th Street to turn right onto a private drive to get to work while V1 was continuing to travel west on E 10th Street behind V2. D1 stated that she was traveling behind V2 and did not realize that V2 was making a right hand turn off of E 10th Street onto the unnamed road. D1 also stated that she was distracted due to personal family issues at the time. Due to not seeing V2 attempting to make a right hand turn, V1 hit the left rear portion of V2 with the front right portion of her vehicle. D1 stated she was traveling around 25 miles per hour.D2 stated that she was traveling west on E. 10th Street and was attempting to make a right hand turn onto the unnamed road to get to work. She stated that she saw V1 approaching behind her and initiated her right turn signal with enough time for D1 to realize that she was turning off of the road. She stated V1 continued to get closer and collided with her vehicle while she was attempting to make the turn onto the unnamed road.D2 complained of back and neck pain when I arrived on scene. I requested EMS be sent to the scene. IU Health Ambulance Service unit 2164 arrived and checked out D2's complaint of pain. D2 was not transported but stated she would be going to the doctor at a later time.Chandler's Automotive towed V2 via Dolly Tow to Royal South Toyota at the request of D2."
903384238,MONROE SD,M19A17655,MONROE,PERRY,BLOOMINGTON,5/30/2019,1:39 PM,2,0,0,0,0,1200,SOUTH ROLLING RIDGE,WAY,,,,SOUTH ROLLING RIDGE,,,,,N,,,,39.133744,-86.50592,UNKNOWN,,N,N,URBAN,N,N,N,,DAYLIGHT,CLEAR,DRY,,NO JUNCTION INVOLVED,STRAIGHT/GRADE,ASPHALT,UNSAFE BACKING,$1001 TO $2500,BACKING CRASH,143,155,Y,Y,SOUTHROLLINGRIDGEWAY,0,NONE,"VEHICLE1 WHILE FACING EAST AND BACKING WESTBOUND IN A PARKING LOT AT 1200 SOUTH ROLLING RIDGE WAY. VEHICLE 1 BACKED INTO VEHICLE 2 WHILE VEHICLE 2 WAS PARKED. VEHICLE 2 WAS FACING WEST, AND WAS STRUCK IN THE REAR.DRIVER 1 WAS UNINJURED AND DECLINED MMEDICAL ATTENTION.BOTH VEHICLES WERE DRIVABLE AND NOT TOWED."
903382953,MONROE SD,M19A17668,MONROE,BLOOMINGTON,BLOOMINGTON,5/30/2019,4:30 PM,2,0,0,0,0,1100,CURRY,PIKE,,,,S CURRY,,,,,N,,,,39.156248,-86.584187,UNKNOWN,,,Y,RURAL,N,N,N,,DAYLIGHT,CLEAR,DRY,,NO JUNCTION INVOLVED,STRAIGHT/LEVEL,ASPHALT,UNSAFE BACKING,$1001 TO $2500,OTHER - EXPLAIN IN NARRATIVE,433,457,Y,N,SCURRYPIKE,0,NONE,"THE OWNER OF UNIT 1, THE WHITE NISSAN ROUGE, STATED THAT WHEN SHE RETURNED TO HER VEHICLE, SHE OBSERVED A NOTE ON HER WINDSHIELD. THE NOTE DESCRIBED A VEHICLE AND LICENSE PLATE THAT HAD BACKED INTO UNIT 1. THERE WAS A VISIBLE MAROON PAINT TRANSFER WHERE THE MAROON CAR HAD MADE CONTACT.THE LICENSE PLATE LEFT IN THE NOTE RETURNED TO THE ADRESS LISTED FOR UNIT 2. I TRAVLED TO THE ADRESS AND OBSERVED THE VEHICLE IN THE DRIVE. AFTER CONTACTING THE OWNER, SHE STATED SHE WAS AT GARDEN VILLA AND HER DAUGHTER, MS MOBLEY WAS DRIVING WHEN THEY HEARD THE TRUNK OF THE CAR MAKE A NOISE. SHE STATED MOBLEY LOOKED AT THE OTHER VEHICLE AND STATED THERE WAS NO DAMAGE AND PROCEEDED TO LEAVE. I WAS UNABLE TO CONTACT MS. MOBLEY. MS TERRELL DID NOT HAVE HER POLICY NUMBER READILY AVAILABLE."
903381950,BLOOMINGTON PD,B1922032,MONROE,BLOOMINGTON,BLOOMINGTON,5/30/2019,11:19 PM,2,0,0,0,0,,MARQUIS,DR,,,,MARQUIS,LISMORE,,,,Y,,,,39.17792,-86.55485,LOCAL/CITY ROAD,,N,Y,URBAN,N,N,N,,DARK (LIGHTED),CLEAR,DRY,,T-INTERSECTION,STRAIGHT/GRADE,ASPHALT,UNSAFE BACKING,UNDER $1001,BACKING CRASH,1123,1137,Y,Y,LISMOREDRMARQUISDR,0,NONE,"WHILE BACKING OUT OF A DRIVEWAY, V1 COLLIDED WITH V2 CAUSING MINOR DAMAGE TO THE FRONT BUMPER. D1 LEFT PRIOR TO MY ARRIVAL.OWNER OF V2 DID NOT WITNESS COLLISION.W1 STATED THAT WHILE OUTSIDE SHE HEARD A COLLISION AND THEN OBSERVED A WHITE PASSENGER CAR HAD COLLIDED WITH V2. W1 ATTEMPTED TO OBTAIN D1'S INFORMATION HOWEVER, D1 FLED THE SCENE."
903382954,MONROE SD,M19A17705,MONROE,PERRY,BLOOMINGTON,5/30/2019,8:54 PM,1,0,0,0,1,,,,I69,,,I69S,,,114,,N,,200,S,41.15424437,-85.11144414,INTERSTATE,,N,N,RURAL,N,N,N,,DAWN/DUSK,CLEAR,DRY,,NO JUNCTION INVOLVED,CURVE/LEVEL,ASPHALT,ANIMAL/OBJECT IN ROADWAY,$5001 TO $10000,COLLISION WITH DEER,857,904,Y,N,I69S114,0,NONE,DRIVER OF UNIT 1 STATED THAT WHILE TRAVELING SOUTH ON I-69 FROM MILE MARKER 114 HE STRUCK A DEER. THE DEER WAS LOCATED NEAR THE VEHICLE.
903381802,BLOOMINGTON PD,B1921927,MONROE,PERRY,BLOOMINGTON,5/30/2019,1:30 PM,1,0,0,0,0,,,,I69,117,N,I69N,,,,,Y,OTHER,,,0,0,INTERSTATE,,N,N,URBAN,N,N,N,,DAYLIGHT,CLEAR,DRY,,RAMP,CURVE/GRADE,ASPHALT,DRIVER ASLEEP OR FATIGUED,$10001 TO $25000,RAN OFF ROAD,137,153,Y,Y,I69N,0,NONE,"D1 STATED HE WAS DRIVING NB ON I69, IN THE RIGHT LANE, AND DRIFTED OVER TO THE RIGHT DUE TO FATIGUE AT WHICH POINT V1 STRUCK THE GUARDRAIL NEAR THE EXIT 117 RAMP. D1 STATED HE HAD BEEN DRIVING ALL DAY, AS HE WENT TO EVANSVILLE EARLIER THIS MORNING DUE TO HIS SON GETTING IN AN ACCIDENT AND DROVE BACK UP TO BLOOMINGTON. D1 STATED HE WAS ON HIS WAY TO SAMS CLUB IN BLOOMINGTON WHEN HE DOZED OFF AT THE WHEEL JUST BEFORE EXIT 117 ON I69 NB. D1 STATED HE WOKE UP AND REALIZED HE HAD CRASHED INTO THE GUARDRAIL AT THIS EXIT RAMP."
903382217,BLOOMINGTON PD,B1921915,MONROE,RICHLAND,BLOOMINGTON,5/30/2019,10:00 AM,2,0,0,0,0,,COLLEGE,AVE,,,,COLLEGE,11TH,,,,Y,,500,N,39.22615391,-86.53476,LOCAL/CITY ROAD,,N,Y,URBAN,N,N,N,,DAYLIGHT,RAIN,WET,,NO JUNCTION INVOLVED,STRAIGHT/GRADE,ASPHALT,UNSAFE LANE MOVEMENT,$1001 TO $2500,REAR END,1115,1117,Y,Y,11THSTCOLLEGEAVE,0,NONE,V1 was parked in a parallel parking spot across the street from 808 N College Avenue.V1 was struck in the rear by V2 sometime between 8:30am and 11:00am. There were no cameras in the area and no witnesses.
903381673,BLOOMINGTON PD,B1921936,MONROE,BLOOMINGTON,BLOOMINGTON,5/30/2019,2:18 PM,2,0,0,0,0,,E 14TH,ST,,,,E 14TH,N INDIANA,,,,Y,,100,W,39.176192,-86.52712,LOCAL/CITY ROAD,,N,Y,URBAN,N,N,N,,DAYLIGHT,CLEAR,DRY,,NO JUNCTION INVOLVED,STRAIGHT/GRADE,ASPHALT,UNSAFE BACKING,$1001 TO $2500,BACKING CRASH,239,250,Y,Y,E14THSTNINDIANAAVE,0,NONE,"THE REPORTING PERSON, THE DAUGHTER OF OWNER OF V2, BELIEVES THAT AN UNKNOWN V1 WAS ATTEMPTING TO BACK OUT OF A PARKING LOT LOCATED TO THE SOUTH OF HER VEHICLE WHICH WAS PARKED FACING WB IN FRONT OF 517 E 14TH STREET. THE REPORTING PERSON STATED THAT SHE BELIEVES AS V1 WAS ATTEMPTING TO BACK OUT OF THE PARKING LOT, THE REAR OF V1 COLLIDED WITH THE REAR DRIVERS SIDE QUARTERPANEL OF V2 CAUSING DAMAGE TO THE AREA AROUND THE GAS COVER."
903381537,BLOOMINGTON PD,B1921922,MONROE,VAN BUREN,BLOOMINGTON,5/30/2019,12:50 PM,2,0,0,0,0,,BLOOMFIELD,RD,,,,BLOOMFIELD,,,,,Y,,,,0,0,LOCAL/CITY ROAD,,N,N,URBAN,N,N,N,,DAYLIGHT,CLOUDY,DRY,,FOUR-WAY INTERSECTION,CURVE/GRADE,ASPHALT,FOLLOWING TOO CLOSELY,$1001 TO $2500,REAR END,1252,1259,Y,N,BLOOMFIELDRDI69S,0,YIELD SIGN,"BOTH VEHICLES WERE EXITING SOUTH BOUND I-69, ONTO WEST BOUND SR 45 (BLOOMFIELD RD). D1 SAID THAT SHE THOUGHT V2 HAD PULLED OUT, AND STARTED FORWARD, REAR ENDING V2.D2 SAID HE WAS TRYING TO MERGE ONTO SR 45, AND WAS REAR ENDED BY V1.NO REPORTED INJURIES."
903381740,BLOOMINGTON PD,B1921953,MONROE,BLOOMINGTON,BLOOMINGTON,5/30/2019,4:29 PM,2,0,1,0,0,,N MADISON,ST,,,,N MADISON,W 17TH,,,,N,,,,39.178992,-86.537792,LOCAL/CITY ROAD,Y,N,N,URBAN,N,N,N,,DAYLIGHT,CLEAR,DRY,,FOUR-WAY INTERSECTION,STRAIGHT/GRADE,CONCRETE,FOLLOWING TOO CLOSELY,UNDER $1001,REAR END,431,433,Y,Y,NMADISONSTW17THST,0,TRAFFIC CONTROL SIGNAL,"D1 stated he was traveling southbound on N Madison St approaching a stopped V2 at the intersection of W 17th St. D1 stated the light turned green and he thought D2 was accelerating. D1 stated he then rear ended V2. D2 stated she was sitting at a red light on N Madison St facing south. D2 stated after the light turned green V1 rear ended her V2.D2 stated she did have pain in her back from the accident, but reported prior history of back surgery."
903397024,BLOOMINGTON PD,B1921956,MONROE,VAN BUREN,BLOOMINGTON,5/30/2019,4:34 PM,2,0,0,0,0,,BLOOMFIELD,RD,,,,W BLOOMFIELD,,I693,,,Y,,,,39.15081,-86.567955,LOCAL/CITY ROAD,,N,N,URBAN,N,N,N,,DAYLIGHT,CLEAR,DRY,,NO JUNCTION INVOLVED,CURVE/GRADE,ASPHALT,FOLLOWING TOO CLOSELY,$2501 TO $5000,REAR END,436,454,Y,N,I6937OPASWBLOOMFIELDRD,0,YIELD SIGN,"D1 stated that they had merged on to the exit ramp 117 towards state road 45 from southbound I69. D1 stated that when merging on to west state road 45 from the exit ramp, V2 was in front of them near the merging area, where there was a yield sign. D1 stated they had gotten too close to V2 when both vehicles were looking for oncoming traffic in order to merge, and ended up striking the rear of V2.D2 stated they were yielding to oncoming traffic while attempting to merge on to west state road 45 from the exit ramp at exit 117 when they felt V1 strike the rear of their vehicle."
903381852,MONROE SD,M19A17674,MONROE,PERRY,BLOOMINGTON,5/30/2019,5:27 PM,2,0,0,0,0,,COUNTRY CLUB,RD,,,,W COUNTRY CLUB,WALNUT,,,,Y,,3000,W,39.13597,-86.5308504,LOCAL/CITY ROAD,,N,N,URBAN,N,N,N,,DAYLIGHT,CLEAR,DRY,,NO JUNCTION INVOLVED,STRAIGHT/LEVEL,ASPHALT,FOLLOWING TOO CLOSELY,$1001 TO $2500,REAR END,535,540,Y,N,SWALNUTSTWCOUNTRYCLUBRD,0,NONE,"Driver of vehicle 1 stated that he did not notice traffic had stopped in front of him before he hit vehicle 2 in the rear. Vehicle 1 sustained moderate front end damage including radiator damage. Driver of vehicle 2 stated he was stopped in traffic when vehicle 1 struck his vehicle from behind. Vehicle 2 sustained damage to rear bumper.Driver of vehicle 1 was cited for driving on a suspended license/prior (IC 9-24-19-2), Operating a motor vehicle with false plate (IC 9-18.1-4-5(a)(1)), and Operating a motor vehicle without financial responsibility -(IC 9-25-8-2)"
903381475,BLOOMINGTON PD,B1921896,MONROE,BLOOMINGTON,BLOOMINGTON,5/30/2019,9:00 AM,2,0,0,0,0,,BRAESIDE,DR,,,,BRAESIDE,PETE ELLIS,,,,Y,,,,39.168192,-86.49504,UNKNOWN,,N,N,URBAN,N,N,N,,DAYLIGHT,CLOUDY,DRY,,T-INTERSECTION,STRAIGHT/LEVEL,ASPHALT,LEFT OF CENTER,$5001 TO $10000,HEAD ON BETWEEN TWO MOTOR VEHICLES,918,932,Y,N,BRAESIDEDRPETEELLISDR,0,STOP SIGN,V1 was traveling north bound on Pete Ellis Dr and attempted to turn right onto Braeside Dr. V2 was traveling west on Braeside Dr. V1 crossed left of center and struck V2.D1 stated that there was a vehicle behind her that was following to close and forced her off the roadway. D1 was turning into Braeside Dr and she was unable to avoid striking V2.D1 stated she was traveling westbound on Braeside Dr and was approaching the intersection. She was slowing for the stop sign when V1 crossed left of center and struck her.V1 did drive left of center and struck V2 causing damage to both vehicles.
903381949,BLOOMINGTON PD,B1922044,MONROE,BLOOMINGTON,BLOOMINGTON,5/31/2019,2:05 AM,1,0,0,0,1,,,,I69,,,I69S,,,120.5,,N,,500,N,41.24559967,-85.09191471,INTERSTATE,,N,N,RURAL,N,N,N,,DARK (NOT LIGHTED),CLEAR,DRY,,NO JUNCTION INVOLVED,STRAIGHT/LEVEL,ASPHALT,ANIMAL/OBJECT IN ROADWAY,$1001 TO $2500,COLLISION WITH DEER,207,220,Y,Y,I69S120.5,0,NONE,"V1 was traveling South on I69 in the area of Mile Marker 120.5 when V1 struck a deer in the roadway. The deer was thrown from the roadway and found under the guard rail median. V1 sustained moderate damage to the front end of the vehicle. D1 stated that he was not injured during the crash and did not require medical attention at the time. V1 was drivable.D1 is a Police Detective with the Bloomington Police Department and a Task Force Officer with the Bureau of Alcohol, Tobacco, and Firearms. D1 was working in these capacities at the time of the crash. D1 submitted to a PBT at the scene which returned a result of 0.00% Breath Alcohol Content."