Master Record Number,Agency,Local Code,County,Township,City,Collision Date,Collision Time,Vehicles Involved,Trailers Involved,Number Injured,Number Dead,Number Deer,House Number,Roadway Name,Roadway Suffix,Roadway Number,Roadway Interchange,Roadway Ramp,Roadway Id,Intersecting Road,Intersecting Road Number,Mile Marker,Interchange,Corporate Limits?,Property Type,Feet From,Direction,Latitude,Longitude,Roadway Class,Traffic Control Devices?,Aggressive Driving?,Hit and Run?,Locality,School Zone?,Rumble Strips?,Construction?,Construction Type,Light Condition,Weather Conditions,Surface Condition,Type of Median,Roadway Junction Type,Road Character,Roadway Surface,Primary Factor,Damage Estimate,Manner of Collision,Time Notified,Time Arrived,Investigation Complete?,Photos Taken?,Unique Location Id,State Property Damage?,Traffic Control,NARRATIVE
903389205,INDIANA UNIV BLOOMINGTON PD,191284,MONROE,BLOOMINGTON,BLOOMINGTON,6/11/2019,12:50 PM,2,0,0,0,0,,17TH,ST,,,,EAST 17TH,DUNN,,,,Y,,,,39.17904,-86.5284,UNKNOWN,,N,N,URBAN,N,N,N,,DAYLIGHT,CLEAR,DRY,,NO JUNCTION INVOLVED,STRAIGHT/LEVEL,ASPHALT,UNSAFE BACKING,$1001 TO $2500,BACKING CRASH,1250,1255,Y,N,DUNNSTEAST17THST,0,NONE,I Officer Hall was approached at 1401 N. Dunn Street (Convenient Food Mart) by V2 owner Robert Rood about V2 being backed into by V1 in the parking lot. Both vehicles and parties were on scene. V1 was facing southbound in the parking lot and V2 was facing westbound in the parking lot.I spoke with D1 who said there was a Nissan making several attempts to park in a parking space next to her as she was trying to back out of her space in V1. D1 said she tried giving the Nissan more room as she was backing out causing V1 to back into V2. D1 pointed out that she obtained damage to the lower light fixture that was broken out on the passenger side rear bumper. I asked about the damage on the rear passenger side of the vehicle panel? D1 said that was old damage. Nissan was not on scene. I spoke with owner of V2 Rood. Rood said he was sitting in V2 parked stationary in the parking lot. Rood said his vehicle was not running. Rood said he felt a bump and saw V1 backed into V2. V2 had minor damage to to the driver side bumper. No injuries occurred.
903390174,MONROE SD,M19A19023,MONROE,PERRY,BLOOMINGTON,6/11/2019,6:38 PM,2,0,0,0,0,,S WALNUT ST,PIKE,,,,S WALNUT ST,E RHORER,,,,N,,,,39.12144,-86.526496,LOCAL/CITY ROAD,,N,N,URBAN,N,N,Y,WORK ON SHOULDER,DAYLIGHT,CLEAR,DRY,,FOUR-WAY INTERSECTION,STRAIGHT/LEVEL,ASPHALT,DISREGARD SIGNAL/REG SIGN,$5001 TO $10000,RIGHT ANGLE,642,702,Y,N,ERHORERRDSWALNUTSTPIKE,0,STOP SIGN,D1 STATED HE WAS DRIVING EAST ON W. RHORER RD COMING TO THE INTERSECTION O S. WALNUT STREET PIKE. D1 DID NOT NOTICE THE STOP SIGN UNTIL HE WAS AT THE FOURWAY AND ATTEMPTED TO BRAKE HOWEVER V1 COULD NOT STOP IN TIME AND STRUCK V2 ON THE PASSENGER SIDE.D2 STATED SHE WAS DRIVING SOUTH ON S. WALNUT STREET PIKE AND HAD STOPPED AT THE STOP SIGN AT S. WALNUT STREET PIKE AND W. RHORER RD. SHE THEN PROCEEDED THROUGH THE FOUR WAY AND V1 WENT THROUGH THE INTERSECTION AND STRUCK V2 ON HER PASSENGER SIDE.BOTH VEHICLES MOVED PRIOR TO MY ARRIVAL.
903418931,BLOOMINGTON PD,B1923711,MONROE,BLOOMINGTON,BLOOMINGTON,6/11/2019,1:04 PM,2,0,0,0,0,,DUNN,ST,,,,DUNN,BLK,,,,Y,,,,0,0,LOCAL/CITY ROAD,,N,N,URBAN,N,N,N,,DAYLIGHT,CLEAR,DRY,,T-INTERSECTION,STRAIGHT/LEVEL,ASPHALT,UNSAFE BACKING,$2501 TO $5000,COLLISION WITH OBJECT IN ROAD,104,109,Y,N,600BLKALYDUNNST,0,NONE,"V1 was backing out of the East/West Alley in the 600 block of N. Dunn, going West bound. D1 did not look in the direction she was backing up and struck V2. V2 was legally parked just north of the intersection."
903389579,BLOOMINGTON PD,B1923757,MONROE,BLOOMINGTON,BLOOMINGTON,6/11/2019,5:50 PM,2,0,0,0,0,1450,WILLIS,DR,,,,N WILLIS,,,,,Y,,,,39.18136,-86.54375,LOCAL/CITY ROAD,N,N,Y,URBAN,N,N,N,,UNKNOWN,,,,NO JUNCTION INVOLVED,,,UNSAFE BACKING,$2501 TO $5000,,606,608,Y,N,NWILLISDR,0,,"O2 stated that today around 1800 HRS he noticed V2 had damage on the passenger side. The damage indicated that the suspect, V1, had swiped it while either backing out or pulling into a parking spot.V2 was parked in a spot facing westbound when the damage was found. No information on the suspect V1. A local report will be completed. Please see case#B19-23757 for more information on this."
903389235,BLOOMINGTON PD,B1923701,MONROE,PERRY,BLOOMINGTON,6/11/2019,12:15 PM,2,0,0,0,0,,E HILLSIDE,DR,,,,E HILLSIDE,S LINCOLN,,,,Y,,,,39.150576,-86.5312,LOCAL/CITY ROAD,,N,N,URBAN,N,N,N,,DAYLIGHT,CLEAR,DRY,,T-INTERSECTION,STRAIGHT/GRADE,ASPHALT,FOLLOWING TOO CLOSELY,$5001 TO $10000,REAR END,1236,1241,Y,N,EHILLSIDEDRSLINCOLNST,0,NONE,"V1 and V2 were both traveling eastbound on E Hillside Dr and at the intersection with S Lincoln St when V1 struck the rear end bumper portion of V2. D1/V1 stated she was traveling eastbound when she attempted to stop behind V2 as traffic had stopped in the roadway ahead of both her vehicle and V2. However, due to the close proximity of her vehicle to V2, she was unable to do so, causing her vehicle to collide into the rear bumper portion of V2.D2/V2 stated he had also been traveling eastbound and had been forced to stop due to the vehicle in front of him attempting to turn left onto S Lincoln St. Upon doing so, D2 stated his vehicle was then struck from behind by V1. V1 sustained significant damage to the center and right front portion of the vehicle and was towed from the scene due to disabling damage.V2 sustained damage to the rear bumper portion, however, it was driven from the scene."
903389489,INDIANA UNIV BLOOMINGTON PD,191286,MONROE,BLOOMINGTON,BLOOMINGTON,6/11/2019,7:30 AM,2,0,0,0,0,1601,LAW,LN,,,,E LAW,,,,,Y,,,,39.17358,-86.511736,LOCAL/CITY ROAD,,N,N,URBAN,N,N,N,,DAYLIGHT,CLEAR,DRY,,NO JUNCTION INVOLVED,STRAIGHT/LEVEL,ASPHALT,IMPROPER TURNING,UNDER $1001,LEFT/RIGHT TURN,500,510,Y,N,ELAWLN,0,NONE,V1 was traveling south through the SRSC parking lot. V2 was parked facing east in the lot. V1 attempted to turn left and park in the lot. V1 did not visually estimate the space between V1 and V2 correctly. V1 then struck V2. V1 had minimal damage to the passenger front bumper. V2 had moderate damage to the rear driver side bumper and fender. D1 stated that she was attempting to turn left into a parking space and did not leave enough room to miss V2. D1 stated that she thought she could make the turn but then V1 struck the rear of V2. V2 was parked. There were no injuries at the scene and no vehicles had to be towed.
903389925,BLOOMINGTON PD,B1923877,MONROE,BLOOMINGTON,BLOOMINGTON,6/12/2019,2:00 AM,2,0,0,0,0,,ALLEN,ST,,,,E ALLEN,DUNN,,,,Y,,100,W,39.15556,-86.52807134,LOCAL/CITY ROAD,,N,Y,URBAN,N,Y,N,,DARK (NOT LIGHTED),CLEAR,DRY,,NO JUNCTION INVOLVED,STRAIGHT/LEVEL,ASPHALT,UNSAFE LANE MOVEMENT,$1001 TO $2500,OPPOSITE DIRECTION SIDESWIPE,1233,1243,Y,Y,EALLENSTSDUNNST,0,NONE,"Vehicle 1 struck in the night while parked/unattended. Complainant says a loud crash awoke neighbors at approximately 0200. No info on violator vehicle other than a grey car.Violator vehicle, Vehicle 2, was located 3 blocks away, parked an unattended. Vehicle 2 had corresponding damage to that of Vehicle 1. Also, the piece of body panel left by the offending vehicle at the scene of the crash did match and fit Vehicle 2.I attempted to locate the registered owner of Vehicle 2, but was unsuccessful.On 7/3, the registered owner of the vehicle came to BPD and identified the driver from this incident as Kinzie Raper. Kinzie Raper was subsequently located and arrested for this and other charges. She admitted to having been driving at the time of the crash."
903403197,INDIANA UNIV BLOOMINGTON PD,191405,MONROE,BLOOMINGTON,BLOOMINGTON,6/12/2019,12:00 PM,2,0,0,0,0,1601,LAW,LN,,,,E LAW,,,,,Y,,,,39.17358,-86.511736,UNKNOWN,,N,Y,URBAN,N,N,N,,DAYLIGHT,CLEAR,DRY,,NO JUNCTION INVOLVED,STRAIGHT/LEVEL,ASPHALT,IMPROPER TURNING,$1001 TO $2500,LEFT/RIGHT TURN,1118,1120,Y,N,ELAWLN,0,NONE,"V1 was traveling in an unknown direction of travel. V2 was parked and unoccupied. V1 struck V2. V1 then fled the scene. V2 had moderate damage to the front passenger side fender and bumper. V1 fled the scene.V2 was parked and unoccupied.The person in possession of V2, INTEL PINTAKAEW, stated that he had parked to go to the gym and returned a few hours later to find that V2 that had fresh damage to the front passenger side of the vehicle and there was no information left from the other driver. No vehicles had to be towed and there were no injuries reported at this time. V1 has not been located at this time."
903390945,MONROE SD,M19A19072,MONROE,INDIAN CREEK,BLOOMINGTON,6/12/2019,6:46 AM,1,0,0,0,0,8828,,,SR45W,,,SR45W,,,,,N,PRIVATE,,,39.09571278,-86.65865999,STATE ROAD,,N,N,RURAL,N,N,N,,DAYLIGHT,CLEAR,DRY,,NO JUNCTION INVOLVED,STRAIGHT/LEVEL,ASPHALT,RAN OFF ROAD RIGHT,$1001 TO $2500,RAN OFF ROAD,649,653,Y,N,SR45W,0,LANE CONTROL,"V1 WAS TRAVELING WESTBOUND ON W SR 45 IN THE APPROX. 8800 BLOCK. V1 RAN OFF THE NORTH SIDE OF THE ROAD, THEN RETURNED TO THE ROADWAY AND OVERCORRECTED, THEN CROSSED THE CENTER LANE AND RAN OF THE SOUTH SIDE OF THE ROAWAY. V1 WENT THROUGH A YARD AT 8828 W SR 48, CAUSING DAMAGE TO THE LANDSCAPE AND CAME TO REST AGAINST A FRONT PORCH.D1 STATED THAT SHE BRIEFLY RAN OFF THE ROAD WHILE TRAVELING WESTBOUND ON W SR 45, OVERCORRECTED AND RAN OFF THE OTHER SIDE OF THE ROAD.THE PROPERTY AT 8828 W SR 45 APPEARED TO BE UNDER RENOVATION, IT WAS UNCLEAR WHO OWNED THE PROPERTY."
903390946,MONROE SD,M19A19172,MONROE,CLEAR CREEK,BLOOMINGTON,6/12/2019,8:48 AM,2,1,0,0,0,,RHORER,RD,,,,E RHORER,WALNUT,,,,N,,100,W,39.12145,-86.52664134,LOCAL/CITY ROAD,,N,N,URBAN,N,N,Y,INTERMITTENT OR MOVING WORK,DAYLIGHT,CLEAR,DRY,,FOUR-WAY INTERSECTION,STRAIGHT/LEVEL,ASPHALT,OTHER (DRIVER) - EXPLAIN IN NARRATIVE,UNDER $1001,SAME DIRECTION SIDESWIPE,852,854,Y,Y,ERHORERRDSWALNUTSTREETPIKE,0,STOP SIGN,"D1 stated he was entering the construction site and observed V2 parked along side of the road. D1 stated V2s mirrors should have been folded in. V1s passenger mirror collided with V2s driver side mirror.Witness1 stated V2 was unoccupied at the time of the collision. W1 did not observed the collision but stated he heard it.Parties exchanged information prior to law enforcement arrival, D1 then left the scene and continued on his way. Computer error caused discrepancies in the Driver information exchange. Parties were provided with correct case number. Crash report and driver exchange was corrected after departing the scene."
903390178,BLOOMINGTON PD,B1923889,MONROE,BLOOMINGTON,BLOOMINGTON,6/12/2019,2:18 PM,2,0,1,0,0,,W 17,ST,,,,W 17,N CRESCENT,,,,Y,,,,39.179248,-86.556592,LOCAL/CITY ROAD,,N,Y,URBAN,N,N,N,,DAYLIGHT,CLEAR,DRY,,T-INTERSECTION,STRAIGHT/LEVEL,ASPHALT,LEFT OF CENTER,UNDER $1001,OPPOSITE DIRECTION SIDESWIPE,220,231,Y,Y,NCRESCENTRDW17ST,0,STOP SIGN,"D2 Statement: D2 stated that he was riding V2 east on W.17th St. and turned right onto N. Crescent Rd. D2 stated that V1 was going north on N. Crescent Rd and crossed the double yellow center line at the intersection of W. 17th and N. Crescent. D2 stated that V1's movement caused him to collide V2 into V1.D1 Statement: D1 stated that he was driving V1 north on N. Crescent Rd and stopped at the intersection of W. 17th and N. Crescent. D1 also stated that V2 was going east on W. 17th St and abruptly turned south on N. Crescent Rd. D2 stated that he had seen D2 drop on the ground but he is unaware of V2 colliding with V1. V1 stated that he left the scene believing V1 did not strike V2Witness: Stephanie stated that she had seen V1 crossing the center lane as it was approaching the intersection. Stephanie also stated that as V2 was turning south on N. Crescent Rd, it collided with the rear driver tire of V1. She mentioned that D1 exited V1 then went back in V1 and left the scene.Based on the above statements and circumstances, I have come to a conclusion that V1 crossed the center line on N. Crescent Rd, prior to W 17th, and that V1's actions caused V2 strike V1."
903389879,BLOOMINGTON PD,B1923864,MONROE,BLOOMINGTON,BLOOMINGTON,6/12/2019,10:11 AM,2,0,0,0,0,,KIRKWOOD,AVE,,,,KIRKWOOD,ADAMS,,,,Y,,50,E,39.16681365,-86.54931161,LOCAL/CITY ROAD,,N,N,URBAN,N,N,N,,DAYLIGHT,CLEAR,DRY,,NO JUNCTION INVOLVED,CURVE/GRADE,ASPHALT,FOLLOWING TOO CLOSELY,$1001 TO $2500,REAR END,1013,1016,Y,N,ADAMSSTKIRKWOODAVE,0,LANE CONTROL,"BOTH VEHICLES WERE NORTH BOUND ON ADAMS ST, TOWARD THE RIGHT CURVE ONTO KIRKWOOD AVE.D1 SAID THAT HE TRIED TO CHANGE LANES FROM LEFT LANE TO RIGHT LANE, AND THAT D2 (IN RIGHT LANE) SPED UP TO CUT HIM OFF. THEN AS THEY CURVED ONTO KIRKWOOD, D2 SUDDENLY BRAKED IN FRONT OF V1. D1 SAID HE TRIED TO BRAKE BUT REAR ENDED V2 IN THE ROADWAY.D2 SAID THAT V1 TRIED TO CUT HIM OFF ON ADAMS, THEN SPED UP AT HIM AS THEY TURNED ONTO KIRKWOOD AVE. HE DENIED BRAKE CHECKING AND SAID THAT V1 SPED UP AND REAR ENDED HIM IN THE ROADWAY.NO INJURIES REPORTED."
903390131,ELLETTSVILLE PD,E1903217,MONROE,RICHLAND,ELLETTSVILLE,6/12/2019,8:07 PM,1,0,0,0,1,,MCNEELY,ST,,,,NORTH MCNEELY,VINCA,,,,Y,,,,39.237675,-86.614965,LOCAL/CITY ROAD,,N,N,URBAN,N,N,N,,DAWN/DUSK,CLEAR,WET,,NO JUNCTION INVOLVED,STRAIGHT/LEVEL,ASPHALT,ANIMAL/OBJECT IN ROADWAY,$2501 TO $5000,COLLISION WITH DEER,812,813,Y,Y,NORTHMCNEELYSTVINCALN,0,LANE CONTROL,D1 WAS HEADING WEST ON MCNEELY NEAR VINCA LANE WHEN A DEER RAN OUT OF THE WOODS AND STRUCK V1 ON DRIVERS SIDE.
903390819,INDIANA UNIV BLOOMINGTON PD,191300,MONROE,BLOOMINGTON,BLOOMINGTON,6/13/2019,11:20 PM,1,0,2,0,0,,JORDAN,AVE,,,,JORDAN,TENTH,,,,Y,,531,S,39.11542969,-86.51567,LOCAL/CITY ROAD,,N,N,URBAN,N,N,Y,LANE CLOSURE,DARK (LIGHTED),CLEAR,DRY,,NO JUNCTION INVOLVED,STRAIGHT/GRADE,ASPHALT,ROADWAY SURFACE CONDITION,UNDER $1001,OTHER - EXPLAIN IN NARRATIVE,1123,1125,Y,N,JORDANAVETENTHST,0,NONE,"V1, an electric scooter, was traveling in a construction zone southbound on N Jordan Ave. South of E 10th St. and struck uneven pavement, causing it to topple over, throwing both passengers.D1 advised that she was on the front of V1 driving it, and P1 was standing behind her. D1 advised that she was traveling southbound on N Jordan Ave. just south of the intersection of E 10th St. D1 advised that she did not know that she was in a construction zone because the construction barriers had been moved. D1 advised that she did not see that the pavement was torn up and when she hit the uneven pavement, the scooter toppled over and threw both D1 and P1. D1 sustained scrapes to her hands and knees and shins. D1 was not transported for treatment.P1 advised that she was on the back of V1, an electric scooter, riding southbound on N Jordan Ave. just south of the E 10th St. intersection. P1 advised that the pavement was torn up and neither her nor D1 noticed until the scooter struck the uneven pavement and toppled over, throwing both of them. P1 advised that she hit the ground and everything hurt. There were no visible injuries, just the complaint of pain and hand tremors. P1 was transported to the hospital for treatment. V1 appeared to have some scratches to the paint, but was otherwise unharmed. The ID number of the Lime-S Scooter was 212-997.W1 advised that he was walking northbound on the sidewalk on the west side of N Jordan Ave. near the collision. W1 advised that V1 was traveling southbound on N Jordan Ave. just south of the intersection of E 10th St. W1 advised that V1 was in the construction zone and as soon as it got to the uneven pavement, D1 lost control and V1 toppled over throwing both riders from the scooter."
903391863,MONROE SD,M19A19170,MONROE,VAN BUREN,BLOOMINGTON,6/13/2019,8:24 AM,2,0,0,0,0,,W BELLE,AVE,,,,W BELLE,S HICKORY,,,,N,,,,39.16344,-86.58584,COUNTY ROAD,,N,N,URBAN,N,N,N,,DAYLIGHT,CLEAR,DRY,,NO JUNCTION INVOLVED,STRAIGHT/LEVEL,ASPHALT,UNSAFE BACKING,$1001 TO $2500,BACKING CRASH,827,844,N,Y,SHICKORYDRWBELLEAVE,0,NONE,V1 WAS BACKING OUT OF A DRIVEWAY AT 4156 W BELLE AVE AND BACKED INTO V2 THAT WAS PARKED FACING EASTBOUND IN THE EASTBOUND LANE OF W. BELLE AVE.
903390488,BLOOMINGTON PD,B1924037,MONROE,PERRY,BLOOMINGTON,6/13/2019,12:09 PM,2,0,0,0,0,,WALNUT,ST,,,,WALNUT,NORTH,,,,Y,,200,S,39.14421671,-86.53172963,LOCAL/CITY ROAD,,N,N,URBAN,N,N,N,,DAYLIGHT,CLEAR,DRY,,NO JUNCTION INVOLVED,STRAIGHT/LEVEL,ASPHALT,IMPROPER TURNING,$1001 TO $2500,RIGHT TURN,1210,1217,Y,N,NORTHDRWALNUTST,0,LANE CONTROL,"BOTH VEHICLES WERE SOUTH BOUND ON WALNUT ST, JUST SOUTH OF NORTH DRIVE.D1 SAID SHE WAS IN THE RIGHT LANE, SIGNALED A RIGHT TURN, THEN STARTED TO TURN RIGHT INTO SONIC AT 2020 S. WALNUT ST, AND STRUCK V2.D2 SAID SHE WAS IN THE RIGHT LANE, AND THAT V1 CAME FROM BEHIND HER IN THE LEFT LANE, AND TURNED RIGHT INTO V2.NO INJURIES REPORTED."
903390629,BLOOMINGTON PD,B1924061,MONROE,VAN BUREN,BLOOMINGTON,6/13/2019,2:30 PM,1,0,0,0,0,4019,3RD,ST,,,,W 3RD,,,,,N,,,,39.1646155,-86.58374662,UNKNOWN,,N,N,URBAN,N,N,N,,DAYLIGHT,CLEAR,DRY,,NO JUNCTION INVOLVED,STRAIGHT/GRADE,ASPHALT,RAN OFF ROAD RIGHT,$2501 TO $5000,RAN OFF ROAD,242,253,Y,Y,W3RDST,0,NONE,"D1 NOT INJURED. V1 DROVE SOUTH INTO BUILDING OF 4019 W 3RD STREET; 420 SMOKE SHOP. V1 BROKE LARGE STORE WINDOW AND CAUSED A SMALL CRACK IN OTHER WINDOW. BOTH WINDOWS SEPARATED BY BRICK COLUMN. BRICK COLUMN HAS SMALL AMOUNT OF DAMAGE. V1 HAS DAMAGE TO FRONT DRIVER'S SIDE. D1 STATED THAT THE GAS PEDAL GOT STUCK WHEN HE WAS TRYING TO PARK GOING SOUTH INTO SPOT. DRIVER DID NOT SMELL OF ALCOHOL OR ILLEGAL DRUGS, NO CRIME.LANDLORD ADVISED BY STAFF AND STAFF GIVEN A FIELD FORM."
903391226,BLOOMINGTON PD,B1924077,MONROE,BLOOMINGTON,BLOOMINGTON,6/13/2019,4:07 PM,2,1,0,0,0,,WALNUT,ST,,,,S WALNUT,GORDON,,,,Y,,300,N,39.15314838,-86.53135,LOCAL/CITY ROAD,,N,N,URBAN,N,N,N,,DAYLIGHT,CLEAR,DRY,,NO JUNCTION INVOLVED,STRAIGHT/GRADE,ASPHALT,DRIVER DISTRACTED - EXPLAIN IN NARRATIVE,$2501 TO $5000,REAR END,407,414,Y,Y,GORDONPIKESWALNUTST,0,NONE,"On 6/13/2019 at approximately 4:07pm, I, Officer Aaron Byerley, was dispatched to an accident located at 3905 S Walnut Street.V2 was stopped in traffic heading south on Walnut Street. D1 of V1 stated that she was driving south on Walnut and looked down at her phone. When D1 looked up from her phone, she realized that the V2 was stopped in traffic in front of her. V1 was unable to stop in time and hit the back of D2's trailer. The rear of D2's trailer and the rear of V2 were both damaged as a result of this accident.V1 was towed due to disabling damage to the front of the vehicle by Ken's Westside.This accident can be confirmed by Dreama Barden, who witnessed the accident."
903391557,MONROE SD,M19A19226,MONROE,BEAN BLOSSOM,ELLETTSVILLE,6/13/2019,5:31 PM,2,0,0,0,0,,,,SR46W,,,SR46W,CHAFIN CHAPEL,,,,N,PRIVATE,2000,W,39.25962,-86.65737668,STATE ROAD,,N,N,RURAL,N,N,N,,DAYLIGHT,CLEAR,DRY,,NO JUNCTION INVOLVED,CURVE/LEVEL,ASPHALT,LEFT OF CENTER,$10001 TO $25000,OPPOSITE DIRECTION SIDESWIPE,535,551,Y,N,SR46WWCHAFINCHAPELRD,0,NO PASSING ZONE,"D1 stated she was westbound on SR 46 when her steering wheel locked up, pulling her vehicle to the left, over the center line and into the eastbound lane. While V1 was in the eastbound lane, they collided with V2, pushing V2 off the roadway and into a fence. After V1 hit V2, V1 left the road and also hit a fence that belonged to the same owner. The fence belonged to Mr. Neidigh at 8700 W SR 46, Bloomington. Mr. Neidigh's Phone number is 812-327-3144."
903390497,BLOOMINGTON PD,B1924025,MONROE,BLOOMINGTON,BLOOMINGTON,6/13/2019,10:48 AM,2,0,0,0,0,,W THIRD,ST,,,,W THIRD,S CORY,,,,Y,,,,39.164544,-86.560096,LOCAL/CITY ROAD,Y,N,Y,URBAN,N,N,N,,DAYLIGHT,CLOUDY,DRY,,FOUR-WAY INTERSECTION,STRAIGHT/LEVEL,ASPHALT,DISREGARD SIGNAL/REG SIGN,$1001 TO $2500,SAME DIRECTION SIDESWIPE,1049,1049,Y,Y,SCORYLNWTHIRDST,0,TRAFFIC CONTROL SIGNAL,On 06/13/2019 D2 stated she was turning left (west) from Cory Lane on to W Third when D1 disregarded the red light on W Third Street and struck V2 on the front right bumper. D2 stated the D1 accelerated and left the scene. D2 stated she had the green light in her lane. D2 stated she tried to follow V1 but lost sight after she had to stop at a red light.
903390667,INDIANA UNIV BLOOMINGTON PD,191299,MONROE,BLOOMINGTON,BLOOMINGTON,6/13/2019,3:35 PM,2,0,0,0,0,,,,SR46N,,,SR46N,10TH,,,,Y,,200,S,39.15040736,-86.50234,STATE ROAD,,N,N,URBAN,N,N,N,,DAYLIGHT,CLOUDY,DRY,,NO JUNCTION INVOLVED,STRAIGHT/LEVEL,ASPHALT,UNSAFE LANE MOVEMENT,$5001 TO $10000,LEFT TURN,339,342,Y,N,10THSTSR46N,0,LANE CONTROL,"Officer Pesa assisted with traffic control and initial information gathering.V2 was in a left-only turn lane behind additional vehicles traveling northbound.V1 was traveling northbound in the west-most straight lane.D2 stated that he was in the left-only turn lane and was behind unrelated vehicles attempting to also turn left. As D2 was slowly traveling forward, V1 struck his right, front passenger door area.D1 stated that she was initially in the northbound, west-most lane and realized that she needed to merge into the left-only turn lane. She then merged into the left-only lane and did not see V2. She then collided with V2 using her front, driver side bumper. None of the parties involved complained of pain during the investigation. Both vehicles had damage, but both appeared to be safely driven from the scene.D1 was also cited for not having a child properly restrained in the backseat."
903390515,BLOOMINGTON PD,B1924000,MONROE,BLOOMINGTON,BLOOMINGTON,6/13/2019,6:51 AM,2,0,1,0,0,,,,SR46E,,,SR46E,7TH,,,,Y,,,,39.167648,-86.500096,STATE ROAD,,Y,Y,URBAN,N,N,N,,DAWN/DUSK,CLEAR,DRY,,T-INTERSECTION,STRAIGHT/GRADE,ASPHALT,FOLLOWING TOO CLOSELY,$5001 TO $10000,REAR END,653,701,Y,Y,7THSTSR46E,0,LANE CONTROL,"Driver 2 stated that he was south on SR 45/46 just past 7th St in the left lane, slowing to change lanes into the left turn lane. Driver 2 stated that there had been a car behind him as he approached 7th St. Driver 2 stated that the car turned onto 7th St and the SUV that eventually hit him was behind that car. Driver 2 stated that the SUV accelerated rapidly after the other car turned and proceeded to run into the rear of driver 2's car, sending it into several spins across the median into oncoming traffic. Driver 2 stated the other vehicle then left the scene without stopping. Witness 1 stated that he was north on SR 45/46 passing the accident. He stated that he observed a silver SUV traveling very fast come up behind vehicle 2 and collide with the rear of vehicle 2, sending it spinning across the median. Witness 1 advised that the SUV continued on without stopping. Witness 2 was not at the scene and I was unable to make contact with them. Driver 1 was located later in the day and made the following statement. Driver 1 stated that he was in the left lane of SR 45/46 southbound when vehicle 2 changed lanes from the right lane into the left lane in front of him. Driver 1 claimed that vehicle 2 hit the front of his vehicle as it was changing lanes, causing vehicle 2 to spin out in what driver 1 called a ""pit maneuver"". The damage to vehicle 1 was not consistent with the impact happening from a lane change from vehicle 1's right. Driver 1 also stated that he was eating a breakfast sandwich at the time of the accident."
903391558,MONROE SD,M19A19241,MONROE,RICHLAND,BLOOMINGTON,6/13/2019,8:02 PM,4,0,0,0,0,,N CURRY,PIKE,,,,N CURRY,W WOODYARD,,,,N,,,,39.190672,-86.582992,LOCAL/CITY ROAD,Y,N,N,URBAN,N,N,N,,DAWN/DUSK,CLEAR,DRY,,FOUR-WAY INTERSECTION,STRAIGHT/LEVEL,ASPHALT,CELL PHONE USAGE,$10001 TO $25000,REAR END,804,812,Y,N,NCURRYPIKEWWOODYARDRD,0,TRAFFIC CONTROL SIGNAL,"D1 stated he was using his cell phone as he was approaching the intersection at N Curry Pike and W Woodyard Rd when he rear-ended V2. V2 was pushed into V3, which was pushed into V4. D1 also admitted to drinking alcohol prior to operating the vehicle."
903390727,MONROE SD,M19A19223,MONROE,VAN BUREN,BLOOMINGTON,6/13/2019,4:48 PM,2,0,1,0,0,,,,SR45W,,,SR45W,GARRISON CHAPEL,,,,N,,,,39.111024,-86.638304,STATE ROAD,,N,N,RURAL,N,N,N,,DAYLIGHT,CLEAR,DRY,,FOUR-WAY INTERSECTION,STRAIGHT/LEVEL,ASPHALT,FAILURE TO YIELD RIGHT OF WAY,$5001 TO $10000,RIGHT ANGLE,448,455,Y,Y,GARRISONCHAPELRDSR45W,0,STOP SIGN,D1 was pulling off of Harmony Rd to make a left hand turn west bound onto SR 45 when she pulled into the path of V2. V2 was east bound on SR 45 when V1 pulled into his lane of travel. V2 struck V1 in the drivers door area causing heavy damage and airbag deployment on V1.
903390731,BLOOMINGTON PD,B19-24100,MONROE,BLOOMINGTON,BLOOMINGTON,6/13/2019,5:58 PM,3,0,0,0,0,,WASHINGTON,ST,,,,S WASHINGTON,DODDS,,,,Y,,150,S,39.14922814,-86.532355,LOCAL/CITY ROAD,,N,N,URBAN,N,N,N,,DAYLIGHT,CLEAR,DRY,,NO JUNCTION INVOLVED,STRAIGHT/LEVEL,ASPHALT,DRIVER ASLEEP OR FATIGUED,$10001 TO $25000,SAME DIRECTION SIDESWIPE,600,602,Y,N,EDODDSSTSWASHINGTONST,0,NONE,"D1 statement: D1 stated that he was driving V1 south on S. Walnut St. And lost control of V1. D1 also stated that his loss of control of V1 cause it to strike V2 and V3, which were parked in the parking lane..V2 owner's statement: Owner of V2 stated that he was inside his residence and heard a loud noise. When he came outside, he noticed V1 had already collided with parked V2 and V3.V3 owner's statement: Owner of V3 was not on scene at the time of collision. Upon arrival, the owner of V3 stated that he did not know about the collision until notified by Bloomington Police Department.SUPPLEMENT: 06-21-2019CORRECTED THE CASE NUMBER FROM B19-097 (WRONG) TO B19-24100 (CORRECT)."