Master Record Number,Agency,Local Code,County,Township,City,Collision Date,Collision Time,Vehicles Involved,Trailers Involved,Number Injured,Number Dead,Number Deer,House Number,Roadway Name,Roadway Suffix,Roadway Number,Roadway Interchange,Roadway Ramp,Roadway Id,Intersecting Road,Intersecting Road Number,Mile Marker,Interchange,Corporate Limits?,Property Type,Feet From,Direction,Latitude,Longitude,Roadway Class,Traffic Control Devices?,Aggressive Driving?,Hit and Run?,Locality,School Zone?,Rumble Strips?,Construction?,Construction Type,Light Condition,Weather Conditions,Surface Condition,Type of Median,Roadway Junction Type,Road Character,Roadway Surface,Primary Factor,Damage Estimate,Manner of Collision,Time Notified,Time Arrived,Investigation Complete?,Photos Taken?,Unique Location Id,State Property Damage?,Traffic Control,NARRATIVE
903391399,BLOOMINGTON PD,B1924223,MONROE,PERRY,BLOOMINGTON,6/14/2019,1:24 PM,2,0,2,0,0,,3RD,ST,,,,3RD,ROOSEVELT,,,,Y,OTHER,200,W,39.164304,-86.50649762,LOCAL/CITY ROAD,,N,N,URBAN,N,N,N,,DAYLIGHT,CLEAR,DRY,,NO JUNCTION INVOLVED,STRAIGHT/LEVEL,ASPHALT,FAILURE TO YIELD RIGHT OF WAY,$10001 TO $25000,SAME DIRECTION SIDESWIPE,124,124,Y,Y,3RDSTROOSEVELTST,0,NONE,"V1 and V2 were traveling eastbound on 3rd Street. V1 attempted to pass another vehicle, running into V2 which was next to V1. V2 then struck a curb and a tree causing V2 to overturn.D1 stated that she was attempting to pass a vehicle in front of her and did not check her blind spot. She then struck V2.D2 stated that she was traveling east on 3rd Street when V1 struck her in the side causing her vehicle to overturn.V1 did fail to yield to vehicle 2 causing damage to both vehicles."
903391285,MONROE SD,M19A19359,MONROE,VAN BUREN,BLOOMINGTON,6/14/2019,9:34 PM,2,0,0,0,0,2510,S LEONARD SPRINGS,RD,,,,S LEONARD SPRINGS,,,,,N,,,,39.14187494,-86.58259037,UNKNOWN,,N,N,URBAN,N,N,N,,DARK (LIGHTED),CLOUDY,DRY,,NO JUNCTION INVOLVED,NON-ROADWAY CRASH,ASPHALT,UNSAFE BACKING,UNDER $1001,BACKING CRASH,934,944,Y,N,SLEONARDSPRINGSRD,0,NONE,V1 and V2 in the parking lot of 2510 S. Leonard Springs Road. V1 was backing into a parking space next to V2 when D1 unsafely backed over the line into the right rear side of V2. V2 was parked and occupied by the passenger but vehicle was not on at the time.Minor damage to both vehicles
903391262,BLOOMINGTON PD,B1924239,MONROE,PERRY,BLOOMINGTON,6/14/2019,3:10 PM,1,0,1,0,0,,S ROGERS,ST,,,,S ROGERS,W COOLIDGE,,,,Y,,,,39.141328,-86.538528,LOCAL/CITY ROAD,,N,N,URBAN,N,N,N,,DAYLIGHT,CLEAR,DRY,,FOUR-WAY INTERSECTION,STRAIGHT/GRADE,ASPHALT,BRAKE FAILURE OR DEFECTIVE,$1001 TO $2500,LEFT TURN,323,333,Y,Y,SROGERSSTWCOOLIDGEDR,1,STOP SIGN,"D1 STATED SHE WAS DRIVING SOUTH ON S ROGERS STREET APPROACHING W COOLIDGE DRIVE. D1 STATED SHE WAS GOING THE SPEED LIMIT. D1 STATED SHE SAW A GROUP OF BICYCLISTS COMING EAST ON W COOLIDGE DRIVE AND CONTINUED, AS SHE DOES NOT HAVE A STOP SIGN. D1 STATED THE BICYCLE THEN STRUCK HER SUV AS THE BICYCLE TRIED TO TURN. DAMAGE SCRAPE DOWN PASSENGER SIDE AND BUSTED OUT MIRROR OF PASSENGER SIDE.V2 IS A BICYCLE. V2 WAS GOING EAST ON W COOLIDGE DRIVE APPROACHING S ROGERS STREET. V2 WAS TRYING TO CROSS STREET AND TURN NORTH. V2 STATED BIKE HAS NO BRAKES. V2 STATED V1 WAS SPEEDING AND CONFUSED HIM BY SLOWING THEN SPEEDING UP AGAIN. V2 STATED HE WAS NOT AWARE THAT V1 COULD JUST CONTINUE SOUTH AND DID NOT HAVE TO YIELD TO HIM (ON THE BICYCLE). I INFORMED HIM V1 DID NOT HAVE A STOP SIGN AND THAT BICYCLES ALSO HAVE TO OBEY THE RULES OF THE ROAD.V2 STATED HE TRIED TO TURN LEFT AND AVOID A HARD COLLISION AND STRUCK V1. DAMAGE TO FRONT TIRE/WHEEL OF BICYCLE. D2 HAS A SCRAPE ON HIS RIGHT KNEE AND NO OTHER VISIBLE INJURY. PICTURES TAKEN OF DAMAGE AND SMALL INJURY.I HAVE CALLED POSSIBLE WITNESS TWICE AND THEY DID NOT PICK UP INCLUDING LEAVING A VOICEMAIL.I CALLED THE BICYCLIST'S MOTHER TWICE AND IT RINGS ONCE AND GOES TO A VOICEMAIL THAT IS NOT SET UP."
903391310,BLOOMINGTON PD,B1924290,MONROE,BLOOMINGTON,BLOOMINGTON,6/14/2019,8:39 PM,2,0,0,0,0,,LIBERTY,DR,,,,S LIBERTY,3RD,,,,Y,,,,39.16461,-86.57913,LOCAL/CITY ROAD,,N,N,URBAN,N,N,N,,DAYLIGHT,CLOUDY,DRY,,FOUR-WAY INTERSECTION,STRAIGHT/LEVEL,CONCRETE,IMPROPER TURNING,$1001 TO $2500,LEFT TURN,826,828,Y,N,SLIBERTYDRW3RDST,0,STOP SIGN,D1 stated he was facing eastbound in the Bucceto's parking lot waiting to pull out onto S. Liberty Drive to head north. D1 stated a vehicle in front of V2 waived him to pull out onto Liberty Dr. D1 stated he turned into the outside lane of S. Liberty Drive and while doing so was struck by D2 on the rear passenger side of his V1. Damage was observed on the rear passenger side of V1. D2 stated he was in travelling northbound on S. Liberty Drive. D2 stated he went to merge into the left turn lane when V1 turned out in front of him causing him to slam on his brakes. D2 stated the front drivers side of his V2 struck V1. Damage was observed on the front drivers side of V2. There were four passengers on the bus during the accident. No injuries were reported.
903391225,BLOOMINGTON PD,B1924228,MONROE,PERRY,BLOOMINGTON,6/14/2019,2:10 PM,2,0,3,0,0,,WALNUT,ST,,,,S WALNUT,GORDON,,,,Y,,300,N,39.15314838,-86.53135,LOCAL/CITY ROAD,,N,N,URBAN,N,N,N,,DAYLIGHT,CLEAR,DRY,,NO JUNCTION INVOLVED,STRAIGHT/GRADE,ASPHALT,FAILURE TO YIELD RIGHT OF WAY,$5001 TO $10000,HEAD ON BETWEEN TWO MOTOR VEHICLES,211,212,Y,Y,GORDONPIKESWALNUTST,0,NONE,"On 6/14/2019 at approximately 2:11pm, I, Officer Byerley, was dispatched to a vehicle accident near the accident of S Walnut Street and E Rhorer Road.Upon arrival, I made contact with Danielle Martin, who witnessed the accident. Danielle was sitting in a vehicle traveling southbound two vehicles behind D2 of V2. Danielle stated that the vehicle sitting in front of D2 was stopped and was waving D1 to pull into traffic from the west side of S Walnut. V1 pulled out into traffic, crossing the south bound lane, and attempted to head north on S Walnut. D2 was attempting to pass the stopped vehicle in front of him and merge into the left turn lane when V2 collided head on with V1.D1's injuries from the crash consisted of bruised knees, swelling in the right knee with a little numbness, right hip pain, neck pain, and bruising and small abrasions on the lower part of her arms.D2's injuries consisted of neck pain and shoulder pain, as well as chest pain with some numbness. It should be noted that D2 had recently had heart surgery.The passenger in V2, Christina Potts, had complaints of knee pain and right shoulder pain from her seat belt."
903391864,MONROE SD,M19A19278,MONROE,VAN BUREN,BLOOMINGTON,6/14/2019,7:41 AM,2,0,0,0,0,,CURRY,PIKE,,,,N CURRY,STEBU,,,,N,,,,0,0,LOCAL/CITY ROAD,,N,N,RURAL,N,N,N,,DAYLIGHT,CLEAR,DRY,NONE,T-INTERSECTION,STRAIGHT/LEVEL,ASPHALT,FOLLOWING TOO CLOSELY,$2501 TO $5000,REAR END,745,755,Y,N,NCURRYPIKEWSTEBULN,0,NONE,AS A VEHICLE IN FRONT OF V2 BEGAN TO SLOW DOWN V2 DID SO AS WELL. AS V2 WAS SLOWING TO A STOP V1 STRUCK THE REAR PASSSENGER SIDE BUMPER OF V2.
903391104,INDIANA UNIV BLOOMINGTON PD,191302,MONROE,BLOOMINGTON,BLOOMINGTON,6/14/2019,1:50 PM,2,0,0,0,0,801,RANGE,RD,,,,RANGE,,,,,Y,,,,39.17363833,-86.496055,UNKNOWN,,N,N,URBAN,N,N,N,,DAYLIGHT,CLEAR,DRY,,NO JUNCTION INVOLVED,STRAIGHT/LEVEL,ASPHALT,IMPROPER TURNING,$1001 TO $2500,LEFT TURN,159,203,Y,N,RANGERD,0,NONE,V1 was traveling west in the parking lot. V2 was parked facing south in the parking lot. V1 attempted to turn south into the parking spot next to V2. V1 did not estimate his turn properly. V1 then struck V2. There was scratch/scuff damage to the drivers side of V2. There was moderate paint damage to the front passenger side of V1. D1 stated that he was attempting to park in the space. D1 stated that he went to turn left into the space and did not leave enough room to make the turn. D1 stated that V1 then struck the side of V2. V2 was parked and unoccupied. There were no injuries and no vehicles had to be towed. Both vehicles are owned by Enterprise Rent A Car and are self insured.
903391080,BLOOMINGTON PD,B1924221,MONROE,PERRY,BLOOMINGTON,6/14/2019,12:15 PM,2,0,0,0,0,2966,3RD,ST,,,,3RD,,,,,Y,,,,39.16470933,-86.57183467,UNKNOWN,,N,Y,URBAN,N,N,N,,DAYLIGHT,CLEAR,DRY,,NO JUNCTION INVOLVED,STRAIGHT/GRADE,ASPHALT,IMPROPER TURNING,$2501 TO $5000,SAME DIRECTION SIDESWIPE,103,110,Y,Y,3RDST,0,NONE,"Vehicle 2 was parked in the parking lot of Target. While Vehicle 2 was parked and unattended, Vehicle 1 struck Vehicle 2, causing damage.Vehicle 1 fled the scene of the accident before Driver 1 could be identified."
903390887,MONROE SD,M19A19274,MONROE,PERRY,BLOOMINGTON,6/14/2019,2:57 AM,1,0,0,0,0,,S FAIRFAX,RD,,,,S FAIRFAX,CHERRY,,,,N,PRIVATE,,,39.09784,-86.5168,LOCAL/CITY ROAD,,N,N,URBAN,N,N,N,,DARK (LIGHTED),CLEAR,DRY,,T-INTERSECTION,STRAIGHT/GRADE,ASPHALT,RAN OFF ROAD RIGHT,$10001 TO $25000,OTHER - EXPLAIN IN NARRATIVE,301,305,Y,Y,CHERRYLNSFAIRFAXRD,0,LANE CONTROL,"I arrived on scene just after Lt Mullis and Deputy Hutchens. Deputy Hetchens was conducting an OWI investigation with D1. V1 was traveling south on S Fairfax Rd in the area of Cherry Ln. V1 crossed the center line and left the east side of the roadway at the intersection and traveled through the front yard of 5625 S Fairfax Rd causing damage to the yard and then striking a wooden retaining wall causing damage to the wall. It appeared by the skid marks in the yard of the residence and the damage to the wall that V1 had been traveling at a high rate of speed just prior to leaving the roadway. Deputy Hutchens obtained a PBT result from D1 and it was .128. D1 did not appear injured in the crash. V1 was towed due to disabling damage. Photos were taken of the scene and V1. Lt Mullis spoke to the home owner, Nancy Leonard (812) 361-7893, who stated her sister in-law had just gotten up to take out the dog and heard a loud bang and walked outside and saw D1 sitting in V1, and V1 was against the retaining wall. Nancy then called 911."
903391217,ELLETTSVILLE PD,E1903231,MONROE,RICHLAND,ELLETTSVILLE,6/14/2019,3:41 PM,2,0,0,0,0,,,,SR46W,,,SR46W,JACOB,,,,Y,,,,39.24337,-86.63376,STATE ROAD,,N,N,URBAN,N,N,N,,DAYLIGHT,CLEAR,DRY,,NO JUNCTION INVOLVED,STRAIGHT/GRADE,ASPHALT,UNSAFE SPEED,$5001 TO $10000,REAR END,341,345,Y,Y,JACOBSTSR46W,0,NONE,"Driver of vehicle 1, Hayden, was stopping in traffic for an approaching ambulance, when he was rear ended by vehicle 2.Driver of vehicle 2, Bunch, stated that Hayden had stopped quickly for the ambulance, and he wasn't able to stop before running into the rear of vehicle 2.Driver 1, Hayden, stated that he had some neck pain and his passenger, Grace Hayden, was complaining of some shoulder and hip pain.Also, other than the rear damage to vehicle 1, the impact also dislodged a portion of the dash away from the vehicle about 1 to 2 inches."
903391218,ELLETTSVILLE PD,E1903232,MONROE,RICHLAND,ELLETTSVILLE,6/14/2019,3:41 PM,2,1,0,0,0,,,,SR46W,,,SR46W,JACOB,,,,Y,,200,E,39.24337,-86.63377732,STATE ROAD,,N,N,URBAN,N,N,N,,DAYLIGHT,CLEAR,DRY,,NO JUNCTION INVOLVED,STRAIGHT/GRADE,ASPHALT,UNSAFE SPEED,$5001 TO $10000,REAR END,341,345,Y,Y,JACOBSTSR46W,0,NONE,"Driver of vehicle 1, Hillenburg, stated that he was stopped in traffic for an approaching ambulance, when he was rear ended by vehicle 2.Driver of vehicle 2, Miller, stated that she was unable to stop when she saw vehicle 1, and rear ended his semi trailer.The owner of vehicle 2 was able to drive the disabled vehicle to a gas station temporarily to later have it towed on his own.A tow truck from Ken's Westside was called by the owner of vehicle 1, to wench the rear bumper of the trailer away from the tire that it was pended against before it could be driven away."
903391050,BLOOMINGTON PD,B1924215,MONROE,PERRY,BLOOMINGTON,6/14/2019,11:50 AM,1,0,0,0,0,329,W 1ST,ST,,,,W 1ST,,,,,Y,PRIVATE,,,39.159344,-86.53071771,UNKNOWN,,N,N,URBAN,N,N,N,,DAYLIGHT,CLEAR,DRY,,NO JUNCTION INVOLVED,STRAIGHT/LEVEL,ASPHALT,RAN OFF ROAD RIGHT,$5001 TO $10000,RAN OFF ROAD,1223,1227,Y,N,W1STST,0,NONE,"D1 SAID SHE WAS TURNING RIGHT INTO A PARKING SPACE BEHIND THE BUILDING, ACCIDENTIALLY HIT GAS AND NOT BRAKE. JUMPED THE CURB, AND STRUCK THE CORNER OF THE BUILDING CAUSING DAMAGE. NO INJURIES."
903391185,BLOOMINGTON PD,B1924251,MONROE,PERRY,BLOOMINGTON,6/14/2019,4:00 PM,2,0,0,0,0,,SARE,RD,,,,SOUTH SARE,CANADA,,,,Y,,,,39.12659,-86.50431,LOCAL/CITY ROAD,,N,N,URBAN,N,N,N,,DAYLIGHT,CLOUDY,DRY,,FOUR-WAY INTERSECTION,STRAIGHT/LEVEL,ASPHALT,FOLLOWING TOO CLOSELY,$2501 TO $5000,REAR END,404,420,Y,N,EASTCANADADRSOUTHSARERD,0,STOP SIGN,"V1 was southbound on South Sare Road, approaching the intersection of East Canada Drive, when it struck the rear end of V2, which was stopped at a stop sign at the intersection. D1 stated she was behind V2, who was stopped at the stop sign, when she thought that V2 was about to go through the stop sign. D1 stated she started to drive forward when V2 stopped and she struck the rear end of V2. D2 stated she was stopped at the stop sign when V1 struck the rear end of her vehicle."
903391168,INDIANA UNIV BLOOMINGTON PD,191303,MONROE,BLOOMINGTON,BLOOMINGTON,6/14/2019,2:39 PM,2,0,0,0,0,,3RD,ST,,,,E 3RD,SWAIN,,,,Y,,,,39.08034156,-86.51512936,LOCAL/CITY ROAD,,N,N,URBAN,N,N,N,,DAYLIGHT,CLEAR,DRY,,T-INTERSECTION,STRAIGHT/LEVEL,ASPHALT,UNSAFE LANE MOVEMENT,$2501 TO $5000,LEFT/RIGHT TURN,240,250,Y,N,E3RDSTSSWAINAVE,0,LANE CONTROL,"V1 and V2 were traveling westbound on 3rd Street approaching Swain Ave. V1 was in the right lane and V2 was in the left lane.D1 stated she was traveling westbound on 3rd Street approaching Swain Ave in the right lane. D1 stated she needed to make a left turn (southbound) onto Swain Ave. D1 stated she checked her mirrors and proceeded to make the turn. D1 stated that as she was switching lanes and attempting to make the turn onto Swain Ave, she collided with V2. D1 stated V2 was in her blind-spot and did not see the V2. V1 had heavy damage to the rear driver side of the vehicle.D1 admitted to consuming alcoholic beverages earlier in the day. D1 had an odor of alcoholic beverage emitting from her exhaled breath. D1 performed SFSTs and did not exhibit any clues. D1 provided a preliminary breath sample of .00. No enforcement action was taken against D1.D2 stated he was traveling westbound on 3rd Street approaching Swain Ave in the left lane. D2 stated that as he was approaching Swain Ave, V1 attempted to turn onto Swain Ave and collided with him. D2 stated he attempted to avoid colliding with V1 but was unsuccessful. V2 had damage to the front passenger side bumper of the vehicle."
903391738,BLOOMINGTON PD,B1924220,MONROE,PERRY,BLOOMINGTON,6/14/2019,12:55 PM,2,0,0,0,0,,COLLEGE MALL,RD,,,,COLLEGE MALL,COLLEGE MALL ACCESS,,,,Y,,,,39.160944,-86.497696,LOCAL/CITY ROAD,Y,N,N,URBAN,N,N,N,,DAYLIGHT,CLEAR,DRY,,FOUR-WAY INTERSECTION,STRAIGHT/LEVEL,ASPHALT,FOLLOWING TOO CLOSELY,$5001 TO $10000,REAR END,1255,105,Y,N,COLLEGEMALLACCESSRDCOLLEGEMALLRD,0,TRAFFIC CONTROL SIGNAL,"D1 WAS SOUTH ON COLLEGE MALL RD IN RIGHT LANE BEHIND V2. D2 STATED A VEHICLE STOPPED IN FRONT OF HIM AND HE BRAKED TO SLOW DOWN TO KEEP FROM HITTING THAT VEHICLE AND V1 STRUCK V2 IN THE REAR. D1 STATED THAT WHEN THE LIGHT TURNED GREEN AND TRAFFIC STARTED TO GO, SUDDENLY V2 BRAKED AND SLOWED AND D1 DID NOT HAVE TIME TO STOP BEFORE STRIKING V2 FROM THE REAR."
903391969,MONROE SD,M19A19434,MONROE,BLOOMINGTON,BLOOMINGTON,6/15/2019,4:34 PM,1,0,0,0,0,,,,I69,123,S,I69S,,,,,N,,,,0,0,INTERSTATE,,N,N,RURAL,N,N,N,,DAYLIGHT,CLEAR,DRY,,RAMP,CURVE/LEVEL,ASPHALT,RAN OFF ROAD RIGHT,$5001 TO $10000,RAN OFF ROAD,436,436,Y,N,I69S,0,NONE,Driver 1 stated he was traveling southbound on Interstate 69 approaching the the College Avenue exit at mile marker 123. Driver 1 stated as he was entering the ramp exit his phone that was sitting on his passenger seat began to ring and he looked over at it and attempted to answer it. Driver 1 stated he then went straight through the ramp exit into the grass field and continued in attempt to get back onto the roadway but went into an embankment where he collided with a collection of rocks. Driver 1 declined medical personnel. Vehicle sustained front and driver side damage along with air bag deployment. Vehicle 1 was towed by Kens Westside to Ricks Towing.
903392197,BLOOMINGTON PD,B1924438,MONROE,BLOOMINGTON,BLOOMINGTON,6/15/2019,8:35 PM,4,0,0,0,0,,N WALNUT,ST,,,,N WALNUT,STATE ROAD 45 AND 46,,,,Y,,,,39.186368,-86.5344,LOCAL/CITY ROAD,Y,N,N,URBAN,Y,N,N,,DAYLIGHT,RAIN,WET,,NO JUNCTION INVOLVED,STRAIGHT/LEVEL,ASPHALT,SPEED TOO FAST FOR WEATHER CONDITIONS,$5001 TO $10000,LEFT TURN,840,843,Y,N,NWALNUTSTSTATEROAD45AND46BYP,0,TRAFFIC CONTROL SIGNAL,"V1 WAS STOPPED AT THE STOPLIGHT, FACING E/B, ON THE STATE ROAD 45/46 BYPASS, IN THE RIGHT LANE OF THE TWO LEFT HAND TURN LANES TO TURN N/B ON N WALNUT ST. V2 WAS STOPPED AT THE STOPLIGHT AT THE SAME INTERSECTION, FACING S/B ON N WALNUT ST IN THE LEFT MOST TURN LANE FOR THE LEFT HAND TURN LANES TO TURN E/B ONTO THE BYPASS. V3 WAS NEXT TO V1 IN THE LEFT HAND LANE OF THE TWO LEFT HAND TURN LANES, FACING E/B, STOPPED AT THE STOPLIGHT. V4 WAS DIRECTLY BEHIND V3. UPON THE STOPLIGHT TURNING GREEN FOR V1, V3, AND V4 TO TURN N/B ONTO S WALNUT, BOTH V1 AND V3 BEGAN TURNING LEFT. V1 ACCELERATED TOO QUICKLY IN THE RAINING CONDITIONS AND LOST CONTROL, VEERING IN FRONT OF V3. V3 SUBSEQUENTLY STRUCK V1 ON THE FRONT DRIVER SIDE DOOR. AS THIS OCCURED, V1 WAS STILL IN MOTION, AND CONTINUED TURNING TO THE LEFT, EVENTUALLY STRIKING V2 AS IT WAS STILL STOPPED AT THE STOP LIGHT. V4 WAS DIRECTLY BEHIND V3 DURING THE TURN AND THE ACCIDENT, AND UPON THE SUDDEN BRAKING AND ABURBT STOP OF V3, V4 REAR ENDED V3."
903399910,ISP BLOOMINGTON 33,2.019E+11,MONROE,BEAN BLOSSOM,ELLETTSVILLE,6/15/2019,9:58 PM,2,,0,0,0,,NORTH MOUNT TABOR,RD,,,,,COWDEN,,,,N,,183,N,39.266864,-86.620704,COUNTY ROAD,,N,,RURAL,N,N,N,,DARK (NOT LIGHTED),RAIN,WET,,NO JUNCTION INVOLVED,,GRAVEL,UNSAFE BACKING,$2501 TO $5000,BACKING CRASH,1000,1000,Y,Y,,0,,VEHICLE #1 WAS WEST BOUND ATTEMPTING TO ENTER NORTH MOUNT TABOR ROAD FROM A GRAVEL LANE ON THE EAST SIDE OF NORTH MOUNT TABOR ROAD AND APPROXIMATELY 183 FEET NORTH OF COWDEN ROAD AND TO THE NORTH OF VEHICLE #2. VEHICLE #2 WAS PARKED AND UNOCCUPIED FACING EAST EIGHT FEET EAST OF NORTH MOUNT TABOR ROAD ON THE SAME GRAVEL LANE AND SOUTH OF VEHICLE #1 APPROXIMATELY 183 FEET NORTH OF COWDEN ROAD. VEHICLE #1'S RIGHT FRONT WHEEL BECAME STUCK THE DRAINAGE DITCH ALONG NORTH MOUNT TABOR ROAD. DRIVER #1 ATTEMPTED TO BACK OUT OF THE DITCH AND STRUCK VEHICLE #2 IN THE DRIVER'S SIDE MIRROR WITH THE LEFT REAR CORNER OF VEHICLE #1. AT THE TIME OF THE CRASH THERE WAS HEAVY RAIN FOLLOWING A TORNADO WITH NO LIGHTING IN THE AREA.DRIVER #1 STATED HE WAS TRYING TO BACK OUT OF THE DITCH AND DID NOT SEE HE WAS BACKING INTO VEHICLE #2.
903391861,MONROE SD,M19A19459,MONROE,PERRY,BLOOMINGTON,6/15/2019,7:14 PM,1,0,0,0,0,,,,I69N,,,I69N,,SR37S,,,N,OTHER,100,S,0,0,INTERSTATE,,N,N,RURAL,N,N,N,,DAYLIGHT,RAIN,WET,,NO JUNCTION INVOLVED,CURVE/GRADE,ASPHALT,OTHER (ENVIRONMENTAL) - EXPLAIN IN NARR,$2501 TO $5000,RAN OFF ROAD,810,824,Y,N,I69NSR37S,0,LANE CONTROL,I arrived on scene and spoke to D1 and he stated V1 was traveling north on I69 just south of exit 114 when high winds picked up the front of his vehicle and when it came back down the vehicle was pointed toward the guardrail . D1 stated he lost control of V1 and it struck the guardrail. D1 stated he was able to get V1 onto the shoulder of the road. I observed damage to the front of V1 consistent with striking a guardrail. There was also severe weather in the area and possible tornado activity at the time of the crash. D1 was not injured in the crash. V1 was towed due to disabling damage.
903391830,MONROE SD,M19A19474,MONROE,PERRY,BLOOMINGTON,6/15/2019,8:00 PM,1,0,0,0,0,,BOLIN,LN,,,,W BOLIN,CROP,,,,N,,900,E,39.1003,-86.5647579,LOCAL/CITY ROAD,,N,N,RURAL,N,N,N,,DARK (NOT LIGHTED),RAIN,WET,,NO JUNCTION INVOLVED,STRAIGHT/LEVEL,ASPHALT,OTHER (ENVIRONMENTAL) - EXPLAIN IN NARR,$5001 TO $10000,COLLISION WITH OBJECT IN ROAD,857,857,Y,N,SCROPCIRWBOLINLN,0,NONE,V1 was traveling west on West Bolin Ln and hit a tree that had fallen across the roadway. V1 drove over the tree before stopping. D1 stated that he did not see the tree across the road because of the heavy rain.
903391407,BLOOMINGTON PD,B1924342,MONROE,BLOOMINGTON,BLOOMINGTON,6/15/2019,5:33 AM,3,0,0,0,0,,MONROE,ST,,,,MONROE,12TH,,,,Y,,200,N,39.17490131,-86.547104,LOCAL/CITY ROAD,,N,N,URBAN,N,N,N,,DARK (LIGHTED),RAIN,WET,,NO JUNCTION INVOLVED,STRAIGHT/LEVEL,ASPHALT,IMPROPER LANE USAGE,$2501 TO $5000,SAME DIRECTION SIDESWIPE,535,549,Y,N,12THSTMONROEST,0,LANE CONTROL,"D1 SAID HE WAS SOUTH BOUND ON MONROE ST, APPROACHING 12TH ST, AND ANOTHER VEHICLE WAS PASSING HIM NORTH BOUND. D1 SAID THAT VEHICLE HAD VERY BRIGHT HALOGEN HEADLIGHTS, AND WAS CROWDING THE CENTER LINES TOWARD HIM. HE SAID HE SWERVED TO THE RIGHT TO AVOID IT, AND STRUCK V2, THEN V3.V2 AND V3 WERE PARKED ON THE WEST SIDE OF MONROE ST, FACING SOUTH. BOTH OWNERS WERE FOUND AND NOTIFIED.D1 ARRANGED A PRIVATE TOW OF V1, DUE TO DAMAGE. NO INJURIES REPORTED."
903393056,MONROE SD,M19A19441,MONROE,VAN BUREN,BLOOMINGTON,6/15/2019,5:25 PM,2,0,0,0,0,1285,S LIBERTY,DR,,,,S LIBERTY,,,,,N,,,,39.145264,-86.577616,UNKNOWN,,N,N,RURAL,N,N,N,,DAYLIGHT,RAIN,WET,,NO JUNCTION INVOLVED,STRAIGHT/GRADE,ASPHALT,FAILURE TO YIELD RIGHT OF WAY,$1001 TO $2500,BACKING CRASH,530,541,Y,N,SLIBERTYDR,0,NONE,D1 was backing out of parking spot in Menards parking lot when he left his rear passenger door open. The passenger door struck V2 in the drivers side causing damage to both vehicles.
903391973,MONROE SD,M19A19436,MONROE,BENTON,BLOOMINGTON,6/15/2019,4:45 PM,1,0,0,0,0,,ROBINSON,RD,,,,ROBINSON,HUDOFF,,,,N,,1300,W,39.25099241,-86.46775443,COUNTY ROAD,,N,N,RURAL,N,N,N,,DAYLIGHT,RAIN,WET,,NO JUNCTION INVOLVED,STRAIGHT/GRADE,ASPHALT,RAN OFF ROAD RIGHT,$2501 TO $5000,RAN OFF ROAD,445,512,Y,N,HUDOFFRDROBINSONRD,0,NONE,D-1 stated he was traveling east bound on E. Robinson Rd. When D-1 believes he fell asleep but not sure. V-1then ran off the north side of the roadway striking a tree. D-1 was given SFST's and PBT and passed all tests.
903391598,INDIANA UNIV BLOOMINGTON PD,191309,MONROE,BLOOMINGTON,BLOOMINGTON,6/15/2019,2:53 PM,1,0,0,0,0,,,,SR46E,,,SR46E,COLLEGE MALL,,,,Y,,50,E,39.16424,-86.49827432,STATE ROAD,Y,Y,Y,URBAN,N,N,N,,DAYLIGHT,RAIN,WET,,FOUR-WAY INTERSECTION,STRAIGHT/LEVEL,ASPHALT,OVERCORRECTING/OVERSTEERING,UNDER $1001,OTHER - EXPLAIN IN NARRATIVE,253,253,Y,N,COLLEGEMALLRDSR46E,0,TRAFFIC CONTROL SIGNAL,"6/15/2019Officer Nathan KoontzOn the above date, I was stopped in traffic on East 3rd Street facing west in the far left turn lane of the State Road 46/College Mall Rd. intersection in marked unit 224. I noticed a black SUV turn left onto eastbound 3rd Street from State Road 46. As the vehicle made the turn, it ""fish tailed"" and began to drive toward my vehicle. Just before colliding into my patrol car, the vehicle hit the median on 3rd Street and changed direction to go south across 3rd Street. The vehicle then collided with a concrete post in the grass on the south side of 3rd Street. The vehicle did not stop, it regained direction and fled eastbound on 3rd Street.I initiated my emergency lights, then crossed the raised median of 3rd Street and went eastbound on 3rd in emergency mode attempting to catch up to the vehicle. As I approached the Smith Road intersection, I saw a black SUV in the distance turn north from 3rd Street into a business parking lot. I attempted to find the vehicle in two parking lots on the north side of 3rd Street, but was unable to locate the vehicle. The black SUV that I saw turn into a lot was not the vehicle in question. I determined that I was unable to locate the vehicle and went to the Burger King located at 3rd and College Mall Road. I met with Officer Cooksey who was in the office of Burger King looking at video footage. Video footage captured the vehicle crossing 3rd Street and colliding with the concrete post. The license plate of the vehicle was unreadable. The vehicle appeared to be an older model black GMC Jimmy or perhaps a Yukon. Officer Cooksey and I were unable to determine exactly what model of SUV the vehicle was.The concrete post was a short concrete post that is believed to be part of the Old National Bank that was formerly located at that location. It is believed that the post belongs to Burger King. There is no further information regarding this case. The vehicle, its owner and occupants are unknown at this time. This case is inactive."
903462165,BLOOMINGTON PD,B1924448,MONROE,BLOOMINGTON,BLOOMINGTON,6/15/2019,9:30 PM,1,1,0,0,0,220,THIRD,ST,,,,E THIRD,,,,,Y,,,,39.1644,-86.53154,UNKNOWN,,N,N,URBAN,N,N,N,,DARK (LIGHTED),RAIN,WET,,NO JUNCTION INVOLVED,STRAIGHT/GRADE,ASPHALT,OTHER (VEHICLE) - EXPLAIN IN NARRATIVE,UNDER $1001,OTHER - EXPLAIN IN NARRATIVE,940,940,Y,Y,ETHIRDST,0,NONE,"On 6/15/2019, I was dispatched to a property damage accident at 220 E 3rd Street.I spoke with D1 of V1 who stated that while driving over a raised cross walk in the parking lot, the trailer that was attached to the trailer came unattached and hit the back of V1 in the bumper just as V1 was coming to a stop. It appeared that the locking mechanism was not properly engaged."