Master Record Number,Agency,Local Code,County,Township,City,Collision Date,Collision Time,Vehicles Involved,Trailers Involved,Number Injured,Number Dead,Number Deer,House Number,Roadway Name,Roadway Suffix,Roadway Number,Roadway Interchange,Roadway Ramp,Roadway Id,Intersecting Road,Intersecting Road Number,Mile Marker,Interchange,Corporate Limits?,Property Type,Feet From,Direction,Latitude,Longitude,Roadway Class,Traffic Control Devices?,Aggressive Driving?,Hit and Run?,Locality,School Zone?,Rumble Strips?,Construction?,Construction Type,Light Condition,Weather Conditions,Surface Condition,Type of Median,Roadway Junction Type,Road Character,Roadway Surface,Primary Factor,Damage Estimate,Manner of Collision,Time Notified,Time Arrived,Investigation Complete?,Photos Taken?,Unique Location Id,State Property Damage?,Traffic Control,NARRATIVE
903392880,MONROE SD,M19A19610,MONROE,POLK,BLOOMINGTON,6/17/2019,5:59 AM,1,0,0,0,1,,,,SR446S,,,SR446S,TOWER RIDGE,,,,N,,1500,S,39.01096899,-86.40118971,STATE ROAD,,N,N,RURAL,N,N,N,,DAWN/DUSK,CLOUDY,DRY,,NO JUNCTION INVOLVED,STRAIGHT/LEVEL,ASPHALT,ANIMAL/OBJECT IN ROADWAY,$1001 TO $2500,COLLISION WITH DEER,600,635,Y,N,SR446STOWERRIDGERD,0,NONE,Drive 1 stated he was going south on State Road 446 when a deer entered the roadway and ran into his vehicle.
903393505,MONROE SD,M19A19680,MONROE,RICHLAND,BLOOMINGTON,6/17/2019,5:20 PM,1,0,0,0,1,,N HARTSTRAIT,RD,,,,N HARTSTRAIT,W WOODYARD,,,,N,,600,S,39.208544,-86.611504,LOCAL/CITY ROAD,,N,N,RURAL,N,N,N,,DAYLIGHT,RAIN,WET,,NO JUNCTION INVOLVED,STRAIGHT/GRADE,ASPHALT,ANIMAL/OBJECT IN ROADWAY,$1001 TO $2500,COLLISION WITH DEER,520,541,Y,N,NHARTSTRAITRDWWOODYARDRD,0,NONE,V1 WAS TRAVELING SB ON N HARTSTRAIT RD WHEN A DEER CAME OUT INTO THE ROADWAY AND V1 STRUCK THE DEER WITH THE LEFT FRONT. D1 STATED THAT SHE WAS IN FRONT OF THE DRIVEWAY TO 3760 N HARTSTRAIT RD WHEN SHE STRUCK THE DEER AND THEN PULLED OFF OF THE ROADWAY INTO THE DRIVEWAY OF 3650 N HARTSTRAIT RD.
903395479,BLOOMINGTON PD,B1925293,MONROE,BLOOMINGTON,BLOOMINGTON,6/17/2019,8:00 AM,2,0,0,0,0,220,N MORTON,ST,,,,N MORTON,,,,,Y,,,,39.16786971,-86.536,,,N,Y,URBAN,N,N,N,,DAYLIGHT,CLOUDY,DRY,,NO JUNCTION INVOLVED,STRAIGHT/GRADE,CONCRETE,OTHER (VEHICLE) - EXPLAIN IN NARRATIVE,UNDER $1001,OTHER - EXPLAIN IN NARRATIVE,429,436,N,Y,NMORTONST,0,NONE,"On 6/21/2019 at approximately 4:29pm, I, Officer Byerley, was dispatched to the Bloomington Police Department lobby in regards to a report of an accident where the other driver left the scene.Upon arrival, I made contact with Richard Hans, the owner V2. D2 stated that he parked his vehicle in the Morton Street Parking Garage located at 220 N Morton Street on 6/17/2019 at approximately 4pm, and parked on the third level in spot 363. D2 stated that he returned to his vehicle on 6/18/2019 at approximately 8am and discovered that his driver's side mirror had been hit and damaged.I called Ryan Daily, City Hall, who informed me that he would have one of his employees look into the video footage for the dates and times listed in attempt to identify a possible suspect.I was wearing BWC 1669 during this incident and it appeared to be in good working order."
903393928,DNR LAW ENFORCEMENT,51900858,MONROE,POLK,ELLETTSVILLE,6/17/2019,6:30 PM,1,0,0,0,0,0,COUNTY LINE,RDS,,,,SOUTH COUNTY LINE ROAD,,,,,N,,,,39.31364,-86.685528,UNKNOWN,,N,N,RURAL,N,N,N,,DAYLIGHT,CLOUDY,MUDDY,,NO JUNCTION INVOLVED,NON-ROADWAY CRASH,OTHER - EXPLAIN IN NARRATIVE,DRIVER ILLNESS,$2501 TO $5000,OTHER - EXPLAIN IN NARRATIVE,606,630,Y,N,SOUTHCOUNTYLINEROADRDS,0,NONE,"I observed the operator in her car at the bottom of an embankment on the north side of State Road 46 facing westbound. Tire tracks indicated that the car had been driven through an unplanted agricultural field, down an embankment and was stuck in soft ground. Damage was visible to the front bumper, rear bumper, rear side glass, passenger side, and the tire was off of the passenger side front wheel. The operator was still attempting to drive the vehicle. Upon speaking with the driver I was concerned she was suffering from a medical emergency. The operator stated she was returning from the hospital after submitting to a blood test. She stated she had been experiencing ""blackouts"" and she also advised that she suffered from hypoglycemia. She stated she could not remember what happened or how she had gotten there. I did not detect any signs of illegal drug use. Monroe County Ambulance Service and local township fire First Responders arrived to provide a medical assessment of Mrs. Sullivan. Bland's Wrecker Service towed the vehicle. Public property and private property damage was limited to minimal tire tracks in the soft soil. Damage to the vehicle is believed to have occurred from driving over the embankment."
903392895,BLOOMINGTON PD,B1924724,MONROE,BLOOMINGTON,BLOOMINGTON,6/17/2019,7:19 PM,2,0,2,0,0,,WALNUT,ST,,,,S WALNUT,HILLSIDE,,,,Y,,,,39.15052,-86.53367,LOCAL/CITY ROAD,Y,N,N,URBAN,N,N,N,,DAYLIGHT,CLOUDY,WET,,FOUR-WAY INTERSECTION,STRAIGHT/LEVEL,ASPHALT,FAILURE TO YIELD RIGHT OF WAY,$10001 TO $25000,LEFT TURN,721,723,Y,Y,EHILLSIDEDRSWALNUTST,0,TRAFFIC CONTROL SIGNAL,"D1 stated that she was driving V1 south on S. Walnut St. And was turning east on Hillside Dr. D1 also stated that the traffic light at the intersection was solid green in her side but without a green left arrow. D1 stated that while she was in the middle of the turn, V2 struck V1 in the front passenger corner.D2 stated that she was driving V2 north on S. Walnut St. D2 also stated when she was approaching the intersection of S. Walnut St. And E. Hillside Dr. The traffic light was solid green in her direction. D2 also stated that while she entered the intersection, the driver of V1 failed to yield for oncoming traffic and entered the intersection to turn east. D2 explained that due D1's action, V2 struck V2 in the front passenger corner.W1 stated that he was driving his vehicle west on E. Hillside dr. And stopped at the traffic tight at the intersection of S. Walnut St. And E. Hillside dr. Witness 1 stated that V1 was being driven south on S. Walnut St. and was attempting turn east on E. Hillside Dr. W1 also stated that V2 was being driven north on S. Walnut St. W1 stated that the driver of V1 failed to yield to oncoming traffic and entered the intersection of S. Walnut St. And E. Hillside Dr. at the same time with V2 which made the 2 vehicles collide with each other.The traffic light was operational."
903393513,MONROE SD,M19A19696,MONROE,BENTON,BLOOMINGTON,6/17/2019,8:37 PM,2,0,0,0,0,,,,SR45E,,,SR45E,RUSSELL,,,,N,,300,E,39.19388,-86.46777594,STATE ROAD,,N,N,RURAL,N,N,N,,DAYLIGHT,CLOUDY,WET,,NO JUNCTION INVOLVED,CURVE/GRADE,ASPHALT,LEFT OF CENTER,$25001 TO $50000,SAME DIRECTION SIDESWIPE,837,846,Y,Y,RUSSELLRDSR45E,0,NONE,"THE DRIVER OF UNIT 2 STATED THAT WHILE TRAVELING SOUTHWEST ON SR 45 NEAR RUSSELL RD, SHE OBSERVED UNIT 1 TRAVELING TOWARD HER WHILE IN HER LANE. UNIT 2 STATED THAT DUE TO UNIT 1 TRAVELING IN THE WRONG LANE, SHE SWERVED TO THE LEFT INTO THE LANE WHERE UNIT 1 WAS SUPPOSED TO BE. UNIT 2 STATED SHE DID THIS TO GET OUT OF THE PATH OF UNIT 1. UNIT 2 WAS STRUCK ON THE PASSENGER SIDE DOOR.THE DRIVER OF UNIT 1 STATED SHE DID NOT REMEMBER WHAT HAPPENED AT THE TIME OF THE CRASH. THE DRIVER OF UNIT 1 STATED SHE HAD CONSUMED ALCOHOL PRIOR TO THE CRASH AND WAS LATER ARRESTED FOR OPERATING WHILE INTOXICATED."
903392216,INDIANA UNIV BLOOMINGTON PD,191318,MONROE,BLOOMINGTON,BLOOMINGTON,6/17/2019,4:50 AM,1,0,0,0,1,,,,SR46,,,SR46,FEE,,,,Y,,,,39.18596,-86.51966,STATE ROAD,,N,N,URBAN,N,N,N,,DARK (LIGHTED),CLEAR,WET,,FOUR-WAY INTERSECTION,CURVE/LEVEL,ASPHALT,ANIMAL/OBJECT IN ROADWAY,$1001 TO $2500,COLLISION WITH DEER,456,459,Y,N,FEELNSR46,0,LANE CONTROL,"V1 was traveling eastbound on State Road 45/46 approaching the intersection of State Road 45/46 and North Fee Lane. D1 advised me that a deer ran into the roadway from the south side of State Road 45/46. D1 stated that he then struck the backside of the deer with the front left bumper area of V1, just west of the intersection."
903394309,MONROE SD,M19A19783,MONROE,BEAN BLOSSOM,STINESVILLE,6/18/2019,12:00 AM,1,0,0,0,0,,HOADLEY,ST,,,,HOADLEY,MIDDLE,,,,N,,,,39.29794,-86.65248,LOCAL/CITY ROAD,,N,Y,RURAL,N,N,N,,DARK (NOT LIGHTED),CLEAR,WET,,FOUR-WAY INTERSECTION,STRAIGHT/LEVEL,ASPHALT,RAN OFF ROAD RIGHT,$1001 TO $2500,RAN OFF ROAD,507,514,N,N,HOADLEYSTMIDDLEST,0,YIELD SIGN,"THE OWNER OF UNIT 1 STATED SHE CAME OUT TO HER VEHICLE ON 6/18/2019 AND OBSERVED THE DAMAGE TO THE DRIVER'S SIDE OF THE REAR BUMPER. THERE WAS SEVERAL BLACK SCUFF MARKS AND A DENT LEFT ON THE BUMPER. SHE STATED IT WAS NOT THERE THE DAY BEFORE, AND SOMEBODY MUST HAVE HIT IT DURING THE NIGHTTIME HOURS."
903393815,MONROE SD,M19A19769,MONROE,RICHLAND,BLOOMINGTON,6/18/2019,1:52 PM,1,0,0,0,0,,,,SR46W,,,SR46W,NORTH SMITH,,,,N,,75,W,39.21026774,-86.58341169,STATE ROAD,Y,N,N,URBAN,N,N,N,,DAYLIGHT,CLEAR,DRY,,NO JUNCTION INVOLVED,STRAIGHT/LEVEL,ASPHALT,RAN OFF ROAD RIGHT,$2501 TO $5000,RAN OFF ROAD,200,207,Y,N,NORTHSMITHPIKESR46W,0,TRAFFIC CONTROL SIGNAL,VEHICLE 1 WAS MAKING A LEFT TURN ONTO WEST STATE ROAD 46 TRAVELING WESTBOUND AT THE INTERSECTION OF NORTH SMITH PIKE AND WEST STATE ROAD 46. VEHICLE 1 RAN OFF ROADWAY AND STRUCK THE CURB DISABLING THE VEHICLE.DRIVER 1 STATED THE STEARING LOCKED UP AND FORCED VEHICLE 1 OFF THE ROADWAY.DRIVER 1 AND PASSENGER WERE NOT INJURED AND REFUSED ANY MEDICAL TREATMENT.VEHICLE 1 WAS DISABLED AND TOWED BY HAWKINS.
903393658,BLOOMINGTON PD,B1924867,MONROE,PERRY,BLOOMINGTON,6/18/2019,7:30 PM,2,0,0,0,0,120,W GRIMES,LN,,,,W GRIMES,,,,,Y,,,,39.15344,-86.5338449,UNKNOWN,,N,Y,URBAN,N,N,N,,DAYLIGHT,CLEAR,DRY,,NO JUNCTION INVOLVED,STRAIGHT/LEVEL,ASPHALT,UNSAFE BACKING,UNDER $1001,BACKING CRASH,749,758,N,Y,WGRIMESLN,0,NONE,V2 WAS PARKED IN A PARKING SPOT FACING WB. V1 APPEARED TO HAVE BACKED UP AND STRUCK THE PASSENGER SIDE DOOR OF V2. THERE WAS WHITE PAINT TRANSFER ON V2. THERE IS A CAMERA NEARBY ON THE BUILDING NEXT TO THE PARKING LOT. OFFICERS WILL ATTEMPTED TO OBTAIN FOOTAGE FROM THE ECURITY CAMERA IF IT CAPTURED THE CRASH.SUPPLEMENT: D1 INFORMATION WAS ADDED
903393661,BLOOMINGTON PD,B1924832,MONROE,PERRY,BLOOMINGTON,6/18/2019,3:10 PM,1,0,0,0,0,1891,RENWICK,BLVD,,,,S RENWICK,,,,,Y,OTHER,,,39.14656,-86.50081,LOCAL/CITY ROAD,,Y,N,URBAN,N,N,N,,DAYLIGHT,CLEAR,DRY,,T-INTERSECTION,CURVE/LEVEL,ASPHALT,RAN OFF ROAD RIGHT,$2501 TO $5000,RAN OFF ROAD,310,310,Y,Y,SRENWICKBLVD,0,NONE,"D1 WAS BEING PURSUED BY OFFICER ABBOTT IN THE 1800 BLOCK OF SOUTH RENWICK BLVD. V1 STRUCK A CURB AND WENT ONTO THE ROAD JUST SOUTH OF 1891 S RENWICK BLVD. THEN V1 WAS ABLE TO TURN AROUND AND PROCEED NORTHBOUND. V1 THEN STRUCK A CURB, RAN OFF THE ROAD INTO THE YARD OF 1891 S RENWICK BLVD AND STRUCK A CITY STREET SIGN FOR THE INTERSECTION OF RENWICK AND SEMINARY.V1 HAD DAMAGE TO THE DRIVER SIDE FRONT BUMPER. THE CITY STREET SIGN WAS DISLODGED. MONROE COUNTY SHERIFF'S OFFICE USED HAWKIN'S TO TOW THE VEHICLE.IT WAS LATER DETERMINED THAT D1 WAS OPERATING WHILE INTOXICATED."
903393345,BLOOMINGTON PD,B1924807,MONROE,BLOOMINGTON,BLOOMINGTON,6/18/2019,12:19 PM,3,0,0,0,0,,KINGSTON,DR,,,,KINGSTON,3RD,,,,Y,,,,39.16424,-86.492944,LOCAL/CITY ROAD,,N,N,URBAN,N,N,N,,DAYLIGHT,CLOUDY,DRY,,NO JUNCTION INVOLVED,STRAIGHT/GRADE,ASPHALT,FOLLOWING TOO CLOSELY,UNDER $1001,REAR END,1219,1223,N,N,3RDSTKINGSTONDR,0,NONE,"D1 STATED HE HAD EXITED ONTO KINGSTON DR FROM A LOCAL BUSINESS THAT IS LOCATED ON THE EAST SIDE OF THE ROADWAY. HE SAID AS HE MADE HIS RIGHT TURN ONTO KINGSTON, HE SAW THAT THE TRAFFIC SIGNAL WAS GREEN. D1 SAID HE ASSUMED TRAFFIC WAS MOVING AND HE COLLIDED INTO THE REAR OF V2. D2 STATED HE WAS STOPPED NORTH ON KINGSTON DR AND WAS STRUCK FROM BEHIND BY V1. HE SAID HE VEHICLE THEN SURGED FORWARD AND STRUCK V3. D3 STATED SHE WAS STOPPED IN TRAFFIC NORTH ON KINGSTON. SHE SAID WHILE WAITING FOR THE TRAFFIC SIGNAL TO CHANGE, SHE WAS STRUCK FROM BEHIND BY V2."
903393426,BLOOMINGTON PD,B1924814,MONROE,BLOOMINGTON,BLOOMINGTON,6/18/2019,1:03 PM,2,0,0,0,0,,GATES,DR,,,,N GATES,RUNKLE,,,,Y,,,,39.16636,-86.57601,LOCAL/CITY ROAD,,N,N,URBAN,N,N,N,,DAYLIGHT,RAIN,WET,,T-INTERSECTION,STRAIGHT/LEVEL,ASPHALT,IMPROPER TURNING,$2501 TO $5000,LEFT/RIGHT TURN,103,103,Y,N,NGATESDRWRUNKLEWAY,0,LANE CONTROL,"D2/V2 STATED ""I WAS SOUTHBOUND ON N. GATES DRIVE. V1 WAS STOPPED IN THE MIDDLE OF THE SOUTHBOUND LANE NOT MOVING. THE CAR INFRONT OF ME PASSED V1 ON THE RIGHT. I ASSUMED V1 WAS BROKEN DOWN IN THE ROADWAY. I WENT TO PASS V1 ON THE RIGHT, IN THE RIGHT TURN LANE. I DID NOT SEE ANY TURN SIGNAL ON THE TRUCK OR TRAILOR OF V1. AS I STARTED TO PASS V1, V1 MADE A RIGHT HAND TURN INTO MY VEHICLE.""D1/V1 STATED ""I WAS SOUTHBOUND ON N. GATES DRIVE. I WAS IN THE MIDDLE STRAIGHT LANE. I THOUGHT I HAD MY TURN SIGNAL ON. I STARTED TO MAKE A RIGHT HAND TURN, WHEN ALL OF THE SUDDEN I COLLIDED WITH V2 WHO WAS PASSING ME SOUTHBOUND IN THE RIGHT TURN LANE.""V1 IMPROPER TURN, IMPROPER LANE USAGE.V2 IMPROPER PASSING."
903393621,BLOOMINGTON PD,B19-24837,MONROE,PERRY,BLOOMINGTON,6/18/2019,2:59 PM,1,0,0,0,0,1712,S HUNTINGTON,DR,,,,S HUNTINGTON,,,,,Y,PRIVATE,,,39.14827559,-86.52082808,UNKNOWN,,N,Y,URBAN,N,N,N,,DAYLIGHT,CLEAR,DRY,,NO JUNCTION INVOLVED,STRAIGHT/LEVEL,ASPHALT,RAN OFF ROAD RIGHT,$5001 TO $10000,RAN OFF ROAD,307,322,Y,Y,SHUNTINGTONDR,0,NONE,"BASED ON THE MARKS IN THE GRASS JUST WEST OF THE COLLISION, V1 WAS TRAVELING EAST ON E. MILLER DR., CROSSED THE CENTER AND INTO ONCOMING TRAFFIC, HOPPED THE CRUB, STRUCK A FENCE LOCATED IN THE YARD OF 1712 S. HUNTINGTON DR., JUMPED BACK OVER THE CURB, AND CONTINUED EAST BOUND ON E. MILLER DR. V1 LEFT THE SCENE.WHEN LOCATED, V1 HAD DAMAGE ON THE DRIVER'S SIDE ASSOCIATED WITH THIS CRASH, AND D1 WAS ARRESTED FOR OWI, LSA, RLE, VEH. THEFT."
903394504,MONROE SD,M19A19850,MONROE,PERRY,BLOOMINGTON,6/19/2019,1:11 AM,1,0,0,0,1,,,,SR37S,,,SR37S,DILLMAN,,,,N,,2000,S,39.08758969,-86.54457085,STATE ROAD,,N,N,RURAL,N,N,N,,DARK (NOT LIGHTED),CLEAR,DRY,,NO JUNCTION INVOLVED,CURVE/LEVEL,ASPHALT,ANIMAL/OBJECT IN ROADWAY,$5001 TO $10000,COLLISION WITH DEER,113,117,Y,N,DILLMANRDSR37S,0,NONE,Vehicle 1 was traveling northbound on South State Road 37 between South Old State Road 37 and West Dillman Road when a deer ran into the roadway and collided with the front driver side bumper and quarter panel. The collision resulted in extensive damage to the entire front end of the SUV. The deceased deer was located in the left-hand lane near the SUV.
903394335,MONROE SD,M19A19930,MONROE,BLOOMINGTON,BLOOMINGTON,6/19/2019,5:43 PM,1,0,0,0,0,,BOLTINGHOUSE,RD,,,,E BOLTINGHOUSE,OLD MEYERS,,,,N,,420,S,39.17456561,-86.47299,LOCAL/CITY ROAD,,N,N,RURAL,N,N,N,,DAYLIGHT,RAIN,WET,,NO JUNCTION INVOLVED,STRAIGHT/GRADE,ASPHALT,SPEED TOO FAST FOR WEATHER CONDITIONS,$1001 TO $2500,RAN OFF ROAD,543,620,Y,N,EBOLTINGHOUSERDEOLDMEYERSRD,0,NONE,"D1 STATED THAT HE WAS CRESTING THE HILL EB ON E BOLTINGHOUSE RD TRAVELING TOWARDS E BETHEL LN. WHERE E OLD MEYERS RD INTERSECTS. D1 STATED THAT WHEN HE CAME OVER THE HILL A CAR WAS ATTEMPTING TO TURN ONTO OLD MEYERS FROM THE OPPOSING LANE HOWEVER THEY HAD CROSSED THE CENTER LINE. D1 STATED THAT HE AVOIDED A COLLISION WITH THAT VEHICLE HOWEVER IN DOING STATED HE ""LOST CONTROL"" OF HIS VEHICLE, RAN OFF OF THE ROADWAY INTO A UTILY POLE."
903394104,BLOOMINGTON PD,B1924947,MONROE,BLOOMINGTON,BLOOMINGTON,6/19/2019,1:09 PM,2,0,0,0,0,,,,SR46W,,,SR46W,,SR37,,,Y,,,,39.194144,-86.554592,STATE ROAD,,N,N,URBAN,N,N,Y,LANE CLOSURE,DAYLIGHT,CLOUDY,DRY,,T-INTERSECTION,CURVE/GRADE,ASPHALT,FAILURE TO YIELD RIGHT OF WAY,$2501 TO $5000,SAME DIRECTION SIDESWIPE,113,118,Y,N,SR37RDSR46W,0,NONE,V1 WAS NORTHBOUND AT THE OFF RAMP OF SR 37/I69 AT THE INTERSECTION OF SR 46 WEST. V2 WAS EASTBOUND ON SR 46 AT THE RAMP.D1 SAID SHE STOPPED TO WAIT ON TRAFFIC BEFORE PULLING OUT. SHE SAID WHEN SHE THOUGHT IT WAS CLEAR SHE PULLED ONTO WESTBOUND SR 46 BUT DID NOT SEE V2 COMING. SHE SAID WHEN SHE ENTERED THE HIGHWAY SHE COLLIDED WITH V2.D1 SAID HE SAW V1 STOP TO WAIT ON TRAFFIC AS HE APPROACHED. HE SAID SHE WAS WATCHING TRAFFIC FROM THE OTHER DIRECTION AND PULLED OUT IN FRONT OF HIM AND THEY COLLIDED.
903394273,INDIANA UNIV BLOOMINGTON PD,191329,MONROE,BLOOMINGTON,BLOOMINGTON,6/19/2019,5:42 PM,2,0,0,0,0,,THIRD,ST,,,,THIRD,SWAIN,,,,Y,,,,39.16425,-86.51526,LOCAL/CITY ROAD,,N,N,URBAN,N,N,N,,DAYLIGHT,CLOUDY,WET,,T-INTERSECTION,STRAIGHT/GRADE,ASPHALT,UNSAFE LANE MOVEMENT,$5001 TO $10000,LEFT TURN,545,552,Y,N,SWAINAVETHIRDST,0,LANE CONTROL,"No other officers assisted with the accident investigation.3rd Street is a one way, two lane roadway that travels westbound.V1 was traveling westbound on 3rd Street, in the north-most lane, near the Swain Avenue intersection.V2 was also traveling westbound on 3rd Street, in the south-most lane, near the Swain Avenue intersection. V2 was in the adjacent lane and slightly behind V1.D1 stated she believes she was actually in the south-most lane and directly in front of V2. D1 continued to state that she then made a left, southbound turn onto Swain Avenue. As she was turning, V2 collided into the rear, driver-side portion of her vehicle.D2 stated that V1 was in the north-most lane, the adjacent lane to him, and slightly ahead of him. V1 then turned into his path of travel. D2 stated that he was unable to stop in time as it happened quickly and he collided into V1 with the front, passenger portion of his vehicle. He was not sure the speed he was traveling prior to the collision.The damage to the vehicles are most consistent with D2's version of the story. D1's version meant that D2 would have driven up onto the sidewalk or grass to sustain the vehicle damage. There are no known cameras in the area.Both vehicle sustained damage; however, they both appeared to be in safe operating condition. There were no injuries.There are both signs and road markings that indicate 3rd Street is a one way street before the accident location."
903394996,MONROE SD,M19A19908,MONROE,WASHINGTON,BLOOMINGTON,6/19/2019,1:59 PM,1,0,0,0,0,,,,SR69,,,SR69N,,,129,,N,,5280,S,0,0,STATE ROAD,,N,N,URBAN,N,Y,N,,DAYLIGHT,RAIN,WET,,NO JUNCTION INVOLVED,STRAIGHT/LEVEL,ASPHALT,RAN OFF ROAD RIGHT,$5001 TO $10000,RAN OFF ROAD,212,212,Y,N,SR69N129,0,NONE,D1 STATED SHE WAS DRVING SOUTH ON N. STATE ROAD 69 HEADING TOWARDS BLOOMINGTON. D1 ADVISED IT WAS RAINING AND SLOWED DOWN HOWEVER HER VEHICLE STARTED SLIDING AND SHE COULD NOT CORRECT V1 AND RAN OFF THE ROADWAY. V1 WENT OFF THE ROADWAY AND FLIPPED ONTO ITS TOP.
903396158,ISP BLOOMINGTON 33,2.019E+11,MONROE,WASHINGTON,BLOOMINGTON,6/19/2019,11:30 AM,2,0,0,0,0,,DITTEMORE,RD,,,,DITTEMORE,DENNY,,,,N,,1050,E,39.29742337,-86.54379036,COUNTY ROAD,,N,N,RURAL,N,N,Y,LANE CLOSURE,DAYLIGHT,CLEAR,DRY,,NO JUNCTION INVOLVED,STRAIGHT/LEVEL,ASPHALT,UNSAFE BACKING,$1001 TO $2500,BACKING CRASH,1135,1138,Y,N,DENNYRDDITTEMORERD,0,OTHER REGULATORY SIGN/MARKING,"Other Location Of Investigation: V1 and V2 both had exchanged insurance information and V2 had left the scene prior to my arrival. V2 is a box truck used by Soft Touch Moving. Soft Touch Moving is located a 3150 S. Walnut Street, Monroe County. I obtained vehicle and insurance information for V2 at this location.Environmental Factor: The area of Dittemore Rd. Had previously been struck by a tornado. Clean-up of the area by construction equipment, to include Dittemore Rd. was occurring during the time of the crash. Construction workers were directing traffic and was shifting westbound traffic into the eastbound lane.Dittemore Road is a county road that runs in a eastern and western direction through Monroe County. Denny Road is also a county road that runs in a northern and southern direction and intersects with Dittemore Rd. 1050ft west of the crash.V1 (1996 red International 4700) had been moved from the roadway prior to my arrival. V2 (2015 white Ford E350) had left the scene and was not at the scene during my investigation. V1 was in the westbound lane facing east. V2 was in the eastbound lane going west due to construction redirecting traffic. V1 was backing in the westbound lane and struck the passenger side of V2 with its tailgate. V2 was stationary at the time it was struck.D1 (John May) stated he was backing up to the Gradall in the westbound lane. D1 stated he could not see V2 because it was in his blind spot. D1 stated he struck V2 with his tailgate. He was wearing his seat belt.D2 (Ryan Molzon) stated that he was stopped in the eastbound lane going west. V1 was backing and struck his vehicle on the passenger side. He was wearing his seat belt.During the course of my investigation, I observed no damage to V1. I did observe damage to V2 on the passenger side door, mirror, and front of the box just behind the cab. No injuries were reported as a result of this crash.The crash investigation showed that the primary cause is Unsafe Backing on the part of D1. This was determined by driver statements and damage sustained to V2."
903395022,MONROE SD,M19A19858,MONROE,BLOOMINGTON,BLOOMINGTON,6/19/2019,12:30 AM,1,0,1,0,0,,NORTH OLD 37,RD,,,,NORTH OLD 37,BOLTINGHOUSE,,,,N,,,,39.21904,-86.472896,LOCAL/CITY ROAD,,N,N,RURAL,N,N,N,,DARK (NOT LIGHTED),FOG/SMOKE/SMOG,DRY,,NO JUNCTION INVOLVED,CURVE/LEVEL,ASPHALT,SPEED TOO FAST FOR WEATHER CONDITIONS,$10001 TO $25000,RAN OFF ROAD,343,357,Y,Y,BOLTINGHOUSERDNORTHOLD37RD,0,NONE,V1 WAS TRAVELING NORTH ON OLD 37 AND TOOK THE CURVE AT BOLTINGHOUSE TO FAST. V1 OVER CORRECTED AND HIT A TREE HEAD ON CAUSING SEVERE FRONT END DAMAGE. THERE WAS NO DRIVER ON SCENE. TOW TIME TOWING ARRIVED ON SCENE AND ADVISED THAT MORGAN WILLMAN CALLED ASKED THEM TO TOW THE VEHICLE. HAWKINS TOWING ALREADY HAD THE VEHICLE LOADED. I SPOKE TO MS. WILLMAN ON THE PHONE WHO SAID THAT D1 WAS ACTUALLY DRIVING THE VEHICLE AND THAT SHE WAS JUST THE INSURANCE POLICY HOLDER. MS. WILLMAN STATED THAT D1 CALLED HER FROM THE SCENE AND SHE BROUGHT HIM HOME. D1 COMPLAINED THAT HE HAD BLACKED OUT AFTER THE WRECK. D1 SAID THAT HE GOT DIZZY WHILE AT HOME AND FELL AND HIT HIS HEAD. D1 WENT TO THE HOSPITAL AND WAS SEEN BY THE ER DOCTOR FOR A CUT TO HIS HEAD THAT HE SUFFERED AT HOME. MS. WILLMAN STATED THAT THE ACCIDENT ACTUALLY HAPPENED AROUND 12:30AM OR 1 AM.
903397092,BLOOMINGTON PD,B1924966,MONROE,PERRY,BLOOMINGTON,6/19/2019,2:55 PM,2,0,0,0,0,,E MILLER,DR,,,,E MILLER,S HIGHLAND,,,,Y,,,,39.146992,-86.517392,LOCAL/CITY ROAD,,N,N,URBAN,N,N,N,,DAYLIGHT,RAIN,WET,,FOUR-WAY INTERSECTION,STRAIGHT/GRADE,ASPHALT,FAILURE TO YIELD RIGHT OF WAY,$5001 TO $10000,RIGHT ANGLE,258,307,Y,N,EMILLERDRSHIGHLANDAVE,0,STOP SIGN,"D1 STATED HE WAS TRAVELLING EAST ON E. MILLER DR. D1 STATED HE APPROACHED THE INTERSECTION OF E. MILLER DR. AND S. HIGHLAND AVE. D1 STATED HE CAME TO A COMPLETE STOP AND LOOKED BOTH WAYS, BUT DID NOT SEE ANOTHER VEHICLE. D1 STATED HE ENTERED THE INTERSECTION AND D2, WHO WAS TRAVELLING SOUTH ON S. HIGHLAND AVE., DID NOT STOP AT THE STOP SIGN. D1 STATED D2 RAN INTO THE SIDE OF HIS VEHCILE CAUSING DAMAGE TO BOTH.D2 STATED HE WAS TRAVELLING SOUTH ON S. HIGHLAND AVE. D2 STATED HE STOPPED AT THE STOP SIGN AT THE INTERSECTION OF S. HIGHLAND AVE. AND E. MILLER DR. D2 STATED HE WAS ALMOST ALL THE WAY THROUGH THE INTERSECTION WHEN D1, WHO WAS TRAVELLING EAST ON E. MILLER DR., DID NOT STOP AT THE STOP SIGN. D2 STATED HE SWERVED IN AN ATTEMPT TO AVOID D1, BUT WAS UNABLE TO AVOID THE COLLISION WHICH RESULTED IN DAMAGE TO BOTH VEHICLES.IT SHOULD BE NOTED, BOTH D1 AND D2 STATED THE OPPOSITE DRIVER ADMITTED TO NOT STOPPING."
903397091,BLOOMINGTON PD,B1924993,MONROE,BLOOMINGTON,BLOOMINGTON,6/19/2019,5:40 PM,2,0,0,0,0,,W ARLINGTON,RD,,,,W ARLINGTON,W GOURLEY,,,,Y,,,,39.186544,-86.551168,LOCAL/CITY ROAD,,N,N,URBAN,N,N,N,,DAYLIGHT,CLOUDY,WET,,T-INTERSECTION,STRAIGHT/LEVEL,ASPHALT,FOLLOWING TOO CLOSELY,$1001 TO $2500,REAR END,547,557,Y,N,WARLINGTONRDWGOURLEYPIKE,0,NONE,"D1 STATED HE WAS TRAVELLING ON W. ARLINGTON RD. D1 STATED HE REALIZED D2 WAS STOPPED AND ATTEMPTING TO TURN LEFT ONTO W. GOURLEY PK. D1 STATED HE ATTEMPTED TO APPLY HIS BRAKES, BUT WAS UNABLE TO STOP. D1 STATED HE SLID INTO THE REAR OF V2 CAUSING DAMAGE TO HIS VEHICLE.D2 STATED HE WAS STOPPED ON W. ARLINGTON RD. D2 STATED HE WAS WAITING ON TRAFFIC SO HE COULD TURN LEFT ONTO W. GOURLEY PK. D2 STATED WHILE WAITING TO TURN, V1 MADE IMPACT WITH THE REAR OF HIS VEHICLE CAUSING DAMAGE."