Master Record Number,Agency,Local Code,County,Township,City,Collision Date,Collision Time,Vehicles Involved,Trailers Involved,Number Injured,Number Dead,Number Deer,House Number,Roadway Name,Roadway Suffix,Roadway Number,Roadway Interchange,Roadway Ramp,Roadway Id,Intersecting Road,Intersecting Road Number,Mile Marker,Interchange,Corporate Limits?,Property Type,Feet From,Direction,Latitude,Longitude,Roadway Class,Traffic Control Devices?,Aggressive Driving?,Hit and Run?,Locality,School Zone?,Rumble Strips?,Construction?,Construction Type,Light Condition,Weather Conditions,Surface Condition,Type of Median,Roadway Junction Type,Road Character,Roadway Surface,Primary Factor,Damage Estimate,Manner of Collision,Time Notified,Time Arrived,Investigation Complete?,Photos Taken?,Unique Location Id,State Property Damage?,Traffic Control,NARRATIVE
903396064,INDIANA UNIV BLOOMINGTON PD,191347,MONROE,BLOOMINGTON,BLOOMINGTON,6/22/2019,4:55 PM,1,0,0,0,0,,,,SR46E,,,SR46E,RANGE,,,,Y,,50,S,39.171504,-86.495312,STATE ROAD,,N,N,URBAN,N,N,N,,DAYLIGHT,CLEAR,DRY,,NO JUNCTION INVOLVED,STRAIGHT/LEVEL,ASPHALT,UNSAFE LANE MOVEMENT,$1001 TO $2500,RAN OFF ROAD,457,459,Y,Y,RANGERDSR46E,0,LANE CONTROL,"Officer P. Pesa and Officer Aydt assisted in the crash investigation.I spoke with D1 on scene. D1 was vague on the events of the crash and stated several times ""it all happened so fast"". D1 could only recount he was driving V1 southbound on the 45/46 Bypass when a red vehicle appeared in front of V1 and it came to a stop. D1 advised when he observed the red vehicle he swerved V1 out of the way. D1 could not remember if he was in the left or right lane when he swerved. D1 could not remember which direction he swerved. While speaking with D1 I observed his speech to be slow and he was not quick to answer questions.Officer Aydt and I spoke with W1. W1 advised he was standing on Tulip Tree Drive by Hilltop Gardens when he heard the screeching of tires coming from the area of the 45/46 Bypass. W1 advised he observed V1 traveling southbound on the sidewalk and grass area on the west side of the southbound lane. W1 advised V1 then went back onto the southbound lane, drove over the curb raised median, across both northbound lanes of travel before coming to a rest on the sidewalk on the east side of the 45/46 Bypass. W1 advised when he first look up he also observed a burgandy in color SUV in the right lane of the southbound lane and it appeared to have stopped. Officer Pesa spoke with W2. W2 advised he was out on a run traveling northbound on the sidewalk on the west side of the 45/46 Bypass. W2 advised that he looked up when he heard the noise of screeching tires. W1 advised that he saw V1 on the sidewalk approaching him at a high rate of speed. W2 advised that he had to jump out of the way of V1 in order to avoid being struck. W2 advised D1 overcorrected V1, which sent V1 onto the curb, then raised median and onto northbound traffic. W2 advised that V1 crashed on the sidewalk on the east side of the 45/46 Bypass.Officer Pesa conducted an OWI investigation. After the OWI investigation was complete Officer Pesa spoke with D1 about the crash. D1 advised that he was traveling southbound on the 45/46 Bypass in the right lane when he dozed off. D1 stated he woke up and saw a vehicle in front of him and swerved. D1 advised he does not remember if the vehicle in front of him applied its breaks, but he stated he swerved to the right and was on the sidewalk. D1 advised he was not sure what all occurred as he closed his eyes and did not open them until V1 came to a stop on the sidewalk on the east side of the 45/46 Bypass.On 11/04/2019 I was advised of the blood results of this case. On 10/25/2019, the Indiana State Department of Toxicology sent the results for Buggs' blood draw. The following are the results from the toxicology lab: 1. THC 6.2 ng/mL of blood. 2. THC-COOH 95 ng/mL of blood."
903396297,ISP BLOOMINGTON 33,2.019E+11,MONROE,BLOOMINGTON,BLOOMINGTON,6/22/2019,8:31 AM,1,0,0,0,0,,,,I69,,,I69N,,,119,,N,OTHER,300,N,41.22543462,-85.10185345,INTERSTATE,,N,N,RURAL,N,N,N,,DAYLIGHT,RAIN,WET,,NO JUNCTION INVOLVED,STRAIGHT/LEVEL,ASPHALT,RAN OFF ROAD RIGHT,$10001 TO $25000,RAN OFF ROAD,834,841,Y,Y,I69N119.0,0,LANE CONTROL,"I-69 at the 119.0mm is a multi-lane interstate with 3 lanes northbound and southbound with a cement/concrete center barrier. It is constructed mainly of asphalt with areas of concrete. It is straight and level at the location of this crash. The interstate was wet due to heavy rain at the time of this accident. It was daylight and overcast.Vehicle #1 was traveling north on I-69 north of the 119.0mm in the far right lane when Vehicle #1 drifted onto the right shoulder of the interstate striking a construction barrel then a large digital sign board. Vehicle #1 then left the roadway, down a slight ditch and struck a fence where it came to rest.Vehicle #1 (A Gray, 2010, Mazda, Mazda 3)was traveling north on I-69 north of 119.0mm.Driver #1 (Skyler Dawn Bergfeld Phillips-Grubb) indicated she was traveling north on I-69 when she noticed there was a spider near the left side of her head. Driver #1 indicated she reached for a napkin to grab the spider and put it out her window when she heard and felt a loud bang and the next thing she knew it felt like she was off the roadway and then came to a stop. Driver #1 indicated all she was trying to do was get rid of the spider and didn't realize she had drifted off the roadway. Witness #1 (Jeff Vandiver) indicated he was in the far right lane about 200 yards behind Vehicle #1. Witness #1 indicated it was raining hard (pouring) and all he saw was Vehicle #1 drift to the right and get tied up with the electronic road sign and then down the ditch to the fence.Witness #2 (Tousif Ahmed) indicated he was in the middle lane about a car length behind Vehicle #1 and they were running about the same speed. Witness #2 indicated Vehicle #1 suddenly moved to the shoulder of the interstate and struck the large digital sign and then went down the ditch. Driver #1 indicated she was distracted by a spider in the passenger compartment of Vehicle #1 which caused her to crash. There is no evidence to prove either way as to what caused the accident. With the lack of markings on the roadway and the statements of both witnesses Driver #1 must have been distracted inside Vehicle #1 to cause Vehicle #1 to drift onto the shoulder causing this accident. Driver #1 was checked by EMS personnel and she signed a release form refusing medical treatment or transportation to hospital. Drive #1 reported she was wearing her seatbelt and there was airbag deployment. The sign board was a Signalisation Board (Ver-Mac INC.) with a VIN: 1V9US4128JH223165.N 39 10.601W 086 33.721"
903396116,MONROE SD,M19A20274,MONROE,PERRY,BLOOMINGTON,6/22/2019,9:48 AM,2,0,0,0,0,,,,SR46W,,,SR46W,CURRY,,,,Y,,,,39.19369,-86.57139,STATE ROAD,Y,N,N,URBAN,N,N,Y,X-OVER/LANE SHIFT,DAYLIGHT,RAIN,WATER (STANDING OR MOVING),,T-INTERSECTION,STRAIGHT/LEVEL,ASPHALT,ROADWAY SURFACE CONDITION,$2501 TO $5000,REAR END,948,954,Y,N,CURRYPIKESR46W,0,TRAFFIC CONTROL SIGNAL,"Unit 1 was Westbound on St Rd 46, coming to a stop at the traffic signal at the intersection if N Curry Pike. Unit 2 was also traveling Westbound behind Unit 1. Whilst coming to a stop at the intersection, unit 2 applied its brakes, however the vehicle hydroplaned and continued moving, impacting with unit 1 in the rear. Unit 1 sustained damage to the rear but was still drivable, Unit 2 sustained front end damage and was towed from the scene."
903395968,BLOOMINGTON PD,B19-25358,MONROE,BLOOMINGTON,BLOOMINGTON,6/22/2019,12:55 AM,1,0,0,0,0,3950,Larry Wayne,DR,,,,Larry Wayne,,,,,N,,,,39.14266,-86.47647,UNKNOWN,,Y,Y,RURAL,N,N,N,,DARK (LIGHTED),CLEAR,WET,,NO JUNCTION INVOLVED,STRAIGHT/LEVEL,ASPHALT,RAN OFF ROAD RIGHT,UNDER $1001,RAN OFF ROAD,1255,1255,Y,Y,LarryWayneDR,0,NONE,"On 6/22/2019 Officer Berry attempted to conduct a traffic stop on V1. D1 then fled in V1. During the pursuit, D1 drove through the yard of 3950 Larry Wayne Drive attempting to flee from the officers. D1 fled the scene after driving through the front yard. This resulted in ruts throughout the yard. Due to D1 failing to stop for officers and trying to flee through the yard of of 3950 Larry Wayne Drive resulted in the accident."
903396087,BLOOMINGTON PD,B1925393,MONROE,BLOOMINGTON,BLOOMINGTON,6/22/2019,12:10 PM,2,0,0,0,0,,N GRANT,ST,,,,N GRANT,E 6TH,,,,Y,,50,S,39.167712,-86.529696,LOCAL/CITY ROAD,,,Y,URBAN,N,N,N,,DAYLIGHT,CLOUDY,DRY,,NO JUNCTION INVOLVED,STRAIGHT/LEVEL,ASPHALT,UNSAFE BACKING,$1001 TO $2500,BACKING CRASH,1218,1220,Y,Y,E6THSTNGRANTST,0,STOP SIGN,"V2 was parked facing south along the west side of N Grant St when it was struck by v1/d1, who was described by witness as attempting to parallel park in front of v2. W1 advised V1 struck the driver's side door area and did not provide any driver contact information nor vehicle insurance information prior to leaving the scene. D1 information is unknown. V1 was described by w1 as being a large, pick-up truck, silver in color, occupied by 1 white male, who appeared older. V2 was parked and unoccupied when it was struck on the driver's side door, leaving minimum damage. W1: stated she was standing on the sidewalk directly beside where the incident took place and advised it appeared the older white male driver of V1 was attempting to parallel park when it struck the driver's side door of V2. W1 stated the driver then drove away and turned right to travel westbound on E Kirkwood Ave. V2 sustained damage to the driver's side door."
903395696,MONROE SD,M19A20258,MONROE,INDIAN CREEK,BLOOMINGTON,6/22/2019,6:18 AM,1,0,0,0,0,,,,I69,,,I69N,,,109.5,,N,,20,S,41.12433659,-85.18432635,INTERSTATE,,N,N,RURAL,N,N,N,,DAYLIGHT,RAIN,WET,,NO JUNCTION INVOLVED,STRAIGHT/GRADE,ASPHALT,RAN OFF ROAD RIGHT,$5001 TO $10000,RAN OFF ROAD,623,629,Y,N,I69N109.5,0,LANE CONTROL,Spoke to D1 and he stated V1was traveling north on I69 in the area of MM 109.5. D1 stated it was raining very hard and was restricting his visibility so he slowed his vehicle. D1 stated he lost control of V1 and V1 slid into the median causing significant damage to the front of V1. D1 was not injured in the crash and V1 was towed to the owners residence at the owners request due to disabling damage.
903396078,ELLETTSVILLE PD,E1903363,MONROE,RICHLAND,ELLETTSVILLE,6/22/2019,10:10 AM,2,0,0,0,0,,TEMPERANCE,ST,,,,TEMPERANCE,FIFTH,,,,Y,,50,W,39.23345,-86.62429566,LOCAL/CITY ROAD,,N,N,URBAN,N,N,N,,DAYLIGHT,CLOUDY,DRY,,NO JUNCTION INVOLVED,STRAIGHT/LEVEL,ASPHALT,FAILURE TO YIELD RIGHT OF WAY,$2501 TO $5000,SAME DIRECTION SIDESWIPE,1010,1012,Y,N,FIFTHSTTEMPERANCEST,0,LANE CONTROL,"Narrative By Chief Deputy,William Jay HuimphreyEllettsville Police DepartmentJune 22 2019 Time 10/10amDriver #1 TurnerDriver #2 StickelsDriver #1 going East Bound On Temperance St. Just East of Sale St.in the right lane of travel . This would be #2 Lanes one way going East Bound. Vehicle #1 was changing lanes to get in the left lane driver #1 did not see Vehicle #2 in the left lane. Driver #1 Vehicle struck right side of Vehicle #2 causing damage to right side of vehicle #2.Damage Vehicle #1 Left FrontVehicle #2 right side"
903395882,MONROE SD,M19A20307,MONROE,BLOOMINGTON,BLOOMINGTON,6/22/2019,3:23 PM,2,0,2,0,0,,,,SR46W,,,SR46W,CURRY,,,,N,,1000,E,39.19369,-86.57147657,STATE ROAD,,N,N,URBAN,N,Y,Y,LANE CLOSURE,DAYLIGHT,CLOUDY,DRY,,NO JUNCTION INVOLVED,CURVE/LEVEL,ASPHALT,LEFT OF CENTER,$10001 TO $25000,HEAD ON BETWEEN TWO MOTOR VEHICLES,325,331,Y,Y,NORTHCURRYPIKESR46W,0,NONE,"V1 was traveling east bound on west state road 46. V2 was traveling west bound on West State Road 46. The witness was in front of V2. V1 crossed the center lane and struck V2, head on, in the west bound lanes of travel. The witness stated he saw V1 traveling east bound in the west bound lanes and veered to miss him. He stated he saw V1 strike V2 behind him. D2 was transported from scene by ambulance to IU Health Bloomington Hospital for medical treatment. She had complaint of pain to her wrist and a contusion on her head."
903396298,BLOOMINGTON PD,B1925479,MONROE,BLOOMINGTON,BLOOMINGTON,6/22/2019,8:39 PM,2,0,0,0,0,,,,SR45W,,,SR45W,N KINSER,,,,Y,,,,39.186544,-86.537888,STATE ROAD,Y,N,N,URBAN,N,N,N,,DAWN/DUSK,CLEAR,DRY,,FOUR-WAY INTERSECTION,STRAIGHT/LEVEL,ASPHALT,FAILURE TO YIELD RIGHT OF WAY,$1001 TO $2500,LEFT TURN,839,843,Y,N,NKINSERPIKESR45W,0,TRAFFIC CONTROL SIGNAL,"D1 was headed W/B on SR 45, approaching the intersection of N Kinser Pike. D2 was headed E/B on SR 45, approaching the intersection of N Kinser Pike. D1 then proceeded to make a left turn onto N Kinser Pike as D2 was coming through the intersection, causing a collision. D1 stated was headed W/B on SR 45, approaching the intersection of N Kinser Pike. D1 stated that as he entered the intersection he believed the right of way to be clear to make a left hand turn, so he proceeded. DF1 stated that as he made the left turn onto N Kinser Pike he was struck by V2 in the rear, passenger side of vehicle. D2 stated he was headed E/B on SR 45, approaching the intersection of N Kinser Pike. D2 stated that as he entered the intersection V1 then proceeded to make a left hand turn directly into his lane of travel, causing V2 to strike V1."
903396284,BLOOMINGTON PD,B1925615,MONROE,BLOOMINGTON,BLOOMINGTON,6/23/2019,4:08 PM,2,0,0,0,0,,COLLEGE MALL,RD,,,,S COLLEGE MALL,BUICK CADILLAC,,,,Y,,,,39.15811,-86.49789,LOCAL/CITY ROAD,N,N,N,URBAN,N,N,N,,DAYLIGHT,CLOUDY,WET,,FOUR-WAY INTERSECTION,STRAIGHT/LEVEL,ASPHALT,FAILURE TO YIELD RIGHT OF WAY,$2501 TO $5000,RIGHT ANGLE,408,417,Y,N,EBUICKCADILLACBLVDSCOLLEGEMALLRD,0,TRAFFIC CONTROL SIGNAL,"Vehicle 1 was traveling south on S College Mall Rd. Vehicle 2 was attempting to pull out of 720 S College Mall Rd and travel north on S College Mall Rd. 720 S College Mall Rd is at the same intersection as College Mall Rd and Buick Cadillac Blvd. The intersection is controlled by a four way traffic control signal. The traffic control signal was not working due to a power outage caused by weather. Driver of Vehicle 2 stated he pulled up to the light at 720 S College Mall Rd and treated the intersection as four way stop before proceeding into the intersection. Driver of vehicle 1 stated that he had just left the hospital and was tired. When he approached the intersection he did not see a red light so felt he could proceed through without stopping. Driver of vehicle 1 stated that vehicle 2 then pulled out into the intersection and vehicle 1 struck vehicle 2 in the front driver's side.Because the traffic light was not functioning at the time, the intersection should have been treated as a four way stop. Driver of vehicle 1 failed to yield the right of way to vehicle 2 by not stopping at the intersection.No injuries were reported from this accident. Vehicle 1 was able to drive from the scene and vehicle 2 was towed due to disabling damage."
903396107,BLOOMINGTON PD,B1922563,MONROE,BLOOMINGTON,BLOOMINGTON,6/23/2019,10:29 AM,2,0,2,0,0,2036,WALNUT,ST,,,,NORTH WALNUT,,,,,Y,,,,39.165648,-86.5336,UNKNOWN,,N,N,URBAN,N,N,N,,DAYLIGHT,CLOUDY,WET,,NO JUNCTION INVOLVED,STRAIGHT/LEVEL,ASPHALT,UNSAFE BACKING,$1001 TO $2500,BACKING CRASH,1031,1043,Y,Y,NORTHWALNUTST,0,NONE,D2 was traveling southbound in V2 in the parking lot when D1 backed out ( westbound) of a parking spot and struck V2 in the front left side with the back left of V1.
903396329,BLOOMINGTON PD,B19-25641,MONROE,VAN BUREN,BLOOMINGTON,6/23/2019,6:30 PM,3,0,0,0,0,345,S CURRY,PIKE,,,,S CURRY,,,,,Y,,,,39.163952,-86.5829056,UNKNOWN,,Y,Y,URBAN,N,N,N,,DAYLIGHT,CLEAR,DRY,,NO JUNCTION INVOLVED,STRAIGHT/LEVEL,ASPHALT,OTHER (DRIVER) - EXPLAIN IN NARRATIVE,$2501 TO $5000,RIGHT ANGLE,741,803,Y,Y,SCURRYPIKE,0,NONE,"D1 AND V1 LEFT THE SCENE WITHOUT PROVIDING ANY INFORMATION AS REQUIRED BY LAW. CRIMINAL CASE COMPLETED.O2 STATED THAT HIS VEHICLE WAS PARKED OUTSIDE HIS APARTMENT AND HEARD A LOUD NOISE AT APROXIMATELY 06:30 PM. O2 ALSO STATED THAT WHEN HE CAME OUTSIDE, HE SAW HIS VEHICLE WAS PUSHED AGAINST ANOTHER VEHICLE PARKED NEXT TO HIS. O2 MENTIONED THAT HE SAW DAMAGE ON THE REAR BUMPER OF HIS VEHICLE AND IT APPEARED TO BE CAUSED BY AN UNKNOWN VEHICLE. THE REASON V1 IS BELIEVED TO HAVE BEEN DRIVING SOUTHWEST AND NOT WEST IS BECAUSE THERE WAS NO DAMAGE TO THE SIDE OF THE VEHICLE WHICH WOULD HAVE INDICATED THAT.O3 WAS NOT AWARE OF THE ACCIDENT UNTIL I NOTIFIED HER. V3 WAS PARKED NEXT TO V2 JUST TO THE WEST."
903396278,MONROE SD,M19A20360,MONROE,SALT CREEK,BLOOMINGTON,6/23/2019,11:58 PM,1,0,0,0,1,,,,SR46E,,,SR46E,GETTYS CREEK,,,,N,,,,39.162864,-86.414432,STATE ROAD,,N,N,RURAL,N,N,N,,DARK (NOT LIGHTED),CLEAR,DRY,,NO JUNCTION INVOLVED,CURVE/GRADE,ASPHALT,ANIMAL/OBJECT IN ROADWAY,$2501 TO $5000,COLLISION WITH DEER,1204,1228,Y,N,GETTYSCREEKRDSR46E,0,LANE CONTROL,Spoke to D1 and she stated V1 was traveling west on E SR 46 in the area of Gettys Creek Rd when a deer walked into the roadway from the north into the path of V1. D1 stated she swerved to avoid the deer and it continued into the path of V1 causing V1 to strike the deer on the right side of V1. D1 stated she continued west on E SR 46 until she could find a safe place to pull off the roadway. Deputy Keller-Kuhn assisted and located the deer at the intersection of E SR 46 & Gettys Creek Rd. I observed the front of V1 and saw damage consistent with striking a deer. V1 was drivable and D1 and her passenger were not injured in the crash.
903399978,ISP BLOOMINGTON 33,2.019E+11,MONROE,WASHINGTON,BLOOMINGTON,6/23/2019,10:48 AM,1,0,0,0,0,,,,I69,,,I69,,,126,,N,OTHER,,,0,0,INTERSTATE,,N,N,RURAL,N,N,N,,DAYLIGHT,CLOUDY,DRY,,NO JUNCTION INVOLVED,STRAIGHT/LEVEL,ASPHALT,RAN OFF ROAD RIGHT,$10001 TO $25000,RAN OFF ROAD,1049,1058,Y,N,I69126.0,0,LANE CONTROL,"I69 is a multi-lane asphalt roadway that is separated by a cable barrier near the area of this collision. There is an on ramp from Sample Road to the northbound lanes at the area of this collision.V1, white Lexus, was traveling north on I69 in the left lane approaching the 126 mile marker. V1 swerved to the left with the driver's side tires entering the inside gravel shoulder. V1 then began to rotate in a clockwise direction and traveled across the northbound lanes of I69. V1 struck the guardrail face along the east side of I69 and came to final rest facing south along the outside emergency shoulder. D1, Lin, stated she was traveling north on I69 in the left lane. D1 stated two vehicles were entering the Interstate from the on ramp. D1 stated the second vehicle was a white passenger vehicle and immediately moved into the left lane as it entered the Interstate. D1 stated she swerved to the left to avoid impact with the white vehicle and lost control of V1. D1 stated she struck the guardrail with the front of V1. D1 indicated the white vehicle did not stop and continued north on I69. D1 was unable to provide a detailed description or registration number for the white vehicle. W1, Nelson, stated he was traveling north on I69 in the right lane. W1 stated he observed two vehicles entering I69 north from the on ramp. W1 stated the second vehicle was a white passenger vehicle. W1 stated the white vehicle immediately moved to the left lane to pass the other vehicle. W1 stated V1 swerved to avoid the white vehicle then slid across the roadway into the guardrail. W1 was unable to provide a detailed description or registration number for the white vehicle. Evidence shows damage to the front of V1. Evidence shows damage to the guardrail face. Evidence shows yaw marks present in the inside gravel shoulder and across the northbound lanes of I69 to the guardrail face. Environmental Factor: Other (environmental): Other vehicle actions."
903397117,BLOOMINGTON PD,B19-25777,MONROE,BLOOMINGTON,BLOOMINGTON,6/23/2019,3:00 PM,2,0,1,0,0,,COLLEGE,AVE,,,,S COLLEGE,2ND,,,,Y,,300,S,39.12921964,-86.4977,LOCAL/CITY ROAD,,N,N,URBAN,N,N,N,,DAYLIGHT,RAIN,WET,,T-INTERSECTION,STRAIGHT/GRADE,ASPHALT,FOLLOWING TOO CLOSELY,UNDER $1001,REAR END,715,715,Y,Y,SCOLLEGEAVEW2NDST,0,NONE,Driver one stated he was driving south on S College Ave behind vehicle two when vehicle two came to a sudden stop. Diver one stated he hit his brake and attempted to stop but because vehicle two stopped so quickly and it was raining his brakes were ineffective and he slid into the rear bumper of vehicle two. Driver two stated she was south on S College Ave just south of W 2nd Ave when the vehicle in front of her went to turn right into the Kroger parking lot. Driver two stated she slowed and than stopped for the vehicle in front of her and to let another vehicle out onto the road but she was hit by vehicle one in the rear bumper by the front of vehicle one. Driver two stated she applied the brakes and then was hit a second time by vehicle one because she believes vehicle one bounced off of her vehicle after the first time.Driver two stated there is camera footage of the accident at the Kroger store near the accident but due to the two driver statements being identical there was no need for the camera footage. Driver two stated her head and neck also started to hurt after leaving the scene of the accident.
903396424,MONROE SD,M19A20359,MONROE,BLOOMINGTON,BLOOMINGTON,6/23/2019,12:04 AM,2,0,0,0,0,,,,I69S,,,I69S,,SR4546,,,N,,1000,N,0,0,INTERSTATE,,N,N,RURAL,N,N,N,,DARK (LIGHTED),CLEAR,DRY,,NO JUNCTION INVOLVED,STRAIGHT/LEVEL,ASPHALT,FAILURE TO YIELD RIGHT OF WAY,$10001 TO $25000,REAR END,1203,1203,Y,N,HWY4546BYPASSHWYI69S,0,NONE,"Driver #1 stated he was driving south on I-69 and fell asleep. Driver #1 stated he works two jobs and was dozing off as he was driving south on I-69 and ran into the back of vehicle #2.Driver #2 stated she was driving south on I-69 and saw deputies on the left and right shoulder of the highway with their red and blue lights on. Driver #2 stated she slowed down and signal to change lanes from the far left lane to the center lane of the highway. Driver #2 stated she didn't see Vehicle #1 and was struck from behind.The passenger of Vehicle #2, Rene Blubaugh, was observing her daughter, Delaney Blubaugh, (Driver #2) as she was operating Vehicle #2 on a learners permit. Rene stated her daughter was nearing the end of her permit and would be getting her operators license soon so she was letting Delaney operate without much input from her. Rene stated she was being very observant of Delaney's driving and believed she had done everything correct and didn't know how they were struck from behind. It was at this time I informed both occupants of Vehicle #2 that Driver #1 stated he had fallen asleep. The collision did significant damage to the front left portion of Vehicle #1. I did speak with Driver #1 outside of the vehicle and administered HGN test for intoxication but I did not observe any signs of impairment or odor of alcoholic beverages. The driver did appear tired as he had previously stated. Driver #1 requested to drive his car from the scene and was able to do so.Vehicle #2 was towed from the scene by Hawkins Towing."
903396104,BLOOMINGTON PD,B1925582,MONROE,PERRY,BLOOMINGTON,6/23/2019,12:00 PM,2,0,0,0,0,1175,S COLLEGE MALL,RD,,,,S COLLEGE MALL,,,,,Y,,,,39.15412578,-86.49786768,UNKNOWN,,N,Y,URBAN,N,N,N,,DAYLIGHT,CLOUDY,DRY,,NO JUNCTION INVOLVED,STRAIGHT/LEVEL,ASPHALT,,$1001 TO $2500,,1240,1250,Y,Y,SCOLLEGEMALLRD,0,NONE,V2 was parked facing SE in the Kroger parking lot. V1 struck V2 in the driver side rear quarter panel and left the scene.
903396219,ELLETTSVILLE PD,E1903395,MONROE,RICHLAND,ELLETTSVILLE,6/23/2019,5:12 PM,2,0,0,0,0,,,,SR46E,,,SR46E,BRIAR GATE,,,,Y,,50,E,39.21659,-86.59642432,STATE ROAD,,N,N,URBAN,N,N,N,,DAYLIGHT,CLOUDY,DRY,,NO JUNCTION INVOLVED,STRAIGHT/LEVEL,ASPHALT,FAILURE TO YIELD RIGHT OF WAY,$5001 TO $10000,OPPOSITE DIRECTION SIDESWIPE,514,515,Y,N,BRIARGATEDRSR46E,0,NONE,Driver 1 reported he was turning from the turn lane into jiffy treat and struck another vehicle.Driver 2 reported she was driving east in the left lane and vehicle two pulled out in front of her
903396390,BLOOMINGTON PD,B1925665,MONROE,PERRY,BLOOMINGTON,6/23/2019,10:16 PM,2,0,0,0,0,,S COLLEGE MALL,RD,,,,S COLLEGE MALL,E COVENANTER,,,,Y,,,,39.155152,-86.497888,LOCAL/CITY ROAD,N,N,N,URBAN,N,N,N,,DARK (LIGHTED),CLEAR,DRY,,FOUR-WAY INTERSECTION,STRAIGHT/LEVEL,ASPHALT,TRAFFIC CONTROL INOPERATIVE/MISSING/OBSC,$5001 TO $10000,HEAD ON BETWEEN TWO MOTOR VEHICLES,1016,1024,Y,Y,ECOVENANTERDRSCOLLEGEMALLRD,0,TRAFFIC CONTROL SIGNAL,D1 stated that they were driving V1 south on S College Mall RD. D1 drove through the intersection of S College Mall RD and E Covenanter DR when she was struck from the east side of the intersection by V2 in the front driver side. V1 stopped in the guard rail just south of E Covenanter DR on S College Mall RD.D2 said they were driving V2 west on E Covenanter DR approaching S College Mall RD. D2 came to a complete stop at the intersection of E Covenanter DR and S College Mall RD before proceeding west. V2 then struck V1 with the front passenger side of V2 into the front driver side of V1. D2 said D1 did not stop of slow down at the intersection. It should be noted there was a light signal that was not operational at the time of the crash.A Witness advised D2 was driving West on E Covenanter DR after stopping at the intersection. D2 then continued west through S College Mall RD striking D1 who did not stop or slow down at the intersection. D1 then stopped on the guard rail and D2 pulled over.
903396150,BLOOMINGTON PD,B1925601,MONROE,BLOOMINGTON,BLOOMINGTON,6/23/2019,2:57 PM,1,0,0,0,0,,W 3RD,ST,,,,W 3RD,S ROGERS,,,,Y,,,,39.16472,-86.538592,LOCAL/CITY ROAD,,N,N,URBAN,N,N,N,,DAYLIGHT,RAIN,WET,,FOUR-WAY INTERSECTION,STRAIGHT/GRADE,ASPHALT,OTHER (ENVIRONMENTAL) - EXPLAIN IN NARR,$1001 TO $2500,OTHER - EXPLAIN IN NARRATIVE,258,305,Y,N,SROGERSSTW3RDST,0,NONE,"On 6/23/2019 at approximately 3pm, I, Officer Byerley, was dispatched to assist a motorist near the intersection of S Rogers and W 3rd Street.Upon arrival, I made contact with D1, Grigoriy Belyayev. D1 stated that he was driving V1 N on Rogers St., between W. Smith and W. 3rd St., when a tree limb fell on top of his car. D1 advised no injuries.After speaking with D1, I did visibly notice substantial damage to top and front hood of V1, which still had a large section of tree stuck through the windshield. Upon Officers clearing the intersection of debris. D1 arranged for a private tow through his insurance company.Based on statements made by D1 and my observations on scene, it is my conclusion that while D1 was driving north bound on S Rogers, between W 3rd and W Smith, a tree limb fell and landed on V1, causing damage."