Master Record Number,Agency,Local Code,County,Township,City,Collision Date,Collision Time,Vehicles Involved,Trailers Involved,Number Injured,Number Dead,Number Deer,House Number,Roadway Name,Roadway Suffix,Roadway Number,Roadway Interchange,Roadway Ramp,Roadway Id,Intersecting Road,Intersecting Road Number,Mile Marker,Interchange,Corporate Limits?,Property Type,Feet From,Direction,Latitude,Longitude,Roadway Class,Traffic Control Devices?,Aggressive Driving?,Hit and Run?,Locality,School Zone?,Rumble Strips?,Construction?,Construction Type,Light Condition,Weather Conditions,Surface Condition,Type of Median,Roadway Junction Type,Road Character,Roadway Surface,Primary Factor,Damage Estimate,Manner of Collision,Time Notified,Time Arrived,Investigation Complete?,Photos Taken?,Unique Location Id,State Property Damage?,Traffic Control,NARRATIVE
903399730,INDIANA UNIV BLOOMINGTON PD,191378,MONROE,BLOOMINGTON,BLOOMINGTON,6/28/2019,5:05 PM,2,0,0,0,0,,LAW,LN,,,,E LAW,JORDAN,,,,Y,,,,39.173552,-86.515488,LOCAL/CITY ROAD,,N,N,URBAN,N,N,N,,DAYLIGHT,CLEAR,DRY,,NO JUNCTION INVOLVED,STRAIGHT/GRADE,ASPHALT,UNSAFE BACKING,$1001 TO $2500,BACKING CRASH,508,510,Y,N,ELAWLNJORDANAVE,0,NONE,"No other officers assisted with the investigation.When I arrived on scene, D1 and D2 were in a verbal argument about the accident. Both parties were separated as I gathered their accounts of what happened.V1 was parked in valid parking stall that was perpendicular to Law Lane and was attempting to back out onto Law Lane.V2 was traveling westbound on Law Lane and approaching the Jordan Avenue intersection. V2 then began to come to a stop behind an unrelated vehicle that was completely stopped at the red light. This placed V2 directly behind and perpendicular to V1.D2 stated that he was traveling westbound on Law Lane and approaching a stopped vehicle at the Jordan Avenue intersection at a low rate of speed. At that time, V1 backed from their parking stall and collided with the front, passenger portion of his vehicle. The damage was at the front of the door where it meets with the front quarter panel and bends inward. The damage caused the front passenger door to no longer open correctly as it now made physical contact with the quarter panel. Both occupants, O1 and O2, both agreed with D2's side of the story and gave the same accounts.D1 stated that she was backing her SUV out of the parking stall and began to hear the beeping from her reverse sensors. She then stated that she made slight contact with V2. She stated that the contact would have been on the rear, passenger part of the vehicle and not the front, passenger portion of the vehicle as D2 alleged. D1 was adamant she did not cause the damage to V2 and claimed the damage to V2 was likely from a prior incident.*The height of V1's rear bumper was consistent with the damage location to V2. The damage to V2 did appear new as the front passenger was unable to exit the vehicle correctly without causing further damage to the door and quarter panel.There are no other witnesses or cameras in the area. Both vehicles were able to be driven safely from the scene and none of individuals involved complained of injury."
903400361,ELLETTSVILLE PD,E1903512,MONROE,BLOOMINGTON,BLOOMINGTON,6/29/2019,11:45 PM,1,0,0,0,0,528,S COLLEGE,AVE,,,,S COLLEGE,,,,,Y,PRIVATE,,,39.17088686,-86.534768,UNKNOWN,,N,N,URBAN,N,N,N,,DARK (LIGHTED),CLEAR,DRY,,NO JUNCTION INVOLVED,STRAIGHT/LEVEL,CONCRETE,OTHER (DRIVER) - EXPLAIN IN NARRATIVE,$2501 TO $5000,RAN OFF ROAD,1145,1145,Y,Y,SCOLLEGEAVE,0,NONE,"Drive 1 stated that he was driving through the parking lot of 528 S College Ave, Bloomington, IN, 47403, attempting to make a left turn.Driver 1 stated that he didn't see a street sign in the parking lot, and struck the sign on the left front of his vehicle."
903401422,MONROE SD,M19A21230,MONROE,PERRY,BLOOMINGTON,6/29/2019,11:02 AM,2,0,0,0,0,,,,SR46W,,,SR46W,CURRY,,,,Y,,,,39.19369,-86.57139,STATE ROAD,Y,N,N,URBAN,N,N,Y,LANE CLOSURE,DAYLIGHT,CLEAR,DRY,,T-INTERSECTION,STRAIGHT/LEVEL,ASPHALT,DRIVER DISTRACTED - EXPLAIN IN NARRATIVE,$2501 TO $5000,OTHER - EXPLAIN IN NARRATIVE,1102,1103,Y,N,NCURRYPIKESR46W,0,TRAFFIC CONTROL SIGNAL,"Unit 1 was travelling Westbound on W ST RD 46, approaching the intersection of N Curry Pike. Whilst trying to determine the correct route that the posted construction detour was directing him, Unit 1 did not notice that traffic was coming to a stop and impacted with Unit 2 which was directly in front of him."
903402746,MONROE SD,M19A21391,MONROE,CLEAR CREEK,BLOOMINGTON,6/29/2019,12:00 PM,2,1,0,0,0,9301,S FAIRFAX,RD,,,,S FAIRFAX,,,,,N,,,,39.015008,-86.482144,UNKNOWN,,N,N,RURAL,N,N,N,,DAYLIGHT,CLEAR,DRY,,NO JUNCTION INVOLVED,NON-ROADWAY CRASH,OTHER - EXPLAIN IN NARRATIVE,OTHER (DRIVER) - EXPLAIN IN NARRATIVE,$2501 TO $5000,OTHER - EXPLAIN IN NARRATIVE,208,211,Y,Y,SFAIRFAXRD,0,NONE,"D1 reported the collision approximately 24 hours after it occurred. D1 stated on the previous afternoon, June 29, 2019, he parked his pickup and boat trailer in the lot at Four Winds Marina. D1 stated his vehicle was parked, unoccupied between the hours of 11:30A and 4:30P. D1 stated when he returned to his vehicle, he observed damage and a note left on his vehicle. The note had a phone number for D2.I was able to speak with D2 by telephone. D2 identified herself as the driver that collided with V1. D2 also provided her vehicle information. D2 stated her trailer wheel collided with V1. D2 stated V1 was unoccupied so she left a note with her phone number.I did not observe the collison scene. Photographs were taken of V1 since it was brought to the Sheriff's Office."
903400460,MONROE SD,M19A21273,MONROE,BEAN BLOSSOM,ELLETTSVILLE,6/29/2019,6:08 PM,2,0,0,0,0,,NORTH MT TABOR,RD,,,,NORTH MT TABOR,WEST COWDEN,,,,N,,,,39.266864,-86.620704,LOCAL/CITY ROAD,,N,N,RURAL,N,N,N,,DAYLIGHT,CLEAR,DRY,,T-INTERSECTION,STRAIGHT/GRADE,ASPHALT,FAILURE TO YIELD RIGHT OF WAY,$5001 TO $10000,RIGHT ANGLE,612,633,Y,N,NORTHMTTABORRDWESTCOWDENRD,0,NONE,"V1 was turning south bound from West Cowden Road, onto N Mt. Tabor Road. V2 was Traveling north bound on North Mount Tabor Road. As V1 was turning south bound, V2 crashed into him. D1 stated he looked both directions before entering Mt. Tabor Road and did not see V2. There is a hill crest approximately 50 feet south of West Cowden Road on North Mt.Tabor Road which could have obstructed his view of V2.V2 was moved out of the roadway, prior to my arrival."
903400085,INDIANA UNIV BLOOMINGTON PD,191386,MONROE,BLOOMINGTON,BLOOMINGTON,6/29/2019,4:08 PM,2,0,0,0,0,,,,SR45,,,SR45,,SR46,,,Y,,,,0,0,STATE ROAD,Y,N,N,URBAN,N,N,N,,DAYLIGHT,CLEAR,DRY,,FOUR-WAY INTERSECTION,STRAIGHT/LEVEL,ASPHALT,FOLLOWING TOO CLOSELY,UNDER $1001,REAR END,408,420,Y,N,SR45SR46,0,TRAFFIC CONTROL SIGNAL,"On 06/29/2019 at 1608 hours, I was dispatched to a two-vehicle collision at 10th St and Bypass 45/46. V2 was stopped in the southbound lane of Bypass 45/46 just north of the intersection of 10th and the Bypass. As he was stopped at the light waiting for traffic to go by, he was rear ended by V1. V1 was directly behind V2 in the southbound lane.I spoke with D1, who advised me that he was in the southbound lane of Bypass 45/46 stopped at the traffic light. He stated that V2 was directly in front of him. Both vehicles were stopped at the light. He stated that the traffic light turned green and he started going straight. He stated that he was distracted by grabbing a water bottle and the front bumper of his vehicle struck the rear bumper of V2.I spoke with D2, who advised me that he was in the southbound lane of Bypass 45/46 stopped at the traffic light. He stated that the light turned green and he was waiting for a car in front of him to start in traffic. He stated that as he was stopped he felt the front bumper of V1 collide with the rear bumper of his vehicle.No injuries were reported at the scene."
903399993,BLOOMINGTON PD,B1926570,MONROE,BLOOMINGTON,BLOOMINGTON,6/29/2019,12:44 PM,2,0,0,0,0,,S ADAMS,RD,,,,S ADAMS,W KIRKWOOD,,,,Y,,,,39.166816,-86.549488,LOCAL/CITY ROAD,,,Y,URBAN,N,N,N,,DAYLIGHT,CLEAR,DRY,,FOUR-WAY INTERSECTION,CURVE/GRADE,ASPHALT,IMPROPER LANE USAGE,,SAME DIRECTION SIDESWIPE,1244,1250,N,N,SADAMSRDWKIRKWOODAVE,0,TRAFFIC CONTROL SIGNAL,"V1/D1 IS LSA.V2/D2 STATED ""I WAS MAKING A LEFT HAND TURN FROM W. KIRKWOOD AVE. V1 WAS IN THE LEFT TURN LANE, I WAS IN THE SECOND LEFT TURN LANE/STRAIGHT/RIGHT TURN LANE. AS V1 AND MYSELF MADE THE LEFT HAND TURN, V1 MERGED INTO MY LANE OF TRAVEL AND SIDESWIPPED ME WITH HER FRONT BUMPER. V1 CONTINUED WESTBOUND. AT A STOP LIGHT ON W. 3RD ST I GOT OUT OF MY CAR AND APPROACH AN ELDERLY FEMALE WHO WOULD NOT ROLL DOWN HER WINDOWS AND TOLD HER SHE HIT MY CAR. SHE IGNORED ME AND CONTINUE TO DRIVE WESTBOUND ON W. 3RD ST.""I HAVE LEFT SEVERAL VOICEMAIL MESSAGES WITH OWNER OF V1. I WILL ATTEMPT TO LOCATE HER UPON RETURN TO WORK ON 7-3-2019."
903401421,MONROE SD,M19A21227,MONROE,PERRY,BLOOMINGTON,6/29/2019,9:56 AM,2,0,0,0,0,,UNION VALLEY,RD,,,,N UNION VALLEY,MEADOWVALE,,,,Y,,,,39.22714,-86.59272,COUNTY ROAD,,N,N,URBAN,N,N,N,,DAYLIGHT,CLEAR,DRY,,T-INTERSECTION,STRAIGHT/GRADE,ASPHALT,FOLLOWING TOO CLOSELY,$1001 TO $2500,REAR END,958,1038,Y,N,MEADOWVALEDRNUNIONVALLEYRD,0,NONE,"Unit 1 was travelling Southbound on N Union Valley Rd. Just North of the intersection with Meadowvale Rd, Whilst coming to a stop in traffic, Unit 2, which was following too closely, impacted with the rear of Unit 1. No injuries and both units drove away from scene."
903399924,BLOOMINGTON PD,B1926537,MONROE,BLOOMINGTON,BLOOMINGTON,6/29/2019,7:38 AM,2,0,0,0,0,,COLLEGE,AVE,,,,NORTH COLLEGE,VAUGHN CLIPP,,,,Y,,500,S,39.13007798,-86.53473,LOCAL/CITY ROAD,,N,N,URBAN,N,N,N,,DAYLIGHT,CLEAR,DRY,,NO JUNCTION INVOLVED,STRAIGHT/LEVEL,ASPHALT,IMPROPER TURNING,$10001 TO $25000,RIGHT ANGLE,738,748,Y,N,NORTHCOLLEGEAVEWESTVAUGHNCLIPPWAY,0,NONE,V1 (TOYOTA COROLLA) WAS SOUTHBOUND WITHIN THE 1700 BLOCK OF NORTH COLLEGE AVENUE.D1(NICOLE FULLMER) ADVISED SHE WAS UNFAMILIAR WITH THE AREA AND WAS USING HER GPS TO GET TO YOGA.D1 ADVISED THE GPS TOLD HER TO TURN RIGHT.D1 IMMEDIATELY TURNED RIGHT FROM THE OUTSIDE LANE.D1 ADVISED SHE DID NOT SEE VEHICLE IN HER BLIND SPOT AS SHE ATTEMPTED TO TURN.V2 (BMW 335I) WAS SOUTHBOUND WITHIN THE 1700 BLOCK OF NORTH COLLEGE AVENUE.D2 (ROBERT HOUSTON) ADVISED HE WAS SOUTHBOUND IN THE INSIDE/RIGHT LANE. D2 ADVISED V1 ATTEMPTED TO TURN RIGHT FROM THE OUTSIDE LANE AND COLLIDED WITH HIS VEHICLE. D1 ADMITTED FAULT IN THIS ACCIDENT.
903399958,BLOOMINGTON PD,B1926557,MONROE,INDIAN CREEK,BLOOMINGTON,6/29/2019,10:21 AM,2,0,0,0,0,,3RD,ST,,,,E 3RD,HERITAGE,,,,Y,,40,W,39.16422,-86.48274654,LOCAL/CITY ROAD,,N,N,URBAN,N,N,N,,DAYLIGHT,CLEAR,DRY,,NO JUNCTION INVOLVED,STRAIGHT/LEVEL,ASPHALT,OTHER (DRIVER) - EXPLAIN IN NARRATIVE,$1001 TO $2500,REAR END,1024,1035,Y,N,E3RDSTHERITAGEDR,0,LANE CONTROL,"V1 was EB on E 3rd street and was in the right lane following V2. V2 turned right into a parking lot and V1 struck V2 in the driver side rear bumper with the passenger side bumper of her vehicle. D1 stated that V2 was initially in the left lane and in front of them. She stated he was driving on the center dividing lane and then moved over in front of them. She stated he turned on his turn signal to turn right and as he was turning in, he stopped completely still partially in the road. D1 stated she could not go around him on the left due to other cars in that lane. She stated she struck V2 in the driver side rear bumper with the front passenger side bumper of her vehicle.D2 stated that he was turning right into a parking lot and was struck in the rear by V1. He stated that he didn't stop completely in the road, he stated he had his turn signal on and slowed down and then slowed down again as he started to turn right. He stated he was then hit."
903405928,MONROE SD,M19A21274,MONROE,BLOOMINGTON,BLOOMINGTON,6/29/2019,6:10 PM,2,0,0,0,0,3812,STOUTES CREEK,RD,,,,W STOUTES CREEK,,,,,N,,,,39.20171,-86.56635,UNKNOWN,,N,N,RURAL,N,N,N,,DAYLIGHT,CLEAR,DRY,,NO JUNCTION INVOLVED,STRAIGHT/LEVEL,GRAVEL,UNSAFE BACKING,UNDER $1001,BACKING CRASH,612,633,Y,N,WSTOUTESCREEKRD,0,NONE,"D2 STATED HE PULLED INTO THE DRIVEWAY AND PARKED BEHIND V1 AND WHILE HE WAS PARED THERE, V1 BACKED INTO V2."
903400566,ISP BLOOMINGTON 33,2.019E+11,MONROE,INDIAN CREEK,BLOOMINGTON,6/29/2019,4:30 PM,1,0,0,0,0,,,,I69,,,I69,,,105,,N,,0,N,0,0,INTERSTATE,,N,N,RURAL,N,N,N,,DAYLIGHT,CLEAR,DRY,,NO JUNCTION INVOLVED,STRAIGHT/LEVEL,ASPHALT,RAN OFF ROAD RIGHT,$2501 TO $5000,RAN OFF ROAD,435,446,Y,N,I69105.0,0,LANE CONTROL,"Contributory Cause- Vehicle Factor- Vehicle#1 was traveling southbound on Interstate 69 near the 105.0 mile marker when the front left tire deflated causing Vehicle#1 to lose control and go into the center grass median.Interstate 69 is a multi-lane road with two lanes going north and two lanes going south divided by a center grass median in the area of the 105 mile marker in Monroe County. The speed limit is 70mph and the roadway is straight in this area. The area has no street lights and it was daylight at the time of the crash.Vehicle#1 (Maroon 2010 Nissan Maxima) was traveling south on Interstate 69 near the 105 mile marker. Vehicle#1 was driven by Driver#1 (Daniel J Caldwell) when the left front tire went flat causing Vehicle#1 to lose control and travel off the east side of the Interstate causing the driver's side front left and rear left tire to be removed from the rims. Driver#1 stated that he was traveling at approximately 65 miles per hour traveling southbound in the left lane on Interstate 69, when his left tire went flat. He then attempted to keep control of the vehicle, but was unable to keep it on the roadway and slid into the median. I observed damage to Vehicle#1. The left front tire was off the rim, and the left rear tire was off the rim. Vehicle#1 also appeared to have a rear axle broken. The left rear tire was facing inward. The Vehicle traveled off the roadway into the center grass median and I observed damage to the ground."
903400525,BLOOMINGTON PD,B1926739,MONROE,BLOOMINGTON,BLOOMINGTON,6/30/2019,3:58 PM,1,0,0,0,0,,W 17TH,ST,,,,W 17TH,N KINSER,,,,Y,PRIVATE,,,39.178992,-86.537792,LOCAL/CITY ROAD,Y,N,N,URBAN,N,N,N,,DAYLIGHT,CLEAR,DRY,,FOUR-WAY INTERSECTION,STRAIGHT/HILLCREST,ASPHALT,RAN OFF ROAD RIGHT,$5001 TO $10000,RAN OFF ROAD,358,402,Y,Y,NKINSERPIKEW17THST,0,TRAFFIC CONTROL SIGNAL,"Vehicle 1 was traveling west on 17th street. When approaching the stop light at the intersection of Kinser Pike, vehicle 1 was attempting to turn left on N Kinser Pike and another vehicle passed vehicle 1 in the straight lane and then turned abruptly in front of vehicle 1. Driver of vehicle 1 turned sharply to avoid hitting the other vehicle and went across the roadway and hit a stop light on the south east side of the intersection. Vehicle 1 has damage to the front of the vehicle and the stop light was knocked down and onto the top of vehicle 1. Driver stated he was the only one in the vehicle at the time of the crash. Officer McGlone reviewed video footage of the accident from the Marathon gas station on the south west corner of the 17th and Kinser intersection. In the video McGlone stated that Vehicle 1 appears the go left of center, cross the roadway and strike the stop light pole. Driver and passengers exit the vehicle run across the road and then the driver returns to the scene.No injuries from this accident."
903405932,MONROE SD,M19A21449,MONROE,WASHINGTON,BLOOMINGTON,6/30/2019,9:45 PM,1,0,0,0,0,,WAYPORT,RD,,,,N WAYPORT,CHAMBERS,,,,N,PRIVATE,300,N,39.33737749,-86.4871,LOCAL/CITY ROAD,,N,N,URBAN,N,N,N,,DARK (NOT LIGHTED),CLEAR,DRY,,NO JUNCTION INVOLVED,CURVE/LEVEL,ASPHALT,RAN OFF ROAD RIGHT,$5001 TO $10000,RAN OFF ROAD,1005,1021,Y,N,ECHAMBERSPIKENWAYPORTRD,0,NONE,"D1 STATED SHE WAS DRIVING SOUTHBOUND ON N. WAYPORT RD FROM CHAMBERS PIKE, WHEN A DEER CROSSED THE ROAD. D1 TRIED TO SWERVE TO MISS THE DEER AND RAN V1 OFF THE ROADWAY AND INTO A DITCH. D1 THEN EXITED THE VEHICLE AND WALKED BACK TO HER RESIDENCE ON E. CHAMBERS PIKE. I MADE CONTACT WITH THE DRIVER SHORTLY AFTER FINDING THE VEHICLE. D1 ARRANGED TO HAVE THERE PERSONAL WRECKER COME AND GET THE VEHICLE THE NEXT MORNING AND STATED THEY KNEW THE HOMEOWNERS AND WOULD FIX THE DAMAGE TO THE YARD.V1 RAN OFF THE ROADWAY AND CAME TO A REST AT 8740 N. WAYPORT RD, BLOOMINGTON, IN. I TRIED MAKING CONTACT WITH THE HOMEOWNER THAT NIGHT, HOWEVER NO ONE WAS HOME. THE FOLLOWING DAY I MADE CONTACT WITH THE HOME OWNERS SON AND HE ADVISED HIS PARENTS WERE AWARE AND WERE NOT WORRIED ABOUT THE TORN UP GRASS."
903400593,BLOOMINGTON PD,B1926797,MONROE,PERRY,BLOOMINGTON,6/30/2019,9:20 PM,1,0,1,0,0,,W 1ST,ST,,,,W 1ST,S WALKER,,,,Y,,200,E,39.159648,-86.546,LOCAL/CITY ROAD,,N,N,URBAN,Y,N,N,,DAWN/DUSK,RAIN,WET,,NO JUNCTION INVOLVED,STRAIGHT/GRADE,ASPHALT,DISREGARD SIGNAL/REG SIGN,$5001 TO $10000,RIGHT ANGLE,920,925,Y,Y,SWALKERSTW1STST,1,NONE,"D1 STATED HE WAS ATTEMPTING TO DRIVE HOME. D1 STATED HE WENT AROUND A CURVE AND ""THEN IT HAPPENED"". I TRIED MUTLIPLE TIMES TO GET AN ACTUAL DESCRIPTION OF WHAT HAPPENED FROM D1, BUT HE WAS UNABLE TO DO THIS. I DID ASK D1 IF HE STOPPED AT THE STOP SIGN PRIOR TO ENTERING THE ROAD WAY AND D1 CONFIRMED HE DID STOP.D2 STATED SHE WAS TRAVELLING WEST ON W. 1ST ST. D2 STATED SHE NEVER SAW D1 UNTIL HE MADE IMPACT WITH THE FRONT PASSENGER SIDE OF HER VEHICLE. D2 STATED SHE ATTEMPTED TO SWERVE AND MISS D1, BUT DID NOT HAVE TIME. D2 STATED BY THE TIME SHE GOT OUT OF HER VEHICLE, D1 WAS ALREADY SITTING ON THE EDGE OF THE ROAD. W1 STATED D1 HAD JUST LEFT HIS HOUSE. W1 STATED THEY OBSERVED D1 DRIVE UP A PRIVATE RAMP TO THE HOSPITAL. W1 STATED D1 THEN BEGIN PEDALING HIS BICYCLE AS FAST AS HE COULD DOWN THE RAMP TOWARDS THE ROAD. W1 STATED D1 DISREGARDED THE STOP SIGN AND DROVE DIRECTLY INTO THE SIDE OF V2. W1 STATED D1 QUICKLY GOT UP AND MOVED TO THE SIDEWALK AND SAT DOWN."
903400682,INDIANA UNIV BLOOMINGTON PD,191390,MONROE,BLOOMINGTON,BLOOMINGTON,6/30/2019,7:25 PM,1,0,0,0,0,,,,SR46,,,SR46,W ARLINGTON,,,,Y,OTHER,,,,,STATE ROAD,,N,N,URBAN,N,Y,Y,LANE CLOSURE,DAWN/DUSK,RAIN,WET,,RAMP,CURVE/LEVEL,ASPHALT,OTHER (DRIVER) - EXPLAIN IN NARRATIVE,$1001 TO $2500,RAN OFF ROAD,725,730,Y,N,SR46WARLINGTONRD,0,NONE,"V1 was traveling west bound on State Road 45/46 through the two lane divided construction area just east of the I69 overpass.D1 stated he was traveling west bound and drove left of center. D1 was unable to maintain control of the vehicle and drove off the embankment. D1 made numerous attempts to turn around and drive back up the embankment. Due to the wet conditions and incline D1 was unable to regain access to State Road 45/46. After leaving the roadway D1's vehicle struck a “Lane merging sign”. D1's vehicle came to rest facing north east, just east of I69 near the overpass.There was moderate damage all around D1's vehicle. D1 was ultimately arrested for Operating While Intoxicated and Possession of a Narcotic drug. Results for drug and alcohol are pending. Blood analysis by ISDT revealed D1's BAC was .100. Drug analysis was cancelled at the request of the Monroe County Prosecutor's Office."
903400560,BLOOMINGTON PD,B1926743,MONROE,BLOOMINGTON,BLOOMINGTON,6/30/2019,4:16 PM,3,0,0,0,0,,GATES,DR,,,,S GATES,3RD,,,,Y,,,,39.16459,-86.5762,LOCAL/CITY ROAD,N,N,N,URBAN,N,N,N,,DAYLIGHT,CLEAR,DRY,,FOUR-WAY INTERSECTION,STRAIGHT/LEVEL,ASPHALT,DISREGARD SIGNAL/REG SIGN,$1001 TO $2500,OTHER - EXPLAIN IN NARRATIVE,534,540,Y,N,SGATESDRW3RDST,0,TRAFFIC CONTROL SIGNAL,"V1 was traveling E/B on 3rd ST. V2 and V3 were traveling S/B on Gates DR, turning E/B on 3rd ST. V1 disregard the red traffic control signal and struck V2. V2 then collided with V3 in attempts to avoid V1. D1 advised that he was traveling E/B on 3rd ST. D1 stated that while traveling E/B, he proceeded through the intersection, while the traffic control signal was red. D1 advised that he thought the traffic control signal was yellow when he struck V2. . D1 was not injured. D2 advised that he was stopped at the traffic control signal at the intersection of 3rd & Gates DR. D2 stated that he proceeded through the intersection while having the green turn arrow to travel E/B on 3rd ST. D2 advised that he then felt the impact of V1. D2 advised that he attempted to swerve to avoid the collision when he struck V3. D2 advised that he was not injured. D3 advised that she was stopped at the traffic control signal at the intersection of 3rd & Gates DR. D3 advised that she proceeded through the intersection while having the green turn arrow to travel E/B on 3rd ST. D3 advised that she then felt the impact of V2. D3 was not injured. Due to D1 disregarding the traffic control signal, V1 struck V2 which caused V2 to collide with V3."
903404102,DNR LAW ENFORCEMENT,61901032,MONROE,POLK,BLOOMINGTON,6/30/2019,11:25 AM,1,1,0,0,0,,,,SR446S,,,SR446S,HAYS RD,,,,N,OTHER,40,S,39.04455978,-86.40785574,STATE ROAD,,N,N,RURAL,N,N,N,,DAYLIGHT,CLEAR,DRY,,NO JUNCTION INVOLVED,CURVE/LEVEL,ASPHALT,IMPROPER LANE USAGE,$5001 TO $10000,RAN OFF ROAD,1130,1141,Y,Y,HAYSRDRDSR446S,0,LANE CONTROL,Driver 1 stated that she was traveling southbound on SR 446 when a vehicle traveling northbound came around a curve almost entirely in the southbound lane. Driver 1 swerved to the right to avoid colliding with the other vehicle and ran off the road striking the end of the guard rail. Driver 1's vehicle sustained significant damage to the right front and passenger side front fender and passenger side door. There was also minor damage to the right side of her boat trailer near the tire. The guard rail also sustained significant damage.
903400357,BLOOMINGTON PD,B1926692,MONROE,BLOOMINGTON,BLOOMINGTON,6/30/2019,8:25 AM,1,0,1,0,0,,,,SR45E,,,SR45E,N RUSSELL,,,,Y,PRIVATE,,,39.200352,-86.468,STATE ROAD,,N,N,URBAN,Y,N,N,,UNKNOWN,CLEAR,DRY,,NO JUNCTION INVOLVED,CURVE/LEVEL,ASPHALT,RAN OFF ROAD RIGHT,$2501 TO $5000,RAN OFF ROAD,825,825,Y,Y,NRUSSELLRDSR45E,0,NONE,"Vehicle was westbound on East State Road 45 at N. Russell Road when it appears to have left the roadway, ramped an embankment, struck some trees, and came to rest on the ground in the landscaping and lawn of 3911 Tamarron Court."
903400554,BLOOMINGTON PD,B1926742,MONROE,PERRY,BLOOMINGTON,6/30/2019,3:20 PM,2,0,0,0,0,100,E MILLER,DR,,,,E MILLER,,,,,Y,,,,39.146944,-86.532544,UNKNOWN,,N,Y,URBAN,N,N,N,,DAYLIGHT,CLEAR,DRY,,NO JUNCTION INVOLVED,STRAIGHT/LEVEL,ASPHALT,TRAFFIC CONTROL INOPERATIVE/MISSING/OBSC,$2501 TO $5000,BACKING CRASH,413,422,N,Y,EMILLERDR,0,NONE,"V2 WAS PARKED IN A NORTH/SOUTH RUNNING PARKING LINE, FACING EAST, IN THE PARKING LOT OF 100 E MILLER DRIVE.MR. SMITH, WHO WAS STANDING NEXT TO HIS VEHICLE WHICH WAS PARKED A SHORT DISTANCE FROM V2 STATED THAT HE DID SEE A WHITE DODGE VAN ATTEMPTING TO BACK OUT OF THE COMPLEX TOWARDS E MILLER.MR. SMITH STATED THAT HE DID NOT SEE THE VAN COLLIDE INTO V2, BUT HE STATED THAT THAT THE WHITE DODGE VAN APPEARED TO BE STRUGGLING TO BACK UP AND HAD TO PULL FORWARDS SEVERAL TIMES.MR. SMITH STATED THAT HE BELIEVES THAT THE WHITE DODGE VAN REAR ENDED V2.MR. SMITH STATED THAT THE REAR PASSENGER CORNER OF THE DODGE VAN APPEARED TO HAVE DAMAGE AND THAT IT DID HAVE BLACK PAINT TRANSFER CONSISTENT WITH THE COLOR OF V2.IT SHOULD BE NOTED THAT THE REAR DRIVER'S SIDE CORNER OF V2 WAS DAMAGED AND DID APPEAR TO HAVE WHITE PAINT TRANFER ON THE CORNER.V2 WAS NOT TOWED DUE TO DISABLING DAMAGE.THERE IS NO SUSPECT INFORMATION FOR THE DODGE VAN, V1.MR. SMITH COULD NOT SEE THE DRIVER OF THE DODGE VAN AND DID NOT SEE THE LICENSE PLATE."
903401167,BLOOMINGTON PD,B1926791,MONROE,BLOOMINGTON,BLOOMINGTON,6/30/2019,8:00 PM,1,0,0,0,0,528,S COLLEGE,AVE,,,,S COLLEGE,,,,,Y,,,,39.17088686,-86.534768,UNKNOWN,,N,Y,URBAN,N,N,N,,DAWN/DUSK,RAIN,WET,,NO JUNCTION INVOLVED,STRAIGHT/LEVEL,ASPHALT,IMPROPER TURNING,$2501 TO $5000,OTHER - EXPLAIN IN NARRATIVE,832,836,Y,Y,SCOLLEGEAVE,0,STOP SIGN,"V1 was headed E/B in the parking lot of 528 S College Ave. V1 attempted to make a left turn, N/B, when it struck a stop sign/concrete barrier. V1 sustained damage to the front, driver's side, which did disable the tire. D1 left the scene prior to my arrival. V1 was towed from the scene due to disabling damage and being abandoned in the middle of the business roadway."
903403131,BLOOMINGTON PD,B1926709,MONROE,BLOOMINGTON,BLOOMINGTON,6/30/2019,12:53 PM,2,0,0,0,0,3403,ACADIA,CT,,,,S ACADIA,,,,,Y,,,,39.237248,-86.539216,UNKNOWN,,N,Y,URBAN,N,N,N,,DAYLIGHT,CLEAR,DRY,,NO JUNCTION INVOLVED,STRAIGHT/LEVEL,ASPHALT,UNSAFE BACKING,$5001 TO $10000,BACKING CRASH,1253,1253,N,Y,SACADIACT,0,NONE,"Vehicle 2 was parked, backed into a parking space facing north on the lot. Vehicle 2 was occupied by the Owner. Vehicle 1 was backing out of a spot opposite of Vehicle 2, also facing north in the lot. Vehicle 1 backed into Vehicle 2 as it remained stationary. Vehicle 1 then left the scene without making the reporting requirement."
903400538,ELLETTSVILLE PD,E1903517,MONROE,RICHLAND,ELLETTSVILLE,6/30/2019,6:00 PM,2,0,0,0,0,,,,SR46W,,,SR46W,CENTENNIAL,,,,N,,,,39.20997,-86.58271,STATE ROAD,Y,N,N,URBAN,N,N,N,,DAWN/DUSK,CLOUDY,WET,,NO JUNCTION INVOLVED,STRAIGHT/LEVEL,ASPHALT,BRAKE FAILURE OR DEFECTIVE,$1001 TO $2500,REAR END,606,611,Y,Y,NORTHCENTENNIALDRSR46W,0,TRAFFIC CONTROL SIGNAL,D2 WAS STOPPED AT THE STOP LIGHT AT STATE ROAD 46 WEST & NORTH CENTENNIAL DR WHEN SHE WAS REAR ENDED BY V1. D1 STATED THAT HE HAD BRAKE ISSUES AND HE THOUGHT THERE MIGHT BE AN AIR BUBBLE IN THE BRAKE LINES. BOTH CARS WERE DROVE FROM THE SCENE. BOTH PARTIES STATED THEY DID NOT WANT AN AMBULANCE TO COME CHECK THEM OUT.