Master Record Number,Agency,Local Code,County,Township,City,Collision Date,Collision Time,Vehicles Involved,Trailers Involved,Number Injured,Number Dead,Number Deer,House Number,Roadway Name,Roadway Suffix,Roadway Number,Roadway Interchange,Roadway Ramp,Roadway Id,Intersecting Road,Intersecting Road Number,Mile Marker,Interchange,Corporate Limits?,Property Type,Feet From,Direction,Latitude,Longitude,Roadway Class,Traffic Control Devices?,Aggressive Driving?,Hit and Run?,Locality,School Zone?,Rumble Strips?,Construction?,Construction Type,Light Condition,Weather Conditions,Surface Condition,Type of Median,Roadway Junction Type,Road Character,Roadway Surface,Primary Factor,Damage Estimate,Manner of Collision,Time Notified,Time Arrived,Investigation Complete?,Photos Taken?,Unique Location Id,State Property Damage?,Traffic Control,NARRATIVE
903403041,BLOOMINGTON PD,B19-27235,MONROE,RICHLAND,BLOOMINGTON,7/3/2019,2:32 PM,1,0,0,0,0,3910,W 3RD,ST,,,,W 3RD,,,,,Y,OTHER,,,39.16484379,-86.58164716,UNKNOWN,,N,N,RURAL,N,N,N,,DAYLIGHT,CLEAR,DRY,,NO JUNCTION INVOLVED,STRAIGHT/LEVEL,ASPHALT,IMPROPER TURNING,$1001 TO $2500,OTHER - EXPLAIN IN NARRATIVE,316,325,Y,Y,W3RDST,0,NONE,Driver 1 (D1) advised that his vehicle had been parked facing westbound in the private parking lot of3910 W 3rd St; CVS Pharmacy. D1 explained that as he turned out of his parking spot that he turned northwest to exit the parking lot. D1 stated that as he did so his truck ran up over the curb and struck the fire hydrant. D1 stated that he cut the turn too sharp and was unable to see the curb and fire hydrant.Photographs of the fire hydrant and truck were taken on scene.
903402773,BLOOMINGTON PD,B1927214,MONROE,BLOOMINGTON,BLOOMINGTON,7/3/2019,12:34 PM,2,0,0,0,0,,FOUNTAIN,DR,,,,FOUNTAIN,CRESENT,,,,Y,,100,S,0,0,LOCAL/CITY ROAD,,N,N,URBAN,N,N,N,,DAYLIGHT,CLEAR,DRY,,NO JUNCTION INVOLVED,STRAIGHT/GRADE,ASPHALT,FAILURE TO YIELD RIGHT OF WAY,$1001 TO $2500,LEFT TURN,1236,1242,Y,N,CRESENTRDFOUNTAINDR,0,LANE CONTROL,"V1 WAS EXITING 2111 W. FOUNTAIN DRIVE, ONTO FOUNTAIN DRIVE, TURNING LEFT (NORTH).V2 WAS SOUTH BOUND ON FOUNTAIN DRIVE. D2 SAID THAT V1 SUDDENLY TURNED LEFT IN FRONT OF HIM, AND HE COULD NOT AVOID STRIKING V1.D1 INITIALLY LIED ABOUT BEING THE DRIVER, BUT WAS WITNESSED DRIVING V1 BY D2. SHE WAS CITED FOR DWS-INF. SAID SHE DID NOT SEE V2.NO INJURIES REPORTED."
903402959,BLOOMINGTON PD,B1927257,MONROE,PERRY,BLOOMINGTON,7/3/2019,3:43 PM,2,0,0,0,0,,3RD,ST,,,,W 3RD,,I69,,,Y,,,,0,0,LOCAL/CITY ROAD,Y,N,N,URBAN,N,N,N,,DAYLIGHT,CLEAR,DRY,,T-INTERSECTION,STRAIGHT/GRADE,ASPHALT,IMPROPER TURNING,$2501 TO $5000,LEFT TURN,344,353,Y,N,I69OPASW3RDST,0,TRAFFIC CONTROL SIGNAL,"D1 stated they were driving westbound on W 3rd St and approached the stoplight at the I69 overpass, which was green. D1 stated they turned left at the stoplight, and entered into oncoming traffic from the eastbound lanes and northbound exit ramp, at the incorrect point of W 3rd St to do so. D1 stated they were attempting to merge on to the I69 southbound exit ramp, but made the turn at the incorrect place, at which point the passenger's side of V1 struck the front of V2. D2 stated that they were traveling eastbound on W 3rd St and approached the stoplight on the I69 overpass, which was green. D2 stated they entered the intersection, at which point V1 was making an incorrect left turn into oncoming traffic, and the front of V2 struck the passenger's side of V1."
903402809,BLOOMINGTON PD,B1927218,MONROE,BLOOMINGTON,BLOOMINGTON,7/3/2019,12:52 AM,2,0,0,0,0,,1ST,ST,,,,1ST,COLLEGE,,,,Y,,,,39.17688,-86.534736,LOCAL/CITY ROAD,Y,N,N,URBAN,N,N,N,,DARK (NOT LIGHTED),CLEAR,DRY,,FOUR-WAY INTERSECTION,STRAIGHT/LEVEL,ASPHALT,OTHER (DRIVER) - EXPLAIN IN NARRATIVE,$1001 TO $2500,OPPOSITE DIRECTION SIDESWIPE,1255,1256,Y,Y,1STSTCOLLEGEAVE,0,TRAFFIC CONTROL SIGNAL,"V1 WAS WESTBOUND ON 1ST STREET STOPPED AT THE LIGHT AT COLLEGE AVE.V2 WAS SOUTHBOUND ON COLLEGE AVE TURNING EAST ONTO 1ST STREET.D1 SAID SHE WAS STOPPED AT THE WHITE LINE WHEN V2 STARTED TO TURN. SHE SAID SHE BACKED UP TO GIVE V2 ROOM TO TURN IN. SHE SAID V2 THEN CONTINUED TO PULL FORWARD AND CAME ACROSS THE DOUBLE YELLOW LINE HITTING HER. SHE SAID V2 CONTINUED FORWARD AND WHEN IT STOPPED THE PART OF IT THAT MADE CONTACT WAS BACK OVER THE YELLOW LINE IT THE RIGHT SIDE. SHE SAID SHE HAD TO BACK UP MORE TO ALLOW HERSELF AND THE OCCUPANTS OF V2 TO OPEN THEIR DOORS AND GET OUT.D2 SAID WHEN HE STARTED TO TURN THERE WAS NOT ENOUGH ROOM TO ENTER 1ST STREET AND V1 BACKED UP TO LET HIM IN. HE SAID AS HE PULLED FORWARD V1 WAS STILL BACKING UP AND ENDED UP SWINGING THE FRONT END INTO HIS LANE ACROSS THE DOUBLE YELLOW LINE MAKING CONTACT WITH V2.OTHER LOCATION OF INVESTIGATION, 528 S COLLEGE AVE TO VIEW CAMERAS WHICH DO NOT COVER THAT PART OF THE INTERSECTION."
903403257,MONROE SD,M19A21787,MONROE,VAN BUREN,BLOOMINGTON,7/3/2019,5:50 PM,1,0,0,0,0,,LEONARD SPRINGS,RD,,,,S LEONARD SPRINGS,LIZZY,,,,N,OTHER,600,N,39.17761509,-86.59514,LOCAL/CITY ROAD,,N,N,RURAL,N,N,N,,DAWN/DUSK,RAIN,WET,,NO JUNCTION INVOLVED,CURVE/GRADE,ASPHALT,SPEED TOO FAST FOR WEATHER CONDITIONS,$5001 TO $10000,RAN OFF ROAD,550,616,Y,N,LIZZYLNSLEONARDSPRINGSRD,0,NONE,"THE DRIVER OF UNIT 1 STATED THAT WAS TRAVELING NORTH ON SOUTH LEONARD SPRINGS ROAD WHEN HE SLID OFF OF THE ROAD AND COLLIDED WITH THE END OF THE GUARDRAIL. WHILE ON SCENE, THE DRIVER STATED HE DID NOT HAVE ANY INSURANCE."
903403074,BLOOMINGTON PD,B1927311,MONROE,BLOOMINGTON,BLOOMINGTON,7/3/2019,10:47 PM,3,0,1,0,0,,W STATE ROAD 45 46,BYP,,,,W STATE ROAD 45 46,N MONROE,,,,Y,,500,E,39.186944,-86.5468,LOCAL/CITY ROAD,,N,N,URBAN,N,N,N,,DARK (NOT LIGHTED),CLEAR,WET,,NO JUNCTION INVOLVED,STRAIGHT/LEVEL,ASPHALT,FOLLOWING TOO CLOSELY,$2501 TO $5000,REAR END,1049,1053,Y,Y,NMONROESTWSTATEROAD4546BYP,0,NONE,"D1 stated that she was driving west when the vehicles in front of her began braking. D1 stated that she hit her brakes but could not stop in time before hitting V2.D2 stated that she was driving west when the vehicles in front of her began braking. D2 stated that she came to a complete stop in the roadway, when she was struck from behind by V1, which caused her to hit the back of V3.D3 stated that she was driving west when the vehicles in front of her began braking and swerving to avoid hitting a mattress in the roadway. D3 stated that she hit her brakes and veered to the left to avoid hitting the mattress. D3 stated that she was then hit by V2.V3 was coming to a stop due to a mattress in the roadway, which caused V1 to hit V2, which caused V2 to hit V3."
903402713,BLOOMINGTON PD,B1927213,MONROE,BLOOMINGTON,BLOOMINGTON,7/3/2019,11:00 AM,2,0,,,0,3620,W 3RD,ST,,,,W 3RD,,,,,Y,,,,39.16424,-86.48595093,LOCAL/CITY ROAD,,N,Y,URBAN,N,N,,,DAYLIGHT,CLOUDY,DRY,,NO JUNCTION INVOLVED,STRAIGHT/LEVEL,ASPHALT,,UNDER $1001,,1218,1230,Y,N,W3RDST,0,NONE,"V1/D1 IS LSA, UNKNOWN.ACTUALLY LOCATION OF ACCIDENT IS UNKNOWN.V2/D2 STATED ""I WAS AT BIGLOTS AT 3620 W. 3RD ST TODAY, I THEN WENT TO DOLLAR GENERAL AND THEN TO THE OPPORTUNITY HOUSE ON W. 11TH ST. BETWEEN 11-12PM, WHEN I WENT TO THE CAR WASH ON W. 3RD ST AND WEST PLEX, I NOTICED NEW DAMAGE TO MY PASSENGER SIDE DOOR PANEL. I DO NOT KNOW EXACTLY WHEN OR WHERE IT HAPPENED. MY INSURANCE COMPANY TOLD ME TO CALL YOU, IT IS VERY MINOR DAMAGE TO THE REAR PASSENGER SIDE DOOR."""
903403372,BLOOMINGTON PD,B19-27413,MONROE,PERRY,BLOOMINGTON,7/3/2019,4:30 PM,2,0,0,0,0,1150,CLARIZZ,BLVD,,,,S CLARIZZ,,,,,Y,,,,39.1526,-86.49273,UNKNOWN,,,Y,URBAN,N,N,N,,UNKNOWN,,,,NO JUNCTION INVOLVED,STRAIGHT/LEVEL,ASPHALT,UNSAFE BACKING,UNDER $1001,BACKING CRASH,428,439,Y,Y,SCLARIZZBLVD,0,NONE,"THE OWNER OF V2 STATED THAT V2 WAS PARKED IN THE PARKING SPOT ACROSS FROM 1150 S. CLARIZZ BLVD, BLDG B. THE OWNER OF V2 ALSO STATED THAT WHILE HE WAS AWAY FROM V2, AN UNKNOWN VEHICLE STRUCK IT. ACCORDING TO THE OWNER, THE IMPACT CAUSED DAMAGE TO THE FRONT FENDER, FRONT DRIVER SIDE TURN SIGNAL AND HANDLEBAR TO V2.THE OWNER OF V2 STATED THAT HE DID NOT HAVE V1 INFORMATION."
903402998,BLOOMINGTON PD,B19-27228,MONROE,PERRY,BLOOMINGTON,7/3/2019,2:05 PM,2,0,1,0,0,,S WALNUT,ST,,,,S WALNUT,E GRIMES,,,,Y,,,,39.15344,-86.5336,LOCAL/CITY ROAD,Y,N,N,URBAN,N,N,N,,DAYLIGHT,CLEAR,DRY,,FOUR-WAY INTERSECTION,STRAIGHT/LEVEL,ASPHALT,DRIVER DISTRACTED - EXPLAIN IN NARRATIVE,$1001 TO $2500,REAR END,206,216,Y,Y,EGRIMESLNSWALNUTST,0,TRAFFIC CONTROL SIGNAL,"D1 STATED THAT HE WAS DRIVING NORTH ON S. WALNUT STREET. D1 ALSO STATED THAT HE DID TAKE HIS EYES AWAY FROM THE ROAD FOR A FEW SECONDS BEFORE HE ARRIVED AT INTERSECTION OF S. WALNUT ST. AND E. GRIMES LN. D1 EXPLAINED THAT WHEN HE LOOKED BACK UP, HE NOTICED THE SLOW TRAFFIC IN FRONT OF HIM BUT IT WAS TOO LATE TO STOP OR SLOW DOWN. D1 STATED THAT THAT WAS WHEN V1 STRUCK V2 IN THE REAR. D2 STATED THAT SHE WAS DRIVING NORTH ON S. WALNUT ST. AND STOPPED AT THE TRAFFIC SIGNAL OF S. WALNUT ST. AND E. GRIMES LN. D2 ALSO STATED THAT WHEN THE TRAFFIC LIGHT TURNED GREEN, SHE SLOWLY BAGAN TO DRIVE AND THAT WAS WHEN V1 STRUCK V2 IN THE REAR. D1 DECIDED TO TOW V1 THROUGH HIS INSURANCE PROVIDER. D2 CALLED FAMILY MEMBER TO REMOVE V2 FROM THE SCENE. NONE OF THE VEHICLES WERE BLOCKING ROADWAY WHILE I VACATED THE SCENE."
903402407,BLOOMINGTON PD,B1927168,MONROE,PERRY,BLOOMINGTON,7/3/2019,4:51 AM,1,0,0,0,0,,S SARE,RD,,,,S SARE,ROGERS,,,,Y,,100,S,39.13584,-86.496288,LOCAL/CITY ROAD,,N,N,URBAN,N,N,N,,DARK (NOT LIGHTED),CLEAR,DRY,,NO JUNCTION INVOLVED,CURVE/GRADE,ASPHALT,RAN OFF ROAD RIGHT,$2501 TO $5000,RAN OFF ROAD,453,500,Y,Y,ROGERSRDSSARERD,0,NONE,V1 ran off road and struck landscaping.D1 stated that he looked down at his phone and ran off road before hitting a tree. D1 stated that he took sleeping pills before driving.
903403671,ISP BLOOMINGTON 33,2.019E+11,MONROE,BLOOMINGTON,BLOOMINGTON,7/4/2019,6:05 PM,2,0,0,0,0,5700,AIRPORT,RD,,,,W AIRPORT,,,,,Y,,,,39.13701,-86.60647,UNKNOWN,,N,N,RURAL,N,N,N,,DAYLIGHT,CLEAR,DRY,,NO JUNCTION INVOLVED,STRAIGHT/LEVEL,OTHER - EXPLAIN IN NARRATIVE,UNSAFE BACKING,$1001 TO $2500,BACKING CRASH,610,614,Y,N,WAIRPORTRD,0,NONE,"On Thursday July 3, 2019 at 6pm I was working off duty security at the Monroe County Fairgrounds. A female walked up to me and said she had hit another vehicle in the parking lot. She told me the license plate and I was able to track the other party down.The parking lot at the Monroe County Fairgrounds is a grass lot with dirt lanes separating the parking spots.V1 (2010 Chevy Malibu) was backing east out of a parking spot. Due to vehicles being parked next to it D1 could not see well. V1 stopped to let multiple vehicles pass before it could exit its spot. When it re-started backing up the rear bumper collided with the front bumper of V2 (2004 Honda Civic). D1 (Courtney Ankney) advised she was backing out. She advised she couldn't see because of the vehicles parked next to her. She advised she stopped to let multiple vehicles pass before she continued to back up. Once clear she continued to back up hitting V2 which was parked in the spot behind her. I witnessed minor damage to the rear bumper of V1 and minor damage to the front bumper of V2. I did witness V2's front bumper was sticking out into the lane of travel. When I asked the owner she advised they couldn't back in all the way because of a big truck that was parked behind them that was no longer there.No enforcement action was taken and both vehicles were drivable."
903403326,BLOOMINGTON PD,B1927381,MONROE,BLOOMINGTON,BLOOMINGTON,7/4/2019,1:29 PM,2,0,0,0,0,225,E 20TH,ST,,,,E 20TH,,,,,Y,,,,39.18184,-86.5318511,UNKNOWN,,N,Y,URBAN,N,N,N,,UNKNOWN,,,,NO JUNCTION INVOLVED,STRAIGHT/LEVEL,ASPHALT,UNSAFE BACKING,UNDER $1001,BACKING CRASH,129,150,Y,Y,E20THST,0,NONE,"V1/D1 ARE UNKNOWN. V2 WAS PARKED IN A PARKING STALL AT 225 E. 20TH ST. V2 HAS DAMAGE TO THE REAR DRIVER SIDE BUMPER. IT IS BELIEVED THAT V1 WAS PARKED IN THE ADJACENT PARKING STALL AND WHILE BACKING, COLLIDED WITH V2. COLLISION OCCURRED SOMETIME BETWEEN THE AFTERNOON HOURS OF 07/03/2019 AND 1330 HOURS ON 07/04/2019"
903404280,MONROE SD,M19A21833,MONROE,PERRY,BLOOMINGTON,7/4/2019,1:20 PM,2,0,0,0,0,21,DILLMAN,RD,,,,EAST DILLMAN,,,,,N,,,,39.0932,-86.54302,UNKNOWN,,N,N,URBAN,N,N,N,,DAYLIGHT,CLEAR,DRY,,NO JUNCTION INVOLVED,STRAIGHT/GRADE,GRAVEL,UNSAFE BACKING,$2501 TO $5000,BACKING CRASH,130,150,Y,N,EASTDILLMANRD,0,NONE,VEHICLE 1 WHILE FACING EAST WAS BACKING WEST BOUND IN THE PARKING LOT OF 21 EAST DILLMAN RD. VEHICLE 1 BACKED INTO FRONT RIGHT BUMBER OF VEHICLE 2. VEHICLE 2 WAS PARKED AND UNOCCUPIED.DRIVER 1 WAS UNINJURED AND REFUSED ANNY MEDICAL ATTENTION.BOTH VEHICLES WERE DRIVABLE AND DRIVEN FROM THE SCENE.
903403442,MONROE SD,M19A21818,MONROE,VAN BUREN,BLOOMINGTON,7/4/2019,5:21 AM,1,0,0,0,0,,,,SR48E,,,SR48E,OARD,,,,N,,,,39.164848,-86.62,STATE ROAD,,N,N,RURAL,N,N,N,,DARK (NOT LIGHTED),CLEAR,DRY,,T-INTERSECTION,STRAIGHT/LEVEL,ASPHALT,RAN OFF ROAD RIGHT,$2501 TO $5000,RAN OFF ROAD,521,527,Y,N,OARDRDSR48E,0,NONE,D1 WAS ATTEMPTING TO TURN EB FROM OARD RD ONTO ST RD 48.D1 STATED THAT A VEHICLE WAS TRAVELING FAST GOING WB ON 48 AND D1 ACCELERATED TO MISS THE VEHICLE AND WENT INTO A DITCH DIRECTLY ACCROSS FROM OARD RD. D1 IDENTIFIED HERSELF AS ERIN SHIPLEY-COURTER AND STATED SHE HAD BEEN DRIVING THE VEHICLE. UPON GATHERING MS. SHIPLEY-COURTERS INFORMATION I DETECTED THE ODOR OF ALCOHOL EMMITTING FROM ONE IF NOT BOTH THE OCCUPANTS OF THE VEHICLE. UPON ASKING MS. SHIPLEY COURTER IF SHE CONSUMED ALCOHOL SHE STATED NO. MS. SHIPLEY THEN STATED THAT SHE HAD CONSUMED ALCOHOL HOURS AGO. DEPUTY BENNETT DILLON PROCEEDED TO RUN MS. SHIPLEY-COURTER THROUGH SFST WHICH SHE FAILED.MS. SHIPLEY COURTER WAS THEN OFFERED A PBT WHICH REGISTERED .201 GRAMS OF ALCOHOL PER 210 LITERS OF BREATH. MS. COURTER WAS TAKEN ON STATION AND GIVEN A CERTIFIED TEST WHICH REGISTERED .173 GRAMS OF ALCOHOL PER 210 LITERS OF BREATH. THE VEHICLE WAS REMOVED FROM THE DITCH AND TOWED BY BLANDS.
903403152,MONROE SD,M19A21819,MONROE,BLOOMINGTON,BLOOMINGTON,7/4/2019,7:11 AM,2,0,0,0,0,,,,SR45W,,,SR45W,INDUSTRIAL,,,,Y,,,,39.1436,-86.58031,STATE ROAD,Y,Y,N,RURAL,N,N,N,,DAWN/DUSK,CLEAR,DRY,,FOUR-WAY INTERSECTION,STRAIGHT/LEVEL,ASPHALT,OTHER (DRIVER) - EXPLAIN IN NARRATIVE,$5001 TO $10000,REAR END,711,711,Y,Y,INDUSTRIALBLVDSR45W,0,TRAFFIC CONTROL SIGNAL,"D2 WAS ON PATROL IN HIS FULLY MARKED PATROL VEHICLE, TRAVELING SOUTHBOUND ON I-69 SOUTH, WHEN HE OBSERVED V1 SWERVING ALL OVER THE ROAD, TRAVELING SOUTH AS WELL, AND UNABLE TO MAINTAIN ITS LANE. AN ATTEMPT WAS THEN MADE TO STOP V1; HOWEVER, V1 FAILED TO YIELD TO V2 AND CONTINUED SOUTHBOUND ON I-69 AT A HIGH RATE OF SPEED. THE SUBSEQUENT PURSUIT WENT ON FOR SEVERAL MILES ON I-69 BEFORE V1 EXITED ONTO W SR 45 IN GREENE COUNTY AND TRAVELED EAST TOWARDS BLOOMINGTON. THROUGHOUT THIS LENGTHY PURSUITE V1 CONTINUED DRIVING ERRATICALLY TO INLUDE GOING LEFT OF CENTER, TRAVELING WELL IN EXCESS OF THE POSTED SPEED LIMIT, AND AT ONE POINT ON I-69 V1 TRAVELED SOUTHBOUND IN THE NORTHBOUND LANE. NEAR W SR 45 & ELWREN RD A TIRE DEFLATION DEVICE WAS SUCCESSFULLY DEPLOYED AND V1'S PASSENGER SIDE TIRES DEFLATED AND CAME OFF OF V1. D1 STILL CONTINUED TRAVELING EAST WHILE DRIVING ON TWO RIMS. AS THE PURSUIT BEGAN TO ENTER INTO THE URBAN AREA OF BLOOMINGTON, AT THE INTERSECTION OF W SR 45 & INDUSTRIAL BLVD, D2 INITIATED CONTACT WITH THE REAR END OF V1 TO BRING V1 TO A STOP AND TO PREVENT ANY FURTHER RISK TO THE PUBLIC. V1 SUBSEQUENTLY CAME TO A STOP NEAR THE INTERSECTION. D1 WAS THEN TAKEN INTO CUSTODY."
903403351,BLOOMINGTON PD,B19-27424,MONROE,BLOOMINGTON,BLOOMINGTON,7/4/2019,6:29 PM,1,0,1,0,0,2910,W 3RD,ST,,,,W 3RD,,,,,Y,,,,39.16467533,-86.570478,UNKNOWN,,N,N,URBAN,N,N,N,,DAYLIGHT,CLEAR,DRY,,NO JUNCTION INVOLVED,STRAIGHT/GRADE,ASPHALT,ENGINE FAILURE OR DEFECTIVE,$2501 TO $5000,COLLISION WITH OBJECT IN ROAD,630,631,Y,Y,W3RDST,0,NONE,Driver one stated he was backing up in the parking lot when he went to put the vehicle in drive. Driver one stated the throttle in his vehicle went wide open launching his vehicle forward. Driver one stated he had his foot on the brake as hard as he could but that didn't stop the vehicle from hitting the tree. Driver one stated he wasn't under any medication or pain killers. Driver one stated his legs were very swollen prior to the accident.Witness one stated vehicle one was backing up in the parking when he backed into a bush and then went forward. Witness one stated he heard the engine rev-up and the vehicle go forward at a high speed into the tree and bench. Witness one stated after vehicle one hit the tree it rolled back and the engine was still reving up.Witness two stated she was in the passenger seat when driver one was backing up and she told him he was getting to close to the bush. Witness two stated driver one then put the vehicle in drive and they drove forward into the tree. Witness two stated driver one was having medical problem and just had surgery on his knee. While listening driver one speak to medical personnel he stated he didn't recall the accident. Driver one was not slurring his speech and didn't have any other signs on impairment.
903403821,BLOOMINGTON PD,B1927571,MONROE,BLOOMINGTON,BLOOMINGTON,7/5/2019,3:51 PM,2,0,0,0,0,,7TH,ST,,,,7TH,N COLLEGE,,,,Y,,,,39.168656,-86.534784,LOCAL/CITY ROAD,Y,N,Y,URBAN,N,N,N,,DAYLIGHT,CLEAR,DRY,,FOUR-WAY INTERSECTION,STRAIGHT/LEVEL,ASPHALT,DISREGARD SIGNAL/REG SIGN,$2501 TO $5000,RIGHT ANGLE,357,408,Y,Y,7THSTNCOLLEGEAVE,0,TRAFFIC CONTROL SIGNAL,V2 was driving west through the intersection of 7th street and N College Avenue. V1 then entered the intersection and collided with the passenger side of V2 causing damage. V1 then left the scene without exchanging information.D2 stated that he was stopped at the intersection heading west. When the traffic light turned green D2 entered the intersection. V1 then collided with the passenger side of V2. D2 stated that his wife then yelled at D1 out of her window to stop and pull over to exchange information. V1 then left the scene without exchanging info.D1 was located by officers and brought to the scene. D1 stated that he saw the light change from green to yellow and then from yellow to red before he entered the intersection. D1 then tried to get through the intersection before cross traffic began to drive. V2 then entered the intersection on a green light. D1 stated that he attempted to brake but began to slide and collided with the passenger side of V2.
903404282,MONROE SD,M19A21925,MONROE,RICHLAND,BLOOMINGTON,7/5/2019,1:03 PM,1,0,0,0,0,3585,STATE 46,RD,,,,W STATE 46,,,,,N,PRIVATE,,,39.208779,-86.582196,,,N,Y,URBAN,N,N,N,,DAYLIGHT,CLEAR,DRY,,NO JUNCTION INVOLVED,STRAIGHT/LEVEL,ASPHALT,UNSAFE BACKING,$1001 TO $2500,OTHER - EXPLAIN IN NARRATIVE,103,110,Y,N,WSTATE46RD,0,NONE,"D1 FLED THE SCENE ON FOOT TO THE WEST AFTER STRIKING THE FENCE AT SPEEDWAY. HE WAS LATER LOCATED AT THE VEHICLE OWNERS HOUSE ON FISCUC DR. D1 ADMITTED UNDER MIRANDA ADVISEMENT THAT HE STRUCK THE FENCE AND FLED BECAUSE HE WAS DWS. SFSTs WERE PERFOMED BY DEPUTY WASSON, AND D1 WAS DETAINED FOR AN OWI INVESTIGATION"
903403833,BLOOMINGTON PD,B1927569,MONROE,BLOOMINGTON,BLOOMINGTON,7/5/2019,8:00 AM,2,0,0,0,0,,E 4TH,ST,,,,E 4TH,S DUNN,,,,Y,,200,W,39.165648,-86.528144,LOCAL/CITY ROAD,,,Y,URBAN,N,N,N,,,,,,NO JUNCTION INVOLVED,STRAIGHT/LEVEL,ASPHALT,,$2501 TO $5000,,348,357,N,Y,E4THSTSDUNNST,0,NONE,"V2 WAS PARKED IN A PARKING STALL HORIZONTAL TO THE ROADWAY FACING WB ON E 4TH ST. V2 WAS PARKED AT 2300 HOURS ON 07/04/2019. THE DAMAGE WAS NOTICED ON 07/05/2019 AT 0800 HOURS. V2 HAD DAMAGE TO THE FRONT BUMPER, THAT WAS COMPLETLY OFF THE V2. DAMAGE TO THE FRONT DRIVER SIDE DOOR AND FRONT DRIVER SIDE MIRROR. THE POSITIONING OF V1 OR ANY DESCIRPTION OF V1 IS UNKNOWN. THERE DID NOT APPEAR TO BE ANY CAMERAS IN THE AREA."
903403864,BLOOMINGTON PD,B19-27544,MONROE,PERRY,BLOOMINGTON,7/5/2019,2:00 PM,2,0,0,0,0,,S WALNUT,ST,,,,S WALNUT,E GRIMES,,,,Y,,,,39.15344,-86.5336,LOCAL/CITY ROAD,Y,N,N,URBAN,N,N,N,,DAYLIGHT,CLEAR,DRY,,FOUR-WAY INTERSECTION,STRAIGHT/LEVEL,ASPHALT,FOLLOWING TOO CLOSELY,$2501 TO $5000,REAR END,206,210,Y,Y,EGRIMESLNSWALNUTST,0,TRAFFIC CONTROL SIGNAL,"DRIVER OF V1 STATED THAT SHE WAS DRIVING NORTH ON S. WALNUT ST AND THAT WHEN SHE ARRIVED AT THE INTERSECTION OF S. WALNUT ST. AND E. GRIMES LN., SHE FAILED TO STOP AT THE RED TRAFFIC SIGNAL AND STRUCK V2 IN THE REAR.DRIVER OF V2 STATED THAT HE WAS DRIVING NORTH ON S. WALNUT STREET AND STOPPED AT THE RED TRAFFIC LIGHT LOCATED AT THE INTERSECTION OF S. WALNUT ST. AND E. GRIMES LN. DRIVER OF V2 ALSO STATED THAT V1 FAILED TO STOP AT THE TRAFFIC SIGNAL, AND STRUCK V2 IN THE REAR.NONE OF THE VEHICLES HAD DISABLING DAMAGES AND WERE RELEASED TO THE RESPECTIVE OWNERS."
903405927,MONROE SD,M19A21945,MONROE,PERRY,BLOOMINGTON,7/5/2019,5:26 PM,2,0,1,0,0,,HANDY,RD,,,,S HANDY,AIRLINE,,,,N,,100,S,39.08287477,-86.48688,COUNTY ROAD,,N,N,RURAL,N,N,N,,DAYLIGHT,CLEAR,DRY,,Y-INTERSECTION,CURVE/LEVEL,ASPHALT,LEFT OF CENTER,$10001 TO $25000,HEAD ON BETWEEN TWO MOTOR VEHICLES,530,534,Y,N,SAIRLINERDSHANDYRD,0,NONE,"V1 was traveling west on S. Handy Rd. approaching a curve just east of S. Airline Rd. V2 was traveling east on S. Handy Rd. just east of S. Airline Rd. D1 stated that he was not on his phone or speeding, however for some reason his tires began to slide as he entered the curve causing V1 to travel into the opposite lane of travel. V1 hit V2 head on causing disabling damage to both vehicles. D2 stated that he believed V1 was traveling above the posted speed limit of 35MPH at the time of the crash."
903403627,BLOOMINGTON PD,B1927523,MONROE,BLOOMINGTON,BLOOMINGTON,7/5/2019,11:10 AM,2,0,0,0,0,811,N WALNUT,ST,,,,N WALNUT,,,,,Y,,,,39.17352163,-86.52094563,UNKNOWN,,N,Y,URBAN,N,N,N,,DAYLIGHT,CLEAR,DRY,,NO JUNCTION INVOLVED,STRAIGHT/GRADE,ASPHALT,UNSAFE BACKING,UNDER $1001,BACKING CRASH,1207,1215,N,Y,NWALNUTST,0,NONE,"V2 WAS PARKED IN A HANDICAP SPACE BEHIND 811 N. WALNUT ST, FACING NORTH.V1 WAS BACKING OUT OF ANOTHER PARKING SPACE, AND STRUCK V2 CAUSING MINOR DAMAGE TO IT'S REAR BUMPER.I SPOKE TO D1 ON THE PHONE, WHO SAID THERE WAS NO DAMAGE HE SAW, SO HE LEFT. HE IS TO COME TO THE POLICE DEPARTMENT LATER TO UPDATE HIS INFORMATION.NO INJURIES.**7/14/19 UPDATE** SECOND SHIFT FOLLOWED UP ON THIS CALL AND SPOKE TO D1. HE REPORTED NO DAMAGE TO V1. I ADDED HIS INSURANCE INFORMATION TO THIS REPORT."
903404281,MONROE SD,M19A21896,MONROE,BENTON,BLOOMINGTON,7/5/2019,6:45 AM,1,0,0,0,0,,ROBINSON,RD,,,,E ROBINSON,OLD STATE 37,,,,N,OTHER,450,N,39.28795694,-86.49927,LOCAL/CITY ROAD,,N,N,RURAL,N,N,N,,DAYLIGHT,CLEAR,DRY,,NO JUNCTION INVOLVED,STRAIGHT/LEVEL,ASPHALT,RAN OFF ROAD RIGHT,$5001 TO $10000,RAN OFF ROAD,645,650,Y,Y,EROBINSONRDOLDSTATE37NRD,0,NONE,"V1 WAS TRAVELING SOUTH ON N OLD ST ROAD 37. THE SCENE SHOWS V1 LEAVE THE ROADWAY TO THE WEST SIDE, START DOWN THE EMBANKMENT, STRIKE THE GUIDE WIRE POST, THE GUIDE WIRE, AND THEN THE UTILITY POLE. D1 STATED THAT HE DIDNT KNOW WHAT HAPPENED. WHEN ASKED, HE STATED HE FELL ASLEEP. HE SHOWED NO SIGNS OF INJURY, AND SIGNED BHAS' SOR. HE ADMITTED TO NOT WEARING HIS SEATBELT. D1 WAS TRANSOPORTED TO 1221 W 12TH ST BY DEPUTY WASSON."
903405225,ISP BLOOMINGTON 33,2.019E+11,MONROE,WASHINGTON,BLOOMINGTON,7/5/2019,4:37 PM,2,0,0,0,0,,,,I69,,,I69,,,125,,N,,,,0,0,INTERSTATE,,N,N,RURAL,N,N,N,,DAYLIGHT,RAIN,WET,,NO JUNCTION INVOLVED,STRAIGHT/LEVEL,ASPHALT,SPEED TOO FAST FOR WEATHER CONDITIONS,$10001 TO $25000,RIGHT ANGLE,440,440,Y,Y,I69125,0,LANE CONTROL,"I69 is a multi-lane divided interstate that is separated by a guardrail median near the area of this collision. There are three lanes northbound and three lanes southbound.V1, white Mercedes, was traveling south on I69 in the center lane. V2, silver Chevrolet, was traveling south on I69 in the center lane behind V1. V1 began to slide across the roadway. V2 slowed but was unable to avoid impact with V1. V2 struck the passenger side of V1 with the front left corner of V2 in the left, number 1, lane of I69 southbound. V1 came to final rest facing northwest in the number 1 lane of I69 southbound. V2 came to final rest facing south in the number 1 lane of I69 southbound. D1, Perry, stated he was traveling south on I69 in the center lane. D1 stated there was significant rainfall and the roadway was wet. D1 stated he lost control of V1 and began to slide across the roadway. D1 stated V2 struck the side of V1 as he was sliding across the roadway. D2, Thomas, stated he was traveling south on I69 in the center lane behind V1. D2 stated there was significant rainfall and the roadway was wet. D2 stated he observed V1 begin to slide ahead of him. D2 stated he began to slow and moved into the left, number 1, lane. D2 stated V1 continued to slide across the roadway and he was unable to avoid collision. D2 stated he struck the passenger side of V1 with the front of V2.Evidence shows the roadway was wet during the accident investigation. Evidence shows damage to the passenger side of V1. Evidence shows damage to the front left corner and driver's front wheel of V2."