Master Record Number,Agency,Local Code,County,Township,City,Collision Date,Collision Time,Vehicles Involved,Trailers Involved,Number Injured,Number Dead,Number Deer,House Number,Roadway Name,Roadway Suffix,Roadway Number,Roadway Interchange,Roadway Ramp,Roadway Id,Intersecting Road,Intersecting Road Number,Mile Marker,Interchange,Corporate Limits?,Property Type,Feet From,Direction,Latitude,Longitude,Roadway Class,Traffic Control Devices?,Aggressive Driving?,Hit and Run?,Locality,School Zone?,Rumble Strips?,Construction?,Construction Type,Light Condition,Weather Conditions,Surface Condition,Type of Median,Roadway Junction Type,Road Character,Roadway Surface,Primary Factor,Damage Estimate,Manner of Collision,Time Notified,Time Arrived,Investigation Complete?,Photos Taken?,Unique Location Id,State Property Damage?,Traffic Control,NARRATIVE
903403696,BLOOMINGTON PD,B1927537,MONROE,BLOOMINGTON,BLOOMINGTON,7/5/2019,1:22 PM,2,0,0,0,0,,3RD,ST,,,,WEST 3RD,MULLER,,,,Y,,,,39.1645,-86.5627,LOCAL/CITY ROAD,,N,N,URBAN,N,N,N,,DAYLIGHT,CLEAR,DRY,,T-INTERSECTION,STRAIGHT/LEVEL,ASPHALT,FAILURE TO YIELD RIGHT OF WAY,$5001 TO $10000,SAME DIRECTION SIDESWIPE,124,136,Y,N,SOUTHMULLERPKWYWEST3RDST,0,NONE,"D2 stated she was eastbound on West 3rd Street in the north lane and V2 tried to merge into her lane and she could not avoid V1 and V1 struck V2.D1 stated she was eastbound on West 3rd Street in the south lane and tried to merge into the north lane and V1 struck V2.No injuries reported. Both vehicles were towed due to disabling damage, V2 was an arranged private two."
903405399,ELLETTSVILLE PD,E1903636,MONROE,RICHLAND,ELLETTSVILLE,7/5/2019,4:56 PM,2,0,0,0,0,,,,SR46W,,,SR46W,1ST,,,,Y,,100,E,39.23125467,-86.62103537,STATE ROAD,,N,N,URBAN,N,N,N,,DAYLIGHT,RAIN,WET,,NO JUNCTION INVOLVED,STRAIGHT/LEVEL,ASPHALT,IMPROPER TURNING,$2501 TO $5000,LEFT TURN,458,500,Y,Y,FIRSTSTSR46W,0,NONE,D1 STATED SHE DID NOT REALIZE IT WAS ONEWAY ROAD AND TURNED LEFT FROM OUTSIDE SOUTH LANE INTO V2. WHICH WAS TRAVELING IN THE NORTH LANE ALSO TRAVELING EAST.
903404159,MONROE SD,M19A21944,MONROE,WASHINGTON,BLOOMINGTON,7/5/2019,5:22 PM,1,0,1,0,0,,SAMPLE,RD,,,,E SAMPLE,WAYPORT,,,,N,,1320,E,39.26577609,-86.52091166,LOCAL/CITY ROAD,,N,N,RURAL,N,N,N,,DAYLIGHT,CLOUDY,WET,,NO JUNCTION INVOLVED,CURVE/GRADE,ASPHALT,SPEED TOO FAST FOR WEATHER CONDITIONS,$1001 TO $2500,RAN OFF ROAD,522,538,Y,N,ESAMPLERDNWAYPORTRD,0,NONE,D1 WAS DRIVING WB ON E SAMPLE RD TOWARD I-69. WHEN HE CRESTED THE HILL IN THE AREA OF 660 E SAMPLE RD HE LOST CONTROL OF THE VEHICLE GOING OFF THE SIDE OF THE ROAD TO THE SOUTH OF E SAMPLE RD.THE FEMALE PASSENGER STARTED HAVING COMPLAINTS OF PAIN AFTER ALL PARTIES WERE MOVED FROM THE ROADWAY. SHE STATED THAT HER RIGHT SHOULDER AND HEAD WERE HURTING. I OFFERED TO HAVE AN AMBULANCE COME CHECK HER HOWEVER SHE REFUSED. HER FAMILY THAT WAS ON SCENE STATED THAT HE WOULD TAKE HER IF NEED BE.
903403472,MONROE SD,M19A21894,MONROE,BLOOMINGTON,BLOOMINGTON,7/5/2019,4:35 AM,1,0,0,0,0,,COLLEGE,AVE,,,,COLLEGE,3RD,,,,Y,OTHER,,,39.16464,-86.534816,LOCAL/CITY ROAD,,N,N,URBAN,N,N,N,,DARK (LIGHTED),CLEAR,DRY,,NO JUNCTION INVOLVED,STRAIGHT/LEVEL,ASPHALT,RAN OFF ROAD RIGHT,$1001 TO $2500,RAN OFF ROAD,434,435,Y,Y,3RDSTCOLLEGEAVE,0,NONE,D1 WAS TRAVELING SB ON COLLEGE AVE.D1 PROCEEDED TO GET OVER IN THE LEFT LANE TO AVOID EMERGENCY VEHICLES ON A TRAFFIC STOP IN THE RIGHT LANE.D1 MOVED OVER TOO FAR AND STRUCK A CURB IN FRONT OF 209 N COLLEGE AVE.THIS CURB CONTAINED TWO BIKE RACKS THAT WERE DAMAGED. NO DAMGE TO THE CONCRETE MIXER APPEARED ON THE TRUCK.
903403630,BLOOMINGTON PD,B1927525,MONROE,BLOOMINGTON,BLOOMINGTON,7/5/2019,11:20 AM,2,0,0,0,0,528,S COLLEGE,AVE,,,,S COLLEGE,,,,,Y,,,,39.17088686,-86.534768,UNKNOWN,,N,Y,URBAN,N,N,N,,DAYLIGHT,CLEAR,DRY,,NO JUNCTION INVOLVED,STRAIGHT/LEVEL,ASPHALT,UNSAFE BACKING,$1001 TO $2500,BACKING CRASH,1120,1130,Y,N,SCOLLEGEAVE,0,NONE,"COMPLAINANT ADVISED THAT VEHICLE 1 WAS PARKED IN A PARKING SPACE ON THE LOT OF 528 S COLLEGE AVENUE, KROGER, BETWEEN 11:00 AM AND 11:20 AM. WHEN HE RETURNED TO VEHICLE 1, HE OBSERVED DAMAGE ON THE REAR DRIVER'S SIDE CORNER. VIDEO SURVEILLANCE OF THE SCENE, SHOWS A DARK COLOR, SINGLE CAB TRUCK (VEHICLE 2), PARK NEXT TO VEHICLE 1. THE DRIVER EXITS THE TRUCK, GOES INSIDE THE STORE, AND RETURNS A SHORT TIME LATER. WHILE BACKING OUT OF THE PARKING SPACE, VEHICLE 2, BACKS INTO VEHICLE 1. DRIVER 2 EXITS THE TRUCK AND WALKS TO THE REAR OF V2. HE THEN RETURNS TO THE CAB, AND DRIVES AWAY FROM THE SCENE."
903404160,MONROE SD,M19A21968,MONROE,PERRY,BLOOMINGTON,7/5/2019,9:08 PM,1,0,0,0,0,,S WALNUT STREET,PIKE,,,,S WALNUT STREET,E CRESTLINE,,,,N,,210,N,39.116352,-86.526496,LOCAL/CITY ROAD,,N,N,RURAL,N,N,N,,DAWN/DUSK,CLOUDY,WET,,NO JUNCTION INVOLVED,STRAIGHT/LEVEL,CONCRETE,RAN OFF ROAD RIGHT,$2501 TO $5000,RAN OFF ROAD,908,947,Y,N,ECRESTLINEDRSWALNUTSTREETPIKE,0,NONE,"CRASH OCURRED IN RONT OF THE YARD OF 4344 S WALNUT ST PK. D1 STATED HE WAS TRAVELING SB ON S WALNUT ST PK AND WAS ON HIS CELL PHONE WHEN HE RAN OFF THE ROADWAY INTO THE DRAINAGE DITCH ON THE PROPERTY OF 4344 S WALNUT ST PK. IT TOOK THE FRONT RIGHT TIRE COMPLETELY OFF THE VEHICLE AND DRIVER FOR TOWTIME STATED THAT IT TOTALLED THE CAR DUE TO FRAME DAMAGE. UPON LOOKING AT THE PROPERTY WHERE THE ACCIDENT OCCURRED THERE WAS NO SUBSTANCIAL DAMAGE TO THE PROPERTY, JUST SMALL SCUFF MARKS IN THE GRASS. THE DRAINAGE PIPE HAD NO VISIBLE DAMAGE."
903404101,BLOOMINGTON PD,B1927717,MONROE,BLOOMINGTON,BLOOMINGTON,7/6/2019,3:40 PM,1,0,0,0,0,,3RD,ST,,,,E 3RD,,SR446,,,Y,,,,39.164448,-86.471888,UNKNOWN,,N,N,URBAN,N,N,N,,DAYLIGHT,CLEAR,DRY,,T-INTERSECTION,STRAIGHT/LEVEL,ASPHALT,RAN OFF ROAD RIGHT,$1001 TO $2500,RAN OFF ROAD,340,342,Y,N,E3RDSTSSTATEROAD446RD,0,NONE,V1 WAS DRIVING WESTBOUND ON E. 3RD ST. NEAR THE INTERSECTION WITH S. STATE ROAD 446. A FEW SECONDS PRIOR TO ARRIVING IN THE INTERSECTION A DARK GRAY CHEVROLET EQUINOX MADE A LEFT HAND TURN FROM THE EASTBOUND LANES OF E. 3RD ST ONTO A PRIVATE DRIVE AT THE INTERSECTION. THIS VEHICLE FAILED TO YIELD THE RIGHT OF WAY BY PULLING OUT ACROSS V1'S LANE OF TRAVEL.D1 STATED HE RAN OFF THE ROAD TO AVOID COLLIDING WITH THE CHEVROLET EQUINOX. V1 HIT A CURB AND CAME TO REST ON AN EMBANKMENT. V1 HAS DAMAGE TO THE FRONT BUMPER AND BOTH FRONT AXLES APPEARED TO BE BROKEN. THE TWO VEHICLES DID NOT COLLIDE.A WITNESS ON SCENE PROVIDED AN INDIANA LICENSE PLATE NUMBER FOR THE EQUINOX OF WC1684. DISPATCH WAS UNABLE TO GET A RETURN ON THE PLATE AS GIVEN. I WAS UNABLE TO GET CONTACT INFO FOR THE WITNESS DUE TO HER LEAVING BEFORE I WAS ABLE TO SPEAK WITH HER AGAIN. SHE DID CONFIRM V1'S STATEMENTS.SUPPLEMENT #1: RECEIVED CORRECTED CRASH DESCRIPTION BY D1. UPDATED NARRATIVE AND DIAGRAM.
903405067,MONROE SD,M19A22054,MONROE,BEAN BLOSSOM,BLOOMINGTON,7/6/2019,1:55 PM,1,0,0,0,0,7469,CANYON,CT,,,,N CANYON,,,,,N,PRIVATE,,,39.13304,-86.522288,LOCAL/CITY ROAD,,N,N,RURAL,N,N,N,,DAYLIGHT,CLEAR,DRY,,T-INTERSECTION,CURVE/LEVEL,ASPHALT,DRIVER ILLNESS,$2501 TO $5000,RAN OFF ROAD,157,207,Y,Y,NCANYONCT,0,NONE,DRIVER 1 ADVISED HE WAS TRAVELING WB ON W SAMPLE RD. DRIVER 1 ADVISED THE NEXT THING HE KNEW IS THAT HE WAS STOPPED IN A FIELD. DRIVER 1 ADVISED HE WENT TO HIS RESIDENCE LOCATED AT 876 W SAMPLE LANE AND GOT HIS FATHER AND THEN RETURNED TO THE SCENE DUE TO NOT HAVING ANOTHER MEANS OF COMMUNICATION. OWNER OF PROPERTY ADVISED THAT AFTER THE CRASH HAD OCCURED THAT THEY OBSERVED THE DRIVER OF VEHICLE 1 TO BE ACTIVELY SEIZING.WHEN VEHICLE 1 LEFT THE ROADWAY IT STRUCK A BASKETBALL HOOP LOCATED IN THE DRIVEWAY OF 7469 N CANYON CT BEFORE COMING TO A STOP IN AN OPEN GRASS FIELD TO THE WEST OF THAT RESIDENCE. VEHICLE 1 HAD MOVED PRIOR TO ARRIVAL OF OFFICERS ON SCENE. DRIVER 1 IS OPERATING UNDER A SPECIAL DRIVING PRIVLEGES FROM THE MONROE COUNTY COURTS.
903407891,BLOOMINGTON PD,B1927647,MONROE,BLOOMINGTON,BLOOMINGTON,7/6/2019,2:40 AM,1,0,0,0,1,,NORTH WALNUT,ST,,,,NORTH WALNUT,OLD STATE ROAD 37,,,,Y,,,,39.20704,-86.534704,LOCAL/CITY ROAD,Y,N,N,URBAN,N,N,N,,DARK (NOT LIGHTED),CLEAR,DRY,,FOUR-WAY INTERSECTION,STRAIGHT/GRADE,ASPHALT,ANIMAL/OBJECT IN ROADWAY,$1001 TO $2500,COLLISION WITH DEER,244,257,Y,N,NORTHWALNUTSTOLDSTATEROAD37RD,0,TRAFFIC CONTROL SIGNAL,"V1 was traveling North on North Walnut Street approaching the intersection with Old State Road 37 when a deer entered the roadway. V1 attempted to swerve to miss the deer, but was unable to avoid a collision. V1 struck the deer on the passenger side of the vehicle. V1 sustained moderate damage to the rear passenger side fender and bumper and minor damage to the passenger side rear door and front passenger side fender. D1 stated that he was not injured and did not need medical treatment. V1 was drivable and was driven from the scene by D1. The deer was not located and believed to have to fled the scene. Evidence of the deer was left on the vehicle with both hair and blood on the rear passenger fender."
903422392,ELLETTSVILLE PD,E1904243,MONROE,RICHLAND,ELLETTSVILLE,7/6/2019,7:38 AM,2,0,0,0,0,,,,SR46W,,,SR46W,SMITH PIKE,,,,Y,,,,39.20997,-86.58271,STATE ROAD,Y,N,N,URBAN,N,N,N,,DAYLIGHT,CLEAR,DRY,,T-INTERSECTION,STRAIGHT/LEVEL,ASPHALT,DRIVER ASLEEP OR FATIGUED,$2501 TO $5000,REAR END,738,745,Y,N,SMITHPIKERDSR46W,0,TRAFFIC CONTROL SIGNAL,V-2 was stop at the stop light near the intersection of State Road 46 and Smith Pike. V-1 stated that she believe she may fell asleep for a second and collided with the rear of V-2.
903403914,BLOOMINGTON PD,B1927640,MONROE,BLOOMINGTON,BLOOMINGTON,7/6/2019,12:48 AM,1,0,0,0,0,,N HEADLEY,RD,,,,N HEADLEY,E TREADWELL,,,,Y,OTHER,100,N,39.19008,-86.514288,LOCAL/CITY ROAD,,N,N,URBAN,N,N,N,,DARK (NOT LIGHTED),CLEAR,DRY,,NO JUNCTION INVOLVED,CURVE/LEVEL,ASPHALT,ANIMAL/OBJECT IN ROADWAY,$1001 TO $2500,RAN OFF ROAD,1250,101,Y,Y,ETREADWELLLNNHEADLEYRD,0,NONE,"D1 stated that he was driving south on N Headley Rd when a deer ran out in front of him. D1 stated that he swerved to the right to avoid hitting the deer. D1 ran off the side of the road and hit a tree with the passenger side of the vehicle, and then hit a metal support wire for a telephone pole head on."
903404064,BLOOMINGTON PD,B1927697,MONROE,BLOOMINGTON,BLOOMINGTON,7/6/2019,1:41 PM,2,0,0,0,0,,ROCKPORT,RD,,,,SOUTH ROCKPORT,TAPP,,,,Y,,,,39.03354222,-86.61119288,LOCAL/CITY ROAD,Y,N,Y,URBAN,N,N,N,,DAYLIGHT,CLEAR,DRY,,FOUR-WAY INTERSECTION,STRAIGHT/LEVEL,ASPHALT,FOLLOWING TOO CLOSELY,UNDER $1001,REAR END,141,153,Y,Y,SOUTHROCKPORTRDWESTTAPPRD,0,TRAFFIC CONTROL SIGNAL,"D2 STATED HE WAS STOPPED FACING NORTHBOUND ON SOUTH ROCKPORT ROAD AT THE INTERSECTION OF WEST TAPP ROAD. D2 STATED V1 REAR ENDED V2. D2 THEN STATED HE GOT OUT OF THE VEHICLE TO EXCHANGE INFORMATION WITH D1, HOWEVER, D2 STATED SHE WAS IN A HURRY AND LEFT THE SCENE. D2 WAS ABLE TO GET THE LICENSE PLATE OF V1.OFFICERS THEN WENT TO THE ADDRESS ASSOCIATED WITH THE LICENSE PLATE ON V1 AND FOUND THE OWNER OF THE VEHICLE, WHO STATED THAT WAS HIS DAUGHTER'S VEHICLE. OFFICERS THEN WENT TO WHERE THE DAUGHTHER WAS LOCATED AND THE DAUGHTER WAS DETERMINED TO BE D1. D1 STATED SHE DID NOT BELIEVE SHE REAR ENDED V2. D1 STATED D2 DID GET OUT OF THE VEHICLE AND ASK FOR HER INFORMATION BUT D1 BELIEVED THERE WAS NO ACCIDENT SO SHE CONTINUED ON HER WAY.OWNER OF V1 DID STATE THE DAMAGE ON V1 WAS ALREADY THERE AND THERE WAS NO NEW DAMAGE.PHOTOGRAPHS WERE TAKEN OF BOTH VEHICLES AND LOGGED INTO EVIDENCE. NO INJURIES REPORTED. THERE IS MINOR DAMAGE TO BOTH VEHICLES, HOWEVER, THE OWNER OF V1 STATING THE DAMAGE WAS PREVIOUS.NO LAW ENFORCEMENT ACTION WAS TAKEN."
903404129,BLOOMINGTON PD,B19-27731,MONROE,BLOOMINGTON,BLOOMINGTON,7/6/2019,5:20 PM,2,0,0,0,0,,2ND,ST,,,,WEST 2ND,COLLEGE,,,,Y,,,,39.16138,-86.53493,LOCAL/CITY ROAD,Y,N,N,URBAN,N,N,N,,DAYLIGHT,CLOUDY,DRY,,FOUR-WAY INTERSECTION,STRAIGHT/LEVEL,ASPHALT,FOLLOWING TOO CLOSELY,$1001 TO $2500,REAR END,522,526,Y,Y,SOUTHCOLLEGEAVEWEST2NDST,0,TRAFFIC CONTROL SIGNAL,"V2 WAS STOPPED AT A RED LIGHT ON 2ND STREET AT THE INTERSECTION OF 2ND AND COLLEGE AVE. WHILE V2 WAS STOPPED, V1 COLLIDED INTO THE REAR BUMPER OF V2 WITH V1 CAUSING DAMAGE TO BOTH VEHICLES. D1 STATED THAT D2 CAME TO A QUICK STOP AT THE RED LIGHT AND D1 TRIED TO STOP BUT COULD NOT. D2 STATED HE WAS STOPPED AT THE RED LIGHT FOR APPROXIMATELY 3-4 SECONDS WHEN HE WAS HIT IN THE REAR BUMPER OF HIS VEHICLE BY D1. D2 STATED HIS VEHICLE WAS PUSHED INTO THE CROSSWALK."
903405068,MONROE SD,M19A22145,MONROE,CLEAR CREEK,BLOOMINGTON,7/7/2019,1:50 PM,2,0,0,0,0,,OLD SR 37,RD,,,,OLD SR 37,KETCHAM ROUNDABOUT,,,,N,,,,39.07115,-86.54444,LOCAL/CITY ROAD,,N,N,RURAL,N,N,N,,DAYLIGHT,CLEAR,DRY,,T-INTERSECTION,CURVE/LEVEL,ASPHALT,FAILURE TO YIELD RIGHT OF WAY,$5001 TO $10000,RIGHT ANGLE,154,214,Y,N,OLDSR37RDSKETCHAMROUNDABOUTRD,0,STOP SIGN,DRIVER 1 ADVISED SHE WAS MAKING A LEFT HAND TURN OFF OF THE KETCHUM ROUNDABOUT TO PROCEED NB ON S OLD SR 37. DRIVER 1 ADVISED SHE DID NOT SEE VEHICLE 2 AND PULLED OUT STRIKING THE VEHICLE 2.DRIVER 2 ADVISED HE WAS NB ON S OLD SR 37 IN THE AREA OF S OLD SR 37 AND THE SOUTHERN INTERSECTION OF S OLD SR 37 AND THE KETCHUM ROUNDABOUT. DRIVER 2 ADVISED VEHICLE 1 PULLED OUT TO MAKE A LEFT HAND TURN AND STRUCK VEHICLE 2 IN THE REAR DRIVERSIDE OF THE VEHICLE. DRIVER 2 ADVISED THERE WAS NOT A WAY TO AVOID THE ACCIDENT.VEHICLES HAD MOVED FROM THE ROADWAY PRIOR TO MY ARRIVAL.
903404471,BLOOMINGTON PD,B1927879,MONROE,BLOOMINGTON,BLOOMINGTON,7/7/2019,5:27 PM,2,0,0,0,0,4503,3RD,ST,,,,EAST 3RD,,,,,Y,,,,39.16467317,-86.47414433,LOCAL/CITY ROAD,,N,Y,URBAN,N,N,N,,DAYLIGHT,CLEAR,DRY,,NO JUNCTION INVOLVED,STRAIGHT/LEVEL,CONCRETE,UNSAFE BACKING,UNDER $1001,BACKING CRASH,527,606,Y,Y,EAST3RDST,0,NONE,"The owner of V1 stated she left her car parked on June 29, 2019 around 8:00 AM and left town. When the owner of V1 returned to her vehicle on July 7, 2019 around 2:00 PM, her vehicle had a dent in the rear bumper. It appears that somebody had backed into her vehicle and did not stop and leave any information.V1 suffered minor damage to the rear bumper, photographs were taken and logged into evidence. No video surveillance in the apartment complex."
903406065,MONROE SD,M19A22176,MONROE,BLOOMINGTON,BLOOMINGTON,7/7/2019,7:40 PM,1,0,0,0,0,,,,SR37,,,SR37,ACUFF,,,,N,,2156,S,0,0,INTERSTATE,,N,N,RURAL,N,N,N,,DAYLIGHT,CLEAR,DRY,,NO JUNCTION INVOLVED,STRAIGHT/LEVEL,ASPHALT,RAN OFF ROAD RIGHT,$10001 TO $25000,RAN OFF ROAD,740,750,Y,N,ACUFFRDSR37,0,NONE,Driver 1 was traveling southbound on Interstate 69 near mile marker 122.5. Driver 1 stated she was in the left lane of travel when she observed a blown out tire in the roadway. Driver 1 stated that she then quickly attempted to avoid the tire and also a rim in the roadway. Driver 1 stated she began to cross all lanes of travel and could not control the vehicle. Driver 1 then ran off the roadway and proceeded down an embankment approximately 100 feet into small trees before coming to rest in the woods. I did observed tire marks from the guardrail across all three lanes of travel through the right hand shoulder and down the embankment. Driver 1 declined medical personnel. Vehicle 1 sustained damage throughout the vehicle due to driving down the embankment over and through small trees. Vehicle 1 was towed by and to Chandler's Towing.
903405936,MONROE SD,M19A22172,MONROE,WASHINGTON,BLOOMINGTON,7/7/2019,7:18 PM,2,0,1,0,0,,,,I69,,,I69S,,,128,,N,,0,N,41.35203651,-85.08767543,INTERSTATE,,N,N,RURAL,N,Y,N,,DAYLIGHT,CLEAR,DRY,,NO JUNCTION INVOLVED,STRAIGHT/LEVEL,ASPHALT,UNSAFE SPEED,$5001 TO $10000,REAR END,718,727,N,Y,I69S128,0,NONE,"V1 AND V2 BOTH TRAVELING SB ON I-69. D1 STATED THAT V2 WAS STOPPED IN THE ""SLOW LANE"" DUE TO THERE BEING A TRUCK ON THE EAST SIDE OF THE SB LANES ON FIRE AND EVERYONE WAS TRYING TO GET OVER. D2 THOUGHT HE WAS STILL TRAVELING APPROXIMATELY 40 MPH WHEN HE WAS REAR ENDED BY V1. NO OTHER PEOPLE ON THE ROADWAY CAN ATTEST FOR WHAT EXACTLY HAPPENED.V1 SUSTAINED HEAVY FRONT END DAMAGE AND V2 HEAVY REAR END DAMAGE. D1 WAS EVALUATED BY EMS ON SCENE AND REFUSED TREATMENT STATING HE WAS UNINJURED. D2 WAS TRANSPORTED TO THE HOSPITAL VIA AMBULANCE WITH MINOR FACIAL BLEEDING AS WELL AS SEEMED TO BE A LITTLE CONFUSED WHILE ON SCENE."
903404385,MONROE SD,M19A22135,MONROE,SALT CREEK,BLOOMINGTON,7/7/2019,12:09 PM,2,0,0,0,0,4010,,,SR446,,,SOUTH STATE ROAD 446,,,,,N,,,,39.135648,-86.462248,UNKNOWN,,N,N,RURAL,N,N,N,,DAYLIGHT,CLEAR,DRY,,NO JUNCTION INVOLVED,STRAIGHT/LEVEL,GRAVEL,UNSAFE BACKING,$1001 TO $2500,BACKING CRASH,1210,1219,Y,N,SOUTHSTATEROAD446RD,0,NONE,"VEHICLE 1 WHILE FACING NORTH AND WAS BACKING UP IN THE PARKING LOT OF 4010 SOUTH STATE ROAD 446, PINE GROVE PENTECOSTAL CHURCH. VEHICLE 1 STRUCK VEHICLE 2 IN THE RIGHT REAR BUMPER WHILE VEHICLE 2 WAS PARKED. VEHICLE 2 WAS FACING SOUTH IN THE PARKING LOT.BOTH DRIVERS WERE UNINJURED AND REFUSED ANY MEDICAL TREATMENT.BOTH VEHICLES WERE DRIVABLE AND DRIVEN FROM THE SCENE."
903404481,BLOOMINGTON PD,B1927833,MONROE,PERRY,BLOOMINGTON,7/7/2019,1:35 PM,2,0,0,0,0,,E 1ST,ST,,,,E 1ST,S HAWTHORNE,,,,Y,,100,W,39.159344,-86.520096,LOCAL/CITY ROAD,,N,N,URBAN,Y,N,N,,DAYLIGHT,CLEAR,DRY,,NO JUNCTION INVOLVED,STRAIGHT/GRADE,ASPHALT,OVERCORRECTING/OVERSTEERING,$1001 TO $2500,SAME DIRECTION SIDESWIPE,141,152,Y,N,E1STSTSHAWTHORNEDR,0,NONE,"D1 STATED HE WAS TRAVELLING EAST ON E. 1ST ST. D1 STATED HE ATTEMPTED TO PULL TO THE SIDE OF THE ROAD TO PARK IN FRONT OF HIS HOUSE. D1 STATED AS HE ATTEMPTED TO PULL OVER, THE BACK PASSENGER SIDE OF HIS VEHICLE MADE CONTACT WITH THE FRONT DRIVERS SIDE OF V2 CAUSING DAMAGE TO BOTH VEHICLES.D2 STATED HE WAS NOT IN THE VEHICLE AS IT WAS PARKED AND HE WAS INSIDE HIS HOME."
903405935,MONROE SD,M19A22149,MONROE,VAN BUREN,BLOOMINGTON,7/7/2019,3:32 PM,2,0,0,0,0,4315,W GIFFORD,RD,,,,W GIFFORD,,,,,N,,,,39.15144,-86.6232,UNKNOWN,,N,N,RURAL,N,N,N,,DAYLIGHT,CLEAR,DRY,,NO JUNCTION INVOLVED,NON-ROADWAY CRASH,CONCRETE,IMPROPER TURNING,UNDER $1001,LEFT TURN,332,351,Y,N,WGIFFORDRD,0,NONE,D1 WAS TURNING LEFT INTO THE PARKING SPOT TO THE LEFT OF V2. D1 THOUGHT SHE WAS GOING TO BE ABLE TO TURN INTO THE SPOT WITHOUT ISSUES HOWEVER WHEN D1 STARTED V1 INTO THE SPOT V1'S RIGHT FRONT STRUCK THE LEFT REAR OF V2. V2 WAS PARKED AND UNOCCUPIED. UNABLE TO FIND THE REGISTERED OWNER OF V2 AND UNABLE TO FIND A TELEPHONE NUMBER FOR THEM EITHER. PRINT OUT WILL BE LEFT WITH THE VEHICLE.
903405411,INDIANA UNIV BLOOMINGTON PD,191421,MONROE,BLOOMINGTON,BLOOMINGTON,7/8/2019,7:29 PM,2,0,0,0,0,,THIRD,ST,,,,THIRD,WOODCREST,,,,Y,,,,39.16427,-86.50241,LOCAL/CITY ROAD,Y,N,N,URBAN,N,N,N,,DAYLIGHT,CLEAR,DRY,,FOUR-WAY INTERSECTION,STRAIGHT/LEVEL,ASPHALT,FAILURE TO YIELD RIGHT OF WAY,UNDER $1001,REAR END,729,729,Y,N,THIRDSTWOODCRESTDR,0,TRAFFIC CONTROL SIGNAL,"V1 was eastbound on 3rd Street in the left of the two straight lanes. V2, IUPD marked patrol unit 224, was eastbound on E 3rd Street approaching S Woodscrest Drive behind V1. D2, an on-duty police officer, was attempting to initiate a traffic stop on D1 for observed violations committed while driving through campus. Both vehicles had moved into the parking lot of the Sprint Store (2500 E 3rd St) before I arrived.D1 stated she was headed eastbound when she suddenly saw V2's emergency lights. I asked her when she first saw the emergency lights and she pointed to the Christian Science Church (second building west of the intersection, on the north side of the street) and said she was driving past it. I asked her where the collision took place and she estimated it was in front of the first house west of the intersection, and claimed it was definitely before she actually reached the intersection itself. She said she was not from this area and was looking for a safe place to pull over, when she observed the traffic signal at 3rd & Woodscrest start to change. She said she did not want to run the light, so she braked and was then impacted in the rear by V2. I asked D1 and her passenger if they were injured and they both said ""no."" V1 had a few existing scrapes and dings on its rear bumper, but D1 pointed out what appeared to be a small, fresh dent in the center. It appeared to be damage caused by the front license plate bracket on V2.D2 stated he was attempting to initiate a traffic stop for several erratic driving violations but that D1 did not react to his police car's emergency lighting equipment. Suddenly, in the middle of the intersection at 3rd & Woodscrest, he said V1 came to an abrupt stop in the intersection. D2 said he then attempted to brake but started skidding and could not come to a full stop before colliding with the rear of V1. There was no visible damage on V2.Dash-mounted camera footage of the crash shows V2's emergency lights had been activated for approximately eleven seconds prior to the collision. D1 does not yield to the emergency lights and does not yield for the first ten seconds, continuing to drive in the left lane despite there being no traffic at all that would prevent her from moving right as required by law. V1 is shown to come to a very abrupt stop, past the stop line and crosswalk, in the middle of the intersection while the traffic signal was yellow. V2 then collides with the rear of V1 less than a second later."
903405431,BLOOMINGTON PD,B1928094,MONROE,BLOOMINGTON,BLOOMINGTON,7/8/2019,10:37 PM,2,0,0,0,0,,12TH,ST,,,,12TH,ILLINOIS,,,,Y,,100,W,39.174352,-86.55075286,LOCAL/CITY ROAD,,Y,Y,URBAN,N,N,N,,DARK (LIGHTED),CLOUDY,DRY,,NO JUNCTION INVOLVED,STRAIGHT/GRADE,ASPHALT,UNSAFE SPEED,$2501 TO $5000,SAME DIRECTION SIDESWIPE,1037,1041,Y,Y,12THSTILLINOISST,0,NONE,According to witnesses V1 was traveling at a high rate of speed WB on 12th Street. V1 side swipe v2 and left the scene. V2 was parked. V1 was a black four door.
903405194,INDIANA UNIV BLOOMINGTON PD,191417,MONROE,BLOOMINGTON,BLOOMINGTON,7/8/2019,12:10 PM,2,0,0,0,0,,,,SR46,,,SR46,MATLOCK,,,,Y,,,,39.18629,-86.52982,STATE ROAD,Y,N,N,URBAN,N,N,N,,DAYLIGHT,CLEAR,DRY,,FOUR-WAY INTERSECTION,STRAIGHT/LEVEL,ASPHALT,FOLLOWING TOO CLOSELY,$10001 TO $25000,REAR END,1217,1226,Y,N,MATLOCKRDSR46,0,TRAFFIC CONTROL SIGNAL,"V1 and V2 were traveling west on SR 45/46. V1 and V2 were both in the left lane of travel. V1 was directly behind V2. As V1 and V2 were traveling west, they came to the intersection of SR 45/46 and Fee Lane. At that intersection, construction was occurring, and the traffic was all pushed into the left lane by using construction cones. This construction caused traffic to slow down in that location. V2 had to slam on the brakes to avoid hitting another vehicle in front of him that had come to a sudden stop. V1 could not react in time, and struck V2 in the rear end, with the front bumper. There were no injuries. D1 stated she was following V2 through the intersection, and she saw V2 come to a sudden stop because of another car in front of V2 also coming to a sudden stop. D1 said did not have time to react, but tried to avoid V2 by turning to the right. D1 said she struck V2 in the passenger side rear bumper, with the driver side front bumper of her vehicle. D1 did not report any injuries. D2 said he was traveling through the intersection, and had to slam on his brakes to not hit another vehicle in front of him that had come to a sudden stop. D2 said when he stopped, he noticed V1 was about to collide into the back of him, but he could see the vehicle to to stop and turn to the right to avoid him. D2 said V1 then struck his passenger side rear bumper, with the driver side front bumper of V1. D2 did not report any injuries.V1 and V2 were both able to drive away from the scene. There was heavy damage to the driver side front bumper of V1 There was moderate to heavy damage on the passenger side rear bumper of V2."
903405062,BLOOMINGTON PD,B1927969,MONROE,PERRY,BLOOMINGTON,7/8/2019,10:35 AM,2,0,0,0,0,,E 3RD,ST,,,,E 3RD,S SWAIN,,,,Y,,,,39.16424,-86.5152,LOCAL/CITY ROAD,,N,N,URBAN,N,N,N,,DAYLIGHT,CLEAR,DRY,,NO JUNCTION INVOLVED,STRAIGHT/LEVEL,ASPHALT,UNSAFE LANE MOVEMENT,$1001 TO $2500,SAME DIRECTION SIDESWIPE,1037,1046,Y,N,E3RDSTSSWAINAVE,0,LANE CONTROL,V1 was WB on E 3rd street and was in the right lane near Swain avenue. V2 was also WB on E 3rd street and was in the left lane near Swain avenue. V1 made an unsafe lane change and struck V2 in the passenger side front bumper with the driver side front quarter panel of his vehicle. D1 stated that he was in the right lane and was trying to get into the left lane. He stated he did not see V2 and he struck her vehicle. D2 stated she was in the left lane and V1 merged into her lane and she was unable to avoid being hit by him.
903405234,ISP BLOOMINGTON 33,2.019E+11,MONROE,PERRY,BLOOMINGTON,7/8/2019,8:55 AM,2,0,0,0,0,,,,I69,,,I69,,,115,,N,,,,0,0,INTERSTATE,,N,Y,RURAL,N,N,N,,DAYLIGHT,CLEAR,DRY,,NO JUNCTION INVOLVED,STRAIGHT/LEVEL,ASPHALT,IMPROPER LANE USAGE,UNDER $1001,SAME DIRECTION SIDESWIPE,855,858,Y,N,I69115.0,0,LANE CONTROL,"I69 is a multi-lane interstate that is divided by a concrete wall near the area of this collision.V1, blue Mazda, was traveling south on I69 in the left, number 1, lane. V2, white Ford, was traveling south on I69 in the right, number 3, lane. V1 moved across the center lane and into the right, number 3, lane while V2 was still occupying the number 3 lane. V1 struck the driver's left rear corner of V2 with the passenger side of V1. D1 is unknown.D2, Pendergrass, stated he was traveling south on I69 in the right lane. D2 stated a blue Mazda was traveling south in the left lane. D2 stated the driver of V1 moved across the center lane and continued into the right lane. D2 stated V1 struck the driver's left rear corner of V2. D2 stated the driver of V1 did not stop after impact, but pulled along side of him waived and mouthed that he was sorry and kept going. D-2 stated he could not catch the suspect vehicle.Evidence of minimal damage was observed on V-2 in the left rear of the vehicle. V-2 is a lineman utility bucket truck. D-1 was described as a white male with dark hair and no further identifying information was available. The cause of this crash was V-1 unsafe lane movement."