Master Record Number,Agency,Local Code,County,Township,City,Collision Date,Collision Time,Vehicles Involved,Trailers Involved,Number Injured,Number Dead,Number Deer,House Number,Roadway Name,Roadway Suffix,Roadway Number,Roadway Interchange,Roadway Ramp,Roadway Id,Intersecting Road,Intersecting Road Number,Mile Marker,Interchange,Corporate Limits?,Property Type,Feet From,Direction,Latitude,Longitude,Roadway Class,Traffic Control Devices?,Aggressive Driving?,Hit and Run?,Locality,School Zone?,Rumble Strips?,Construction?,Construction Type,Light Condition,Weather Conditions,Surface Condition,Type of Median,Roadway Junction Type,Road Character,Roadway Surface,Primary Factor,Damage Estimate,Manner of Collision,Time Notified,Time Arrived,Investigation Complete?,Photos Taken?,Unique Location Id,State Property Damage?,Traffic Control,NARRATIVE
903405513,BLOOMINGTON PD,B1927983,MONROE,BLOOMINGTON,BLOOMINGTON,7/8/2019,10:30 AM,2,0,0,0,0,4015,3RD,ST,,,,W 3RD,,,,,Y,,,,39.16461423,-86.58367113,UNKNOWN,,N,Y,URBAN,N,N,N,,UNKNOWN,CLEAR,DRY,,NO JUNCTION INVOLVED,STRAIGHT/LEVEL,ASPHALT,OTHER (DRIVER) - EXPLAIN IN NARRATIVE,$1001 TO $2500,OTHER - EXPLAIN IN NARRATIVE,1054,1153,Y,Y,W3RDST,0,NONE,"The owner of V2 stated that she parked V2 outside of her business at 4015 W 3rd Street, facing south, on 7/3/2019 at approximately 1600 hours; this is the last time the owner can verify there was no damage to V2. The owner of V2 stated that the vehicle was moved on 7/5/2019 and parked in the adjacent parking spot to the west. The owner of V2 noticed damage to the rear driver's side of the vehicle at approximately 1030 hours on 7/8/2019. There are no known suspects and no camera footage of the incident. No information is known about V1 or the circumstances around how the damage was created."
903405202,ELLETTSVILLE PD,E1903687,MONROE,RICHLAND,ELLETTSVILLE,7/8/2019,9:51 AM,2,0,0,0,0,,,,SR46W,,,SR46W,LOVE,,,,Y,,,,39.219152,-86.602304,STATE ROAD,,N,N,URBAN,N,N,N,,DAYLIGHT,CLEAR,DRY,,NO JUNCTION INVOLVED,STRAIGHT/LEVEL,ASPHALT,FOLLOWING TOO CLOSELY,$2501 TO $5000,REAR END,959,1005,Y,Y,LOVELNSR46W,0,LANE CONTROL,"Driver one and driver two both stated that a third vehicle slammed on their brakes, causing both of them to slam on their brakes to avoid hitting the third vehicle. Vehicle two was able to stop successfully, and vehicle one rear-ended vehicle twovehicles moved prior to officers arrival"
903405186,ELLETTSVILLE PD,E1903685,MONROE,RICHLAND,ELLETTSVILLE,7/8/2019,7:34 AM,1,0,0,1,0,,NESTLE DOWN,DR,,,,NESTLE DOWN,MAGGIE,,,,Y,,45,E,39.22827,-86.59678389,LOCAL/CITY ROAD,,N,N,URBAN,N,N,N,,DAYLIGHT,CLEAR,DRY,,NO JUNCTION INVOLVED,CURVE/LEVEL,ASPHALT,DRIVER ILLNESS,$2501 TO $5000,RAN OFF ROAD,736,742,Y,Y,MAGGIECTNESTLEDOWNDR,0,LANE CONTROL,"On July 8, 2019, At approximately 7:34 am, I, was dispatched to 4630 W Nestle Down Drive about a personal injury accident where a vehicle had run into a tree, and a nurse who was on scene had started CPR.Upon officers arrival, I noticed a white Ford Focus sitting with a heavily damaged front end, touching a tree and firefighters and paramedics on scene performing CPR.Witnesses advised that they had observed a white vehicle driving at what they thought was unsafe speed. A little while later they heard a crash and a car horn when they went out to see what it was the noticed that the white car had crashed into a tree. The car and crash scene was photographed. There were no skid or acceleration marks before the tree. It is believed by medical personnel that the driver, identified by Indiana Driver's license as Leigh Anne Lancour, had died just before hitting the tree."
903405708,MONROE SD,M19A22229,MONROE,VAN BUREN,BLOOMINGTON,7/8/2019,9:10 AM,2,0,1,0,0,,S CURRY,PIKE,,,,S CURRY,W GIFFORD,,,,N,,200,N,39.156896,-86.582704,COUNTY ROAD,,N,N,RURAL,N,N,N,,DAYLIGHT,CLEAR,DRY,,NO JUNCTION INVOLVED,STRAIGHT/LEVEL,ASPHALT,UNSAFE LANE MOVEMENT,$1001 TO $2500,SAME DIRECTION SIDESWIPE,913,927,Y,N,SCURRYPIKEWGIFFORDRD,0,LANE CONTROL,"BOH VEHICLES WERE TRAVELING NB ON CURRY PIKE, V1 SIDE SWIPPED V2. V2 WAS IN THE LEFT LANE AND V1 ATTEMPTED TO SWITCH FROM THE RIGHT LANE TO THE LEFT AND STRUCK V2.D1 STATED THAT HE HAD HIS TURN SIGNAL ON AND WAS ATTEMPTING TO SWITCH LANES. D2 STATED THAT SHE WAS IN THE LEFT LANE AND V1 GOT INTO HER LANE AND SIDE SWIPPED HER. D1 HAD A COMPLAINT OF PAIN TO HER ARM AND NECK BUT DECLINED AN AMBULANCE."
903405933,MONROE SD,M19A22289,MONROE,RICHLAND,BLOOMINGTON,7/8/2019,8:13 PM,1,0,1,0,0,,MAEFIELD,ST,,,,W MAEFIELD,UNION VALLEY,,,,N,,100,E,39.22101,-86.59269865,LOCAL/CITY ROAD,,N,N,URBAN,N,N,N,,DAYLIGHT,CLEAR,DRY,,NO JUNCTION INVOLVED,STRAIGHT/LEVEL,ASPHALT,RAN OFF ROAD RIGHT,$2501 TO $5000,RAN OFF ROAD,816,823,Y,Y,NUNIONVALLEYRDWMAEFIELDST,0,NONE,I WAS UNABLE TO SPEAK TO D1 AS HE WAS IN AND OUT OF CONSCIOUSNESS AND TRANSPORTED BY EMS TO THE HOSPITAL. HOWEVER I DID SPEAK TO A BYSTANDERED WHO STATED D1 WAS DRIVING WEST ON W. MAEFIELD ST WHEN THE BACK TIRE OF V1 GOT LOSE AND D1 LOST CONTROL OF V1 AND STRUCK A TREE ON THE SIDE OF THE ROAD. D1 WAS THROWN OFF V1 AND INTO THE ROADWAY.
903405386,MONROE SD,M19A22284,MONROE,PERRY,BLOOMINGTON,7/8/2019,5:25 PM,2,0,0,0,0,,,,SR37S,,,SR37S,VICTOR,,,,N,,,,39.105552,-86.551104,STATE ROAD,Y,N,N,RURAL,N,N,N,,DAYLIGHT,CLEAR,DRY,,FOUR-WAY INTERSECTION,STRAIGHT/GRADE,ASPHALT,FOLLOWING TOO CLOSELY,$5001 TO $10000,REAR END,525,530,Y,N,SR37SVICTORPIKE,0,TRAFFIC CONTROL SIGNAL,"V1 AND V2 WERE IN THE RIGHT SOUTH BOUD LANE OF STATE ROAD 37 AT VICTOR PIKE. V2 WAS DISABLED AS IT RAN OUT OF GAS WITH ITS HAZARDS ON WHILE V1 WAS BEHIND ANOTHER VEHICLE THAT SWERVED QUICKLY TO AVOID THE COLLISION. D1 DID NOT HAVE ENOUGH TIME TO REACT DUE TO FOLLOWING TOO CLOSELY AND REAR ENDED V2. D1 HAD HIS SEAT BELT ON, D2 TOOK THIER SEAT BELT OFF DUE TO BEING DIABLED IN THE ROADWAY."
903405181,BLOOMINGTON PD,B1927976,MONROE,BLOOMINGTON,BLOOMINGTON,7/8/2019,11:08 AM,2,0,0,0,0,3285,JACOB,DR,,,,W JACOB,,,,,Y,,,,39.165279,-86.575408,UNKNOWN,,N,N,URBAN,N,N,N,,DAYLIGHT,CLEAR,DRY,,NO JUNCTION INVOLVED,CURVE/LEVEL,ASPHALT,LEFT OF CENTER,$2501 TO $5000,OPPOSITE DIRECTION SIDESWIPE,1108,1122,Y,N,WJACOBDR,0,NONE,"D1 stated that he was driving V1 northeast exiting the Wendy's drive thru. D2 stated that he turned too wide, crossing the solid yellow line, and collided with V2. D2 stated that she was driving V2 west to enter the Wendy's drive thru. D2 stated that V1 then came around the corner and collided with her rear driver's side. D1 turned too wide, crossing the solid yellow line into oncoming traffic, resulting in a collision with V2."
903405407,BLOOMINGTON PD,B1928058,MONROE,VAN BUREN,BLOOMINGTON,7/8/2019,5:50 PM,3,0,2,0,0,,,,SR45W,,,SR45W,W INDUSTRIAL,,,,Y,,200,E,39.14387261,-86.57995526,STATE ROAD,Y,N,N,URBAN,N,N,N,,DAYLIGHT,CLEAR,DRY,,FOUR-WAY INTERSECTION,STRAIGHT/LEVEL,ASPHALT,DRIVER DISTRACTED - EXPLAIN IN NARRATIVE,$2501 TO $5000,REAR END,553,601,Y,Y,SR45WWINDUSTRIALBLVD,0,TRAFFIC CONTROL SIGNAL,"V2 AND V3 WERE STOPPED IN TRAFFIC AT A RED LIGHT ON W SR 45 AT W INDUSTRIAL BLDV FACING WEST BOUND. V1 WAS TRAVELING WB ON W SR 45. D1 ADVISED SHE LOOKED DOWN FOR A BRIEF MOMENT AND WHEN SHE LOOKED UP, TRAFFIC HAD STOPPED. V1 THEN REAR ENDED V2, THIS THEN PUSHED V2 INTO THE REAR OF V1. D1 REQUESTED AMBULANCE DUE TO BEING PREGNANT. AMBULANCE ARRIVED AND CHEKCED D1, D1 SIGNED AN SOR. D2 ADIVSED V2 WAS STOPPED BEHIND V3 ON W SR 45. D2 ADVISED SHE COULD NOT SEE THE LIGHT FROM HER LOCATION. WHILE STOPPED, V1 REAR ENDED V2 AND PUSHED V2 INTO THE REAR OF V3. D2 ADVISED SHE HAD CHEST PAIN BUT REFUSED TO BE TRANSPORTED BY THE AMBULANCE. D3 ADIVSED V3 WAS STOPPED ON W SR 45 WAITING TO GET INTO THE TURN LANE AND TURN SB ON W INDUSTRIAL BLDV. D3 ADVISED THE LIGHT WAS RED. WHILE V3 WAS STOPPED, V2 THEN STRUCK THE REAR OF V3. D3 ADIVSED SHE NOR HER CHILDREN WERE INJURIED. SUPPLEMENT: MORE DETAILS FOR THE DRIVER'S NARRATIVES WERE INCLUDED."
903405418,BLOOMINGTON PD,B1928007,MONROE,PERRY,BLOOMINGTON,7/8/2019,1:37 PM,2,0,0,0,0,1305,W ALLEN,ST,,,,W ALLEN,,,,,Y,,,,39.15574596,-86.54770384,UNKNOWN,,N,N,URBAN,N,N,N,,DAYLIGHT,CLEAR,DRY,,T-INTERSECTION,STRAIGHT/LEVEL,ASPHALT,UNSAFE BACKING,$2501 TO $5000,BACKING CRASH,152,159,Y,N,WALLENST,0,NONE,V2 WAS PARKED AND UNOCCUPIED ON THE EDGE OF A PRIVATE DR FACING NORTHWEST. D1 WAS REVERSING SOUTHWEST ONTO A PRIVATE DRIVE FROM A PRIVATE DR ATTEMPTING TO BACK UP TO A DUMPSTER. V1 STRUCK THE FRONT PASSENGER BUMPER OF V2 CAUSING DAMAGE TO THE WHOLE BUMPER.
903405403,BLOOMINGTON PD,B1928048,MONROE,BLOOMINGTON,BLOOMINGTON,7/8/2019,12:00 AM,2,0,0,0,0,221,ROGERS,ST,,,,NORTH ROGERS,,,,,Y,,,,39.16839,-86.53892,UNKNOWN,,N,Y,URBAN,N,N,N,,DAYLIGHT,CLEAR,DRY,,NO JUNCTION INVOLVED,STRAIGHT/LEVEL,ASPHALT,OTHER (DRIVER) - EXPLAIN IN NARRATIVE,UNDER $1001,OTHER - EXPLAIN IN NARRATIVE,513,524,N,N,NORTHROGERSST,0,NONE,"V2 was parked in a private parking lot at 221 N Rogers. The owner of V2, Jody Chatelain, returned to her vehicle at approximately 1530 hrs and found damage to her driver's and back rear driver side doors.Based on my investigation, an unknown V1 backed out of the parking spot to the left of V2, and struck V2 on the drivers door and rear driver side door causing damage. V1 then left the area without trying to contact the vehicle owner or Law Enforcement to report the accident. This investigation is ongoing."
903406415,BLOOMINGTON PD,B1928150,MONROE,PERRY,BLOOMINGTON,7/9/2019,12:00 AM,2,0,0,0,0,2391,S WORTHINGTON,LN,,,,S WORTHINGTON,,,,,Y,,,,39.13805576,-86.52248871,UNKNOWN,,N,Y,URBAN,N,N,N,,DARK (LIGHTED),CLEAR,DRY,,NO JUNCTION INVOLVED,STRAIGHT/LEVEL,ASPHALT,UNSAFE BACKING,$1001 TO $2500,BACKING CRASH,1124,1130,Y,Y,SWORTHINGTONLN,0,NONE,"V2 was parked in the parking lot facing southeast and unoccupied outside the residence of the complainant at 2391 S Worthington Lane when it was struck by V1. V1/D1 information is unknown at this time as they did not provide any information to V2.V2 was parked in the parking lot facing southeast and unoccupied outside the residence of the complainant, 2391 S Worthington Lane when it was struck by V1. Damage to V2 indicates it was struck by a vehicle that was backing up, however, there were no witnesses to the incident. No information pertaining to driver/owner contact information nor vehicle insurance has been provided to V2/owner."
903405847,INDIANA UNIV BLOOMINGTON PD,191424,MONROE,BLOOMINGTON,BLOOMINGTON,7/9/2019,9:26 AM,2,0,0,0,0,,TENTH,ST,,,,TENTH,WALNUT GROVE,,,,Y,,,,39.17162,-86.52099,LOCAL/CITY ROAD,,N,N,URBAN,N,N,N,,DAYLIGHT,CLEAR,DRY,,NO JUNCTION INVOLVED,STRAIGHT/LEVEL,ASPHALT,OVERCORRECTING/OVERSTEERING,UNDER $1001,RIGHT ANGLE,1126,1128,Y,Y,TENTHSTWALNUTGROVEST,0,NONE,V1 was traveling northbound on Walnut Grove from 10th Street. V2 was unattended and parked stationary. OP1 said he was away from his vehicle. OP1 said he was informed by Andrea who was passenger in V1 that her husband struck side mirror of V2 with V1 when turning. D1 said he was traveling NB in V1 on Walnut Grove. D1 said he went to avoid a pot hole and got to close to V2 with V1. D1 said he struck the driver side mirror of V2 with passenger side of V1. No damage was observed to V1. Photos of V1 and V2 were taken.
903406061,MONROE SD,M19A22369,MONROE,VAN BUREN,BLOOMINGTON,7/9/2019,5:13 PM,2,0,0,0,0,3585,,,SR45,,,W STATE ROAD 45,,,,,N,,,,39.125312,-86.610496,LOCAL/CITY ROAD,,N,N,RURAL,N,N,N,,DAYLIGHT,CLEAR,DRY,,NO JUNCTION INVOLVED,NON-ROADWAY CRASH,ASPHALT,UNSAFE BACKING,$2501 TO $5000,BACKING CRASH,519,524,Y,N,WSTATEROAD45RD,0,NONE,Drive of Vehicle 1 stated she backed into vehicle 2 which was parked at Walmart. She then attempted to find the owner of the vehicle to exchange information. I arrived and located the owner of vehicle 2 and provided both parties a copy of the initial accident report.
903405804,BLOOMINGTON PD,B1928155,MONROE,PERRY,BLOOMINGTON,7/9/2019,11:52 AM,2,0,0,0,0,,SOUTH COLLEGE,MALL,,,,SOUTH COLLEGE,EAST 2ND,,,,Y,,,,39.16144,-86.534848,LOCAL/CITY ROAD,Y,N,N,URBAN,N,N,N,,DAYLIGHT,CLEAR,DRY,,FOUR-WAY INTERSECTION,STRAIGHT/LEVEL,ASPHALT,FOLLOWING TOO CLOSELY,$5001 TO $10000,REAR END,1154,1200,Y,N,EAST2NDSTSOUTHCOLLEGEMALL,0,TRAFFIC CONTROL SIGNAL,"D1 STATED THAT HE WAS DRIVING NORTH ON SOUTH COLLEGE MALL, IN THE LEFT LANE, AND WAS APPROACHING THE INTERSECTION OF EAST 2ND STREET AND SOUTH COLLEGE MALL.D1 DESCRIBED HOW HE DID NOT REALIZE THAT V2 WAS STOPPED AT THE RED LIGHT AND DID THEN REAR END V2, RESULTING IN DAMAGE TO THE FRONT OF V1 AND DAMAGE TO THE REAR OF V2.D2 DID GIVE THE SAME ACCOUNT. HE DID STATE THAT HE WAS STOPPED AT THE INTERSECTION OF EAST 2ND STREET AND SOUTH COLLEGE MALL, IN THE LEFT LANE, WHEN V1 DID REAR END V2. NEITHER VEHICLE WAS TOWED DUE TO DISABLING DAMAGE."
903405711,BLOOMINGTON PD,B1928142,MONROE,PERRY,BLOOMINGTON,7/9/2019,9:23 AM,2,0,0,0,0,,W COUNTRY CLUB,DR,,,,W COUNTRY CLUB,S BANTA,,,,Y,,75,E,39.136304,-86.544592,LOCAL/CITY ROAD,,N,N,URBAN,N,N,Y,LANE CLOSURE,DAYLIGHT,CLEAR,DRY,,NO JUNCTION INVOLVED,STRAIGHT/GRADE,ASPHALT,DRIVER DISTRACTED - EXPLAIN IN NARRATIVE,$2501 TO $5000,REAR END,926,949,Y,N,SBANTAAVEWCOUNTRYCLUBDR,0,LANE CONTROL,"V1 was WB on W Country Club drive and following V2 near Banta avenue. V2 was stopped for traffic and was struck from behind by V1. There was a lane closure on this road due to tree trimming.D1 stated that she was stopped in traffic and then traffic began to move forward. She stated she reached back to give something to her son behind her and when she looked back, V2 was stopped again. She stated she was unable to avoid hitting him.D2 stated that they were stopped in traffic and then began to move. He stated traffic stopped again and when he stopped, he was hit from behind by V1."
903406100,MONROE SD,M19A22304,MONROE,RICHLAND,BLOOMINGTON,7/9/2019,12:01 AM,1,0,0,0,0,,HOWARD,RD,,,,HOWARD,,SR43,,,N,OTHER,2500,N,0,0,LOCAL/CITY ROAD,,N,N,RURAL,N,N,N,,DARK (NOT LIGHTED),CLEAR,DRY,,NO JUNCTION INVOLVED,CURVE/HILLCREST,ASPHALT,UNSAFE SPEED,$5001 TO $10000,RAN OFF ROAD,1245,1245,Y,Y,HOWARDRDSTRD43HWY,0,NONE,V1 was traveling north on East Howard Road. V1 ran off the roadway and struck a utility pole's guide wires. One of the guide wires were broken at the base.D1 stated that she had not drove East Howard Road at night and was not aware the was a sharp curve at the crest of the hill. D1 stated she tried to stop but was in gravel and could not stop.
903405830,BLOOMINGTON PD,B1928165,MONROE,BLOOMINGTON,BLOOMINGTON,7/9/2019,1:15 PM,2,0,1,0,0,,WINSLOW,RD,,,,E WINSLOW,WALNUT,,,,Y,,,,39.13597,-86.53111,LOCAL/CITY ROAD,Y,N,N,URBAN,N,N,N,,DAYLIGHT,CLEAR,DRY,,FOUR-WAY INTERSECTION,STRAIGHT/LEVEL,ASPHALT,FAILURE TO YIELD RIGHT OF WAY,$10001 TO $25000,RIGHT ANGLE,115,117,Y,Y,EWINSLOWRDSWALNUTST,0,TRAFFIC CONTROL SIGNAL,"Vehicle 1 was exiting gas station parking lot and pulling westbound into the turn lane, crossed eastbound traffic and path of Vehicle 2. Vehicle 2 was eastbound on Winslow Road crossing S. Walnut Street when he struck Vehicle 1 crossing his path of travel on Winslow. Vehicle 1 failed to yield right of way of eastbound Vehicle 2."
903405929,BLOOMINGTON PD,B1928202,MONROE,BLOOMINGTON,BLOOMINGTON,7/9/2019,4:25 PM,3,0,0,0,0,,W KIRKWOOD,AVE,,,,W KIRKWOOD,S ROGERS,,,,Y,,50,W,39.166672,-86.538608,LOCAL/CITY ROAD,,N,N,URBAN,Y,N,N,,DAYLIGHT,CLEAR,DRY,,NO JUNCTION INVOLVED,STRAIGHT/LEVEL,ASPHALT,FOLLOWING TOO CLOSELY,$1001 TO $2500,REAR END,427,440,Y,N,SROGERSSTWKIRKWOODAVE,0,NONE,D1 STATED SHE WAS TRAVELLING WEST ON W. KIRKWOOD AVE. D1 STATED V2 WAS STOPPED IN TRAFFIC IN FRONT OF HER. D1 STATED THE BRAKE LIGHTS OF V2 WENT OFF SO SHE THOUGHT SHE WAS MOVING. D1 STATED SHE ACCELERATED AND HER VEHICLE COLLIDED WITH THE BACK OF V2 CAUSING DAMAGE TO BOTH.D2 STATED SHE WAS STOPPED IN TRAFFIC TRAVELLING WEST AND W. KIRKWOOD AVE. D2 STATED V3 WAS STOPPED IN FRONT OF HER. D2 STATED V1 HIT THE REAR OF HER VEHICLE CAUSING HER THE FRONT OF HER VEHICLE TO COLLIDE WITH THE REAR OF V3.D3 STATED SHE WAS STOPPED FACING WEST ON W. KIRKWOOD AVE. D3 STATED SHE WAS WAITING ON TRAFFIC SO SHE COULD TURN SOUTH INTO A GAS STATION. D3 STATED WHILE STOPPED IN TRAFFIC V2 COLLIDED WITH THE REAR OF HER VEHICLE CAUSING DAMAGE TO BOTH.
903406814,MONROE SD,M19A22466,MONROE,BLOOMINGTON,BLOOMINGTON,7/10/2019,1:18 PM,2,0,1,0,0,,CURRY,PIKE,,,,N CURRY,JOHNATHAN,,,,N,,200,S,39.14720909,-86.58295,LOCAL/CITY ROAD,,N,N,URBAN,N,N,N,,DAYLIGHT,CLEAR,DRY,,NO JUNCTION INVOLVED,STRAIGHT/LEVEL,ASPHALT,FOLLOWING TOO CLOSELY,$5001 TO $10000,REAR END,120,133,Y,Y,NCURRYPIKEWJOHNATHANDR,0,NONE,"Veh2 was travelling south on N Curry Pike. Veh1 was travelling directly behind them. For an unknown reason, Veh1 struck Veh2 in the rear. Upon EMS arrival, driver 1 was unconscious and was taken to the hospital where he regained consciousness. He stated that he had been drinking just prior to the crash, and didn't remember anything after having left work which was about 1/2 mile north of the accident. A blood draw was administered"
903406416,BLOOMINGTON PD,B1928332,MONROE,PERRY,BLOOMINGTON,7/10/2019,11:10 AM,2,0,0,0,0,,WALNUT,ST,,,,S WALNUT,KIRKWOOD,,,,Y,,,,39.16658,-86.53361,LOCAL/CITY ROAD,Y,N,N,URBAN,N,N,N,,DAYLIGHT,CLEAR,DRY,,FOUR-WAY INTERSECTION,STRAIGHT/LEVEL,ASPHALT,IMPROPER TURNING,$1001 TO $2500,LEFT TURN,1120,1126,Y,N,KIRKWOODAVESWALNUTST,0,TRAFFIC CONTROL SIGNAL,"V1 and V2 were both traveling northbound on S Walnut St and were at the intersection with Kirkwood Ave when V1 attempted to turn left from the center lane and struck V2 as it attempted to continue northbound on S Walnut St. V1/D1 stated she was attempting to turn left at the intersection from the center lane when her vehicle struck V2. D1 stated she heard the collision but did not see V2 prior to hitting it. V2/D2 stated he was traveling north in the far left lane when V1 attempted to turn left in front of him. D2 stated he utilized his horn and attempted to swerve away from V1, however was unsuccessful due to the size of his vehicle. V1 sustained damage to the drivers side door. V2 sustained damage to the front right bumper portion.W1 stated she was in her vehicle directly behind V2 when she saw V1 attempt to turn left from the center lane directly in front of V2 and made impact."
903406921,INDIANA UNIV BLOOMINGTON PD,191432,MONROE,BLOOMINGTON,BLOOMINGTON,7/10/2019,5:10 PM,2,0,0,0,0,400,6TH,ST,,,,6TH,,,,,Y,,,,39.167664,-86.537296,UNKNOWN,,N,Y,URBAN,N,N,N,,DAYLIGHT,CLEAR,DRY,,NO JUNCTION INVOLVED,NON-ROADWAY CRASH,CONCRETE,UNSAFE BACKING,$1001 TO $2500,BACKING CRASH,520,525,N,N,6THST,0,NONE,Hit and Run Accident: Suspect vehicle is red with a tail light busted out. V2 was parked in a parking spot on the second floor of the Poplars Parking Garage with no one inside. There was damage to the rear passenger side bumper of V2. The tail light from V1 was broken in pieces on the parking garage floor beside the rear of V2. The way V2 was parked I am unsure what direction V1 was heading and the angle that it struck V2.Supplement:D1 came to station on 07/11/2019 to confess to the accident. D1 stated that on 07/10/2019 he was back down the ramp in the parking garage because he did not want to drive all the way to the top of the garage in order to exit. D1 stated that while he was backing up and turning so that he could make the way to the exit he felt a bump. D1 stated that he thought he might have hit a hitch and did not think he did any damage to his vehicle or the other vehicle. D1 stated that people were beginning to get lined up behind him and that he got flustered and just left. D1 stated that he did not know there was any damage to V1 until his wife asked him what he had done to the vehicle. There was damage to the rear passenger bumper and tail light of V1.
903406673,BLOOMINGTON PD,B1928306,MONROE,BLOOMINGTON,BLOOMINGTON,7/10/2019,8:05 AM,2,0,0,0,0,1710,N KINSER,PIKE,,,,N KINSER,,,,,Y,,,,39.18598667,-86.53787533,UNKNOWN,,,Y,URBAN,N,N,N,,DAYLIGHT,CLEAR,DRY,,NO JUNCTION INVOLVED,STRAIGHT/LEVEL,ASPHALT,UNSAFE BACKING,$2501 TO $5000,BACKING CRASH,807,810,N,Y,NKINSERPIKE,0,NONE,V1 backed out of a parking space facing south and collided with the front of V2. V2 was parked in a parking row on the north side of the drive facing south as well. V1 was then seen leaving the scene without attempting to exchange information with the owner of V2. All events were seen by a witness nearby.V1 was not located.
903406345,BLOOMINGTON PD,B1928313,MONROE,BLOOMINGTON,BLOOMINGTON,7/10/2019,8:54 AM,1,0,0,0,0,409,S DUNN,ST,,,,S DUNN,,,,,Y,,,,39.16972114,-86.52824,UNKNOWN,,N,N,URBAN,N,N,N,,DAYLIGHT,CLEAR,DRY,,NO JUNCTION INVOLVED,STRAIGHT/LEVEL,ASPHALT,UNSAFE SPEED,$5001 TO $10000,OTHER - EXPLAIN IN NARRATIVE,854,900,Y,Y,SDUNNST,0,NONE,ELIZABETH HEWITT ADVISED SHE WAS ATTEMPTING TO PARK WITHIN STALL ON SOUTH SIDE OF CAMPUS FAMILY DENTAL.ELIZABETH HEWITT PRESSED THE ACELERATOR INSTEAD OF THE BRAKE CAUSING HER TO RUN OVER THE CURB AND INTO THE SOUTH EXTERIOR WALL OF CAMPUS FAMILY DENTAL. TOYOATA CAMRY SUSTAINED MINOR DAMAGE.CAMPUS FAMILY DENTAL SUSTAINED EXTENSIVE DAMAGE. INFO FOR CAMPUS FAMILY DENTAL IS DR. ERIC HEIN 01/06/1971
903406573,BLOOMINGTON PD,B1928376,MONROE,BLOOMINGTON,BLOOMINGTON,7/10/2019,3:00 PM,1,0,0,0,0,,FOURTEENTH,ST,,,,FOURTEENTH,FORREST,,,,Y,,,,39.17604,-86.52245,LOCAL/CITY ROAD,,N,N,URBAN,N,N,N,,DAYLIGHT,CLEAR,DRY,,NO JUNCTION INVOLVED,STRAIGHT/GRADE,ASPHALT,UNSAFE BACKING,UNDER $1001,OTHER - EXPLAIN IN NARRATIVE,409,420,Y,Y,FORRESTAVEFOURTEENTHST,0,NONE,D1 told me they were driving V1on 07/10/2019 around 1500 hours. D1 was parked near the intersection of E 14th Street and N Forrest Avenue. D1 reversed in V1. D1 then struck a low hanging chain link wire that was strung between metal poles. D1 struck the chain fence with the driver's side rear of V1 just below the tail light where there was minor damage. I did not observe any damage to the chain. There were no other parties involved in the collision.A witness inside of V1 confirmed the statements of D1.
903406542,BLOOMINGTON PD,B1928355,MONROE,PERRY,BLOOMINGTON,7/10/2019,2:25 PM,2,0,0,0,0,,S WALNUT,ST,,,,S WALNUT,E HILLSIDE,,,,Y,,,,39.150544,-86.5336,LOCAL/CITY ROAD,Y,N,N,URBAN,N,Y,N,,DAYLIGHT,CLEAR,DRY,,FOUR-WAY INTERSECTION,STRAIGHT/LEVEL,ASPHALT,FOLLOWING TOO CLOSELY,$2501 TO $5000,REAR END,227,234,Y,N,EHILLSIDEDRSWALNUTST,0,TRAFFIC CONTROL SIGNAL,D1 STATED SHE WAS TRAVELLING SOUTH ON S. WALNUT AND STOPPED AT THE INTERSECTION OF S. WALNUT ST. AND HILLSIDE DR. D1 STATED WHILE STOPPED HER FOOT SLIPPED OFF THE BREAK AND SHE ROLLED INTO THE REAR OF V2 CAUSING DAMAGE TO BOTH VEHCILES.D2 STATED HE WAS TRAVELLING SOUTH ON S. WALNUT ST. AND STOPPED AT THE INTERSECTION OF S. WALNUT ST. AND HILLSIDE DR. D2 STATED THE LIGHT TURNED GREEN AND THE VEHICLE IN FRONT OF HIM DID NOT MOVE. D2 STATED THIS IS WHEN V1 COLLIDED WITH THE REAR OF HIS CAR CAUSING DAMAGE TO HIS VEHICLE.
903406388,INDIANA UNIV BLOOMINGTON PD,191427,MONROE,BLOOMINGTON,BLOOMINGTON,7/10/2019,10:04 AM,2,0,0,0,0,,,,SR46E,,,SR46E,10TH,,,,Y,,,,39.171648,-86.502096,STATE ROAD,Y,N,N,URBAN,N,N,N,,DAYLIGHT,CLEAR,DRY,,FOUR-WAY INTERSECTION,CURVE/LEVEL,ASPHALT,DRIVER DISTRACTED - EXPLAIN IN NARRATIVE,$1001 TO $2500,REAR END,1005,1010,Y,N,10THSTSR46E,0,TRAFFIC CONTROL SIGNAL,"Primary Cause - Driver Distracted - D1 advised he was looking left, making sure traffic was clear, when V1 crashed into V2. D1 advised he was turning northbound from 10th Street onto SR 45/46 Bypass behind V2. D1 advised when the light turned green he proceeded forward. D1 advised while proceeding forward he looked left to make sure traffic was clear. D1 advised when he was looking left, V1 crashed into V2. D2 advised she was turning northbound from 10th Street onto SR 45/46 Bypass. D2 advised she started proceeding through the intersection but came to a stop when she observed a pedestrian using the crosswalk. D2 advised after she stopped, V1 crashed into V2."
903408826,ISP BLOOMINGTON 33,2.019E+11,MONROE,BLOOMINGTON,BLOOMINGTON,7/10/2019,3:35 PM,2,0,1,0,0,,,,SR48,,,SR48,CURRY,,,,Y,,,,39.16464,-86.58296,STATE ROAD,,N,N,URBAN,N,N,N,,DAYLIGHT,CLEAR,DRY,,NO JUNCTION INVOLVED,STRAIGHT/LEVEL,ASPHALT,UNSAFE SPEED,$5001 TO $10000,REAR END,336,336,Y,N,CURRYPIKESR48,0,LANE CONTROL,"State Road 48, in this particular area is a 4 lane divided highway, that is straight and level. Vehicle 1 (gray 2018 Jeep) was traveling east on State Road 48, just east of Curry Pike, in the far right lane. Vehicle 2 (red 2016 Ford Fusion) was traveling east on State Road 48, just east of Curry Pike, in the far right lane, in front of Vehicle 1. Vehicle 2 began to slow its speed, due to stopping traffic and Vehicle 1 struck Vehicle 2 in the rear end. Driver 1 (Brooking) stated she was traveling east in the far right lane and did not realize Vehicle 2 had slowed its speed so quickly and was unable to avoid collision with Vehicle 2. Driver 2 (Amstutz) stated she was traveling east in the far right lane and traffic in front of her began to slow down, so she began to slow down. Driver 2 stated that is when Vehicle 1 struck her vehicle in the rearend. Driver 2 stated her neck hurt as a result of this crash and was transported to Bloomington Hospital for treatment. As a totality evidence, I determine the primary cause of this crash to be unsafe speed to avoid a collision, by Driver 1."