Master Record Number,Agency,Local Code,County,Township,City,Collision Date,Collision Time,Vehicles Involved,Trailers Involved,Number Injured,Number Dead,Number Deer,House Number,Roadway Name,Roadway Suffix,Roadway Number,Roadway Interchange,Roadway Ramp,Roadway Id,Intersecting Road,Intersecting Road Number,Mile Marker,Interchange,Corporate Limits?,Property Type,Feet From,Direction,Latitude,Longitude,Roadway Class,Traffic Control Devices?,Aggressive Driving?,Hit and Run?,Locality,School Zone?,Rumble Strips?,Construction?,Construction Type,Light Condition,Weather Conditions,Surface Condition,Type of Median,Roadway Junction Type,Road Character,Roadway Surface,Primary Factor,Damage Estimate,Manner of Collision,Time Notified,Time Arrived,Investigation Complete?,Photos Taken?,Unique Location Id,State Property Damage?,Traffic Control,NARRATIVE
903413836,BLOOMINGTON PD,B1930197,MONROE,PERRY,BLOOMINGTON,7/22/2019,5:20 PM,2,0,0,0,0,3230,S WALNUT,ST,,,,S WALNUT,,,,,Y,,,,39.12522221,-86.52668608,UNKNOWN,,N,N,URBAN,N,N,N,,DAYLIGHT,CLEAR,DRY,,NO JUNCTION INVOLVED,STRAIGHT/LEVEL,CONCRETE,UNSAFE BACKING,$1001 TO $2500,BACKING CRASH,520,520,Y,Y,SWALNUTST,0,NONE,D1 stated that he was going south in the parking lot of 3230 S Walnut Street. D1 Stated that he did not see any vehicles behind him and he started to back his car. D1 started that he started going North backing his car when he hit V2 in the front bumper. D2 stated that he was driving south through the parking lot of 3230 S Walnut Street. D2 stated that he saw D1 starting to back up in the lane of travel. D2 stated that he honked his horn but it was to late and V1 backed into V2.
903413802,BLOOMINGTON PD,B1930230,MONROE,PERRY,BLOOMINGTON,7/22/2019,8:30 PM,2,0,0,0,0,,SOUTH COLLEGE,AVE,,,,SOUTH COLLEGE,WEST 3RD,,,,Y,,,,39.16464,-86.534816,LOCAL/CITY ROAD,Y,N,N,URBAN,N,N,N,,DAWN/DUSK,CLEAR,DRY,,FOUR-WAY INTERSECTION,STRAIGHT/LEVEL,ASPHALT,FOLLOWING TOO CLOSELY,$2501 TO $5000,REAR END,835,848,Y,N,SOUTHCOLLEGEAVEWEST3RDST,0,TRAFFIC CONTROL SIGNAL,"V2 WAS SOUTHBOUND ON SOUTH COLLEGE AVE AT THE INTERSECTION OF WEST 3RD STREET, WHEN HE HAD TO ABRUPTLY STOP DUE TO AN AMBULANCE RUNNING LIGHTS AND SIRENS THROUGH THE INTERSECTION. WHEN V2 ABRUPTLY STOPPED, V1 STRUCK THE REAR END OF V2.D1 STATED HE HAD TO ABRUPTLY STOP DUE TO AN AMBULANCE GOING THROUGH THE INTERSECTION WHEN V1 STRUCK THE REAR END OF HIS VEHICLE. D1 STATED HE STRUCK THE REAR END OF A VEHICLE INFRONT OF HIM, ALTHOUGH THERE WAS NO DAMAGE TO THE FRONT BUMPER OF HIS VEHICLE OR THE OTHER VEHICLE.D2 STATED HE WAS SOUTHBOUND ON COLLEGE WHEN VEHICLES INFRONT OF HIM BEGAN TO ABRUPTLY STOP AND HE STRUCK THE REAR END OF V2."
903413841,BLOOMINGTON PD,B1930217,MONROE,PERRY,BLOOMINGTON,7/22/2019,6:55 PM,2,0,0,0,0,2966,E 3RD,ST,,,,E 3RD,,,,,Y,,,,39.16424,-86.49425989,UNKNOWN,,N,Y,URBAN,N,N,N,,DAYLIGHT,CLEAR,DRY,,NO JUNCTION INVOLVED,STRAIGHT/GRADE,ASPHALT,UNSAFE BACKING,UNDER $1001,BACKING CRASH,722,740,Y,Y,E3RDST,0,NONE,"OWNER OF V2 STATED THAT SHE PARKED V2 IN THE PARKING LOT OF TARGET, AND LATER CAME OUT AND OBSERVED DAMAGE TO HER PASSENGER SIDE REAR DOOR. THERE WAS NO CLEAR VIDEO FOOTAGE SHOWING A CAR STRIKING THIS SIDE OF V2. HOWEVER, VIDEO FOOTAGE DID SHOW WHAT LOOKED LIKE A DARK COLORED VAN BACK OUT OF THE PARKING SPOT NEXT TO V2 AT 1855 HORS. IT IS POSSIBLE THIS VEHICLE STRUCK V2 AT THIS TIME, BUT NO OTHER INFORMATION WAS AVAILBLE ON THIS VEHICLE. THERE WERE NO WITNESSES TO THIS ACCIDENT."
903413474,BLOOMINGTON PD,B1930119,MONROE,BLOOMINGTON,BLOOMINGTON,7/22/2019,5:27 AM,1,0,0,0,0,1550,W 3RD,ST,,,,W 3RD,,,,,Y,OTHER,,,39.164544,-86.55280048,UNKNOWN,,Y,Y,URBAN,N,N,N,,DARK (LIGHTED),CLEAR,DRY,,T-INTERSECTION,STRAIGHT/LEVEL,CONCRETE,UNSAFE BACKING,$2501 TO $5000,OTHER - EXPLAIN IN NARRATIVE,527,527,Y,Y,W3RDST,0,NONE,"During the course of a commercial burglary, the driver reversed Vehicle 1 out of an enclosed garage bay and through a closed overhead door. This pulled down the overhead door and caused damage to the rear, top and front of the vehicle.Driver 1 was interviewed and invoked his Miranda Rights."
903415291,MONROE SD,M19A23867,MONROE,WASHINGTON,BLOOMINGTON,7/22/2019,5:33 PM,1,0,0,0,0,,,,I69,,,I69S,,,130,,N,,15,N,41.38017958,-85.07445188,INTERSTATE,,N,N,RURAL,N,Y,N,,DAYLIGHT,CLEAR,DRY,,NO JUNCTION INVOLVED,STRAIGHT/LEVEL,ASPHALT,RAN OFF ROAD RIGHT,$2501 TO $5000,RAN OFF ROAD,536,550,Y,N,I69S130,0,LANE CONTROL,V1 RAN OFF THE ROADWAY AT MILE MARKER 130 WHILE GOING SOUTHBOUND. D1 INDICATED SHE WAS IN THE FAR LEFT PASSING LANE WHEN ANOTHER VEHICLE IN FRONT OF HER CUT HER OFF IN THE PASSING LANE FORCING HER TO RUN OFF THE ROADWAY. WITNESS 1 HEATHER INDICATED THE SAME STATEMENT. KRISTOFF WAS THE DRIVER THAT SWITCHED LANES CAUSING V1 TO RUN OFF THE ROADWAY. KRISTOFF STATED HE WAS TRYING TO ENTER THE PASSING LANE FROM THE CENTER LANE AND DID NOT SEE V1 UNTIL IT WAS TOO LATE.
903413827,MONROE SD,M19A23850,MONROE,BENTON,BLOOMINGTON,7/22/2019,2:57 PM,2,0,0,0,0,5596,,,SR46E,,,SR46E,,,,,N,,,,39.166544,-86.464248,STATE ROAD,,N,N,RURAL,N,N,N,,DAYLIGHT,CLOUDY,DRY,,NO JUNCTION INVOLVED,STRAIGHT/LEVEL,ASPHALT,IMPROPER TURNING,UNDER $1001,RIGHT TURN,301,302,Y,N,SR46E,0,NONE,D1 stated he was pulling out of a parking spot when he cut the turn too sharp and collided with V2.There was very minor damage but a report was requested by DNR Supervisors.
903426309,MONROE SD,M19A23841,MONROE,PERRY,BLOOMINGTON,7/22/2019,2:09 PM,1,0,0,0,0,1910,SCHACHT,RD,,,,E SCHACHT,,,,,N,PRIVATE,,,39.10499,-86.51197,UNKNOWN,,N,N,RURAL,N,N,N,,DAYLIGHT,CLEAR,DRY,,NO JUNCTION INVOLVED,CURVE/GRADE,GRAVEL,RAN OFF ROAD RIGHT,$1001 TO $2500,RAN OFF ROAD,211,220,Y,Y,ESCHACHTRD,0,NONE,"V1 was traveling southbound in a gravel driveway at 1910 E. Schacht Road. V1 left the roadway and drove through the back yard of 2050 E. Schacht Road, striking a small tree. V1 backed up and struck a fence then proceeded back on the roadway southbound on the gravel driveway at 1910 E. Schacht Road. V1 then ran off the roadway a second time striking a culvert an coming to rest on some trees. D1 was removed from V1 and an OWI Investigation was conducted."
903415120,MONROE SD,M19A23980,MONROE,BLOOMINGTON,BLOOMINGTON,7/23/2019,3:03 PM,3,0,0,0,0,,,,SR46E,,,SR46E,S LORI,,,,N,,,,39.166448,-86.466,STATE ROAD,,N,N,RURAL,N,N,N,,DAYLIGHT,CLEAR,DRY,,T-INTERSECTION,STRAIGHT/LEVEL,ASPHALT,FOLLOWING TOO CLOSELY,$5001 TO $10000,REAR END,305,318,Y,N,SLORILNSR46E,0,NONE,"Driver of Vehicle 3 stated she was at a complete stop waiting on the car in front of here to turn south on to Lori Ln when she was struck from behind by Vehicle 2. The Driver of Vehicle 2 stated he was stopped in traffic behind Vehicle 3 when he was struck from behind from Vehicle 1. The Driver of Vehicle 1 stated she was not able to stop when she saw the cars in front of her had stopped. She struck vehicle 2 which was pushed into vehicle 3.Vehicle 3 had rear end damage, Vehicle 2 had front and rear damage, Vehicle 1 had slight front end damage."
903414452,BLOOMINGTON PD,B1930336,MONROE,BLOOMINGTON,BLOOMINGTON,7/23/2019,3:57 PM,2,1,0,0,0,,WEST STATE ROAD 45 46,RD,,,,WEST STATE ROAD 45 46,N ARLINGTON,,,,Y,OTHER,,,39.194144,-86.554592,LOCAL/CITY ROAD,,N,N,URBAN,N,N,Y,X-OVER/LANE SHIFT,DAYLIGHT,CLEAR,DRY,,NO JUNCTION INVOLVED,STRAIGHT/LEVEL,ASPHALT,OVERSIZE/OVERWEIGHT LOAD,OVER $100000,OTHER - EXPLAIN IN NARRATIVE,357,405,Y,Y,NARLINGTONDRWESTSTATEROAD4546RD,0,NONE,"Driver 1 (D1) advised that as he was heading westbound on State Road 45/46 that his equipment that was on his trailer was too high and made contact with the east side of the bridge. The bridge is for the roadway of N Arlington Road. D1 stated that he believed that his equipment would fit under the bridge due to not seeing any signs that suggested otherwise. Driver (D2) advised that she was traveling eastbound on State Road 45/46 and passing under the bridge for the N Arlington Drive overpass. D2 advised that when the equipment hit the top of the bridge that several items of debris struck her vehicle causing damage to the front driver's side door area and also breaking the side view mirror. The Indiana Department of Transportation arrived on scene to inspect the bridge and also perform a commercial vehicle inspection.It should be noted that the equipment that was being hauled belonged to Crone Logging LLC. The equipment itself was Tigercat model number LX830D and serial number 83073089 with estimated cost of approximately $600,000.The equipment that was in the roadway was towed to Ken's Tow Lot by Ken's Westside Towing."
903414146,BLOOMINGTON PD,B1930302,MONROE,BLOOMINGTON,BLOOMINGTON,7/23/2019,11:40 AM,2,0,0,0,0,,ADAMS,ST,,,,ADAMS,KIRKWOOD,,,,Y,,,,39.166816,-86.549488,LOCAL/CITY ROAD,Y,N,N,URBAN,N,N,N,,DAYLIGHT,CLEAR,DRY,,FOUR-WAY INTERSECTION,CURVE/GRADE,ASPHALT,UNSAFE LANE MOVEMENT,$2501 TO $5000,SAME DIRECTION SIDESWIPE,1142,1142,Y,N,ADAMSSTKIRKWOODAVE,0,TRAFFIC CONTROL SIGNAL,V1 WAS SOUTHBOUND ON ADAMS ST AT KIRKWOOD AVE.V2 WAS DIRECTLY BEHIND V1.D1 SAID AS HE DROVE THROUGH THE INTERSECTION HE COLLIDED WITH V2 AND WAS NOT SURE WHAT HAPPENED.D2 SAID AS HE DROVE THROUGH THE INTERSECTION V1 MOVED INTO HIS LANE AND THEY COLLIDED.D1 SAID IT HAPPENED AS THEY STARTED THROUGH THE INTERSECTION WHEN THERE WAS ONLY ONE LANE BUT ROOM TO HIS RIGHT TO PASS.
903415100,BLOOMINGTON PD,B1930513,MONROE,BLOOMINGTON,BLOOMINGTON,7/24/2019,8:05 PM,2,0,0,0,0,,W KIRKWOOD,AVE,,,,W KIRKWOOD,S COLLEGE,,,,Y,,,,39.16664,-86.5348,LOCAL/CITY ROAD,Y,N,N,URBAN,Y,N,N,,DAYLIGHT,CLEAR,DRY,,FOUR-WAY INTERSECTION,STRAIGHT/LEVEL,ASPHALT,UNSAFE LANE MOVEMENT,$1001 TO $2500,SAME DIRECTION SIDESWIPE,805,810,Y,Y,SCOLLEGEAVEWKIRKWOODAVE,0,TRAFFIC CONTROL SIGNAL,"V1 was traveling E/B on Kirkwood Ave. V2 was parked on Kirkwood Ave, unoccupied. V1 approached the intersection on Kirkwood/ College Ave, when he struck V2 while parked. D1 advised that he was traveling E/B approaching the intersection of Kirkwood/College Ave. D1 advised that as he attempted to turn S/B onto College Ave, he struck V2 while parked. D1 advised that he observed that he had knocked V2's driver side mirror off. D1 advised that he not was injured.O2 advised that V2 was parked on Kirkwood Ave. O2 advised that she observed that her driver side mirror had been damaged.Due to D1 unsafe lane movement, V1 struck V2 causing damage to the drivers side mirror."
903416434,ISP BLOOMINGTON 33,2.019E+11,MONROE,BLOOMINGTON,BLOOMINGTON,7/24/2019,7:55 AM,2,0,0,0,0,,,,I69,,,I69,,,113.5,,N,,100,N,0,0,INTERSTATE,,N,N,RURAL,N,N,N,,DAYLIGHT,CLEAR,DRY,,NO JUNCTION INVOLVED,STRAIGHT/LEVEL,ASPHALT,UNSAFE LANE MOVEMENT,$2501 TO $5000,SAME DIRECTION SIDESWIPE,801,808,Y,N,I69113.5,0,LANE CONTROL,"I69 is a highway that runs in a northern and southern direction through Monroe County. The crash occurred, 100ft north of the 123.5MM. The roadway is straight/level in the area of the crash. In the area of the crash, I69 has four traffic lanes allowing for vehicles to merge onto I69 from Old SR37. The forth lane ends approximately 100ft north of the exit.V1 (2005 red SAAB) was traveling northbound and had just exited onto I69 northbound from Old SR37. V2 (2016 white Honda Pilot) was northbound in the right lane on I69. V1 attempted to change lanes from the merge lane and struck V2 on the right passenger side.D1 (Noah Thorpe) stated he was traveling northbound on I69 from the exit ramp of Old SR37. D1 did not see V2 and attempted to change lanes, striking V2 on the right passenger side. He was wearing his seat belt.D2 ( Ashley Starr) stated she was northbound on I69 in the right lane next to the merge lane. D2 stated V1 attempted to change lanes and struck her on the passenger side. She was wearing her seat belt. During the course of my investigation, I observed damage to the driver's side front fender and door area of V1. I observed damage to the entire right passenger side of V2. No injuries were reported as a result of this crash.The crash investigation showed that the primary cause of the crash is Unsafe Lane Movement on the part of D1. This was determined by drivers statements and damage sustained to both vehicles."
903415092,BLOOMINGTON PD,B1930506,MONROE,BLOOMINGTON,BLOOMINGTON,7/24/2019,1:00 PM,2,0,0,0,0,205,E 20TH,ST,,,,E 20TH,,,,,Y,,,,39.18184,-86.53213518,UNKNOWN,,N,Y,URBAN,N,N,N,,DAYLIGHT,CLEAR,DRY,,NO JUNCTION INVOLVED,STRAIGHT/GRADE,CONCRETE,IMPROPER TURNING,$1001 TO $2500,LEFT/RIGHT TURN,711,715,Y,Y,E20THST,0,NONE,"V2 WAS PARKED FACING WB IN FRONT OF 205 E 20TH STREET IN A LEGAL PARKING STALL THAT SITS PARALLEL WITH THE ROADWAY ON THE NORTH SIDE OF E 20TH STREET. V1 WHICH IS UNKNOWN AND HAVE NO DESCRIPTION OF IT, IT IS BELIEVED TO HAVE BEEN TRAVELING WB ON E 20TH STREET AND ATTEMPTED TO TURN INTO THE PARKING LOT TO 205 E 20TH STREET. AS V1 TURNED INTO THE LOT, IT IS BELIEVED THAT THE VEHICLE TOOK THE TURN TOO SHARP AND STRUCK THE FRONT DRIVER'S SIDE BUMPER OF V2.THE OWNER OF V2 ADVISED THAT SHE HAS NO SUSPECT VEHICLE DESCRIPTION. IT IS NOT 100% KNOWN HOW V1 STRUCK V2, HOWEVER, BASED ON THE DAMAGE AND LAYOUT, THIS WAS THE BEST ESTIMATE OF WHAT HAPPENED."
903415018,BLOOMINGTON PD,B1930431,MONROE,BLOOMINGTON,BLOOMINGTON,7/24/2019,12:05 PM,2,0,0,0,0,,N WALNIUT,ST,,,,N WALNIUT,E 1ST,,,,Y,,,,39.17784,-86.533408,LOCAL/CITY ROAD,N,N,N,URBAN,N,N,N,,DAYLIGHT,CLEAR,DRY,,FOUR-WAY INTERSECTION,STRAIGHT/LEVEL,ASPHALT,OTHER (DRIVER) - EXPLAIN IN NARRATIVE,$2501 TO $5000,OTHER - EXPLAIN IN NARRATIVE,1205,1210,Y,N,E1STSTNWALNIUTST,0,TRAFFIC CONTROL SIGNAL,"V1 was stopped at the intersection of 1st/Walnut ST. V2 was traveling N/B on Walnut ST. V1 advised that he believed his traffic control signal was green and proceeded through the intersection. V2 stated that she also had a green traffic control signal and proceeded through the intersection colliding with V2. D1 advised that he was traveling E/B on 1st ST, stopped at the intersection of 1st/ Walnut ST. D2 advised that the traffic control signal turned green and he proceeded to turn N/B onto Walnut ST. D1 advised that he then collided with V2. D1 advised that he was not injured. D2 advised that she was traveling N/B on Walnut ST, going through the intersection at 1st/ Walnut ST. D2 advised that while traveling in the far left lane, she then felt the impact of V1. D2 advised that the traffic control signal was green N/B. D2 advised that she was not injured. It should be noted that D1 and D2 advised that they each had a green traffic control signal. Due to these claims and no witnesses, I could not determine fault."
903414894,BLOOMINGTON PD,B1930430,MONROE,BLOOMINGTON,BLOOMINGTON,7/24/2019,11:52 PM,1,0,0,0,0,1713,COLLEGE SUITE 3,AVE,,,,NORTH COLLEGE SUITE 3,,,,,Y,PRIVATE,,,39.18164646,-86.53470998,LOCAL/CITY ROAD,,N,N,URBAN,N,N,N,,DAYLIGHT,CLEAR,DRY,,NO JUNCTION INVOLVED,STRAIGHT/LEVEL,CONCRETE,IMPROPER LANE USAGE,$2501 TO $5000,OTHER - EXPLAIN IN NARRATIVE,1152,1202,Y,Y,NORTHCOLLEGESUITE3AVE,0,NONE,"V1 STRUCK A PRIVATE BUILDING THAT IS OCCUPIED BY A PUBLIC BUSINESS. D1 STATED SHE WAS PULLING TO A PARKING SPOT AND INSTEAD OF HITTING THE BRAKE SHE MUST HAVE HIT THE GAS PEDAL, WHICH PROPELLED V1 INTO A BUILDING.THE BUILDING IS LOCATED AT 1713 NORTH COLLEGE AVENUE, SUITE 3, BLOOMINGTON, IN. THE BUILDING IS OWNED BY 328 SOUTH WALNUT PROPERTY LLC AND THEIR ADDRESS IS 328 SOUTH WALNUT STREET. THE PHONE NUMBER FOR THE PROPERTY MANAGER (LAURIE MILLER) IS 812-322-9662. THE PROPERTY IS INSURED BY WEST BEND, POLICY NUMBER, 1864333.V1 SUFFERED MINOR DAMAGE TO THE FRONT END AND D1 DID NOT REPORT ANY INJURIES. HOWEVER, PHOTOGRAPHS WERE TAKEN AND LOGGED INTO EVIDENCE DUE TO THE DAMAGE TO THE BUILDING."
903414855,BLOOMINGTON PD,B1930410,MONROE,BLOOMINGTON,BLOOMINGTON,7/24/2019,8:38 AM,3,0,0,0,0,,MILLER,DR,,,,MILLER,WALNUT,,,,Y,,,,0,0,LOCAL/CITY ROAD,Y,N,N,URBAN,N,N,N,,DAYLIGHT,CLEAR,DRY,,T-INTERSECTION,STRAIGHT/GRADE,ASPHALT,FOLLOWING TOO CLOSELY,$2501 TO $5000,REAR END,838,838,Y,N,MILLERDRWALNUTST,0,TRAFFIC CONTROL SIGNAL,V1 WAS WESTBOUND ON MILLER ST APPROACHING WALNUT STREET.V2 WAS STOPPED IN THE WESTBOUND LANE OF MILLER DR IN FRONT OF V1.V3 WAS WESTBOUND ON MILLER DR STOPPED IN FRONT OF V2.D1 SAID V2 STOPPED SUDDENLY AND HE COULD NOT GET STOPPED BEFORE REAR ENDING HER.D2 SAID AS SHE SAT IN TRAFFIC V1 HIT HER FROM BEHIND AND THAT PUSHED HER INTO THE BACK OF V3.D3 SAID AS HE SAT IN TRAFFIC V2 HIT HIM FROM BEHIND.
903414664,INDIANA UNIV BLOOMINGTON PD,191485,MONROE,BLOOMINGTON,BLOOMINGTON,7/24/2019,8:34 AM,2,1,0,0,0,408,N UNION,ST,,,,N UNION,,,,,Y,,,,39.171472,-86.509376,UNKNOWN,,N,N,URBAN,N,N,N,,DAYLIGHT,CLEAR,DRY,,NO JUNCTION INVOLVED,STRAIGHT/LEVEL,ASPHALT,UNSAFE BACKING,$1001 TO $2500,BACKING CRASH,835,838,Y,N,NUNIONST,0,NONE,"V1 is a delivery truck and trailer. D1 advised he pulled V1 into the parking lot just north of 408 N Union Street. D1 advised he started backing up V1, west bound, with the intention to cross the street into a loading dock area. D1 advised when he started backing up V1 crashed into V2. D1 advised he did not see V2 prior to the crash. D1 advised he checked his mirrors before backing and advised V2 must have been in his blind spot.D2 advised she pulled into the parking lot, east bound, behind V1. D2 advised she V1 then began backing up and crashing into V2."
903414917,BLOOMINGTON PD,B1930427,MONROE,BLOOMINGTON,BLOOMINGTON,7/24/2019,11:21 AM,1,0,1,0,0,,KIRKWOOD,AVE,,,,W KIRKWOOD,B LINE,,,,Y,,,,0,0,LOCAL/CITY ROAD,,N,N,URBAN,N,N,N,,DAYLIGHT,CLEAR,DRY,,FOUR-WAY INTERSECTION,STRAIGHT/LEVEL,ASPHALT,FAILURE TO YIELD RIGHT OF WAY,UNDER $1001,RIGHT ANGLE,1122,1125,Y,Y,BLINETRLWKIRKWOODAVE,1,YIELD SIGN,"D1 stated that she was traveling eastbound on W Kirkwood Avenue, approaching the crosswalk at the B-Line Trail. D1 stated that she slowed down in order to yield to pedestrians, and then proceeded through the intersection. At that time V1 struck the cyclist. D1 stated that she did not see the cyclist when she slowed down and looked both ways. The cyclist stated that he was traveling southbound on the B-Line Trail, approaching W Kirkwood Avenue, when he entered the crosswalk. The cyclist stated that he was not sure if V1 was going to stop so he applied the brakes after entering the crosswalk, the cyclist stated that it was too late however. The cyclist had minor injuries, with a minor bleed on his right elbow. The cyclist requested to be transported to the hospital. EMS workers heard the cyclist say that he wished ""to get a new bike out of this."" The cyclist also admitted to having drank two shots of alcohol earlier in the morning, but he did not appear intoxicated at the time. Photographs were taken of the damage to the bicycle and V1."
903427966,MONROE SD,M19A24201,MONROE,VAN BUREN,BLOOMINGTON,7/25/2019,8:00 AM,2,0,0,0,0,436,S WESTERN,DR,,,,S WESTERN,,,,,N,,,,39.16504,-86.586528,LOCAL/CITY ROAD,,N,Y,URBAN,N,N,N,,UNKNOWN,CLEAR,DRY,,NO JUNCTION INVOLVED,STRAIGHT/LEVEL,ASPHALT,UNSAFE LANE MOVEMENT,$2501 TO $5000,SAME DIRECTION SIDESWIPE,124,130,Y,Y,SWESTERNDR,0,NONE,VEHICLE 1 WAS PARKED LEGALLY ON THE STREET OUTSIDE OF THE RESIDENCE OF 436 S WESTERN DRIVE. VEHICLE 1 WAS STRUCK BY WHAT APPEARS ANOTHER MOTOR VEHICLE BETWEEN THE HOURS OF 8PM 24 JUL 2019 AND 10 AM 25 JUL 2019. DAMAGE TO THE VEHICLE APPEARS TO BE A SAME DIRECTION SIDE SWIPE BY AN UNKNOWN VEHICLE. VEHICLE 1 WAS BROUGHT TO THE SHERIFF'S DEPARTMENT AND WAS NO LONGER AT THE SCENE OF THE ACCIDENT AT THE TIME OF THE REPORT.
903416086,BLOOMINGTON PD,B1930591,MONROE,BLOOMINGTON,BLOOMINGTON,7/25/2019,11:58 AM,2,0,0,0,0,100,GATES,DR,,,,NORTH GATES,,,,,,,,,39.166013,-86.57519,UNKNOWN,,N,Y,,N,N,N,,DAYLIGHT,CLEAR,DRY,,NO JUNCTION INVOLVED,STRAIGHT/LEVEL,ASPHALT,OTHER (DRIVER) - EXPLAIN IN NARRATIVE,$1001 TO $2500,LEFT TURN,1209,1209,N,Y,NORTHGATESDR,0,NONE,"V2 WAS DRIVING THROUGH THE PARKING LOT OF OFFICE DEPOT AT 100 N GATES DR HEADING EAST TOWARD THE STORE. V1 WAS PARKED IN THE LOT EAST OF THE STORE.WITNESS #1 SAID SHE WAS TO THE NORTH AND SAW V1 PULL INTO THE PARKING LOT TO THE SOUTH OF V2. SHE SAID WHEN IT PULLED IT IN IT HIT THE FRONT PASSENGER FENDER OF V2 WITH IT'S FRONT PASSENGER SIDE. SHE SAID V1 STOPPED AND BACKED UP THEN PULLED INTO THE SPACE BRIEFLY THEN DROVE TOWARD THE STORE AND PARKED. SHE SAID THE WINDOWS WERE TINTED AND SHE COULD NOT SEE ANYTHING INSIDE V1.SHE TOLD THE OWNER OF V2 AND HE WENT OUT AND TOOK PHOTOS OF THE DAMAGE TO V1 BUT DID NOT TALK TO ANYONE. THERE WAS RED TRANSFER PAINT ON V1 MATCHING V2.WITNESS #1 SAID THE PLATE ON V1 WAS IN145 AS AN IU COLLEGE PLATE. WHEN I RAN THE PLATE IT CAME BACK TO A WHITE FORD F150 WHICH IS WHAT SHE SAID IT WAS. OTHER LOCATOIN OF INVESTIGATION WILL BE TRYING TO MAKE CONTACT WITH V1'S OWNER AND PROCEED FROM THERE.JULY 26, I MADE CONTACT WITH D1 BY PHONE. SHE SAID SHE PULLED INTO A PARKING SPACE NEXT TO ANOTHER CAR AND KNEW SHE WAS CLOSE TO IT BUT DID NOT THINK SHE HIT IT. SHE SAID SHE DID HAVE RED PAINT ON THE FRONT PASSENGER SIDE FENDER OF HER WHTIE TRUCK.SHE WAS GIVEN THE CRASH NUMBER FOR THIS.OCT 29, 2019 REPORT SUPPLEMENTED TO CORRECT YEAR OF V1 TO 2018."
903415737,BLOOMINGTON PD,B1930660,MONROE,BLOOMINGTON,BLOOMINGTON,7/25/2019,6:25 PM,3,0,2,0,0,,W 12TH,ST,,,,W 12TH,ILLINOIS,,,,Y,,,,39.174352,-86.5504,LOCAL/CITY ROAD,,N,N,URBAN,N,N,N,,DAYLIGHT,CLEAR,DRY,,T-INTERSECTION,STRAIGHT/LEVEL,ASPHALT,UNSAFE SPEED,$2501 TO $5000,SAME DIRECTION SIDESWIPE,625,625,Y,Y,ILLINOISSTW12THST,0,STOP SIGN,V1 WAS TRAVELING WEST ON W 12TH STREET AND BEGAN TURNING ON N ILLINOIS STREET. V1 THEN COLLIDED WITH THE FRONT DRIVER SIDE OF V2 AND THEN COLLIDED WITH THE REAR OF V3.THERE WERE NO WITNESSES ON SCENE.D1 STATED THAT AS SHE WAS TURNING ONTO ILLINOIS STREET A VEHICLE WAS DRIVING SOUTH. D1 SAID THAT SHE ATTEMPTED TO AVOID THE VEHICLE BY ACCELERATING AND LOST CONTROL COLLIDING WITH V2 AND V3.I WAS NEARBY ON A RELATED CALL AT 924 N LINDBERGH. I VISUAL OBSERVED V1 ACCELERATING SOUTH AWAY FROM MY LOCATION. V1 THEN TRAVELED EAST ON 11TH STREET TO NORTH ILLINOIS TO WEST ON 12TH STREET AND THEN COLLIDED WITH V2 AND V3 AFTER TURNING NORTH ON ILLINOIS AGAIN. I WAS ABLE TO HEAR V1 ACCELERATING DUE TO THE HIGHTENED NOISE FROM THE ENGINE. I DID ALSO HEAR THE COLLISION OCCUR FROM MY LOCATION AT 924 N LINDBERGH.
903427965,MONROE SD,M19A24192,MONROE,POLK,BLOOMINGTON,7/25/2019,12:13 PM,1,0,0,0,0,,BRUMMETTS CREEK,RD,,,,N BRUMMETTS CREEK,FLEENER,,,,N,,,,39.22114852,-86.41169278,COUNTY ROAD,,N,N,RURAL,N,N,N,,DAYLIGHT,CLEAR,DRY,,T-INTERSECTION,STRAIGHT/LEVEL,ASPHALT,ANIMAL/OBJECT IN ROADWAY,$2501 TO $5000,COLLISION WITH DEER,1215,1230,Y,N,EFLEENERRDNBRUMMETTSCREEKRD,0,NONE,V1 STRUCK A DEER AT THE INTERSECTION OF BRUMMETTS CREEK ROAD AND FLEENER ROAD. DAMAGE TO V1 WAS A SMASHED IN WINDSHIELD AND KNOCKED OFF PASSENGER SIDE MIRROR. EVIDENCE SUGGESTS THE DEER JUMPED INTO V1. D1 STATED SHE WAS ONLY DRIVING APPROX 25-30 MPH. I DID OBSERVE THE DEER THAT WAS STRUCK.
903416989,MONROE SD,M19A24391,MONROE,PERRY,BLOOMINGTON,7/26/2019,9:37 PM,1,0,0,0,0,4905,S ROGERS,ST,,,,S ROGERS,,,,,N,,,,39.11452352,-86.53942038,UNKNOWN,,N,N,RURAL,N,N,N,,DARK (LIGHTED),CLEAR,DRY,,NO JUNCTION INVOLVED,NON-ROADWAY CRASH,ASPHALT,OTHER (DRIVER) - EXPLAIN IN NARRATIVE,$5001 TO $10000,OTHER - EXPLAIN IN NARRATIVE,937,959,Y,Y,SROGERSST,0,NONE,D1 WAS ARRIVING TO 4905 S ROGERS ST WHICH WAS A BED AND BREAKFAST THAT HE WAS STAYING AT. HE WAS DRIVING A 15FT UHAUL TRUCK AND HAD DRIVEN FROM ILLINOIS THAT DAY. D1 STATED THAT HE WAS NOT FAMILIAR WITH THE AREA AND WAS SLOWLY DRIVING INTO THE DRIVEWAY TO ENSURE HE WAS IN THE RIGHT PLACE. D1 NEGLECTED TO REALIZE THAT THE BUILDING HAD A COVERED DRIVE THROUGH FOR GUESTS AND THE HEIGHT OF THE UHAUL TRUCK WAS TOO HIGH TO GO UNDER IT. D1 DROVE V1 INTO THE COVER WHICH KNOCKED ALL 4 POSTS OFF THEIR FOUNDATION AND ALSO DISLODGED THE BRICKS FROM THE HOUSE CREATING AN APPROXIMATE 5 INCH GAP BETWEEN THE BRICKS AND THE HOUSE. D1 STATED THAT HE WAS NOT PAYING ATTENTION AND DIDN'T REALIZE THE TRUCK WOULD HIT.PHOTOGRAPHS WERE TAKEN ON SCENE AND WILL BE TURNED INTO EVIDENCE.
903416034,ELLETTSVILLE PD,E1904050,MONROE,RICHLAND,ELLETTSVILLE,7/26/2019,9:54 AM,2,0,0,0,0,,,,SR46W,,,SR46W,RIDGEWOOD,,,,Y,,300,E,39.21691557,-86.59802648,STATE ROAD,,N,N,URBAN,N,N,N,,DAYLIGHT,CLEAR,DRY,,NO JUNCTION INVOLVED,STRAIGHT/LEVEL,ASPHALT,FAILURE TO YIELD RIGHT OF WAY,$2501 TO $5000,SAME DIRECTION SIDESWIPE,958,1005,Y,Y,RIDGEWOODDRSR46W,0,OTHER REGULATORY SIGN/MARKING,NO DIAGRAM....BOTH VEHICLES MOVED TO PRIVATE DRIVE PRIOR TO MY ARRIVAL.D2 STATES THAT HE WAS IN THE TURN LANE WESTBOUND ON STATE ROAD 46 PASSING JACK'S DEFEAT CREEK SHOPPING CENTER ATTEMPTING TO TURN INTO THE PRIVATE DRIVE JUST WEST OF THE SHOPPING CENTER WHEN V1 STRUCK HIM IN THE REAR TIRE AS SHE LEFT JACK'S DEFEAT SHOPPING CENTER. D1 STATES THAT SHE GOT INTO THE CENTER LANE BEFORE BEING STRUCK BY V2.
903416074,BLOOMINGTON PD,B1930735,MONROE,BLOOMINGTON,BLOOMINGTON,7/26/2019,8:55 AM,2,0,0,0,0,1825,N KINSER,PIKE,,,,N KINSER,,,,,Y,,,,39.222752,-86.550096,UNKNOWN,,,Y,URBAN,N,N,N,,DAYLIGHT,CLEAR,DRY,,T-INTERSECTION,STRAIGHT/LEVEL,ASPHALT,IMPROPER TURNING,$1001 TO $2500,RIGHT TURN,855,905,N,Y,NKINSERPIKE,0,NONE,VEHICLE 1 (WHITE PICKUP) STRUCK VEHICLE 2 (TOYOTA PRIUS) AND LEFT THE SCENE OF ACCIDENT. ACCIDENT OCCURRED WITHIN KROGER NORTH PARKING LOT. TOYOTA PRIUS WAS STRUCK ON PASSENGER SIDE REAR CORNER. SEE CASE REPORT FOR DETAILS.
903416630,MONROE SD,M19A24390,MONROE,BEAN BLOSSOM,BLOOMINGTON,7/26/2019,9:30 PM,1,0,0,0,1,,N MOUNT TABOR,RD,,,,N MOUNT TABOR,N BOTTOM,,,,N,,500,N,39.310944,-86.633184,COUNTY ROAD,,N,N,RURAL,N,N,N,,DARK (NOT LIGHTED),CLEAR,DRY,,NO JUNCTION INVOLVED,STRAIGHT/LEVEL,ASPHALT,ANIMAL/OBJECT IN ROADWAY,$1001 TO $2500,COLLISION WITH DEER,935,959,Y,N,NBOTTOMRDNMOUNTTABORRD,0,NONE,"D1 STATED HE WAS DRIVING NORTH ON N. MOUNT TABOR JUST NORTH OF BOTTOM RD. A DEER RAN ACROSSED THE ROAD AND V1 STRUCK THE DEER WITH THE FRONT BUMPER CASUSING DAMAGE TO THE HOOD, FRONT BUMPER, AND PASSENGER DOOR."