Master Record Number,Agency,Local Code,County,Township,City,Collision Date,Collision Time,Vehicles Involved,Trailers Involved,Number Injured,Number Dead,Number Deer,House Number,Roadway Name,Roadway Suffix,Roadway Number,Roadway Interchange,Roadway Ramp,Roadway Id,Intersecting Road,Intersecting Road Number,Mile Marker,Interchange,Corporate Limits?,Property Type,Feet From,Direction,Latitude,Longitude,Roadway Class,Traffic Control Devices?,Aggressive Driving?,Hit and Run?,Locality,School Zone?,Rumble Strips?,Construction?,Construction Type,Light Condition,Weather Conditions,Surface Condition,Type of Median,Roadway Junction Type,Road Character,Roadway Surface,Primary Factor,Damage Estimate,Manner of Collision,Time Notified,Time Arrived,Investigation Complete?,Photos Taken?,Unique Location Id,State Property Damage?,Traffic Control,NARRATIVE
903427967,MONROE SD,M19A24312,MONROE,VAN BUREN,BLOOMINGTON,7/26/2019,10:01 AM,2,0,0,0,0,,S CURRY,PIKE,,,,S CURRY,W BELLE,,,,N,,,,39.163552,-86.582896,LOCAL/CITY ROAD,,N,N,URBAN,N,N,N,,DAYLIGHT,CLEAR,DRY,,T-INTERSECTION,STRAIGHT/LEVEL,ASPHALT,FAILURE TO YIELD RIGHT OF WAY,$5001 TO $10000,RIGHT ANGLE,1003,1012,Y,Y,SCURRYPIKEWBELLEAVE,0,STOP SIGN,DRIVER 1 ADVISED HE WAS TURNING ONTO S CURRY PIKE FROM W BELLE AVE. DRIVER 1 ADVISED HE WITNESSED VEHICLE 2 BUT THOUGHT THEY WERE GOING TO TURN WEST ONTO W BELLE AVE. DRIVER 1 DIDN'T REALIZE THAT THE VEHICLE 2 WAS JUST CHANGING LANES AND PULLED OUT STRIKING VEHICLE 2.DRIVER 2 ADVISED SHE WAS SB ON S CURRY PIKE WHEN VEHICLE 1 PULLED OFF OF W BELLE AVE STRIKING HER VEHICLE. DRIVER 2 WAS UNABLE TO AVOID THE COLLISON.
903416281,BLOOMINGTON PD,B1930792,MONROE,PERRY,BLOOMINGTON,7/26/2019,5:20 PM,2,0,0,0,0,,W 2ND,ST,,,,W 2ND,S WALKER,,,,Y,,,,39.161648,-86.546128,UNKNOWN,Y,N,N,URBAN,N,N,N,,DAYLIGHT,CLEAR,DRY,,FOUR-WAY INTERSECTION,STRAIGHT/LEVEL,ASPHALT,FOLLOWING TOO CLOSELY,$1001 TO $2500,REAR END,522,524,Y,N,SWALKERSTW2NDST,0,TRAFFIC CONTROL SIGNAL,V2 WAS STOPPED TRAVELING WEST IN TRAFFIC AT THE TRAFFIC LIGHT ON W 2ND STREET AT WALKER STREET. V1 WAS TRAVELING WEST AND SLOWING DOWN WHILE APPROACHING STOPPED TRAFFIC. V1 THEN COLLIDED WITH THE REAR OF V2 CAUSING MINOR DAMAGE TO THE REAR OF V2 AND DISABLING DAMAGE TO V1. V1 WAS TOWED FROM THE SCENE DUE TO THE DAMAGE CAUSED.D2 STATED THAT SHE WAS STOPPED IN TRAFFIC WAITING FOR THE LIGHT TO TURN GREEN WHEN SHE FELT V1 COLLIDE WITH THE REAR OF HER VEHICLE. D2 STATED THAT THE FORCE CAUSED HER VEHICLE TO MOVE FORWARD SEVERAL FEET.D1 STATED THAT SHE WAS SLOWING DOWN AS SHE APPROACHED STOPPED TRAFFIC. D1 SAID THAT AS SHE WAS APPLYING THE BRAKES HER FOOT SLIPPED OFF OF THE PEDAL DUE TO HER SHOES AND HER VEHICLE ROLLED FREELY COLLIDING WITHT THE REAR OF V2.
903416209,BLOOMINGTON PD,B1930778,MONROE,PERRY,BLOOMINGTON,7/26/2019,3:35 PM,2,0,1,0,0,,E WINSLOW,RD,,,,E WINSLOW,S WALNUT STREET,,,,Y,,,,39.136144,-86.528688,LOCAL/CITY ROAD,,N,N,URBAN,N,N,N,,DAYLIGHT,CLEAR,DRY,,NO JUNCTION INVOLVED,STRAIGHT/LEVEL,ASPHALT,FOLLOWING TOO CLOSELY,$10001 TO $25000,REAR END,340,352,Y,Y,EWINSLOWRDSWALNUTSTREETPIKE,0,NONE,"D1 STATED SHE WAS TRAVELLING WEST ON E. WINSLOW RD. D1 STATED TRAFFIC BEGAN TO MOVE AND SUDDENLY CAME TO A STOP. D1 STATED SHE APPLIED HER BREAKS ALL THE WAY TO THE FLOOR, BUT HER VEHCILE DID NOT STOP. D1 STATED HER VEHICLE COLLIDED WITH THE REAR OF V2 CAUSING DAMAGE TO BOTH. D1 STATED SHE DID HIT HER HEAD ON HER STEERING WHEEL, BUT REFUSED EMS. PRIOR TO LEAVING D1 STATED SHE DID INTEND TO GET CHECKED OUT BY A MEDICAL PROFESSIONAL.D2 STATED HE WAS TRAVELLING WEST ON E. WINSLOW RD. D2 STATED HE WAS STOPPED IN TRAFFIC WHEN V1 COLLIDED WITH THE REAR OF HIS VEHICLE CAUSING DAMAGE TO BOTH VEHICLES."
903416295,INDIANA UNIV BLOOMINGTON PD,191504,MONROE,BLOOMINGTON,BLOOMINGTON,7/26/2019,8:40 PM,2,0,0,0,0,,THIRD,ST,,,,THIRD,SWAIN,,,,Y,,100,W,39.16425,-86.51525134,LOCAL/CITY ROAD,,N,N,URBAN,N,N,N,,DAYLIGHT,CLEAR,DRY,,NO JUNCTION INVOLVED,STRAIGHT/GRADE,ASPHALT,UNSAFE LANE MOVEMENT,$2501 TO $5000,SAME DIRECTION SIDESWIPE,848,854,Y,N,SWAINAVETHIRDST,0,LANE CONTROL,"Vehicle 1 was traveling west on 3rd Street in the north lane approximately 100 feet west of Swain Avenue. Vehicle 2 was also traveling west on 3rd Street in the south lane.Driver 1 stated he was traveling west on 3rd Street in the north lane when he attempted to make a lane change to the south lane. He stated he had looked for other vehicles and had not seen any before attempting to change lanes. Driver 1 stated as he began changing lanes he struck the rear passenger side of Vehicle 2 with the front driver side of Vehicle 1.Driver 2 stated she was traveling west on 3rd Street in the south lane when Vehicle 1 attempted to change lanes striking her passenger rear side. None of the parties involved complained of any injuries.There was damage to the front driver side fender, light, and bumper of Vehicle 1. Vehicle 2 had damage to the passenger rear door, wheel, and bumper."
903416779,ISP BLOOMINGTON 33,2.019E+11,MONROE,CLEAR CREEK,BLOOMINGTON,7/26/2019,8:18 AM,1,0,2,0,0,,,,SR37,,,SR37,SMITHVILLE,,,,N,,300,N,39.07187776,-86.53567758,STATE ROAD,,N,N,RURAL,N,N,N,,DAYLIGHT,CLEAR,DRY,,NO JUNCTION INVOLVED,STRAIGHT/GRADE,ASPHALT,RAN OFF ROAD RIGHT,$5001 TO $10000,RAN OFF ROAD,821,826,Y,N,SMITHVILLERDSR37,0,LANE CONTROL,"Other Location Of Investigation: I conducted a follow up with the passenger at IU Health Bloomington Hospital.Injury status: D1 (Dustin Smith) sustained an abrasion on his lower left arm and had bruising on his left shoulder. The front passenger (Angela Jewell) complained of lower, left arm pain.Contributing Factor: D1 fell asleep and causing him to run off the roadway.SR37 is a highway that runs in a northern and southern direction through Monroe County. Smithville Road is a county road that runs in a eastern and western direction. Smithville Road intersects with SR37 300ft south of the crash.V1 (1998 brown Chevrolet Blazer) was traveling northbound in the right lane on SR37. V1 traveled off the roadway onto the east shoulder and then traveled northwest across both northbound lanes. V1 entered into the median and rolled over multiple times before coming to final rest in the median facing east.D1 (Dustin Smith) stated that he was traveling northbound on SR37. D1 stated he fell asleep and traveled to the east shoulder area of SR37. He over corrected and traveled across both north lanes of SR37 into the median. D1 stated his vehicle overturned, but was unsure of how many times. He was wearing his seat belt. W1 (Myria Smith) stated she was traveling northbound on SR37 behind V1. W1 stated she was not close enough to see what happened, but saw V1 overturning. She was unsure of how many times V1 overturned.During the course of my investigation, I observed damage to the entire body of V1. I, also observed clothing and other debris through out the median in the area of the crash.The crash investigation showed that the primary cause of the crash is Ran Off Roadway on the part of D1. This was determined by driver and witness statements, and damage sustained to V1."
903416027,INDIANA UNIV BLOOMINGTON PD,191497,MONROE,BLOOMINGTON,BLOOMINGTON,7/26/2019,9:30 AM,1,0,0,0,0,,SUNRISE,AVE,,,,N SUNRISE,7TH,,,,Y,,300,N,39.20025651,-86.51242,LOCAL/CITY ROAD,,N,N,URBAN,N,N,N,,DAYLIGHT,CLEAR,DRY,,NO JUNCTION INVOLVED,STRAIGHT/LEVEL,ASPHALT,UNSAFE BACKING,$1001 TO $2500,OTHER - EXPLAIN IN NARRATIVE,932,930,Y,Y,E7THSTNSUNRISEAVE,0,NONE,"V1 was backing east onto the sidewalk in the 500 block of N Sunrise Avenue in order to load objects into the pick up truckD1 stated that she had the rear tailgate up on the camper shell on V1, and that when backing onto the sidewalk the glass portion of the camper shell struck a tree on the top of the camper, causing the glass to break.D1 estimated that the shell will have to be replaced.There was no other damage.A photo of the broken camper shell window was taken."
903416078,BLOOMINGTON PD,B1930734,MONROE,BLOOMINGTON,BLOOMINGTON,7/26/2019,8:30 AM,2,0,0,0,0,,WALNUT,ST,,,,WALNUT,MILLER,,,,Y,,200,N,39.16802932,-86.53265,LOCAL/CITY ROAD,,N,N,URBAN,N,N,N,,DAYLIGHT,CLEAR,DRY,,NO JUNCTION INVOLVED,STRAIGHT/LEVEL,ASPHALT,FOLLOWING TOO CLOSELY,$5001 TO $10000,REAR END,834,840,Y,Y,MILLERDRWALNUTST,0,LANE CONTROL,"V1 WAS NORTHBOUND ON WALNUT STREET FROM MILLER DR.V2 WAS DIRECLTY IN FRONT OF V1 STOPPED WHILE WAITING ON TRAFFIC SO HE COULD TURN LEFT.D2 SAID V1 CAME UP BEHIND HIM QUICKLY AND TRIED TO CHANGE LANES BUT HIT HIM. HE SAID THEY BOTH PULLED INTO A NEARBY PARKING LOT AND WAITED FOR THE POILICE.D2 SAID BEFORE I ARRIVED V1 SAID SHE HAD TO GET TO AN APPOINTMENT AND LEFT. HE SAID HE GAVE HIM THE NAME OF ""MAGGIE HALL"" AND LIVED AT 1029 AZELEA LANE AND HER INSURANCE IS WITH SAFE AUTO.D2 TOOK PICTURES OF V1 INCLUDING THE LICENSE PLATE AND I WAS ABLE TO GET MORE INFORMATION WITH THAT."
903427968,MONROE SD,M19A24328,MONROE,VAN BUREN,BLOOMINGTON,7/26/2019,11:50 AM,1,0,0,0,0,4243,STEBU,LN,,,,W STEBU,,,,,N,,,,39.15477667,-86.585225,COUNTY ROAD,,N,Y,URBAN,N,N,N,,UNKNOWN,CLEAR,DRY,,NO JUNCTION INVOLVED,STRAIGHT/LEVEL,ASPHALT,OTHER (DRIVER) - EXPLAIN IN NARRATIVE,$1001 TO $2500,OTHER - EXPLAIN IN NARRATIVE,1159,1219,Y,Y,WSTEBULN,0,NONE,V1 WAS PARKED IN FRONT OF 4243 W STEBU LANE. THE OWNER REPORTED IT BEING STRUCK BY ANOTHER VEHICLE BETWEEN 10PM ON 7/25/2019 AND 11AM ON 7/26. THE OTHER VEHICLE FLED THE SCENE.NO COLLISION DIAGRAM AS THE VEHICLE HAD BEEN MOVED
903416546,ISP BLOOMINGTON 33,2.019E+11,MONROE,BLOOMINGTON,BLOOMINGTON,7/26/2019,2:05 PM,2,0,0,0,0,,3RD,ST,,,,3RD,SOUTH PARK RIDGE,,,,Y,,,,39.16424,-86.476096,LOCAL/CITY ROAD,,N,N,URBAN,N,N,N,,DARK (LIGHTED),CLEAR,DRY,,FOUR-WAY INTERSECTION,STRAIGHT/LEVEL,ASPHALT,FAILURE TO YIELD RIGHT OF WAY,$5001 TO $10000,RIGHT ANGLE,207,244,Y,Y,3RDSTSOUTHPARKRIDGERD,0,STOP SIGN,"3RD Street primarily travels east and west bound and intersects South Park Ridge Road on the east side of Bloomington. South Park Ridge Road primarily travels north and south.Vehicle 2 (Gold 2012 Toyota Corrola) was traveling eastbound on 3RD Street and was approaching the intersection of South Park Ridge Road. Vehicle 1 (Gray 2010 Land Rover L2H) was stationary at South Park Ridge Road facing north. V1 pulled onto 3RD Street, striking V2 in the rear right door causing damage on V2. V1 had damage to the right portion of the front of the vehicle. V1 and V2 pulled into the parking lot of Circle K, to await Law Enforcement. Driver 1 (Svitlana Pokhodina) stated she was on South Park Ridge Road facing north. D1 stated she looked both ways and begun to pull out onto 3RD Street. D1 stated she then struck V2. D1 stated she did not see V2, and Struck V2.Driver 2 (Audrey Hall) stated she was traveling east on 3RD Street and was at the intersection of Park Ridge Road. D2 stated that V1 pulled out while she was passing the intersection. D2 stated she had not time to brake or avoid the collision, and was then struck by V1.Based off the facts and circumstances, I have determined the primary cause of the crash was D1 failed to yield the right of way to D2. I have determined this by the driver statements, and by the damage on the vehicles. No citations were issued at the crash."
903416612,BLOOMINGTON PD,B1930939,MONROE,BLOOMINGTON,BLOOMINGTON,7/27/2019,7:59 PM,2,0,2,0,0,,,,SR37N,,,SR37N,BLOOMFIELD,,,,Y,,,,0,0,STATE ROAD,Y,N,N,URBAN,N,N,N,,DAYLIGHT,CLEAR,DRY,,FOUR-WAY INTERSECTION,STRAIGHT/LEVEL,ASPHALT,FAILURE TO YIELD RIGHT OF WAY,$10001 TO $25000,LEFT TURN,759,802,Y,Y,SR37NWBLOOMFIELDRD,0,TRAFFIC CONTROL SIGNAL,"D1 was traveling E/B on W Bloomfield Rd., approaching the N/B exit onto SR 37. D2 was traveling W/B on W Bloomfield Rd., approaching the N/B exit onto SR 37. D1 made a left turn onto the N/B SR 37 exit. D2 continued through the intersection, striking V1 in the passenger side, causing a collision. D1 stated that he was traveling E/B on W Bloomfield Rd., approaching the N/B exit onto SR 37. D1 stated that he stopped at the intersection, waited for the green left turn signal, and then proceeded to make the left turn onto the N/B SR 37 exit. D1 stated that at this time he was struck by V2 on his passenger side. D1 stated that he never saw V2 until after the collison occurred. D1 stated that he was 100% positive that he was given the green left turn signal prior to making his left turn. D2 stated that he was traveling W/B on W Bloomfield Rd., approaching the N/B exit onto SR 37. D2 stated that as he continued through the intersection V1 pulled directly into his lane of travel, causing V2 to strike V1 in the passenger side. D2 stated that he was 100% positive that he had the green traffic signal, indicating that he had the right of way to continue straight."
903416347,BLOOMINGTON PD,B1930851,MONROE,PERRY,BLOOMINGTON,7/27/2019,1:04 AM,1,0,0,0,0,,GRIMES,LN,,,,GRIMES,MORTON,,,,Y,,,,39.15344,-86.536304,LOCAL/CITY ROAD,,N,N,URBAN,Y,N,N,,DARK (LIGHTED),CLOUDY,DRY,,T-INTERSECTION,STRAIGHT/GRADE,ASPHALT,OTHER (DRIVER) - EXPLAIN IN NARRATIVE,$2501 TO $5000,OTHER - EXPLAIN IN NARRATIVE,104,104,Y,Y,GRIMESLNMORTONST,0,NONE,V1 was EB on grimes and struck something at the intersection of Morton. Debris was in the roadway. D1 stated that she believed that she blew the front driver tire out which caused the damage but the tire was inflated. Nothing near the intersection had been struck and due to the large amount of damage the accident could not have occurred anywhere else. I believe V1 struck another vehicle but V2 left the scene. D1 was cited for Illegal consumption.
903416471,BLOOMINGTON PD,B1930890,MONROE,BLOOMINGTON,BLOOMINGTON,7/27/2019,12:14 PM,2,0,0,0,0,,N WALNUT,ST,,,,N WALNUT,,,,,Y,,700,N,39.186368,-86.5344,LOCAL/CITY ROAD,,N,N,URBAN,N,N,N,,DAYLIGHT,CLEAR,DRY,,NO JUNCTION INVOLVED,STRAIGHT/LEVEL,ASPHALT,FOLLOWING TOO CLOSELY,$2501 TO $5000,REAR END,1218,1228,Y,N,NWALNUTSTSR46W,0,NONE,Driver 2 stated she had just pulled out of the McDonalds lot to go south on Walnut St. Driver 2 stated she stopped for traffic on Walnut St just after pulling out and was hit from behind by vehicle 1. Driver 1 stated she was waiting for traffic to clear in order to pull out of the McDonalds lot to go south on Walnut St. Driver 1 stated she thought traffic was going to clear and she pulled out onto Walnut St and ran into the rear of vehicle 2.
903416991,MONROE SD,M19A24585,MONROE,VAN BUREN,BLOOMINGTON,7/28/2019,7:56 PM,2,0,0,0,0,3585,,,SR45W,,,SR45W,,,,,N,,,,39.125312,-86.610496,STATE ROAD,,N,N,RURAL,N,N,N,,DAYLIGHT,CLEAR,DRY,,NO JUNCTION INVOLVED,NON-ROADWAY CRASH,CONCRETE,UNSAFE BACKING,$1001 TO $2500,BACKING CRASH,756,812,N,N,SR45W,0,NONE,"D2 WAS DRIVING SB THROUGH THE PARKING LOT AND CAME TO A STOP AT THE SOUTH END OF THE LANE. D1 WAS BACKING OUT OF A PARKING SPOT IN THE PARKING LOT AND WHEN SHE BACKED OUT OF THE SPOT, D1 BACKED V1'S LEFT REAR CORNER INTO THE LEFT SIDE OF V2."
903417536,BLOOMINGTON PD,B1931055,MONROE,BLOOMINGTON,BLOOMINGTON,7/28/2019,4:26 PM,2,0,0,0,0,1350,BLOOMFIELD,RD,,,,W BLOOMFIELD,,,,,Y,,,,39.160585,-86.552829,UNKNOWN,,,Y,URBAN,N,N,N,,DAYLIGHT,CLEAR,DRY,,NO JUNCTION INVOLVED,STRAIGHT/LEVEL,ASPHALT,UNSAFE BACKING,UNDER $1001,BACKING CRASH,424,434,Y,Y,WBLOOMFIELDRD,0,NONE,V1 WAS BACKING FROM PARKING SPACE. THE FRONT DRIVER SIDE OF V1 COLLIDED WITH THE REAR PASSENGER SIDE OF V2 CAUSING DAMAGE. V1 THEN LEFT THE SCENE WITHOUT ATTEMPTING TO EXCHANGE INFORMATION. BYSTANDERS ON SCENE ATTEMPTED TO GET THE DRIVERS ATTENTION VERBALLY BUT D1 DID NOT STOP. D1 WAS LATER CONTACTED BY OFFICERS AND ARRESTED FOR OPERATING WHILE INTOXICATED AND LEAVING THE SCENE OF AN ACCIDENT.PICTURES WERE TAKEN OF BOTH VEHICLES. V1 HAD MINOR DAMAGE TO THE FRONT DRIVER SIDE BUMPER. SILVER PAINT CHIPS WERE FOUND ON THE DAMAGED AREA THAT MATCHED THE COLOR AND SHAPE OF PAINT MISSING FROM V2. V2 HAD DAMAGE TO REAR PASSENGER FENDER AND PAINT CHIPPED OFF.
903416990,MONROE SD,M19A24568,MONROE,POLK,BLOOMINGTON,7/28/2019,3:36 PM,2,0,0,0,0,,,,SR446S,,,SR446S,E WALDRIP CREEK,,,,N,,3400,N,39.07034647,-86.41613186,STATE ROAD,,N,N,RURAL,N,N,N,,DAYLIGHT,CLEAR,DRY,,NO JUNCTION INVOLVED,STRAIGHT/LEVEL,CONCRETE,FOLLOWING TOO CLOSELY,$1001 TO $2500,REAR END,336,404,Y,N,EWALDRIPCREEKRDSR446S,0,NONE,D2 WAS TRAVELING SB ON SR 446 AND STATED THAT SHE SAW KIDS ON THE BRIDGE ABOUT TO JUMP INTO LAKE MONROE. D2 STATED THAT SHE SLOWED TO APPROXIMATELY 20 MPH TO TELL THE KIDS NOT TO JUMP BECUASE IT WAS ILLEGAL. D2 STATED THAT WHEN SHE LOOKED UP SHE SAW V1 COMING UP BEHIND HER SO SHE ATTEMPTED TO SPEED UP BUT IT WASN'T ENOUGH TIME AND V1 HIT THE BACK END OF V2.D1 STATED THAT HE WAS TRAVELING SB AND IT APPEARED TO HIM THE V2 WAS STOPPED ON THE BRIDGE OF 446 JUST BEFORE CUTRIGHT. D1 STATED THAT HE WAS ATTEMPTING TO SLOW DOWN WHEN HIS TIRES BEGAN TO SKID. D1 STATED THAT V2 DID NOT SPEED UP FAST ENOUGH RESULTING IN THE REAR END COLLISION.V1 HAD FRONT END DAMAGE AND WAS OFF THE ROADWAY IN THE PARKING LOT TO CUTRIGHT AND D1 GOT A PERSONAL TOW VIA AAA.V2 WAS STILL PARKED IN THE ROADWAY UPON MY ARRIVAL WITH REAR END DAMAGE HOWEVER THE PLASTIC AROUND THE RIGHT REAR TIRE WAS PUSHED BACK AND D2 WAS ABLE TO DRIVE V2 AWAY FROM THE ACCIDENT.
903416871,BLOOMINGTON PD,B1931042,MONROE,BLOOMINGTON,BLOOMINGTON,7/28/2019,3:20 PM,2,0,0,0,0,1523,PIAZZA,DR,,,,S PIAZZA,,,,,Y,,,,39.1494215,-86.49949333,UNKNOWN,,N,Y,URBAN,N,N,N,,DAYLIGHT,CLEAR,DRY,,NO JUNCTION INVOLVED,STRAIGHT/LEVEL,CONCRETE,OTHER (DRIVER) - EXPLAIN IN NARRATIVE,$1001 TO $2500,OTHER - EXPLAIN IN NARRATIVE,320,335,N,Y,SPIAZZADR,0,NONE,"According to the witness, Ryan Heeb, an older green truck (V1) struck V2 in the parking lot of 1523 S Piazza Drive with the front of V1 causing damage to the rear driver's side bumper of V2 which was parked in a parking spot. Heeb stated V1 then left the area without leaving any contact or insurance information."
903416967,BLOOMINGTON PD,B1931026,MONROE,BLOOMINGTON,BLOOMINGTON,7/28/2019,11:30 AM,2,0,0,0,0,111,S LINCOLN,ST,,,,S LINCOLN,,,,,Y,,,,39.16653878,-86.53099363,LOCAL/CITY ROAD,,N,Y,URBAN,N,N,N,,DAYLIGHT,CLEAR,DRY,,NO JUNCTION INVOLVED,STRAIGHT/LEVEL,ASPHALT,OTHER (VEHICLE) - EXPLAIN IN NARRATIVE,UNDER $1001,OTHER - EXPLAIN IN NARRATIVE,144,200,Y,Y,SLINCOLNST,0,NONE,"D1 and V1 left the scene without providing information. D2 stated that he parked his vehicle in the surface parking lot for the Graduate Hotel on 7/27/2019 at approximately 5pm. D2 stated that the car was parked in the lot all night. D2 stated that he returned to his vehicle around 11:30am on 7/28/2019, and drove to the university stadiums to show his children the area. D2 stated they got out of the vehicle to look around, and that's when he noticed the damage to his vehicle. There was a large dent above his rear driver's side tail light, as well as a dent above the rear driver's side door.I drove through the area of the parking lot and the surrounding areas, and was unable to locate any cameras on any buildings that would have captured the incident."
903417017,BLOOMINGTON PD,B1931094,MONROE,BLOOMINGTON,BLOOMINGTON,7/28/2019,10:02 PM,2,0,0,0,0,,,,SR4546E,,,SR4546E,WALNUT,,,,Y,,,,39.186368,-86.5344,STATE ROAD,Y,N,N,URBAN,N,N,N,,DARK (LIGHTED),CLEAR,DRY,,NO JUNCTION INVOLVED,STRAIGHT/LEVEL,ASPHALT,FAILURE TO YIELD RIGHT OF WAY,$5001 TO $10000,HEAD ON BETWEEN TWO MOTOR VEHICLES,1002,1022,Y,N,SR4546EWALNUTST,0,TRAFFIC CONTROL SIGNAL,"V2 WAS TRAVELINGTHROUGH THE INTERSECTION OFTHE SR 45/46 BYPASS AND NORTH WALNUT STREET, EASTBOUND, WHEN IT IS BELIEVED, V1, FAILED TO YIELD TO THE RIGHT OF WAY TO V2. CONSEQUENTLY, V1 TURNED LEFT ON A RED TRAFFIC LIGHT, TO TRAVEL NORTH ON NORTH WALNUT STREET, PRIOR TO COLLIDING WITH V2. A WITNESS TO THE ACCIDENT ADVISED HE WAS STOPPED AT THE RED LIGHT BEHIND V1, WHEN D1 DISREGARDED THE TRAFFIC LIGHT, TURNING INTO THE PATH OF V2. D2 ADVISED THE SAME ACCOUNT OF THE ACCIDENT AS THE WITNESS.D1 INITIALLY ADVISED HE WAS TRAVELING EASTBOUND ON WEST SR 45/46 BYPASS TO TURN LEFT ON NORTH WALNUT STREET FROM THE SOUTH TURN LANE ON A GREEN LIGHT. AS D1 TURNED LEFT, D1 ADVISED V1 AND V2 COLLIDED. WHEN ADVISED THE WITNESS TO THE ACCIDENT INFORMED ME, D1 HAD A RED LIGHT, D1 AGREED WITH THE WITNESSES ACCOUNT OF THE ACCIDENT."
903419046,MONROE SD,M19A24588,MONROE,CLEAR CREEK,BLOOMINGTON,7/28/2019,10:00 PM,2,0,0,0,0,,SMITHVILLE,RD,,,,E SMITHVILLE,IN 37,,,,N,,,,39.070945,-86.536255,LOCAL/CITY ROAD,,N,N,RURAL,N,N,N,,DARK (NOT LIGHTED),CLEAR,DRY,,FOUR-WAY INTERSECTION,STRAIGHT/LEVEL,ASPHALT,FOLLOWING TOO CLOSELY,$2501 TO $5000,REAR END,1004,1012,Y,N,ESMITHVILLERDSIN37RD,0,STOP SIGN,"D2 stated he was stopped at the stop sign to turn northbound on State Road 37 from Smithville Road when V2 rear ended his vehicle. D2 then stated that D1 did stop and speak with him but did not stay for the police report because D1 stated to D2 that he had drank a few beers prior to the collision. D1 did provide D2 with a business card for his company, John Peters Roofing Inc, with contact information and advised D2 to contact him the next day and he would provide D2 with all of the information needed for the crash report.D1 did contact me the next day and provided as much information as he was given for the report. I was unable to complete all of the information, however, the insurance company for D1 did state to D2 that they would handle the accident.ON 9/9/2019, I was contacted by D1 in order to update the vehicle 1 and Driver 1 information for the report."
903427969,MONROE SD,M19A24552,MONROE,RICHLAND,BLOOMINGTON,7/28/2019,9:31 AM,1,0,0,0,0,,CURRY,PIKE,,,,N CURRY,LINTEL,,,,N,OTHER,,,39.19266,-86.5756,LOCAL/CITY ROAD,,N,Y,RURAL,N,N,N,,DAYLIGHT,CLEAR,DRY,,NO JUNCTION INVOLVED,STRAIGHT/LEVEL,ASPHALT,RAN OFF ROAD RIGHT,$2501 TO $5000,RAN OFF ROAD,946,1013,Y,Y,LINTELDRNCURRYPIKE,0,NONE,D1 was located in the emergency room of Monroe Hospital. Staff advised he arrived a 9:45A.M. D1 stated he was the driver and only occupant in the vehicle this morning. D1 recalled striking the curb at approximately 15 MPH and running over weeds. D1 claimed did not know he struck a traffic sign.
903417050,MONROE SD,M19A24535,MONROE,PERRY,BLOOMINGTON,7/28/2019,5:56 AM,1,0,1,0,0,1550,,,SR446N,,,SR446N,,,,,N,PRIVATE,,,39.148464,-86.471256,STATE ROAD,,N,N,RURAL,N,N,N,,DAWN/DUSK,CLEAR,DRY,,NO JUNCTION INVOLVED,CURVE/LEVEL,ASPHALT,RAN OFF ROAD RIGHT,$10001 TO $25000,RAN OFF ROAD,556,608,Y,Y,SR446N,0,NONE,D1 STATED SHE WAS TRAVELING NB ON 446 IN THE 1500 BLOCK.SHE STATED SHE DIDNT KNOW HOW SHE LOST CONTROL OF THE VEHICLE BUT STATED THAT THE VAN PULLED LEFTFROM THE ROADWAY AND SHE WAS UNABLE TO REGAIN CONTROL.THE VEHICLE STRUCK A THE MAILBOX AT 1550 S. STATE ROAD 446 THEN STRUCK TEH DITCH CAUSING THE VHICLE TO SPIN AROUND FACING SB. THE VEHICLES AIRBAGS DID DEPOLY ON BOTH SIDES OF THE VEHICLE. THE DRIVER HAD A BLOODY NOSE AND WAS VERY DAZED UPON SPEAKING WITH HER. SHE WAS TAKEN TO IU HEALTH BLOOMINGTON FOR EVALUATION.
903417377,BLOOMINGTON PD,B1931144,MONROE,BLOOMINGTON,BLOOMINGTON,7/29/2019,8:57 AM,1,0,0,0,0,2907,MCINTIRE,DR,,,,S MCINTIRE,,,,,Y,,,,39.134736,-86.569474,UNKNOWN,,N,N,URBAN,N,N,N,,DAYLIGHT,CLEAR,DRY,,NO JUNCTION INVOLVED,STRAIGHT/GRADE,ASPHALT,ACCELERATOR FAILURE OR DEFECTIVE,$5001 TO $10000,OTHER - EXPLAIN IN NARRATIVE,857,918,Y,N,SMCINTIREDR,0,NONE,"DRIVER OF VEHICLE 1 STATED SHE WAS PULLING INTO THE PARKING LOT OF 2907 S MCINTIRE DRIVE, PREPARING TO PARKING IN A PARKING SPACE. AS SHE PULLED INTO A SPACE ADJACENT TO THE BUILDING, HER VEHICLE LURCHED FORWARD EVEN THOUGH HER FOOT WAS ON THE BRAKE, CAUSING V1 TO CONTACT THE SUPPORT POSTS FOR THE BUILDING. D1 ADVISED SHE HAS HAD 2 OTHER INCIDENTS WHERE V1 SURGED/LURCHED FORWARD WHILE SHE WAS SLOWING/OR STOPPED. THIS HAS NOT BEEN DIAGNOSED BY A MECHANIC."
903417833,BLOOMINGTON PD,B1931219,MONROE,BLOOMINGTON,BLOOMINGTON,7/29/2019,4:28 PM,2,0,0,0,0,,N SMITH,RD,,,,N SMITH,E GRANDVIEW,,,,Y,,,,39.168848,-86.481296,LOCAL/CITY ROAD,,N,N,URBAN,N,N,N,,DAYLIGHT,RAIN,WET,,T-INTERSECTION,STRAIGHT/GRADE,ASPHALT,FOLLOWING TOO CLOSELY,$1001 TO $2500,REAR END,428,435,Y,N,EGRANDVIEWDRNSMITHRD,0,NONE,Vehicle 2 was traveling north on Smith Rd and Vehicle 1 was directly behind vehicle 2. Vehicle 2 slowed and then came to a stop for a vehicle in front of him that was turning west onto Grandview Dr at the intersection of Smith and Grandview. Driver of Vehicle 1 stated that she did not realize vehicle 2 had came to a stop. When she applied her brakes it was to late. Driver of vehicle 1 also stated she did not feel the brakes were working properly which was likely caused by the wet road conditions. Vehicle 1 struck vehicle 2 in the rear cause minor damage to the front of vehicle 1 and minor to moderate damage to the rear of vehicle 2. No injures were reported and both vehicles were able to drive from the scene.Driver of vehicle 1 was not able to locate an insurance card in the vehicle at the time of the accident and stated that the vehicle was not hers but she believed it did have insurance. Vehicle 1 belongs to the driver's roommates mother and the driver did not have contact information for the owner. I attempted to contact the roommate for the insurance information but he was also unable to provide insurance information. I was later contacted by the driver who stated that vehicle 1 had no insurance. No citation was written for this incident because the driver did not knowingly drive it without insurance and the owner did not give permission for the driver to use the vehicle. The roommate gave permission but did not know if there was insurance.