Master Record Number,Agency,Local Code,County,Township,City,Collision Date,Collision Time,Vehicles Involved,Trailers Involved,Number Injured,Number Dead,Number Deer,House Number,Roadway Name,Roadway Suffix,Roadway Number,Roadway Interchange,Roadway Ramp,Roadway Id,Intersecting Road,Intersecting Road Number,Mile Marker,Interchange,Corporate Limits?,Property Type,Feet From,Direction,Latitude,Longitude,Roadway Class,Traffic Control Devices?,Aggressive Driving?,Hit and Run?,Locality,School Zone?,Rumble Strips?,Construction?,Construction Type,Light Condition,Weather Conditions,Surface Condition,Type of Median,Roadway Junction Type,Road Character,Roadway Surface,Primary Factor,Damage Estimate,Manner of Collision,Time Notified,Time Arrived,Investigation Complete?,Photos Taken?,Unique Location Id,State Property Damage?,Traffic Control,NARRATIVE
903417771,BLOOMINGTON PD,B1931217,MONROE,BLOOMINGTON,BLOOMINGTON,7/29/2019,4:05 PM,2,0,0,0,0,,NORTH COLLEGE,AVE,,,,NORTH COLLEGE,STATE ROAD 46,,,,Y,,,,39.186352,-86.534704,LOCAL/CITY ROAD,,N,Y,URBAN,N,N,N,,DAYLIGHT,RAIN,WET,,FOUR-WAY INTERSECTION,STRAIGHT/LEVEL,ASPHALT,OTHER (VEHICLE) - EXPLAIN IN NARRATIVE,UNDER $1001,REAR END,408,419,Y,Y,NORTHCOLLEGEAVESTATEROAD46,0,LANE CONTROL,"V2 WAS STOPPED AT A RED LIGHT IN THE SOUTH-BOUND LANE ON THE NORTH SIDE OF THE INTERSECTION OF NORTH WALNUT AND STATE ROAD 45/46. WHILE STOPPED AT THE RED LIGHT, V1 STRUCK V2 IN THE REAR BUMPER OF V2 WITH THE FRONT BUMPER OF V1 CAUSING DAMAGE. V1 THEN LEFT THE SCENE."
903417830,INDIANA UNIV BLOOMINGTON PD,191516,MONROE,BLOOMINGTON,BLOOMINGTON,7/29/2019,5:25 PM,2,0,0,0,0,,,,SR46,,,SR46,MARTHA,,,,Y,,,,39.1863,-86.53163,STATE ROAD,,N,N,URBAN,N,N,N,,DAYLIGHT,RAIN,WET,,NO JUNCTION INVOLVED,STRAIGHT/LEVEL,ASPHALT,SPEED TOO FAST FOR WEATHER CONDITIONS,$2501 TO $5000,REAR END,532,541,Y,N,MARTHASTSR46,0,NONE,V1 was driving west on US 45/46. V2 was slowing due to traffic also going west on US 45/46.D1 stated she was driving west on US 45/46 and noticed that V2 was slowing due to traffic. D1 stated she attempted to stop but her wheels started to slide due to the wet road. D1 stated she could not stop in time and collided with the rear bumper of V2.D2 stated that he was going west on US 45/46 and was slowing due to traffic when V1 collided with his rear bumper.
903417710,INDIANA UNIV BLOOMINGTON PD,191515,MONROE,BLOOMINGTON,BLOOMINGTON,7/29/2019,1:12 PM,1,1,0,0,0,,DUNN,ST,,,,DUNN,TWENTIETH,,,,Y,OTHER,,,39.1818,-86.52832,LOCAL/CITY ROAD,,N,N,URBAN,N,N,N,,DAYLIGHT,CLEAR,DRY,,NO JUNCTION INVOLVED,STRAIGHT/GRADE,ASPHALT,OTHER (ENVIRONMENTAL) - EXPLAIN IN NARR,UNDER $1001,NON-COLLISION,118,126,Y,Y,DUNNSTTWENTIETHST,0,NONE,"V1 was traveling North on Dunn Street, approaching the intersection of Dunn Street and Varsity Lane. V1 was pulling a semi-trailer. The trailer of V1 clipped some low hanging power wires that went from one side of the road to the other. The wires were hanging too low in that location.When the trailer clipped the wires, it pulled both poles towards each other, causing the wires to drop down even lower. The wires were so low, even small passenger cars could not continue. Duke Energy and Comcast were called to the scene. Both companies were able to fix their lines, and traffic then resumed as normal. The was no damage to V1 or the trailer it was pulling. This report is for information purposes."
903417687,INDIANA UNIV BLOOMINGTON PD,191512,MONROE,BLOOMINGTON,BLOOMINGTON,7/29/2019,11:46 AM,1,0,2,0,0,,10TH,ST,,,,10TH,JEFFERSON,,,,Y,,,,39.171648,-86.507088,LOCAL/CITY ROAD,,N,N,URBAN,N,N,N,,DAYLIGHT,CLEAR,DRY,,RAILROAD CROSSINGS,CURVE/LEVEL,ASPHALT,OVERCORRECTING/OVERSTEERING,$2501 TO $5000,COLLISION WITH OBJECT IN ROAD,1147,1148,Y,Y,10THSTJEFFERSONST,0,LANE CONTROL,V1 was headed East on 10th Street approaching the railroad over pass near the T-intersection with Jefferson Street. D1 stated that she was going about 25mph heading East on 10th Street approaching the railroad overpass when she realized she was going too fast. D1 stated that she thinks she was going to fast and was headed towards the concrete post holding the railroad up in the middle of the road. D1 stated that when she noticed she was heading for that she over corrected and struck the concrete barrier on the East side of 10th Street when the road curves and the railroad goes over 10th Street. V1 struck the concrete barrier with the front passenger side. There was significant damage and the vehicle was towed. The airbags were deployed. D1 was checked out by ambulance and signed a form stating she did not wish to go to the hospital.The railroad was called and informed of the crash.
903419072,ISP BLOOMINGTON 33,2019-00263139,MONROE,BLOOMINGTON,BLOOMINGTON,7/29/2019,10:56 AM,2,0,0,0,0,,COUNTY CLUB,DR,,,,COUNTY CLUB,WALNUT,,,,Y,,,,39.13597,-86.53111,LOCAL/CITY ROAD,Y,N,N,URBAN,N,N,N,,DAYLIGHT,CLEAR,DRY,,FOUR-WAY INTERSECTION,STRAIGHT/LEVEL,ASPHALT,FOLLOWING TOO CLOSELY,$1001 TO $2500,REAR END,1057,1101,Y,N,COUNTYCLUBDRWALNUTST,0,TRAFFIC CONTROL SIGNAL,"Country Club Dr. is a two lane two way road that runs primarily east and west. S Walnut St is four lane two way road that runs primarily north and south. Both roads are made of asphalt. The intersection is run by a fully operational traffic light. At the time of the crash it was daylight and traffic was light to moderate. Vehicle 1, a gray 2013 Ford Mustang, was facing east on Country Club Dr. in the Walnut St intersection directly behind Vehicle 2, a white 2009 Ford F150. V2 was waiting to turn north (left) onto Walnut St. when V1 stuck it from behind. Both vehicles came to a controlled stop after the hit. Driver 1, Aaron Chestnut, was in his car facing east on Country Club Dr. at the Walnut St. intersection directly behind V2. D1 said when he was rolling up behind V2 he attempted to apply his brakes. D1 told me that even though he pushed on the brake pedal his car continued to travel forward. D1 said he stuck the rear of V2 with his car. Driver 2, Jeffrey Minyo, was sitting facing east on Country Club Dr. in the Walnut St. Intersection. D2 told me that while he was sitting there V1 struck his truck from the rear. D2 he never saw it coming. Evidence shows damage to the front bumper of V1. Evidence shows damage to the rear bumper of V2."
903422751,BLOOMINGTON PD,B19-32479,MONROE,BLOOMINGTON,BLOOMINGTON,7/29/2019,8:30 AM,2,0,0,0,0,,W 6TH,ST,,,,W 6TH,N WALNUT,,,,Y,,100,W,39.167648,-86.533584,LOCAL/CITY ROAD,,N,Y,URBAN,N,N,N,,DAYLIGHT,CLEAR,DRY,,FOUR-WAY INTERSECTION,STRAIGHT/GRADE,ASPHALT,IMPROPER TURNING,$2501 TO $5000,SAME DIRECTION SIDESWIPE,302,302,Y,Y,NWALNUTSTW6THST,0,NONE,Owner of vehicle 2 stated she parked her vehicle in the parking stall on the south side of W 6th Street around 0830 hours and when she returned around 0930 hours she noticed there was damage on the passenger side of her vehicle. After looking at the damage on vehicle 2 I concluded vehicle 1 was turning right into the parking stall next to vehicle 2 and made the turn too wide hitting vehicle 2 with the right driver side corner of their vehicle and than left the scene.
903417793,BLOOMINGTON PD,B1931212,MONROE,BLOOMINGTON,BLOOMINGTON,7/29/2019,3:30 PM,2,0,0,0,0,,THIRD,ST,,I69,,W THIRD,,,,,Y,,,,0,0,LOCAL/CITY ROAD,,N,Y,URBAN,N,N,N,,DAYLIGHT,RAIN,WATER (STANDING OR MOVING),,INTERCHANGE,STRAIGHT/LEVEL,CONCRETE,DISREGARD SIGNAL/REG SIGN,UNDER $1001,LEFT TURN,336,339,Y,Y,WTHIRDST,0,LANE CONTROL,"V2 was traveling westbound on W third street through the intersection of W third and the south-bound on ramp to I-69 when V1, who was traveling westbound on W third street turned south-bound, crossing the east-bound lane on W third street, and struck V2 with the front left bumper of V1 causing damage to the driver side rear quarter panel on V2. V1 then left south-bound on I-69."
903418698,MONROE SD,M19A24678,MONROE,PERRY,BLOOMINGTON,7/29/2019,2:09 PM,2,0,0,0,0,,S OLD STATE ROAD 37,ROW,,,,S OLD STATE ROAD 37,S ORCHARD,,,,N,,,,39.11584,-86.5312,LOCAL/CITY ROAD,,N,N,URBAN,N,N,N,,DAYLIGHT,CLEAR,DRY,,NO JUNCTION INVOLVED,STRAIGHT/LEVEL,ASPHALT,FOLLOWING TOO CLOSELY,$2501 TO $5000,REAR END,209,211,Y,N,SOLDSTATEROAD37ROWSORCHARDLN,0,NONE,"D1 stated he observed D2 stopped in traffic. D1 applied the brakes and slid into the rear of D2.D2 stated they were stopped in traffic, heard screeching tires, and was hit in the hear by D1. Vehicles moved out of the roadway prior to my arrival."
903418317,BLOOMINGTON PD,B1931340,MONROE,BLOOMINGTON,BLOOMINGTON,7/29/2019,5:40 PM,2,0,0,0,0,3600,W 3RD,ST,,,,W 3RD,,,,,,,,,39.16424,-86.48635271,LOCAL/CITY ROAD,,N,Y,,N,N,N,,DAYLIGHT,CLOUDY,WET,,NO JUNCTION INVOLVED,STRAIGHT/LEVEL,ASPHALT,,UNDER $1001,OTHER - EXPLAIN IN NARRATIVE,1000,1010,Y,N,W3RDST,0,NONE,"V2 OWNER CAME TO THE BLOOMINGTON PD TO REPORT AN ACCIDENT ON 7-29-19 AT 1740PM AT 3600 W. 3RD ST. OWNER WAS STOPPED IN THE PARKING LOT BY THOMAS MACDONALD WHO PROVIDED THE LICENSE PLATE OF V1. CLAIMING V1 HAD JUST STRUCK HER VEHICLE WHILE SHE WAS LOADING GROCERIES INTO HER TRUNK. D2 NEVER SAW V1/D1 AND DOES NOT REMEMBER WHICH DIRECTION V1 WAS TRAVELING. D2 DID NOT OBTAIN A TELEPHONE NUMBER FROM THE WITNESS. VERY MINOR DAMAGE TO THE FRONT PASSENGER SIDE BUMPER.V1/D1 WAS LOCATED AT 854 E. SHERWOOD HILLS DR ON 07-30-2019 AT 1220PM. D1 ADMITTED TO BEING IN THE PARKING LOT OF 3600 W. 3RD ST, FRESH THYME PARKING. D1 REMEMBERS THE OLDER GOLD BUICK (V2) PARKED DIRECTLY INFRONT OF V1. D1 STATED I BACKED OUT OF THE PARKING SPOT AND PULLED FORWARD INTO THE LANE OF TRAVEL TO LEAVE THE PARKING LOT. D1 THEN STATED SHE PULLED OUT AND LEFT AND WAS NOT NEAR V2. D1 DENIES BEING INVOLVED IN ANY ACCIDENT, AND THERE IS NO VISIABLE DAMAGE TO V1.NO OUTSIDE VIDEO AT FRESH THYME. UNABLE TO LOCATE THE WITNESS. UNKNOWN IF ACCDIENT OCCURED AND IF V1 IS ACTUALLY THE SUSPECT IN THE ACCIDENT."
903427970,MONROE SD,M19A24653,MONROE,RICHLAND,BLOOMINGTON,7/29/2019,10:36 AM,2,0,0,0,0,4935,ARLINGTON,RD,,,,W ARLINGTON,,,,,N,,,,39.207594,-86.578364,UNKNOWN,,N,N,RURAL,N,N,N,,DAYLIGHT,CLOUDY,DRY,,NO JUNCTION INVOLVED,STRAIGHT/GRADE,ASPHALT,IMPROPER TURNING,$5001 TO $10000,LEFT/RIGHT TURN,1039,1044,Y,N,WARLINGTONRD,0,LANE CONTROL,V1 WAS IN A PARKING LOT AT 4935 W. ARLINGTON ROAD PULLING NORTHBOUND THROUGH A PARKING STALL. V2 WAS PARKED IN A PARKING STALL FACING SOUTH DIRECTLY NEXT TO V1. V1 TURNED TOO SHARP AND STRUCK THE REAR BUMPER OF V2.
903417763,BLOOMINGTON PD,B1931203,MONROE,BLOOMINGTON,BLOOMINGTON,7/29/2019,11:30 AM,2,0,0,0,0,1175,COLLEGE MALL,RD,,,,S COLLEGE MALL,,,,,Y,,,,39.153705,-86.495218,UNKNOWN,,N,Y,URBAN,N,N,N,,DAYLIGHT,CLEAR,DRY,,NO JUNCTION INVOLVED,STRAIGHT/LEVEL,ASPHALT,,UNDER $1001,BACKING CRASH,307,314,Y,Y,SCOLLEGEMALLRD,0,NONE,"D1 of V1 left the scene of the accident and left no information.D2 of V2 stated that she parked her rental car at her daughter's apartment on 7/28/2019 around 3pm. D2 stated that she inspected the vehicle at this time in preparation of her returning the vehicle the next day, and did not see any damage on the vehicle. D2 stated that there was no vehicle parked next to her car when she parked, and the vehicle stayed parked all night in the same spot. D2 stated that when she returned to her vehicle on 7/29/2019 around 11am, there were still no vehicles parked next to her vehicle.D2 stated that she left her daughter's apartment and arrived at the Kroger gas station at 1175 S College Mall Road to get gas around 11:15am. D2 then stated that after getting gas, she parked in the Kroger parking lot. D2 stated that she went into Kroger to eat lunch with her daughter and grandson. D2 stated the she parked facing south, and does not remember what vehicles were parked next to her. D2 stated that she left Kroger after lunch, and drove to Hertz to return the vehicle. Hertz informed D2 of the damage on the passenger side of the front bumper. D2 stated that she did not hit anything while she was driving or parked, and D2 believes her vehicle was hit while it was parked at Kroger."
903417896,MONROE SD,M19A24697,MONROE,CLEAR CREEK,BLOOMINGTON,7/29/2019,3:46 PM,1,0,0,0,1,,,,SR37N,,,SR37N,SMITHVILLE,,,,N,,200,N,39.07160384,-86.53565172,STATE ROAD,,N,N,RURAL,N,N,N,,DAYLIGHT,RAIN,WET,,FOUR-WAY INTERSECTION,STRAIGHT/LEVEL,ASPHALT,ANIMAL/OBJECT IN ROADWAY,$2501 TO $5000,COLLISION WITH DEER,350,409,Y,N,SMITHVILLERDSR37N,0,NONE,"WHILE TRAVELING NORTHBOUND ON STATE ROAD 37, JUST NORTH OF SMITHVILLE ROAD, UNIT 1 STRUCK A DEER THAT RAN INTO THE ROAD WAY. THE DRIVER STATED THAT SHE DID NOT HAVE ENOUGH TIME TO REACT TO THE DEER, AND ATEMPTED TO SWERVE TO MISS IT. THERE WAS DAMAGE TO THE DRIVER SIDE HEADLIGHT AREA."
903419997,MONROE SD,M19A24763,MONROE,RICHLAND,ELLETTSVILLE,7/30/2019,6:57 AM,4,0,1,0,0,,,,SR46W,,,SR46W,W ARLINGTON,,,,N,,300,W,39.20780192,-86.57483245,STATE ROAD,,N,N,RURAL,N,N,Y,LANE CLOSURE,DAWN/DUSK,CLEAR,DRY,,NO JUNCTION INVOLVED,STRAIGHT/GRADE,CONCRETE,UNSAFE SPEED,$25001 TO $50000,REAR END,659,706,Y,Y,SR46WWARLINGTONRD,0,LANE CONTROL,"V1 WAS TRAVELING EB ON W STATE ROAD 46, WENT THROUGH THE INTERSECTION OF W ARLINGTON ROAD AND REAR ENDED V2. THIS CAUSE A CHAIN REACTION OF V2 REAR ENDING V3 AND V3 REAR ENDING V4.D1 STATED THAT HE WAS TRAVELING EB AND CAME UP TO A SINGLE LINE OF STOPPED VEHICLES AND REAR ENDED ANOTHER VEHICLE.ALL OTHER DRIVERS STATED THAT THEY WERE REAR ENDED.THE EASTBOUND LANES OF WEST STATE ROAD 46 TRANSITIONED TO A SINGLE LANE AS VEHICLES APPROACHED THE NEXT CROSS STREET, N CURRY PIKE.D1 WAS TRANSPORTED TO IU HEALTH BLOOMINGTON HOSPITAL FOR POSSIBLE INJURIES."
903418292,BLOOMINGTON PD,B1931324,MONROE,BLOOMINGTON,BLOOMINGTON,7/30/2019,8:55 AM,2,0,0,0,0,,E 3RD,ST,,,,E 3RD,S PARK RIDGE,,,,Y,,,,39.16424,-86.476096,LOCAL/CITY ROAD,,N,N,URBAN,N,N,N,,DAYLIGHT,CLEAR,DRY,,FOUR-WAY INTERSECTION,STRAIGHT/LEVEL,ASPHALT,FAILURE TO YIELD RIGHT OF WAY,$2501 TO $5000,RIGHT ANGLE,855,855,Y,N,E3RDSTSPARKRIDGERD,0,STOP SIGN,"Vehicle 2 was westbound on E. 3rd Street in the right/northernmost westbound lane. Vehicle 2 was passing a city bus that was facing westbound in the left/southernmost westbound lane, preparing to turn left and south onto S. Park Ridge Road. As Vehicle 2 passed the bus, Vehicle 2 struck the passenger side of Vehicle 1 while Vehicle 1 was eastbound, turning left/north onto S. Park Ridge Road across westbound traffic. Vehicle 1 was eastbound and turned left/north onto S. Park Ridge Road and crossed the path of Vehicle 1 who had the right of way."
903427971,MONROE SD,M19A24781,MONROE,CLEAR CREEK,BLOOMINGTON,7/30/2019,10:20 AM,2,1,0,0,0,,OLD STATE 37,RD,,,,S OLD STATE 37,CHURCH,,,,N,,,,39.10726,-86.53149,COUNTY ROAD,Y,N,N,RURAL,N,N,N,,DAYLIGHT,CLEAR,DRY,,NO JUNCTION INVOLVED,STRAIGHT/LEVEL,ASPHALT,UNSAFE BACKING,$1001 TO $2500,BACKING CRASH,1023,1026,Y,Y,SOLDSTATE37RDWCHURCHLN,0,TRAFFIC CONTROL SIGNAL,"V1 WAS ON S OLD STATE ROAD 37, IN THE SB LANE AT THE INTERSECTION OF W CHURCH LANE WHEN V2 SLIGHTLY ROLLED BACK AND STRUCK THE FRONT OF HER VEHICLE WITH A TRAILER CAUSING MINOR FRONT END DAMAGE. D1 STATED THAT V2'S TRAILER ROLLED BACK INTO HER CAUSING FRONT END DAMAGE. D1 STATED THAT SHE ATTEMPT TO GET D2'S ATTENTION HOWEVER THE VEHICLE CONTINUED SB ON S FAIRFAX ROAD.I LATER CONTACT V2; HE WAS UNAWARE THAT HE ROLLED INTO V1. THE COLLISION WAS COMPLETELY ACCIDENTAL AND IF HE KNEW HE BACKED INTO V1, HE WOULD HAVE STOPPED. NO CRIMINAL CHARGES FOR LSA ARE BEING FILED.SINCE BOTH VEHICLES DID NOT REMAIN AT THE POINT OF IMPACT, NO DIAGRAM WAS COMPLETED."
903418649,BLOOMINGTON PD,B1931473,MONROE,BLOOMINGTON,BLOOMINGTON,7/30/2019,11:03 PM,2,0,1,0,0,,S ROGERS,ST,,,,S ROGERS,W 3RD,,,,Y,,,,39.16472,-86.538592,LOCAL/CITY ROAD,Y,N,N,URBAN,N,N,N,,DARK (LIGHTED),CLEAR,DRY,,FOUR-WAY INTERSECTION,STRAIGHT/GRADE,ASPHALT,FAILURE TO YIELD RIGHT OF WAY,$5001 TO $10000,HEAD ON BETWEEN TWO MOTOR VEHICLES,1105,1108,Y,Y,SROGERSSTW3RDST,0,TRAFFIC CONTROL SIGNAL,"V1 was S/B on S Rogers St, preparing to turn left onto W 3rd St. V2 was N/B on S Rogers St, preparing to cross the intersection of W 3rd St. Both vehicles had a green light. V1 turned in front of V2 and the vehicles collided head on.D1 stated that she did not see V2 as she prepared to make the turn.D2 stated that he was driving straight through the intersection when V1 collided with his vehicle."
903417992,MONROE SD,M19A24749,MONROE,CLEAR CREEK,BLOOMINGTON,7/30/2019,1:57 AM,1,0,0,0,0,,,,SR37S,,,SR37S,HARRODSBURG,,,,N,,,,39.00071,-86.54482,STATE ROAD,,N,N,RURAL,N,N,N,,DARK (NOT LIGHTED),CLEAR,DRY,,Y-INTERSECTION,CURVE/GRADE,ASPHALT,RAN OFF ROAD RIGHT,$1001 TO $2500,RAN OFF ROAD,121,201,Y,N,SHARRODSBURGRDSR37S,0,NONE,D1 WAS TRAVELING SOUTH ON OLD ST RD 37.D1 STATED THAT HE SWERVED TO AVOID A DEER AND RAN OFF THE ROADWAY.D1 RAN INTO THE DITCH ON WEST SIDE OF SOUTH OLD STATE RD 37 AND HARRODSBURG RD.
903418699,MONROE SD,M19A24801,MONROE,RICHLAND,BLOOMINGTON,7/30/2019,1:40 PM,2,0,0,0,0,,CURRY,PIKE,,,,NORTH CURRY,JONATHAN,,,,N,,400,S,39.12605817,-86.58295,COUNTY ROAD,,N,N,URBAN,N,N,N,,DAYLIGHT,CLEAR,DRY,,T-INTERSECTION,STRAIGHT/LEVEL,ASPHALT,FAILURE TO YIELD RIGHT OF WAY,$1001 TO $2500,RIGHT TURN,142,149,Y,N,NORTHCURRYPIKEWESTJONATHANDR,0,OTHER REGULATORY SIGN/MARKING,"VEHICLE 1 WAS EXITING A PARKING LOT WESTBOUND JUST SOUTH OF THE INTERSECTION OF NORTH CURRY AND WEST JONATHAN DRIVE. VEHICLE 1 STRUCK VEHICLE 2 IN THE RIGHT BACK TIRE AS VEHICLE 2 WAS TRAVELING NORTHBOUND ON NORTH CURRY PIKE. VEHICLE 2 WAS TRAVELING IN THE RIGHT LANE OF TWO NORTHBOUND LANES OF NORTH CURRY PIKE.BOTH DRIVERS WERE UNINJURED AND REUSED MEDICAL TREATMENT.VEHICLE 1 HAD BUMPER DAMAGE, HOWEVER THE BUMPER WAS STABALIZED AND VEHICLE 1 WAS DRIVEN FROM THE SCENE. VEHICLE 2 HAD A FLAT RIGHT REAR TIRE. THE TIRE WAS CHANGED AND VEHICLE 2 WAS DRIVEN FROM THE SCENE."
903418912,INDIANA UNIV BLOOMINGTON PD,191519,MONROE,BLOOMINGTON,BLOOMINGTON,7/30/2019,5:21 PM,2,0,0,0,0,1603,THIRD,ST,,,,E THIRD,,,,,Y,,,,39.16489867,-86.51396933,LOCAL/CITY ROAD,,N,N,URBAN,N,N,N,,DAYLIGHT,CLEAR,DRY,,NO JUNCTION INVOLVED,STRAIGHT/LEVEL,ASPHALT,UNSAFE BACKING,UNDER $1001,BACKING CRASH,522,528,Y,N,ETHIRDST,0,NONE,V1 and V2 were on the East side of University East Apartments. D1 stated that believes he was already out of the parking spot on the East side of the building when his vehicle was struck in the rear. D2 stated that she was pulling through the lot very slowly when V1 backed out of the spot and V1 struck V2. V2 struck the rear of V1 with the front drivers side. There was damage to V2. V1 had only a few scratches on the rear bumper.
903418509,BLOOMINGTON PD,B1931381,MONROE,VAN BUREN,BLOOMINGTON,7/30/2019,2:30 PM,2,0,2,0,0,,S LIBERTY,DR,,,,S LIBERTY,W CONSTITUTION,,,,Y,,,,39.149552,-86.575936,LOCAL/CITY ROAD,,N,N,URBAN,N,N,N,,DAYLIGHT,CLEAR,DRY,,T-INTERSECTION,STRAIGHT/GRADE,ASPHALT,FOLLOWING TOO CLOSELY,$10001 TO $25000,REAR END,238,247,Y,Y,SLIBERTYDRWCONSTITUTIONAVE,0,NONE,D1 STATED HE WAS DRIVING NORTH ON N LIBERTY DR APPROACHING W CONSTITUTION AVE. D1 STATED V2 STOPPED SUDDENLY TO TURN LEFT AND D1 REAR ENDED V2.D2 STATED HE WAS DRIVING NORTH ON N LIBERTY DR APPROACHING W CONSTITUTION AVE TO TURN LEFT. D2 STATED HE DID NOT SLAM ON HIS BRAKES TO TURN. D2 STATED HE SAW V1 DRIVING QUICKLY TOWARDS HIM TO REAR END HIM AND HE ACCELERATED RAPIDLY TO AVOID THE WRECK.PICTURES TAKEN.
903418297,BLOOMINGTON PD,B1931356,MONROE,BLOOMINGTON,BLOOMINGTON,7/30/2019,11:49 AM,2,0,0,0,0,3440,COVENANTER,DR,,,,E COVENANTER,,,,,Y,,,,39.15341741,-86.49093783,UNKNOWN,,N,N,URBAN,N,N,N,,DAYLIGHT,CLOUDY,DRY,,NO JUNCTION INVOLVED,STRAIGHT/LEVEL,ASPHALT,UNSAFE BACKING,$2501 TO $5000,BACKING CRASH,1149,1205,Y,N,ECOVENANTERDR,0,NONE,"DRIVER OF VEHICLE 1 STATED SHE WAS IN A PARKING SPACE IN FRONT OF 3440 S COVENANTER DRIVE, PREPARING TO BACK UP. D1 OBSERVED V2 DRIVING BEHIND HER, BUT THOUGHT HE CONTINUE PASSED HER AND WAS CLEAR. AS D1 STARTED TO BACK UP, V1 COLLIDED WITH V2.DRIVER OF V2 STATED HE WAS DRIVING EAST BOUND THROUGH THE PARKING LOT. AS V2 PASSED BEHIND V1, V1 BACKED INTO V2."
903418701,MONROE SD,M19A24809,MONROE,RICHLAND,BLOOMINGTON,7/30/2019,2:25 PM,1,1,0,0,0,,NORTH CURRY,PIKE,,,,NORTH CURRY,WEST VERNAL,,,,N,PRIVATE,1500,S,39.179248,-86.5832,COUNTY ROAD,,N,Y,URBAN,N,N,N,,DAYLIGHT,CLEAR,DRY,,NO JUNCTION INVOLVED,STRAIGHT/GRADE,ASPHALT,RAN OFF ROAD RIGHT,$1001 TO $2500,,229,230,Y,Y,NORTHCURRYPIKEWESTVERNALPIKE,0,NONE,VEH 1 TRAVELING NORTHBOUND ON NORTH CURRY HAULING A 1999 MAROON JEEP GRAND CHEROKEE LAREDO BEARING IN PLATE SRE984 ON A TRAILER. THE TRAILER CAME OFF OF VEHICLE 1 AND RAN INTO THE PROPERTY OF 900 NORTH CURRY LOT 64.DRIVER 1 WAS UNINJURED AND REFUSED ANY MEDICAL TREATMENT.VEH 1 WAS NOT DAMAGED AND DRIVEN FROM SCENE.TRAILER AND VEH ON TRAILER WERE TAKEN BY KENZ AND PRITCHARDS TO KENS WEST SIDE.
903418700,MONROE SD,M19A24804,MONROE,PERRY,BLOOMINGTON,7/30/2019,1:59 PM,2,0,0,0,0,4005,S OLD STATE RD 37,RD,,,,S OLD STATE RD 37,,,,,N,,,,39.137088,-86.53056,LOCAL/CITY ROAD,,N,N,RURAL,N,N,N,,DAYLIGHT,CLEAR,DRY,,NO JUNCTION INVOLVED,NON-ROADWAY CRASH,ASPHALT,FAILURE TO YIELD RIGHT OF WAY,$1001 TO $2500,LEFT TURN,201,206,Y,N,SOLDSTATERD37RD,0,NONE,Driver of Vehicle 1 stated that she was pulling out of the parking area near Subway at the Clear Creek Crossing Shopping Center when she struck vehicle 2 that had entered the shopping plaza from Rhorer Road. The Driver of Vehicle 2 stated she was pulling into the shopping plaza when she was struck on the rear passenger side door by Vehicle 1. The accident occurred in the parking area of the shopping plaza. Vehicle 2 sustained damage to rear passenger door. Vehicle 1 sustained damage to from driver side bumper and headlamp.
903419190,BLOOMINGTON PD,B19-31586,MONROE,BLOOMINGTON,BLOOMINGTON,7/31/2019,7:15 PM,2,0,0,0,0,,S COLLEGE,AVE,,,,S COLLEGE,W KIRKWOOD,,,,Y,,,,39.16664,-86.5348,LOCAL/CITY ROAD,Y,N,N,URBAN,N,N,N,,DAYLIGHT,CLEAR,DRY,,FOUR-WAY INTERSECTION,STRAIGHT/GRADE,ASPHALT,DISREGARD SIGNAL/REG SIGN,$5001 TO $10000,RIGHT ANGLE,716,723,Y,N,SCOLLEGEAVEWKIRKWOODAVE,0,TRAFFIC CONTROL SIGNAL,Driver two stated he was driving south in the middle lane on S College Ave at W Kirkwood Ave when he had a green light and vehicle one entered the intersection from the west going east on Kirkwood. Driver two stated he hit vehicle one on the driver side with the front of his vehicle.Driver one stated he was driving east on W Kirkwood Ave at S College Ave when the sun was glaring on the light signal and he thought he had a green light. Driver one stated he proceeded into the intersection but then saw he had a red light not a green light and was hit by vehicle two. Witness one stated vehicle two had a green light driving south on S Walnut Street in the middle lane.
903427973,MONROE SD,M19A24940,MONROE,VAN BUREN,BLOOMINGTON,7/31/2019,1:39 PM,2,0,0,0,0,,,,SR45W,,,SR45W,S LIBERTY,,,,Y,,,,39.145152,-86.5776,STATE ROAD,Y,N,N,URBAN,N,N,N,,DAYLIGHT,CLEAR,DRY,,FOUR-WAY INTERSECTION,STRAIGHT/LEVEL,ASPHALT,FAILURE TO YIELD RIGHT OF WAY,$5001 TO $10000,RIGHT ANGLE,142,147,Y,N,SLIBERTYDRSR45W,0,TRAFFIC CONTROL SIGNAL,D1 stated she turned right on W SR 45 from liberty drive. D1 entered into traffic and collided with d2D2 stated she was traveling west on SR 45. D2 stated D1 pulled into her (D2) lane. D2 stated she (D2) had the green light.
903419285,ELLETTSVILLE PD,E1904150,MONROE,RICHLAND,ELLETTSVILLE,7/31/2019,10:43 PM,2,0,0,0,0,,,,SR46W,,,SR46W,JUDY,,,,Y,,50,W,39.24434455,-86.63451451,STATE ROAD,,N,N,URBAN,N,N,N,,DARK (LIGHTED),CLEAR,DRY,,NO JUNCTION INVOLVED,STRAIGHT/GRADE,ASPHALT,ENGINE FAILURE OR DEFECTIVE,$2501 TO $5000,BACKING CRASH,1043,1047,Y,Y,JUDYSTSR46W,0,LANE CONTROL,DRIVER 1 WAS TRAVELING WESTBOUND ON SR46W WHEN HER VEHICLE STOPPED WORKING. THIS OCCURED APPROX 50 FEET WEST OF JUDY ST ON SR46W. DRIVER 1 STEPPED OUT OF THE VEHICLE AND ATTEMPTED TO PUSH VEHICLE OFF THE ROADWAY BY HERSELF. DRIVER 1 WAS NOT ABLE TO MOVE HER VEHICLE DUE TO THE SIZE AND WEIGHT OF THE VEHICLE. DRIVER 1 LOST CONTROL AS SHE WAS ATTEMPTING TO PUSH THE VEHICLE AND STRUCK DRIVER 2 VEHICLE AS HE WAS WESTBOUND ALSO ON SR46W. DRIVER 2 COULD NOT AVOID DRIVER 1 VEHICLE AND WAS ATTEMPTING TO GO AROUND DRIVER 1 VEHICLE IN THE TURN LANE AS IT ROLLED BACKWARDS AND STRUCK DRIVER 2 VEHICLE IN THE FRONT.
903419219,MONROE SD,M19A24966,MONROE,RICHLAND,ELLETTSVILLE,7/31/2019,6:44 PM,2,0,0,0,0,,,,SR46W,,,SR46W,W ARLINGTON,,,,N,,300,E,39.20717799,-86.57292212,STATE ROAD,,N,N,RURAL,N,Y,N,,DAWN/DUSK,CLEAR,DRY,,NO JUNCTION INVOLVED,STRAIGHT/LEVEL,ASPHALT,UNSAFE LANE MOVEMENT,$5001 TO $10000,SAME DIRECTION SIDESWIPE,645,653,Y,N,SR46WWARLINGTONRD,0,NONE,"D1 and d2 both stated they were eastbound on State Road 46 just east of Arlington Road when V1 drifted left in V2's lane, colliding with the front passenger wheel of V2."