Master Record Number,Agency,Local Code,County,Township,City,Collision Date,Collision Time,Vehicles Involved,Trailers Involved,Number Injured,Number Dead,Number Deer,House Number,Roadway Name,Roadway Suffix,Roadway Number,Roadway Interchange,Roadway Ramp,Roadway Id,Intersecting Road,Intersecting Road Number,Mile Marker,Interchange,Corporate Limits?,Property Type,Feet From,Direction,Latitude,Longitude,Roadway Class,Traffic Control Devices?,Aggressive Driving?,Hit and Run?,Locality,School Zone?,Rumble Strips?,Construction?,Construction Type,Light Condition,Weather Conditions,Surface Condition,Type of Median,Roadway Junction Type,Road Character,Roadway Surface,Primary Factor,Damage Estimate,Manner of Collision,Time Notified,Time Arrived,Investigation Complete?,Photos Taken?,Unique Location Id,State Property Damage?,Traffic Control,NARRATIVE
903420861,BLOOMINGTON PD,B1932026,MONROE,BLOOMINGTON,BLOOMINGTON,7/31/2019,11:26 AM,2,0,0,0,0,2721,E 3RD,ST,,,,E 3RD,,,,,Y,,,,39.16423674,-86.49805388,UNKNOWN,,,Y,URBAN,N,N,N,,DAYLIGHT,CLEAR,DRY,,NO JUNCTION INVOLVED,STRAIGHT/GRADE,ASPHALT,IMPROPER TURNING,$1001 TO $2500,SAME DIRECTION SIDESWIPE,545,545,Y,Y,E3RDST,0,NONE,"V1 WAS TRAVELING WB THRU THE PUBLIC ACCESS ROAD LOCATED IN FRONT OF 2721 E 3RD STREET ATTEMPTING TO PARK IN THE LOT. V2 WAS ALREADY PARKED FACING NB IN A PARKING STALL. AS V1 TURNED LEFT TO PULL INTO THE PARKING STALL LOCATED TO THE EAST OF V2, THE FRONT PASSENGERS SIDE OF V1 STRUCK THE PASSENGERS SIDE WHEEL AND DOOR AREA OF V2. V1 THEN BACKED OUT OF THE PARKING STALL WITHIN SECONDS AND LEFT THE AREA WITHOUT PROVIDING ANY INFORMATION FOR V2.D2 SUPPLIED ME WITH VIDEO SURVEILLANCE SHOWING THE STATEMENT ABOVE IS ACCURATE.D1 DECIDED THAT SHE DID NOT WISH TO SPEAK WITH ME WITHOUT A LAWYER."
903420554,MONROE SD,M19A24956,MONROE,BLOOMINGTON,ELLETTSVILLE,7/31/2019,4:15 PM,2,0,0,0,0,,N MAPLE GROVE,RD,,,,N MAPLE GROVE,W MAPLE GROVE,,,,N,,1000,N,39.24744,-86.547792,LOCAL/CITY ROAD,,N,N,RURAL,N,N,N,,DAYLIGHT,CLEAR,DRY,,NO JUNCTION INVOLVED,STRAIGHT/LEVEL,ASPHALT,UNSAFE LANE MOVEMENT,$2501 TO $5000,SAME DIRECTION SIDESWIPE,420,441,Y,N,NMAPLEGROVERDWMAPLEGROVERD,0,NONE,"UNIT 1 WAS STOPPED AT A MAILBOX DELIVERING MAIL. THE RESIDENCE ACROSS THE ROAD HAD A BOX THAT NEEED TO BE DELIVERED TO THE DOOR. UNIT 1 ABRUPTLY TURNED FROM THE RIGHT HAND SIDE OF THE ROAD TO GO ACROSS TO THE DRIVEWAY ON THE LEFT HAND SIDE. UNIT 2 STATED THEY OBSERVED UNIT 1 WITH ITS FLASHING LIGHTS, AND SLOWED TO ENSURE IT WASNT MOVING. THE DRIVER OF UNIT 2 STATED SHE BEGAN TO PROCEED SLOWLY AROUND UNIT 1 WHEN IT SUDDENLY TURNED LEFT. UNIT 1 STRUCK UNIT 2 ON THE PASSENGER SIDE REAR DOOR AND QUARTER PANNEL. THE DRIVER OF UNIT 2 STATED SHE ASKED THE DRIVER OF UNIT 1 IF SHE SAW THEM, AND UNIT 1 DRIVER STATED THAT SHE DID NOT."
903423312,ISP BLOOMINGTON 33,2.019E+11,MONROE,SALT CREEK,BLOOMINGTON,7/31/2019,2:00 PM,1,0,2,0,0,,,,SR46E,,,SR46E,FRIENDSHIP,,,,N,,1375,W,39.15720808,-86.40891997,STATE ROAD,,N,N,RURAL,N,N,N,,DAYLIGHT,CLEAR,DRY,,NO JUNCTION INVOLVED,CURVE/LEVEL,ASPHALT,RAN OFF ROAD RIGHT,$10001 TO $25000,RAN OFF ROAD,203,208,Y,Y,FRIENDSHIPRDSR46E,0,LANE CONTROL,"The location of the crash occurred in the east bound lane of SR 46 just west of Friendship Road in Monroe County. SR 46 is a two lane, two way road. Traffic was intermittenly heavy on this day.Vehicle #1, a 2016 silver Dodge caravan, was east bound on SR 46 when it ran off the south side of the road crashing head-on into a tree. V1 sustained heavy and disabling damage to its entire front and middle portions.Driver #1, Oliver Williams III, was interviewed at the Bloomington Hospital due to the nature of his injuries. D1 stated he was traveling east on SR 46. D1 was escorting his passenger to Brown County from Terre Haute. D1 stated he just stopped at a gas station to stretch their legs and were back enroute to Brown County when he thinks he jerked the wheel to the right because he may have been too far left of center. Next thing D1 knew they were running off the road and into grass before he tried applying the brakes. D1 was unable to stop V1 from colliding into the tree. D1 sustained a large cut to his right wrist, cuts to the face from the glass from the windshield, and a possible broken left knee. It's highly likely these injuries could have been mitigated using the seat belt. Passenger #1, Alexzander Sizemore, was also interviewed at the Bloomington hospital due to his injuries. P1 stated he was reading and had his head rested on the headrest when he felt V1 jerk. The jolt caused him to look up and the next thing he knew D1 was off the road and trying to apply the brakes in the grass but V1 did not stop. P1 braced for impact. P1 sustained cuts to his hands and head.Witness #1, Isaiah Winter, was driving east in a red mini-van on SR 46 located directly behind V1. W1 saw V1 drift left of center and then jerk or over correct and then run off the road. W1 did not see brake lights until V1 was already in the grass and then strike a tree."
903419226,MONROE SD,M19A24969,MONROE,VAN BUREN,BLOOMINGTON,7/31/2019,8:00 PM,2,0,0,0,0,,PROFILE,PKWY,,,,PROFILE,3RD,,,,N,,,,39.16468,-86.586175,COUNTY ROAD,Y,N,Y,RURAL,N,N,B,,DAYLIGHT,CLEAR,DRY,,FOUR-WAY INTERSECTION,STRAIGHT/LEVEL,ASPHALT,UNSAFE BACKING,$1001 TO $2500,BACKING CRASH,816,827,Y,N,PROFILEPKWYW3RDST,0,TRAFFIC CONTROL SIGNAL,D1 was sitting at the stop light at W. 3rd St and Profile Parkway waiting to turn left onto W 3rd St. D2 was in front of her at the stop light in a green Ford Ranger. The Ford Ranger then began to roll backwards and struck the front of V1 causing damage to the bumper of V1. The driver of the Ford Ranger then threw his hands up and then drove off south onto Park Square Dr and did not stop.D1 stated that she honked her horn when the Ford Ranger began to roll backwards but he continued to roll and struck her vehicle. D1 attempted to get a picture of the Ford Ranger but was unable to get a clear picture of the license plate. At this time I do not have any information on the Ford Ranger or its driver.
903419092,BLOOMINGTON PD,B1931539,MONROE,BLOOMINGTON,BLOOMINGTON,7/31/2019,1:17 PM,1,0,0,0,0,1205,MAPLE,ST,,,,NORTH MAPLE,,,,,Y,,,,39.17668852,-86.542096,UNKNOWN,,N,N,URBAN,N,N,N,,DAYLIGHT,CLEAR,DRY,,NO JUNCTION INVOLVED,CURVE/LEVEL,ASPHALT,RAN OFF ROAD RIGHT,UNDER $1001,RAN OFF ROAD,115,117,Y,Y,NORTHMAPLEST,0,NONE,RECEIVED REPORT OF A VEHICLE ON A ROCK WALL WITH WHEELS SPINNING AND THE DRIVER ASLEEP IN FRONT OF 1205 N MAPLE ST. DRIVER 1 SAID SHE WAS DRIVING THROUGH THE APARTMENT COMPLEX AND THEN SHE WAS UP ON THE STONE WALL AND DOES NOT KNOW HOW IT HAPPENED.D1 SAID SHE HAD USED HEROINE METH AND XANAX EARLIER AND WAS ARRESTED FOR OWI.OTHER LOCATON OF INVESTIGATION WAS AT THE IU HEALTH BLOOMINGTON HOSPITAL WHERE OFFICER BYERLEY GOT A BLOOD DRAW FOR DRUGS.V1 WAS EASTBOUND ON THE SOUTH END OF THE DRIVE OF THE APARTMENT COMPLEX AND DROVE UP ONTO A RETAINING WALL.
903427972,MONROE SD,M19A24891,MONROE,BLOOMINGTON,BLOOMINGTON,7/31/2019,5:17 AM,1,0,0,0,0,,E BETHEL,LN,,,,E BETHEL,N STIDD,,,,N,,1000,W,39.214752,-86.477504,LOCAL/CITY ROAD,,N,N,RURAL,N,N,N,,DAWN/DUSK,CLEAR,DRY,,NO JUNCTION INVOLVED,CURVE/LEVEL,ASPHALT,RAN OFF ROAD RIGHT,$2501 TO $5000,RAN OFF ROAD,717,729,Y,N,EBETHELLNNSTIDDDR,0,NONE,"D1 was not on scene upon Law enforcement arrival however she did contact Law Enforcement at the time of the collision. D1 had to leave to get to work. I made contact with D1 at her residence. D1 stated her vehicle's tire ""blew"". D1 then applied the brakes and the vehicle began to slide. D1 stated she had no control over the vehicle."
903419437,INDIANA UNIV BLOOMINGTON PD,191528,MONROE,PERRY,BLOOMINGTON,8/1/2019,9:15 AM,2,0,0,0,0,921,ATWATER,AVE,,,,ATWATER,,,,,Y,,289,E,39.16337,-86.521615,UNKNOWN,,N,N,URBAN,N,N,N,,DAYLIGHT,CLEAR,DRY,,NO JUNCTION INVOLVED,STRAIGHT/GRADE,CONCRETE,UNSAFE BACKING,$1001 TO $2500,BACKING CRASH,917,930,Y,N,ATWATERAVE,0,NONE,"When I arrived on scene, the vehicles had been moved from the location of the crash. The crash involved a silver Hyundai (V1), driven by Alexandra Margets (D1), and a parked silver Ford (V2), owned by Junhua Xu (O1). D1 stated that she was not injured.D1 stated that she was backing out of her parking spot when the passenger side doors struck the driver side rear bumper of V2 which was parked and unoccupied.V1 sustained moderate scratches to the passenger side doors. V2 sustained moderate scratches to the driver side rear bumper.Both vehicles were able to be driven from the scene."
903419995,BLOOMINGTON PD,B1931676,MONROE,BLOOMINGTON,BLOOMINGTON,8/1/2019,11:52 AM,2,1,0,0,0,,2ND,ST,,,,2ND,COLLEGE,,,,Y,,,,39.16138,-86.53493,LOCAL/CITY ROAD,Y,N,N,URBAN,N,N,N,,DAYLIGHT,CLEAR,DRY,,FOUR-WAY INTERSECTION,STRAIGHT/LEVEL,ASPHALT,OTHER (DRIVER) - EXPLAIN IN NARRATIVE,$1001 TO $2500,LEFT TURN,1152,1152,Y,N,2NDSTCOLLEGEAVE,0,TRAFFIC CONTROL SIGNAL,V1 WAS SOUTHBOUND ON COLLEGE AVE TURNING LEFT ONTO 2ND STREET.V2 WAS SOUTHBOUND ON COLLEGE AVE IN THE LEFT TURN LANE TO GO EAST ON 2ND STREET.V1 IS A TRACTOR TRAILER. HE HAD TO SWING WIDE TO MAKE THE TURN. D1 SAID AS HE WAS MAKING THE TURN V2 TRIED TO TURN LEFT BESIDE HER AND IT HIT THE MIDDLE OF HIS TRAILER.D2 SAID AS SHE TURNED LEFT V1 TURNED INTO HER.PRIMARY CAUSE LISTED AS OTHER BECAUSE V1 WAS ALREADY MAKING THE TURN WHEN V2 RAN INTO THE SIDE OF IT.
903419493,INDIANA UNIV BLOOMINGTON PD,191529,MONROE,BLOOMINGTON,BLOOMINGTON,8/1/2019,12:32 PM,2,0,0,0,0,,,,SR46,,,SR46,EIGHTH,,,,Y,,348,N,0,0,STATE ROAD,,N,N,URBAN,N,N,N,,DAYLIGHT,CLEAR,DRY,,NO JUNCTION INVOLVED,STRAIGHT/GRADE,ASPHALT,UNSAFE LANE MOVEMENT,$1001 TO $2500,SAME DIRECTION SIDESWIPE,1234,1240,Y,N,EIGHTHSTSR46,0,NONE,"When I arrived on scene, the vehicles had been moved from the location of the crash. The crash involved a silver Jeep (V1), driven by Caleb Tyner (D1), and a white BMW (V2), driven by Sondra Pischel (D2). None of the parties involved in the crash complained of any injuries at the scene. V1 was driving north on the 45/46 Bypass from 3rd St in the left lane of travel and V2 was in the right lane. V1 attempted to change lanes into the right lane and crashed into V2.The passenger side rear fender of V1 collided into the driver side front bumper of V2. V1 sustained light scratches to the passenger side rear fender and rear door. V2 sustained scratches to the driver side front bumper, wheel well, and wheel.Both vehicles were able to be driven from the scene."
903427974,MONROE SD,M19A25015,MONROE,RICHLAND,BLOOMINGTON,8/1/2019,10:19 AM,2,0,0,0,0,4651,VERNAL,PIKE,,,,WEST VERNAL,,,,,N,,,,39.177508,-86.563851,UNKNOWN,,N,N,RURAL,N,N,N,,DAYLIGHT,CLEAR,DRY,,NO JUNCTION INVOLVED,STRAIGHT/LEVEL,ASPHALT,UNSAFE BACKING,$1001 TO $2500,BACKING CRASH,1021,1025,Y,N,WESTVERNALPIKE,0,NONE,"D2 advised she was backing out of her parking space when V1 struck the rear end of her vehicle. D2 stated that D1 struck the rear of her vehicle twice during this incident. D1 stated she was backing out of her parking space and advised she checked around and did not see any other vehicles, but did admit to hitting V2. D1 also admitted to hitting V2 twice, but it was all an accident. Both vehicles backing out of their respective parking spaces at the same time."
903419578,BLOOMINGTON PD,B1931652,MONROE,BLOOMINGTON,BLOOMINGTON,8/1/2019,12:01 AM,2,0,0,0,0,,WASHINGTON,ST,,,,1318 S WASHINGTON,WILSON,,,,Y,,100,S,39.14123901,-86.53283,LOCAL/CITY ROAD,,N,Y,URBAN,N,N,N,,DARK (NOT LIGHTED),CLEAR,DRY,,NO JUNCTION INVOLVED,STRAIGHT/GRADE,ASPHALT,IMPROPER LANE USAGE,$1001 TO $2500,REAR END,900,915,Y,Y,1318SWASHINGTONSTWILSONST,0,NONE,V2 was parked in front of 1318 S Washington Street facing South. Owner of V2 is unsure who struck her vehicle.
903420370,MONROE SD,M19A25029,MONROE,WASHINGTON,BLOOMINGTON,8/1/2019,12:22 PM,1,0,1,0,0,,SAMPLE,RD,,,,SAMPLE,CANYON,,,,N,OTHER,100,S,0,0,LOCAL/CITY ROAD,,N,N,RURAL,N,N,N,,DAYLIGHT,CLOUDY,DRY,,T-INTERSECTION,CURVE/GRADE,ASPHALT,CELL PHONE USAGE,$5001 TO $10000,RAN OFF ROAD,1222,1231,Y,Y,CANYONDRSAMPLERD,0,NONE,V1 WAS TRAVELING WEST ON SAMPLE ROAD NEAR THE INTERSECTION OF CANYON CT AND SAMPLE ROAD. D1 ADVISED HE WAS TEXTING ON HIS CELL PHONE AND DID NOT SLOW DOWN IN TIME TO MAKE THE TURN. V1 LEFT THE ROADWAY AND STRUCK REMC POLE #18989045 CAUSING EXTENSIVE DAMAGE TO POLE.
903420980,ISP BLOOMINGTON 33,2.019E+11,MONROE,BLOOMINGTON,BLOOMINGTON,8/1/2019,11:23 AM,1,0,0,0,0,1500,PACKINGHOUSE,RD,,,,NORTH PACKINGHOUSE,,,,,Y,PRIVATE,,,39.181105,-86.560609,UNKNOWN,,N,N,URBAN,N,N,N,,DAYLIGHT,CLEAR,DRY,,NO JUNCTION INVOLVED,NON-ROADWAY CRASH,CONCRETE,OTHER (VEHICLE) - EXPLAIN IN NARRATIVE,$1001 TO $2500,RAN OFF ROAD,1123,1123,Y,Y,NORTHPACKINGHOUSERD,0,NONE,"Weather Conditions-Clear, Dry, Daylight with Pavement Dry.Primary Cause-Vehicle Factor-Other: Vehicle 1 was an unoccupied vehicle that rolled down a hill out of a parking lot and ran off into a ditch striking a small concrete wall. Vehicle 1's gear selector was in neutral position and the parking brake was not set.Vehicle 1 was parked (in neutral and parking brake not set) at 1999 North Packinghouse Road Bloomington Indiana. At some point, Vehicle 1(unoccupied) began to travel in reverse northbound out of its parking space. Vehicle 1 continued on its path of travel northbound across the parking lot, down hill and across the access road onto the parking lot of 1500 North Packinghouse Road Bloomington Indiana. The vehicle came into the east most section of the parking lot and then into the ditch just east of the parking lot. After making contact with the ditch, Vehicle 1's rear end turned slightly to the east. After traveling through the ditch, Vehicle 1 struck a concrete wall. It then rolled south for a short distance and came to final rest in the ditch.Witness 1 admitted he was the last person to operate Vehicle 1. Witness 1 said that it was a friend's car and that he was not used to driving a manual transmission vehicle. Witness 1 also said that he forgot to set the parking brake. Witness 1 called later and stated that he didn't set the emergency brake all the way.Observations-I witnessed the crash occur. I noticed inside Vehicle 1, the gear selector was in neutral position and the parking brake was not set. Vehicle 1 had damage on the right side of the rear bumper from hitting the concrete wall. The concrete wall had a minor scuff on it from the collision."
903420555,MONROE SD,M19A25082,MONROE,BLOOMINGTON,BLOOMINGTON,8/1/2019,7:03 PM,1,0,0,0,0,,,,SR45E,,,SR45E,PRAIRIE GREEN,,,,N,PRIVATE,100,E,0,0,STATE ROAD,,N,N,RURAL,N,N,N,,DAYLIGHT,CLEAR,DRY,,T-INTERSECTION,STRAIGHT/LEVEL,ASPHALT,OTHER (VEHICLE) - EXPLAIN IN NARRATIVE,$2501 TO $5000,RAN OFF ROAD,704,714,Y,N,NPRAIRIEGREENCTSR45E,0,NONE,"V1 was unattended parked in the driveway at 4700 E. State Road 45. It appears that D1 failed to put V1 into park and V1 rolled across E State Road 45 and into the yard belonging to 4791 E. State Road 45. V1 came to a stop striking and damaging a Blue Spruce tree in the yard of 4791 E. State Road 45. The owner of the tree valued it at approximately $1,000."
903419311,MONROE SD,M19A24987,MONROE,PERRY,BLOOMINGTON,8/1/2019,3:13 AM,1,0,0,0,0,,RAMSEY,DR,,,,RAMSEY,RENWICK,,,,Y,OTHER,100,W,39.14618,-86.50305134,LOCAL/CITY ROAD,,N,N,URBAN,N,N,N,,DARK (NOT LIGHTED),CLEAR,DRY,,NO JUNCTION INVOLVED,STRAIGHT/GRADE,ASPHALT,RAN OFF ROAD RIGHT,$1001 TO $2500,RAN OFF ROAD,313,313,Y,Y,RAMSEYDRRENWICKBLVD,0,NONE,Driver #1 was being stopped for a false license plate on Vehicle #1 when driver #1 began fleeing from police. The vehicle finally crashed when occupants and driver #1 jumped out of the vehicle while it was still moving. Vehicle #1 continued a short distance after everyone jumped out and struck a fire hydrant in the 1700 block of S. Ramsey Drive.
903419491,BLOOMINGTON PD,B1931681,MONROE,VAN BUREN,BLOOMINGTON,8/1/2019,11:40 AM,2,1,0,0,0,4023,THIRD,ST,,,,W THIRD,,,,,Y,,,,39.16414,-86.58427,UNKNOWN,,N,N,URBAN,N,N,N,,DAYLIGHT,CLEAR,DRY,,NO JUNCTION INVOLVED,STRAIGHT/LEVEL,ASPHALT,IMPROPER TURNING,$1001 TO $2500,OTHER - EXPLAIN IN NARRATIVE,1207,1210,Y,N,WTHIRDST,0,NONE,"BOTH VEHICLES WERE IN THE PARKING LOT AT 4023 W. THIRD ST. D1 SAID HE TRIED TO PULL OUT OF A PARKING SPACE, AND STRUCK V2 WITH THE TRAILER HE WAS TOWING WITH V1.V2 WAS UNOCCUPIED.NO REPORTED INJURIES."
903419700,MONROE SD,M19A25032,MONROE,RICHLAND,BLOOMINGTON,8/1/2019,12:53 PM,2,0,0,0,0,,HARTSTRAIT,RD,,,,HARTSTRAIT,DALLAS,,,,N,,,,39.22075,-86.61201,LOCAL/CITY ROAD,,N,N,RURAL,N,N,N,,DAYLIGHT,CLEAR,DRY,,T-INTERSECTION,CURVE/LEVEL,ASPHALT,LEFT OF CENTER,$1001 TO $2500,OPPOSITE DIRECTION SIDESWIPE,1257,116,Y,N,DALLASLNHARTSTRAITRD,0,LANE CONTROL,"D1 was traveling south on Harstrait Road while D2 was traveling north on Hartstrait Road near the intersection with Dallas Ln. D1 stated that his mirrors were pulled in on his truck and believed that D2's mirror crossed the center line causing a collision. D2 states that she believes that the mirrors met on the center of the line. Due to no physical evidence or witness, I am unable to establish a faulted driver. ""left of center"" was selected only because program would not let me advance without faulting a party."
903421331,MONROE SD,M19A25204,MONROE,SALT CREEK,BLOOMINGTON,8/2/2019,4:52 PM,2,0,0,0,0,,,,SR446S,,,SR446S,KNIGHTRIDGE,,,,N,,,,39.13587,-86.45682,STATE ROAD,,N,N,RURAL,N,N,N,,DAYLIGHT,CLEAR,DRY,,FOUR-WAY INTERSECTION,STRAIGHT/LEVEL,ASPHALT,UNSAFE LANE MOVEMENT,$1001 TO $2500,SAME DIRECTION SIDESWIPE,456,510,Y,N,SKNIGHTRIDGERDSR446S,0,NONE,"UNIT 1 STATED THAT WHILE TRAVELING SOUTH ON SR 446, HE WAS GOING TO TURN ONTO S KNIGHTRIDGE RD. UNIT 1 ORIGINALLY HAD A LEFT TURN SIGNAL ACTIVATED, AND WAS GOING TO TURN LEFT, OR EAST, ONTO S KNIGHTRIDGE RD. THE DRIVER THEN EXPLAINED HE NEEDED TO TURN RIGHT, OR WEST, INSTEAD. HE STATED HE TURNED RIGHT, AND DID NOT SEE UNIT 2 APPROACHING HIS LOCATION. UNIT 2 STATED THAT THEY OBSERVED UNIT 1 WITH THEIR LEFT TURN SIGNAL ACTIVATED. UNIT 2 STATED THAT WHEN UNIT 1 BEGAN TO TURN RIGHT, THEY WERE ALREADY TRAVELING PSAT HIS LOCATION, AND COULD NOT GET OUT OF THE WAY IN TIME."
903419930,ISP BLOOMINGTON 33,2.019E+11,MONROE,PERRY,BLOOMINGTON,8/2/2019,7:15 AM,2,0,0,0,0,,,,SR37,,,SR37,WALNUT,,,,N,,,,39.16464,-86.5336,STATE ROAD,Y,N,N,RURAL,N,N,N,,DAWN/DUSK,CLEAR,DRY,,FOUR-WAY INTERSECTION,STRAIGHT/LEVEL,CONCRETE,FOLLOWING TOO CLOSELY,$5001 TO $10000,REAR END,722,727,Y,N,SR37WALNUTST,0,TRAFFIC CONTROL SIGNAL,"V-1, A BLACK 2016 Ford F150 Pickup truck bearing 2020 IN TK325MOW was NB, SR 37 at Walnut Street in the right turn lane waiting to turn. V-2, a Black 2019 Kia Sorrento bearing 2019 IN 592BBQ was in front of V-1 in the right turn lane of NB SR 37 at Walnut Street. V-2 started to make the right turn, but stopped to check for oncoming traffic. V-1 also started to make the right turn behind V-2, however V-1 did not realize V-2 was stopping and the front of V-1 struck the rear of V-2.D-1 stated that they were waiting to turn right and and as they started making the turn, V-2 stopped and he hit her in the rear of the vehicle.D-2 stated that she started to turn and stopped to check traffic and was struck in the rear by V-1.The cause of this crash is V-1 following too closely."
903420511,BLOOMINGTON PD,B1931883,MONROE,BLOOMINGTON,BLOOMINGTON,8/2/2019,5:34 PM,2,0,1,0,0,,E 10,ST,,,,E 10,N SMITH,,,,Y,,,,39.172752,-86.482288,LOCAL/CITY ROAD,,N,N,URBAN,N,N,N,,DAYLIGHT,CLEAR,DRY,,T-INTERSECTION,CURVE/GRADE,ASPHALT,FAILURE TO YIELD RIGHT OF WAY,$5001 TO $10000,RIGHT ANGLE,536,542,Y,Y,E10STNSMITHRD,0,STOP SIGN,V1 WAS STOPPED AT THE STOP SIGN FACING NB ON N SMITH ROAD AT THE INTERSECTION OF E 10TH STREET. V2 WAS TRAVELING EB ON E 10TH STREET. V1 ATTEMPTED TO PULL OUT INTO RIGHT-OF-WAY TRAFFIC TO HEAD WB ON E 10TH STREET AT WHICH POINT THE FRONT OF V2 AND THE REAR OF V1 COLLIDED. V2 THEN CONTINUED AHEAD INTO A DITCH WHERE IT CAME TO REST.D1 STATED THAT THERE WAS ANOTHER VEHICLE NOT INVOLVED WHO WAS TRAVELING IN FRONT OF V2 WITH THEIR RIGHT TURN SIGNAL ON AND TURNING SB ONTO N SMITH ROAD. D1 STATED HE BELIEVED THAT V2 WAS GOING TO ALSO TURN SB ONTO N SMITH ROAD THEREFORE HE TURNED OUT INTO TRAFFIC WHICH CAUSED THE COLLISION.D2 STATED THAT SHE WAS TRAVELING EB ON E 10TH STREET WHEN V1 TURNED OUT IN FRONT OF HER CAUSING THE COLLISION. D2 STATED THAT SHE WAS UNABLE TO AVOID THE COLLISION AND ENDED UP COMING TO REST IN THE DITCH.
903421332,MONROE SD,M19A25325,MONROE,BLOOMINGTON,BLOOMINGTON,8/3/2019,6:04 PM,2,0,0,0,0,,FAIRFAX,RD,,,,S FAIRFAX,SCHACHT,,,,N,,,,39.06071,-86.49854996,LOCAL/CITY ROAD,,N,N,RURAL,N,N,N,,DAYLIGHT,CLEAR,DRY,,T-INTERSECTION,CURVE/LEVEL,ASPHALT,FOLLOWING TOO CLOSELY,$5001 TO $10000,REAR END,606,616,Y,N,SFAIRFAXRDSCHACHTRD,0,NONE,"BOTH DRIVERS OF THE UNITS ADVISED THAT ANOTHER VEHICLE WAS TURNING ONTO SCHACHT RD FROM S FAIRFAX. A VEHICLE FOLLOWING THE VEHICLE TURNING, APPLIED THE BRAKES LATE, FORCING UNIT 2 TO BRAKE SUDDENLY. UNIT 1 STATED HE COULD NOT STOP IN TIME, AND REAR ENDED UNIT 2.BOTH UNITS WERE MOVING ONTO SCHACHT FROM FAIRFAX WHEN I ARRIVED. AFTER I LEFT THE SCENE, UNIT 1 PERSONALLY CALLED FOR A TOW TRUCK."
903420761,BLOOMINGTON PD,B1931985,MONROE,PERRY,BLOOMINGTON,8/3/2019,11:30 AM,2,0,0,0,0,,,,SR46,,,W STATE ROAD 46,,I69,,,Y,,,,39.22693499,-86.6149,LOCAL/CITY ROAD,,N,N,RURAL,N,N,Y,X-OVER/LANE SHIFT,DAYLIGHT,CLEAR,DRY,,NO JUNCTION INVOLVED,STRAIGHT/GRADE,ASPHALT,FOLLOWING TOO CLOSELY,$10001 TO $25000,REAR END,1136,1143,Y,N,INTERSTATE69NORTHHWYWSTATEROAD46HWY,0,NONE,"D1 STATED HE WAS TRAVELLING EAST ON IN STATE ROAD 45/46. D1 STATED V2 JUST STOPPED IN THE MIDDLE OF THE ROADWAY AND HE WAS UNABLE TO STOP IN TIME. D1 STATED THE FRONT OF HIS VEHICLE COLLIDED WITH THE BACK OF V2 CAUSING DAMAGE TO BOTH.D2 STATED HE WAS TRAVELLING EAST ON IN STATE ROAD 45/46. D2 STATED HE CAME TO A STOP IN TRAFFIC AND D1 RAN INTO THE REAR OF HIS VEHICLE CAUSING DAMAGE TO BOTH VEHICLE. DRIVER AND PASSENGER OF V2 DENIED INJURIES AT THE ACCIDENT CITE, BUT STATED THEY INTENDED TO GET CHECKED OUT AT THE HOSPITAL AT A LATER DATE."
903420730,BLOOMINGTON PD,B1931988,MONROE,PERRY,BLOOMINGTON,8/3/2019,12:10 PM,2,0,0,0,0,,WALNUT,ST,,,,S WALNUT,COUNTRY CLUB,,,,Y,,,,39.13597,-86.53111,LOCAL/CITY ROAD,Y,N,N,URBAN,N,N,N,,DAYLIGHT,CLEAR,DRY,,FOUR-WAY INTERSECTION,STRAIGHT/GRADE,ASPHALT,FAILURE TO YIELD RIGHT OF WAY,$5001 TO $10000,LEFT TURN,1212,1219,Y,N,SWALNUTSTWCOUNTRYCLUBDR,0,TRAFFIC CONTROL SIGNAL,V1 AND V2 WERE AT THE INTERSECTION OF S WALNUT ST AND W COUNTRY CLUB DR WHEN V1 ATTEMPTED TO TURN LEFT DIRECTLY IN FRONT OF V2. V2 STRUCK V1 AS RESULT OF DRIVER ACTION. V1/D1 STATED HE WAS ATTEMPTING TO TURN LEFT FROM S WALNUT ST ONTO W COUNTRY CLUB DRIVE WHEN HE WAS STRUCK BY V2 AS IT WAS HEADING SOUTHBOUND ON S WALNUT ST. D1 STATED THE LIGHT HAD CHANGED TO YELLOW SO HE ATTEMPTED TO TURN BEFORE IT CHANGED TO RED AND STATED HE DID NOT SEE V2 PRIOR TO DOING SO. V2/D2 STATED HE WAS SOUTHBOUND ON S WALNUT ST AND HAD A GREEN LIGHT AS HE WAS CONTINUING THROUGH THE INTERSECTION WHEN V1 ATTEMPTED TO TURN DIRECTLY IN FRONT OF HIM. D2 STATED HE COULD NOT AVOID COLLIDING INTO V1 DUE TO THE CLOSE PROXIMITY OF THE VEHICLES. V1 SUSTAINED DAMAGE TO THE FRONT RIGHT AND RIGHT PASSENGER SIDE. IT WAS TOWED FROM THE SCENE BY RICKS TOWING DUE TO DISABLING DAMAGE. V2 SUSTAINED HEAVY FRONT END DAMAGE AND WAS TOWED FROM THE SCENE BY RICKS TOWING DUE TO DISABLING DAMAGE.
903420859,BLOOMINGTON PD,B1932030,MONROE,PERRY,BLOOMINGTON,8/3/2019,6:10 PM,2,0,0,0,0,,W DIXIE,ST,,,,W DIXIE,S ROGERS,,,,Y,,60,W,39.15664,-86.538592,LOCAL/CITY ROAD,,N,N,URBAN,N,N,N,,DAYLIGHT,CLEAR,DRY,,T-INTERSECTION,STRAIGHT/LEVEL,ASPHALT,OTHER (DRIVER) - EXPLAIN IN NARRATIVE,$10001 TO $25000,RIGHT ANGLE,617,625,Y,N,SROGERSSTWDIXIEST,0,STOP SIGN,"D1 stated he was traveling north on an ally way. D1 stated he was trying to turn west onto W. Dixie St. D1 stated he saw D2 as he pulled out and instead of hitting the break, he hit the gas. D1 stated he ran into the driver side of V2 causing damage to both vehicles.D2 stated she was traveling west on W. Dixie St. On her way to make a delivery. D2 stated D1 ran directly into the driver side of her vehicle causing damage to both vehicles."
903420841,BLOOMINGTON PD,B1932027,MONROE,PERRY,BLOOMINGTON,8/3/2019,5:40 PM,2,0,0,0,0,,3RD,ST,,,,W 3RD,CURRY,,,,Y,,100,E,39.16464,-86.58296865,LOCAL/CITY ROAD,,N,N,URBAN,N,N,N,,DAYLIGHT,CLEAR,DRY,,FOUR-WAY INTERSECTION,STRAIGHT/LEVEL,ASPHALT,FOLLOWING TOO CLOSELY,$2501 TO $5000,REAR END,547,600,Y,N,SCURRYPIKEW3RDST,0,NONE,"D1 stated he was traveling west on W. 3rd St. D1 stated V2 slowed or stopped to let another vehicle into the lane. D1 stated he was unable to stop in time and the front of his vehicle collided with the rear of V2 causing damage to V2.D2 stated he was traveling west on W. 3rd St. D2 stated he slowed to allow a vehicle into his lane of traffic. D2 stated as he slowed, V1 collided with the rear of his vehicle causing damage to it."
903422805,MONROE SD,M19A25340,MONROE,VAN BUREN,BLOOMINGTON,8/3/2019,9:38 PM,1,0,0,0,1,,CURRY,PIKE,,,,CURRY,CONSTITUTION,,,,N,,50,S,39.14598458,-86.58262,COUNTY ROAD,,N,N,URBAN,Y,N,N,,DARK (NOT LIGHTED),CLEAR,DRY,,NO JUNCTION INVOLVED,STRAIGHT/LEVEL,ASPHALT,ANIMAL/OBJECT IN ROADWAY,$2501 TO $5000,COLLISION WITH ANIMAL OTHER,950,1005,Y,N,CONSTITUTIONAVECURRYPIKE,0,NONE,D-1 stated he was traveling south on Curry pike when a deer entered D-1's lane of travel at which time V-1 struck the deer.