Master Record Number,Agency,Local Code,County,Township,City,Collision Date,Collision Time,Vehicles Involved,Trailers Involved,Number Injured,Number Dead,Number Deer,House Number,Roadway Name,Roadway Suffix,Roadway Number,Roadway Interchange,Roadway Ramp,Roadway Id,Intersecting Road,Intersecting Road Number,Mile Marker,Interchange,Corporate Limits?,Property Type,Feet From,Direction,Latitude,Longitude,Roadway Class,Traffic Control Devices?,Aggressive Driving?,Hit and Run?,Locality,School Zone?,Rumble Strips?,Construction?,Construction Type,Light Condition,Weather Conditions,Surface Condition,Type of Median,Roadway Junction Type,Road Character,Roadway Surface,Primary Factor,Damage Estimate,Manner of Collision,Time Notified,Time Arrived,Investigation Complete?,Photos Taken?,Unique Location Id,State Property Damage?,Traffic Control,NARRATIVE
903420763,INDIANA UNIV BLOOMINGTON PD,191535,MONROE,BLOOMINGTON,BLOOMINGTON,8/3/2019,2:08 PM,2,0,0,0,0,,THIRD,ST,,,,THIRD,SWAIN,,,,Y,,,,39.16425,-86.51526,LOCAL/CITY ROAD,,N,N,URBAN,N,N,N,,DAYLIGHT,CLEAR,DRY,,NO JUNCTION INVOLVED,STRAIGHT/LEVEL,ASPHALT,UNSAFE LANE MOVEMENT,$1001 TO $2500,SAME DIRECTION SIDESWIPE,209,215,Y,N,SWAINAVETHIRDST,0,NONE,D1 advised he was driving V1 west bound on Third Street near the intersection of Third Street and Swain Avenue. D1 advised he was in the right lane of Third Street when he began to merge into the left lane. D1 advised when he merged V1 into the left lane V1 crashed into V2. D1 advised he did not see V2 prior to the crash.D2 advised he was driving V2 west bound on Third Street near the intersection of Third Street and Swain Avenue. D2 advised he was in the left lane when V1 merged from the right lane into the left lane and crashed into V2.Third Street is west bound only in the area the crash occurred.
903421135,ELLETTSVILLE PD,E1904191,MONROE,RICHLAND,ELLETTSVILLE,8/3/2019,10:52 AM,2,0,0,0,0,,,,SR46W,,,SR46W,HARTSTRAIT,,,,Y,,1500,E,39.22766,-86.61606992,STATE ROAD,,N,N,URBAN,Y,N,N,,DAYLIGHT,CLEAR,DRY,,NO JUNCTION INVOLVED,STRAIGHT/GRADE,ASPHALT,FAILURE TO YIELD RIGHT OF WAY,$1001 TO $2500,RIGHT ANGLE,1044,1056,Y,Y,HARTSTRAITRDSR46W,0,LANE CONTROL,Driver one attempted to pull out and travel west on Indiana State Road 46 and struck vehicle number 2 in the passenger front corner panel. Drive one stated that Driver 2 was driving with the left turn signal on and he thought she was going to turn into the parking lot but did not. Both vehicles made contact with minor damage. There is no diagram vehicles moved prior to arrival.
903421333,MONROE SD,M19A25331,MONROE,BEAN BLOSSOM,BLOOMINGTON,8/3/2019,7:32 PM,2,0,1,0,0,,ALLEN,ST,,,,ALLEN,ADAMS,,,,N,,,,39.155952,-86.550592,LOCAL/CITY ROAD,,N,N,RURAL,N,N,N,,DAYLIGHT,CLEAR,DRY,,FOUR-WAY INTERSECTION,STRAIGHT/HILLCREST,ASPHALT,FAILURE TO YIELD RIGHT OF WAY,$10001 TO $25000,RIGHT ANGLE,734,738,Y,N,ADAMSSTALLENST,0,STOP SIGN,"UNIT 1 WAS TRAVELING WEST ON ALLEN ST AND DID NOT SEE A STOP SIGN LOCATED AT THE INTERSECTION OF ALLEN AND ADAMS. UNIT 2 WAS TRAVELIING SOUTH ON ADAMS AND WAS PROCEEDING INTO THE INTERSECTION WHEN THE TWO UNITS COLLIDED. IT WAS STATED ON SCENE THAT UNIT 1 DID NOT SEE THE STOP SIGN, THERE FOR DID NOT STOP AT IT."
903423090,ISP BLOOMINGTON 33,2019-00269653,MONROE,RICHLAND,ELLETTSVILLE,8/3/2019,2:02 PM,1,0,1,0,0,,,,SR46,,,SR46,GRANT,,,,Y,OTHER,10,N,39.23931943,-86.629445,STATE ROAD,,N,N,URBAN,N,N,N,,DAYLIGHT,CLEAR,DRY,,INTERCHANGE,STRAIGHT/HILLCREST,ASPHALT,RAN OFF ROAD RIGHT,$10001 TO $25000,RAN OFF ROAD,203,203,Y,Y,GRANTSTSR46,0,LANE CONTROL,"At the location where the crash took place, State Road 46 is a four lane, two way road that is split by a grassy/curbed median that runs primarily east and west. West and east bound SR 46 are split by the median, but at the location of the crash there is a lane that runs south where west bound SR 46 (and south bound Grant St.) can turn to go east on to SR 46. At the time of the crash it was clear outside, the roadway was dry, and traffic was moderate. Vehicle 1, a 2005 Chevy Silverado, was traveling west on SR 46 approaching the Grant St. intersection. As V1 attempted to travel south onto the Grant St. and turn around, V1 lost control. V1 continued east over the curb, into the grass median, and into a tree. After deflecting off the tree V1, was forced eastwards in the median. V1 finally came to a stop against some street signs located in the median facing east. Driver 1, Eric Richardson, stated he was traveling west on SR 46 getting ready to turn south onto Grant St. D1 said he tried to apply his brake but that when he stepped on brake pedal vehicle began to accelerate. D1 stated he was unable to get his vehicle to stop or slow down before his truck continued westward over the curb and into the grass median. D1 said he never lost consciousness after hitting tree with his truck. Evidence shows heavy damage to front of truck. Evidence shows heavy damage to tree. Evidence shows damage to street sign.**On arrival to the scene of the crash, D1 showed several signs of intoxication from alcohol and possibly narcotics. After going through some standard field sobriety testing D1 consented to take a blood draw. That blood is being analyzed by the State Police Lab. Charges will be filled at a later date."
903420691,BLOOMINGTON PD,B1931976,MONROE,PERRY,BLOOMINGTON,8/3/2019,10:00 AM,2,0,0,0,0,,3RD,ST,,,,W 3RD,GATES,,,,Y,,,,39.16459,-86.5762,LOCAL/CITY ROAD,Y,N,N,URBAN,N,N,N,,DAYLIGHT,CLEAR,DRY,,FOUR-WAY INTERSECTION,STRAIGHT/LEVEL,ASPHALT,UNSAFE LANE MOVEMENT,$2501 TO $5000,LEFT/RIGHT TURN,1002,1011,Y,N,NGATESDRW3RDST,0,TRAFFIC CONTROL SIGNAL,"D1 STATED HE WAS FACING SOUTH ON N. GATES DR. D1 STATED HE TURNED EAST ONTO W 3RD ST. AND BEGAN TO MERGE INTO THE TURN LANE TO TRAVEL SOUTH ON I-69. D1 STATED AS HE MERGED, HE NOTICED D2 IN HIS PASSENGER MIRROR. D1 STATED HE NOTICED HER TOO LATE AND HIS VEHICLE COLLIDED WITH V2 CAUSING DAMAGE TO BOTH. D1 STATED HE IS UNSURE WHERE V2 CAME FROM AS HE WAS IN THE MOST OUTSIDE TURN LANE. D1 SPECULATED D2 EITHER RAN A RED LIGHT OR CAME FROM ANOTHER DIRECTION.D2 STATED SHE WAS FACING SOUTH ON N. GATES DR. D2 STATED SHE TURNED EAST ONTO W 3RD ST. D2 STATED D1 THEN CAME INTO HER LANE AND V1 HIT HER VEHICLE CAUSING DAMAGE TO BOTH. D2 WAS UNABLE TO GIVE SPECIFICS ABOUT WHICH LANE SHE TURNED INTO AND HOW THE TWO VEHICLES MADE CONTACT."
903421197,BLOOMINGTON PD,B1932134,MONROE,BLOOMINGTON,BLOOMINGTON,8/4/2019,1:06 PM,2,0,0,0,0,1692,BLOOMFIELD,RD,,,,W BLOOMFIELD,,,,,Y,,,,39.15620883,-86.56212733,LOCAL/CITY ROAD,,N,N,URBAN,N,N,N,,DAYLIGHT,CLEAR,DRY,,NO JUNCTION INVOLVED,STRAIGHT/LEVEL,ASPHALT,DRIVER DISTRACTED - EXPLAIN IN NARRATIVE,$1001 TO $2500,REAR END,106,115,Y,Y,WBLOOMFIELDRD,0,NONE,"V2 was parked unoccupied on private DR at 1692 W Bloomfield RD. V1 was facing N/B on private DR at 1692 W Bloomfield DR occupied by D1. D1 rear ended V2 while parked.D1 advised that he had pulled onto private Dr at 1692 W Bloomfield RD. D1 advised that while attempting to reverse into a parking spot, his foot hit the accelerator while V1 was in drive. D1 advised that V1 struck V2 causing damage to the rear end. V2 was unoccupied and the owner was notified of the accident. It should be noted that both vehicles had minor damage"
903421300,BLOOMINGTON PD,B1932143,MONROE,PERRY,BLOOMINGTON,8/4/2019,2:49 PM,2,0,0,0,0,3205,,,SR45,,,W STATE ROAD 45,,,,,Y,,,,39.148448,-86.573,UNKNOWN,,N,N,URBAN,N,N,N,,DAYLIGHT,CLEAR,DRY,,T-INTERSECTION,STRAIGHT/LEVEL,ASPHALT,FAILURE TO YIELD RIGHT OF WAY,$2501 TO $5000,LEFT TURN,251,302,Y,N,WSTATEROAD45RD,0,NONE,V2 WAS TRAVELING NB THROUGH THE PARKING LOT OF 3205 W ST RD 45. D2 ADVISED V1 ATTMEPTED A LEFT TURN NE OUT OF THE PARKING LOT AND STUCK V2 ON THE DRVIER SIDE. V1 WAS TAKING A LEFT HAND TURN OUT OF THE PARKING LOT. D1 ADVISED THEY LOOKED LEFT BUT DID NOT LOOK RIGHT AND PULLED OUT. V1 STRUCK V2 ON THE DRIVER SIDE. THE FRONT PASSENGER SIDE OF V1 WAS DAMAGED. BOTH VEHICLES WERE DRIVEN FROM SCENE.
903425724,BLOOMINGTON PD,B1932112,MONROE,PERRY,BLOOMINGTON,8/4/2019,10:26 AM,2,0,0,0,0,,SARE,RD,,,,SARE,CANADA,,,,Y,,,,39.12659,-86.50431,LOCAL/CITY ROAD,,N,N,URBAN,N,N,N,,DAYLIGHT,CLEAR,DRY,,FOUR-WAY INTERSECTION,STRAIGHT/GRADE,ASPHALT,FOLLOWING TOO CLOSELY,$5001 TO $10000,REAR END,1029,1034,Y,N,CANADADRSARERD,0,STOP SIGN,"Vehicle 2 was stopped at a stop sign while traveling Southbound on Sare Road at the Canada Drive intersection. Vehicle 1 was directly behind Vehicle 2, traveling Southbound on Sare Road approaching the Canada Drive intersection. Vehicle 1 rear-ended Vehicle 2.Driver 1 stated that he was looking at his GPS, which caused him to be delayed applying the brakes. Driver 2 stated that she was stopped when Vehicle 1 rear ended Vehicle 2."
903422808,MONROE SD,M19A25429,MONROE,SALT CREEK,BLOOMINGTON,8/4/2019,7:29 PM,1,0,0,0,0,4380,,,SR446S,,,SR446S,,,,,N,,,,39.135648,-86.462248,STATE ROAD,,N,N,RURAL,N,N,N,,DAYLIGHT,CLEAR,LOOSE MATERIAL ON ROAD,,NO JUNCTION INVOLVED,NON-ROADWAY CRASH,GRAVEL,RAN OFF ROAD RIGHT,UNDER $1001,RAN OFF ROAD,729,741,Y,N,SR446S,0,NONE,"ARRIVED TO A CALL AT 4380 S SR 446 BLOOMINGTON, IN 47401 TO FIND A CAR HALF WAY DOWN THE DRIVEWAY OFF THE DRIVEWAY ON THE SB SIDE. SPOKE TO ALEC TORRES WHO STATED HE WAS THE DRIVER OF THE VEHICLE, IT WAS HIS MOTHER'S VEHICLE AND ADMITTED TO DRINKING ALCOHOL PRIOR TO COMMING TO THAT ADDRESS.VEHICLE WAS TOWED FROM THE SCENE DUE TO MR. TORRES BEING PLACED UNDER ARREST. NO INSURANCE INFO WAS OBTAINED."
903421325,MONROE SD,M19A25414,MONROE,CLEAR CREEK,BLOOMINGTON,8/4/2019,3:06 PM,2,0,0,0,0,9200,OLD IN 37,RD,,,,S OLD IN 37,,,,,N,,,,39.014,-86.541059,UNKNOWN,,N,N,RURAL,N,N,N,,DAYLIGHT,CLEAR,DRY,,NO JUNCTION INVOLVED,STRAIGHT/LEVEL,CONCRETE,OTHER (DRIVER) - EXPLAIN IN NARRATIVE,$2501 TO $5000,SAME DIRECTION SIDESWIPE,308,325,Y,N,SOLDIN37RD,0,NONE,D1 stated she was diving between v2 and a fuel pump when D2 opened her drivers door into her vehicle (v1).D2 stated her drivers door was already open and D1 drove straight into it.
903421288,BLOOMINGTON PD,B1932156,MONROE,PERRY,BLOOMINGTON,8/4/2019,5:35 PM,2,0,1,0,0,3216,ACADIA,CT,,,,S ACADIA,,,,,Y,,,,39.13433167,-86.51939167,LOCAL/CITY ROAD,,Y,Y,URBAN,N,N,N,,DAYLIGHT,CLEAR,DRY,,FOUR-WAY INTERSECTION,CURVE/GRADE,CONCRETE,OTHER (DRIVER) - EXPLAIN IN NARRATIVE,$2501 TO $5000,RIGHT TURN,539,546,N,Y,SACADIACT,0,NONE,"D2 stated he was traveling southbound on 3216 S. Acadia Court. D2 stated his passenger, whom is the injured party, asked him to make a right turn to park in front of an apartment. D2 stated when making the right turn to head westbound his passenger jumped out of the car. D2 stated as soon as his passenger jumped out he was struck by V1 on the passenger side. V1 then fled the scene of the accident. The passenger of V2 did sustain serious bodily injuries to his upper left leg, and was transported by EMS to the hospital. There is a local investigation being conducted. Please see case # B19 32156 for more information on this."
903421148,BLOOMINGTON PD,B1932100,MONROE,BLOOMINGTON,BLOOMINGTON,8/4/2019,7:58 AM,2,0,0,0,0,,W STATE ROAD 45 46,BYP,,,,W STATE ROAD 45 46,N KINSER,,,,Y,,,,39.186544,-86.537888,LOCAL/CITY ROAD,Y,N,Y,URBAN,N,N,N,,DAYLIGHT,CLEAR,DRY,,FOUR-WAY INTERSECTION,STRAIGHT/LEVEL,ASPHALT,UNSAFE BACKING,$2501 TO $5000,BACKING CRASH,758,809,Y,Y,NKINSERPIKEWSTATEROAD4546BYP,0,TRAFFIC CONTROL SIGNAL,"D2 stated that he was traveling eastbound on State Road 45 46 Bypass stopped at the N Kinser Pike intersection. D2 stated that a yellow Dodge pickup truck, V1, was stopped at the stoplight in front of him. D2 stated that while stopped at the traffic light, V1 went into reverse and backed into V2, causing damage. D2 stated that V1 then went into drive and left the scene, eastbound on the 45 46 Bypass. D2 could only describe V1 as a yellow Dodge pickup and D1 as wearing a baseball cap. D2 did not have a phone and went to McDonalds at 2300 N Walnut Street to call the police. There the report and photographs were taken. At this time there is no further description or known location of V1 or D1."
903422426,MONROE SD,M19A25476,MONROE,POLK,BLOOMINGTON,8/5/2019,9:26 AM,1,0,1,0,0,,,,SR446S,,,SR446S,E BURGOON CHURCH,,,,N,,200,S,39.05508937,-86.40844554,STATE ROAD,,N,N,RURAL,N,N,N,,DAYLIGHT,CLEAR,DRY,,NO JUNCTION INVOLVED,CURVE/LEVEL,ASPHALT,RAN OFF ROAD RIGHT,$2501 TO $5000,RAN OFF ROAD,929,950,Y,Y,EBURGOONCHURCHRDSR446S,0,LANE CONTROL,"V1 WAS TRAVELING NORTHBOUND ON SOUTH STATE ROAD 446, ENTERED A CURVE SOUTH OF E BURGOON CHURCH ROAD, RAN OFF THE ROAD INTO A DITCH AND HIT A TREE.D1 WAS TRANSPORTED TO IU HEALTH BLOOMINGTON HOSPITAL FOR INJURIES."
903422497,MONROE SD,M19A25479,MONROE,BLOOMINGTON,BLOOMINGTON,8/5/2019,9:57 AM,2,0,0,0,0,,W GOURLEY,PIKE,,,,W GOURLEY,N KINSER,,,,Y,,,,39.185392,-86.537856,LOCAL/CITY ROAD,,N,N,URBAN,N,N,N,,DAYLIGHT,CLEAR,DRY,,FOUR-WAY INTERSECTION,STRAIGHT/LEVEL,ASPHALT,UNSAFE BACKING,$1001 TO $2500,BACKING CRASH,958,958,Y,N,NKINSERPIKEWGOURLEYPIKE,0,STOP SIGN,VEHICLE 1 AND VEHICLE 2 WERE EB ON GOURLEY PIKE AT THE INTERSECTION OF GOURLEY AND KINSER. BOTH VEHICLES WERE STOPPED AT THE STOP SIGN ON THE WEST SIDE OF THE INTERSECTION. DRIVER 1 AND DRIVER 2 BOTH ADVISED A CITY BUS WAS MAKING A TURN FROM KINSER PIKE TO TRAVEL WB ON GOURLEY. DRIVER 1 ADVISED HE STARTED TO BACKUP TO GIVE THE CITY BUS MORE ROOM TO COMPLETE THE TURN AND BACKED INTO VEHICLE 2.DRIVER 2 ADVISED VEHICLE 1 WAS BACKING UP BECAUSE OF THE CITY BUSY AND STRUCK HIS VEHICLE. IT SHOULD BE NOTED I WAS ON PATROL IN THE AREA OF KINSER AND GOURLEY WHEN THE ACCIDENT TOOK PLACE AND I DID OBSERVE A BUS ATTEMPTING TO MAKE THE TURN ONTO GOURLEY FROM KINSER BUT DID NOT OBSERVE THE ACTUAL IMPACT BETWEEN THE VEHICLES TAKE PLACE.
903421969,BLOOMINGTON PD,B1932302,MONROE,BLOOMINGTON,BLOOMINGTON,8/5/2019,3:07 PM,1,0,0,0,0,370,VARSITY,LN,,,,E VARSITY,,,,,Y,PRIVATE,,,39.182976,-86.528416,UNKNOWN,,N,N,URBAN,N,N,N,,DAYLIGHT,CLEAR,DRY,,NO JUNCTION INVOLVED,STRAIGHT/GRADE,ASPHALT,UNSAFE BACKING,$1001 TO $2500,RAN OFF ROAD,307,320,Y,N,EVARSITYLN,0,NONE,Vehicle 1 was in the parking lot 370 E Varsity Ln. Several other vehicles were in the parking lot not properly parked. Driver of vehicle 1 was attempting to backing across the sidewalk and a small section of grass into another parking lot to exit. Driver did not notice the fire hydrant in that area and backed into the hydrant. The top of the hydrant got stuck under the passenger side bumper of the truck. Vehicle 1 has minor damage to the rear passenger side. The hydrant has a piece cracked on the top where the knob to turn on and off is located. The driver called Blands towing to have the vehicle removed from the hydrant. No injuries were reported from this accident.
903421808,BLOOMINGTON PD,B1932273,MONROE,BLOOMINGTON,BLOOMINGTON,8/5/2019,11:00 AM,2,0,0,0,0,2966,E 3RD,ST,,,,E 3RD,,,,,Y,,,,39.16424,-86.49425989,UNKNOWN,,N,Y,URBAN,N,N,N,,DAYLIGHT,CLEAR,DRY,,NO JUNCTION INVOLVED,STRAIGHT/LEVEL,ASPHALT,OTHER (DRIVER) - EXPLAIN IN NARRATIVE,$1001 TO $2500,SAME DIRECTION SIDESWIPE,1214,1228,Y,Y,E3RDST,0,NONE,The owner of vehicle 2 advised that an unknown vehicle struck his parked car while it was parked in the lot at Target. He advised that the vehicle left the scene without providing any information.
903422427,MONROE SD,M19A25492,MONROE,BENTON,BLOOMINGTON,8/5/2019,12:25 PM,1,0,0,0,0,,NORTHSHORE,DR,,,,E NORTHSHORE,GRAY,,,,N,,1500,W,0,0,LOCAL/CITY ROAD,,N,N,RURAL,N,N,N,,DAYLIGHT,CLEAR,DRY,,NO JUNCTION INVOLVED,CURVE/HILLCREST,ASPHALT,ANIMAL/OBJECT IN ROADWAY,UNDER $1001,COLLISION WITH OBJECT IN ROAD,1225,1230,Y,N,ENORTHSHOREDRNGRAYAVE,0,NONE,D1 stated she was traveling west on Northshore Dr. D1 stated she did not see the cable in the roadway. D1 collided with the cable causing damage to her driver side mirror and it falling off.*****************************SUPPLEMENT*****************************************08/09/2019D1 notified MCSO that she provided the wrong registration document at the time of the collision. The report has been amended to show the correct vehicle involved in the collision.
903422809,MONROE SD,M19A25523,MONROE,VAN BUREN,BLOOMINGTON,8/5/2019,4:40 PM,1,0,2,0,0,,W MAY,RD,,,,W MAY,S LEONARD SPRINGS,,,,N,,3400,W,39.09344,-86.591792,LOCAL/CITY ROAD,,Y,N,RURAL,N,N,N,,DAYLIGHT,CLEAR,DRY,,NO JUNCTION INVOLVED,STRAIGHT/HILLCREST,CONCRETE,UNSAFE SPEED,$2501 TO $5000,NON-COLLISION,441,504,Y,N,SLEONARDSPRINGSRDWMAYRD,0,NONE,D1 STATED HE WAS TRAVELING WB ON W MAY RD AT APPROXIMATELY 60-70 MPH. D1 STATED WHEN V1 REACHED THE TOP OF THE HILL IT RAMPED AND WHEN IT CAME DOWN BOTH D1 AND THE PASSENGER IN THE RIGHT FRONT STATED IT HURT THEIR BACKS. THE VEHICLE HAD DAMAGE TO THE FRONT OF THE VEHICLE WHERE IT LANDED AND ALSO DAMAGE TO THE LEFT REAR TO WHERE THE TIRE WAS CANTED IN. BOTH D1 AND PASSENGER WERE TRANSPORTED BY EMS FOR THEIR COMPLAINTS OF BACK PAIN. PRIOR TO D1 BEING TRANSPORTED I DID SMELL THE ODOR OF MARIJUANA EMINATING FROM THE VEHICLE. I ASKED ABOUT IT AND D1 STATED THAT THEY HAD SMOKED AT APPROXIMATELY 1300-1400 HRS. DUE TO COMPLAINTS OF BACK PAIN I DID NOT REMOVE HIM FROM THE VEHICLE BUT DID CONDUCT THE HORIZONTAL GAZE NYSTAGMUS TEST AND LACK OF CONVERGENCE TEST BOTH SHOWED NO DEFINITE SIGNS OF INTOXICATION.
903422143,MONROE SD,M19A25512,MONROE,BLOOMINGTON,BLOOMINGTON,8/5/2019,2:36 PM,2,1,0,0,0,,,,SR46W,,,SR46W,CURRY,,,,N,,,,39.19369,-86.57139,STATE ROAD,Y,N,N,RURAL,N,Y,Y,LANE CLOSURE,DAYLIGHT,CLEAR,DRY,,FOUR-WAY INTERSECTION,STRAIGHT/GRADE,ASPHALT,DRIVER DISTRACTED - EXPLAIN IN NARRATIVE,$5001 TO $10000,REAR END,248,309,Y,N,NCURRYPIKESR46W,0,TRAFFIC CONTROL SIGNAL,"D1 stated he was behind V2 facing westbound on SR 46 when he ""started messing with"" his drink in his cup holder and that is when he rear-ended V2. D2 stated both vehicles were stopped at the light at W SR 46 and N Curry Pike when V1 rear ended the trailer V2 was pulling. D1 also stated the collision caused a wrench to hit the front windshield, creating a crack. There was also damage done to a push mower that was on the trailer."
903422144,MONROE SD,M19A25522,MONROE,PERRY,BLOOMINGTON,8/5/2019,4:40 PM,2,0,0,0,0,,OLD IN 37,RD,,,,S OLD IN 37,ORCHARD,,,,N,,,,0,0,LOCAL/CITY ROAD,,Y,Y,URBAN,N,N,N,,DAYLIGHT,CLEAR,DRY,,T-INTERSECTION,STRAIGHT/LEVEL,ASPHALT,FOLLOWING TOO CLOSELY,$1001 TO $2500,REAR END,442,450,N,N,SOLDIN37RDSORCHARDLN,0,STOP SIGN,"D2 stated he was northbound on Old State Road 37 approaching Orchard lane when he noticed V1 was following him closely and aggressively. Once D2 was passing orchard Lane, he began to slow down for traffic then V1 rear ended his vehicle and continued north on Old State Road 37. D2 stated he does know the driver of V1 and they were having prior civil issues and believes that is the reason D1 was following him.D1 left the scene and was not located after the collision. I have attempted to contact D2 but have not been able to do so at this time."
903427975,MONROE SD,M19A25485,MONROE,VAN BUREN,BLOOMINGTON,8/5/2019,10:24 AM,2,0,0,0,0,1285,S LIBERTY,DR,,,,S LIBERTY,,,,,N,,,,39.145264,-86.577616,UNKNOWN,,N,N,RURAL,N,N,N,,DAYLIGHT,CLEAR,DRY,,NO JUNCTION INVOLVED,STRAIGHT/LEVEL,ASPHALT,FAILURE TO YIELD RIGHT OF WAY,$2501 TO $5000,BACKING CRASH,1032,1032,Y,N,SLIBERTYDR,0,LANE CONTROL,"V1 was parked in a parking spot facing north at the address of 1285 S. Liberty Drive, Menards. V2 was traveling westbound through the parking lot directly behind V1. V1 did not see V2 and backed up southbound and struck V2 in the passenger side of the vehicle."
903421935,BLOOMINGTON PD,B1932280,MONROE,PERRY,BLOOMINGTON,8/5/2019,1:03 PM,2,0,0,0,0,1175,S COLLEGE MALL,RD,,,,S COLLEGE MALL,,,,,Y,,,,39.15412578,-86.49786768,UNKNOWN,,N,Y,URBAN,N,N,N,,DAYLIGHT,CLEAR,DRY,,NO JUNCTION INVOLVED,STRAIGHT/LEVEL,ASPHALT,OTHER (DRIVER) - EXPLAIN IN NARRATIVE,$2501 TO $5000,RIGHT ANGLE,101,112,Y,Y,SCOLLEGEMALLRD,0,NONE,V1 was traveling northwest in the parking lot outside of the business when it made contact with V2 which was parked and facing west. V1/D1 statement was unavailable at time of report as result of police action. V2 was parked and unoccupied. V1 sustained damaged to the front left portion of the vehicle and was towed as result of police action. V2 sustained damage to the rear left 1/4 panel area. W1 stated he was in the parking lot and witnessed V1 collide into V2. W1 stated he then followed the vehicle on foot as it exited the parking lot. W1 also stated the driver of the vehicle appeared to be disoriented and confused.
903422109,BLOOMINGTON PD,B1932334,MONROE,PERRY,BLOOMINGTON,8/5/2019,6:00 PM,2,0,0,0,0,,SARE,RD,,,,S SARE,CANADA,,,,Y,,100,S,39.11602582,-86.50431,LOCAL/CITY ROAD,,N,N,URBAN,N,N,N,,DAYLIGHT,CLEAR,DRY,,T-INTERSECTION,STRAIGHT/GRADE,ASPHALT,OTHER (DRIVER) - EXPLAIN IN NARRATIVE,$5001 TO $10000,RIGHT ANGLE,602,610,Y,N,ECANADADRSSARERD,0,STOP SIGN,D1 stated he was pulling out of 3802 S. Sare Rd. And attempting to turn south onto S. Sare Rd. D1 stated he looked both directions and did not see another vehicle. D1 stated as he pulled into the roadway the front of his vehicle collided with the passenger side of V2 causing damage to both vehicles.D2 stated he was traveling south on S. Sara Rd. D2 stated he did not see V1 until D1 ran into the passenger side of his vehicle causing damage to both vehicles.
903422145,MONROE SD,M19A25534,MONROE,INDIAN CREEK,BLOOMINGTON,8/5/2019,7:19 PM,1,0,1,0,0,,S BREEDEN,RD,,,,S BREEDEN,W GRAVES,,,,N,OTHER,3000,N,39.058176,-86.671264,LOCAL/CITY ROAD,,N,N,RURAL,N,N,N,,DAWN/DUSK,CLEAR,DRY,,NO JUNCTION INVOLVED,CURVE/GRADE,ASPHALT,RAN OFF ROAD RIGHT,$5001 TO $10000,RAN OFF ROAD,723,737,Y,N,SBREEDENRDWGRAVESRD,0,NO PASSING ZONE,"D1 stated all she could remember was she was driving northbound on Breeden Road when she ran off the roadway and hit an embankment and flipped the vehicle.Marks at the scene indicate V1 partially ran off the road just before the curve then re-entered the roadway before going left of center, running off the roadway and colliding with a guard rail. V1 then went back across the road before running off the roadway and hitting an embankment before overturning."
903422490,BLOOMINGTON PD,B1932446,MONROE,PERRY,BLOOMINGTON,8/6/2019,12:00 PM,2,0,0,0,0,1175,S COLLEGE MALL,RD,,,,S COLLEGE MALL,,,,,Y,,,,39.15412578,-86.49786768,UNKNOWN,,N,N,URBAN,N,N,N,,DAYLIGHT,CLOUDY,DRY,,FOUR-WAY INTERSECTION,STRAIGHT/LEVEL,ASPHALT,DISREGARD SIGNAL/REG SIGN,$5001 TO $10000,RIGHT ANGLE,1208,1212,Y,N,SCOLLEGEMALLRD,0,STOP SIGN,V1 was WB in the Kroger Jackson Creek parking lot. V2 was SB in the Kroger Jackson Creek parking lot. V2 had come to a stop at a 4 way stop and V1 was approaching the same 4 way stop. V1 disregarded the stop sign and entered the intersection and collided with V2. V2 struck V1 in the passenger side with the front of her vehicle causing damage to both vehicles. D1 stated that she did not see the stop sign and drove into the intersection and was hit by V2.D2 stated she had stopped at her stop sign and then proceeded into the intersection and struck V1.
903426772,BLOOMINGTON PD,B1932498,MONROE,PERRY,BLOOMINGTON,8/6/2019,4:10 PM,2,0,0,0,0,,PATTERSON,DR,,,,S PATTERSON,ADAMS,,,,Y,,60,S,39.15807036,-86.55188,LOCAL/CITY ROAD,,N,Y,URBAN,N,N,N,,DAYLIGHT,CLEAR,DRY,,NO JUNCTION INVOLVED,STRAIGHT/LEVEL,ASPHALT,UNSAFE BACKING,$2501 TO $5000,BACKING CRASH,420,433,Y,Y,SADAMSSTSPATTERSONDR,0,NONE,D1 is unknown.D2 stated he was traveling north on S. Patterson Dr. D2 stated a vehicle was backing up from The Dillion apartment complex. D2 stated the unknown vehicle backed into the passenger side of his vehicle causing damage.
903426771,BLOOMINGTON PD,B1932443,MONROE,PERRY,BLOOMINGTON,8/6/2019,11:50 AM,2,0,0,0,0,700,S WALNUT,ST,,,,S WALNUT,,,,,Y,,,,39.158448,-86.5336,UNKNOWN,,N,Y,URBAN,N,N,N,,DAYLIGHT,CLEAR,DRY,,NO JUNCTION INVOLVED,STRAIGHT/LEVEL,ASPHALT,UNSAFE BACKING,$1001 TO $2500,OTHER - EXPLAIN IN NARRATIVE,1156,1205,Y,Y,SWALNUTST,0,NONE,D1 is unknown.D2 stated her car was parked at 700 S. Walnut St. D2 stated she exited the business and noticed damage to her vehicle. After reviewing camera footage it was determined the damage didn't occur at this location. The location the damage occurred is unknown.
903422930,INDIANA UNIV BLOOMINGTON PD,191551,MONROE,BLOOMINGTON,BLOOMINGTON,8/6/2019,3:55 PM,2,0,0,0,0,2815,10TH,ST,,,,EAST 10TH,,,,,Y,,,,39.17161826,-86.5006487,UNKNOWN,,N,N,URBAN,N,N,N,,DAYLIGHT,CLEAR,DRY,,NO JUNCTION INVOLVED,CURVE/LEVEL,ASPHALT,IMPROPER PASSING,$1001 TO $2500,SAME DIRECTION SIDESWIPE,401,415,Y,N,EAST10THST,0,NONE,"V2 was parked on the north side of Stone Belt located at 2815 E. 10th Street. V1 was parked directly behind V2 and drove northeast to pass V2.W1 stated that he was walking at the front of V2. He stated that V1 drove past V2 and as the vehicle turned left to turn around the parking lot, the rear passenger side bumper of V1 collided with the driver side rear bumper of V2.V1 and D1 were not on scene during the initial call. I was able to locate V1 and D1 later at the Area 10 Agency on Learning located at 631 W. Edgewood Drive in Ellettsville.D1 stated that he was driving V1 and drove away from the loading zone. He stated that he passed V2 and began to turn left the rear passenger side bumper of V1 collided with the rear driver side bumper of V2.There were no injuries. There was minor damage to the rear driver side bumper of V2 and to the rear passenger side bumper of V1."
903422307,BLOOMINGTON PD,B1932419,MONROE,BLOOMINGTON,BLOOMINGTON,8/6/2019,8:10 AM,2,0,0,0,0,601,2ND,ST,,,,W 2ND,,,,,Y,,,,39.16025,-86.54012,UNKNOWN,,N,N,URBAN,N,N,N,,DAYLIGHT,CLEAR,DRY,,NO JUNCTION INVOLVED,STRAIGHT/GRADE,ASPHALT,OTHER (DRIVER) - EXPLAIN IN NARRATIVE,$2501 TO $5000,SAME DIRECTION SIDESWIPE,810,820,Y,N,W2NDST,0,NONE,"DRIVER OF VEHICLE 1 STATED HE WAS IN THE PARKING LOT OF 601 W 2ND ST. AS HE TURNED LEFT INTO A PARKING SPACE, HIS FOOT SLIPPED OFF THE BRAKE. V1 COLLIDED WITH V2 IN A PARKING SPACE. OWNER OF VEHICLE 2 STATED SHE WAS SITTING IN V2 IN A PARKING SPACE ON THE LOT 0F 601 W 2ND, WHEN V1 COLLIDED WITH V2."