Master Record Number,Agency,Local Code,County,Township,City,Collision Date,Collision Time,Vehicles Involved,Trailers Involved,Number Injured,Number Dead,Number Deer,House Number,Roadway Name,Roadway Suffix,Roadway Number,Roadway Interchange,Roadway Ramp,Roadway Id,Intersecting Road,Intersecting Road Number,Mile Marker,Interchange,Corporate Limits?,Property Type,Feet From,Direction,Latitude,Longitude,Roadway Class,Traffic Control Devices?,Aggressive Driving?,Hit and Run?,Locality,School Zone?,Rumble Strips?,Construction?,Construction Type,Light Condition,Weather Conditions,Surface Condition,Type of Median,Roadway Junction Type,Road Character,Roadway Surface,Primary Factor,Damage Estimate,Manner of Collision,Time Notified,Time Arrived,Investigation Complete?,Photos Taken?,Unique Location Id,State Property Damage?,Traffic Control,NARRATIVE
903422713,INDIANA UNIV BLOOMINGTON PD,191552,MONROE,PERRY,BLOOMINGTON,8/6/2019,9:00 AM,2,0,0,0,0,744,3RD,ST,,,,E 3RD,,,,,Y,,,,39.16442667,-86.52508089,UNKNOWN,,N,N,URBAN,N,N,N,,DAYLIGHT,CLOUDY,DRY,,NO JUNCTION INVOLVED,STRAIGHT/LEVEL,ASPHALT,OTHER (VEHICLE) - EXPLAIN IN NARRATIVE,UNDER $1001,REAR END,509,514,Y,Y,E3RDST,0,NONE,"Upon my arrival vehicle 1 and 2 were parked stationary in the parking lot. V2 was parked in front of V1. Both vehicles were facing southbound. There was a small space between V1 and V2 where neither vehicle was touching one another when I arrived.Primary Cause (explain in narrative) Driver 1 said she pulled forward to park V1 and did not feel V1 bump V2 in the rear. Driver 1 said she arrived around 9am and V2 was already parked unattended in the parking space in front of her. D1 said she pulled into the parking space directly behind V2 to park. D1 said she knew she was close to V2 with V1, but did not think she bumped the rear of V2 with V1 because she did not feel anything. D1 said when she came outside at around 5pm from her work day the owner of V2 told her they observed V1 front bumper touching the rear bumper of V2. D1 said she never left the area once she parked V1 this morning. There was no damage observed to V1.Owners of V2 (Kimberly and Jason Wood) Kimberly said she and her husband Jason arrived to the parking lot at 0745am-8am this morning and she pulled through the parking space to park like they always do. Kimberly said the only vehicle near them was the next parking space over the their left when they arrived. Kimberly said she and her husband Jason never left through out the day so the vehicle had been parked in the same spot since they arrived this morning to go to work. Kimberly said when they came out to leave to go home for the work day they observed the front bumper of V1 was nudged against rear bumper of V2. There was very minimal damage observed the bumper of V2. When looking at how V1 and V2 were positioned and aligned, it appeared V1 could have bumped V2 causing minor damage to the rear bumper of V2. Photos of the vehicles were taken and available. I was unable to locate any video footage for this incident."
903425660,INDIANA UNIV BLOOMINGTON PD,191557,MONROE,BLOOMINGTON,BLOOMINGTON,8/7/2019,4:30 PM,2,0,0,0,0,1601,E LAW,LN,,,,E LAW,,,,,Y,,,,39.17297448,-86.51331469,UNKNOWN,,N,Y,URBAN,N,N,N,,DAYLIGHT,CLEAR,DRY,,NO JUNCTION INVOLVED,STRAIGHT/LEVEL,ASPHALT,IMPROPER TURNING,$1001 TO $2500,LEFT/RIGHT TURN,539,546,Y,N,ELAWLN,0,NONE,V2 was parked in the SRSC parking lot near the loading dock facing south. V1 is unknown. O2 stated he went to the SRSC at approximately 1630 hours to work out and parked his vehicle in the loading dock of the SRSC. V2 was facing south in the parking space. O2 stated he did not remember what vehicle was parked next to him. O2 stated he returned from the SRSC at approximately 1730 hours and noticed that his front passenger side fender was damaged.I observed damage to the front passenger side fender. O2 stated he did not have any information about the offending vehicle. There are no cameras located outside the SRSC facing the loading dock parking lot.
903423173,BLOOMINGTON PD,B1932605,MONROE,BLOOMINGTON,BLOOMINGTON,8/7/2019,11:00 AM,2,0,0,0,0,2850,E 3RD,ST,,,,E 3RD,,,,,Y,,,,39.16424,-86.49491784,UNKNOWN,,N,N,URBAN,N,N,N,,DAYLIGHT,CLEAR,DRY,,NO JUNCTION INVOLVED,STRAIGHT/LEVEL,ASPHALT,UNSAFE BACKING,$2501 TO $5000,BACKING CRASH,1100,1114,Y,N,E3RDST,0,NONE,"D1 stated that he was backing out of a parking space, going southeast, when he struck V2 as it was traveling behind V1. D1 stated that he did not look behind him and see V2.D2 stated that she was going west down the parking lot isle looking for a parking spot, when V2 was suddenly struck by V1 backing out. D2 stated that she did not notice V1 backing out. D1 unsafely backed V1 out of a parking spot, resulting in a collision with V2."
903424239,ISP BLOOMINGTON 33,2019-00274517,MONROE,BLOOMINGTON,BLOOMINGTON,8/7/2019,11:25 AM,2,0,0,0,0,,PETE ELLIS,DR,,,,PETE ELLIS,E 3RD,,,,Y,,,,39.16424,-86.495088,LOCAL/CITY ROAD,Y,N,N,URBAN,N,N,N,,DAYLIGHT,CLEAR,DRY,,T-INTERSECTION,STRAIGHT/LEVEL,ASPHALT,FAILURE TO YIELD RIGHT OF WAY,$2501 TO $5000,SAME DIRECTION SIDESWIPE,1127,1233,Y,N,E3RDSTPETEELLISDR,0,TRAFFIC CONTROL SIGNAL,"Pete Ellis Dr. is a two lane, two way road that runs primarily north and south. East 3rd St. is a four lane, two way road that runs primarily east and west. The intersection where those roads meet is operated by a fully functional traffic light. At the time of the crash, it was daylight, the roadway was dry, and the traffic was heavy. Vehicle 1, a 1999 International truck (INDOT Attenuator), was traveling in the right turn lane from south Pete Ellis Dr. to east SR 46. Vehicle 2, a 2004 green Mazda 6, was sitting in traffic (at the light) in the left lane of Pete Ellis Dr. V2 getting ready to turn west onto SR 46. V1 made a wide right hand turn to go east on SR 46 and side swiped the passenger side of V2. Both vehicles came to a control stopped in the intersection, but moved to a close by parking lot before law enforcement arrived on scene. Driver 1, Kenneth Stout, stated he was traveling south on Pete Ellis Dr. attempting to turn east on SR 46. D1 told me that while he attempted to turn right he side swiped V2, which was sitting in traffic in the left turn lane, with the rear driver side of his attenuator. D1 said after hitting the car he pulled his vehicle into the parking lot located at the north east corner of the intersection to exchange information with the driver of V2. Driver 2, Janet McCoy, told me she was sitting facing south on Pete Ellis Dr. in the left lane at the stop light of the SR 46 intersection preparing to turn east onto SR 46. D2 told me that while she was sitting in traffic V1 side swiped the passenger side of her car with the rear driver side of the truck. D2 told me that after the hit she followed V1 into the parking lot to exchange information. Evidence shows damage to the whole passenger side of V2. Evidences shows no damage to V1. Evidence shows traffic was heavy at the time of the crash."
903424238,ISP BLOOMINGTON 33,2019-00274504,MONROE,BLOOMINGTON,BLOOMINGTON,8/7/2019,11:00 AM,2,0,0,0,0,,,,SR46,,,SR46,CURRY,,,,N,,,,39.19369,-86.57139,STATE ROAD,,N,N,RURAL,N,N,B,,DAYLIGHT,CLEAR,DRY,,FOUR-WAY INTERSECTION,STRAIGHT/LEVEL,ASPHALT,FAILURE TO YIELD RIGHT OF WAY,$1001 TO $2500,REAR END,1103,1118,Y,N,CURRYPIKESR46,0,LANE CONTROL,"State Road 46 is a four lane, two way road divided by a grass median that runs primarily east and west. Curry Pike is two lane two way road that runs north and south. The intersection is controlled by a fully operational traffic light. At the time of the crash traffic was moderate to heavy. Vehicle 1, a black 2010 Dodge Caliber, was traveling east on SR 46 in the south bound turn lane (onto Curry Pike). Vehicle 2, a light blue Ford Transit Connect Van, was stopped in traffic in the south bound turn lane (onto Curry Pike) just east of the Curry Pike intersection. V1 struck the rear end of V2. Both vehicles came to a controlled stop after the hit. Driver 1, Tae-Min Moony, stated he was traveling West on SR 46 in the south bound turn lane directly behind V2. D1 said he watched as the turn light turned green and other traffic started to merge forward. Seeing this action, D1 said he started to accelerate. D1 said V2 never moved and because of this, D1 struck the rear end of V2. Driver 2, Allen Creel, said he was stopped in traffic in the south bound turn lane from west bound SR 46. D2 told me that while sitting in traffic he felt his van get struck from the rear. D2 told me he was driving and his daughter Angela Creel was sitting in the passenger seat. Evidence shows minor damage to the front bumper of V1. Evidence shows minor damage to the rear bumper of V2. Evidence shows traffic was moderate at the time of the crash. **All individuals involved were checked out by medical personnel who showed up on scene. All individuals were cleared and denied any other medical treatment at the time. Driver 2 and his passenger (Allen Creel and Angela Creel) advised me that they were going to hospital to have back/necks scanned for any injuries they may have obtained during the crash. D2 told me he had prior back issues and wanted to have it checked out for that reason."
903424079,MONROE SD,M19A25785,MONROE,BENTON,BLOOMINGTON,8/7/2019,3:40 PM,2,0,0,0,0,,,,SR46E,,,SR46E,E KINGS,,,,N,,,,39.16664,-86.454992,STATE ROAD,,N,N,RURAL,N,N,N,,DAYLIGHT,CLEAR,DRY,,T-INTERSECTION,CURVE/LEVEL,ASPHALT,INSECURE/LEAKY LOAD,$2501 TO $5000,COLLISION WITH OBJECT IN ROAD,343,405,Y,N,EKINGSRDSR46E,0,STOP SIGN,"D1 stated he was on E Kings Road turning right to go westbound on E SR 46 when an unsecured lawn mower, that was sitting in the bed of V1, fell out of the bed and into the lane of V2.D2 also stated she was eastbound on SR 46 at Kings road when V1 turned on SR 46 and the lawn mower fell into her lane of travel."
903424197,MONROE SD,M19A25831,MONROE,PERRY,BLOOMINGTON,8/7/2019,11:16 PM,1,0,0,0,0,4025,OLD SR 37 (KROGER),RD,,,,S OLD SR 37 (KROGER),,,,,N,PRIVATE,,,39.120117,-86.529363,LOCAL/CITY ROAD,,N,N,URBAN,N,N,N,,DARK (LIGHTED),CLEAR,DRY,,NO JUNCTION INVOLVED,STRAIGHT/LEVEL,ASPHALT,IMPROPER TURNING,$2501 TO $5000,COLLISION WITH OBJECT IN ROAD,1116,1124,Y,Y,SOLDSR37(KROGER)RD,0,NONE,"Driver 1 was attempting to pull into the Kroger fuel station at 4025 South Old State Road 37 in Bloomington, Indiana with vehicle 1 and did not allow enough room for the vehicle's long wheelbase. While turning from the south to the west into the fuel pump stall directly south of the attendant station, vehicle 1's passenger side C-pillar and step side section of the pickup bed collided with a large metal Bloomington Heral Times newspaper stand. The collision caused minor scratching to the passenger side rear door and C-pillar and extensive damage to the front passenger corner of the pickup bed. The newspaper stand door/latch was also damaged and did not function properly after being separated from the pickup truck. Driver 1 voluntarily performed the horizontal gaze nystagmus field sobriety test at the scene and did not display any indicators of alcohol or drug impairment."
903423333,BLOOMINGTON PD,B1932641,MONROE,PERRY,BLOOMINGTON,8/7/2019,3:48 PM,2,0,0,0,0,2211,S HIGH,ST,,,,S HIGH,,,,,Y,,,,39.16304,-86.508288,UNKNOWN,,N,N,URBAN,Y,N,N,,DAYLIGHT,CLEAR,DRY,,NO JUNCTION INVOLVED,STRAIGHT/GRADE,ASPHALT,UNSAFE BACKING,$1001 TO $2500,BACKING CRASH,353,407,Y,N,SHIGHST,0,NONE,"D1 STATED THAT THEY WERE PARKED IN THE PARKING LOT OF CHILDS ELEMNETARY SCHOOL, AND WAS ATTEMPTING TO BACK OUT OF A PARKING SPACE, AT WHICH POINT THE REAR DRIVERS SIDE OF V1 STRUCK THE REAR PASSENGERS SIDE OF V2. D1 STATED SHE DID NOT SEE V2.D2 STATED THEY WERE WAITING IN A LINE OF CARS TO PICK THEIR CHILD UP AT CHILDS ELEMENTARY SCHOOL. D2 STATED THAT THEY OBSERVED V1 BACKING OUT OF A PARKING SPACE WHILE THERE WAS MINIMAL ROOM FOR V1 IN THE LINE OF CARS. D2 STATED THEN V1 BACKED IN TO V2."
903423858,BLOOMINGTON PD,B1932780,MONROE,BLOOMINGTON,BLOOMINGTON,8/8/2019,12:50 PM,2,0,0,0,0,,COLLEGE MALL,RD,,,,COLLEGE MALL,EAST 3RD,,,,Y,,,,39.16424,-86.4984,LOCAL/CITY ROAD,Y,N,Y,URBAN,N,N,N,,DAYLIGHT,CLEAR,DRY,,NO JUNCTION INVOLVED,STRAIGHT/LEVEL,ASPHALT,OTHER (DRIVER) - EXPLAIN IN NARRATIVE,$1001 TO $2500,RIGHT ANGLE,1255,115,Y,Y,COLLEGEMALLRDEAST3RDST,0,TRAFFIC CONTROL SIGNAL,Unit#2 stated she was stopped in traffic preparing to head N/B on College Mall road. Unit#2 stated traffic was heavy. Unit#2 stated Unit#1 then cut in front of Unit#2 thus hitting Unit#2. Unit#2 stated Unit#1 then took off after hitting the bus. Unit#1 later crashed into another vehicle.
903424093,INDIANA UNIV BLOOMINGTON PD,191563,MONROE,BLOOMINGTON,BLOOMINGTON,8/8/2019,8:02 PM,2,0,1,0,0,,,,SR46,,,SR46,17TH,,,,Y,,,,39.17984,-86.507088,STATE ROAD,Y,N,N,URBAN,N,N,N,,DAWN/DUSK,RAIN,WET,,T-INTERSECTION,STRAIGHT/LEVEL,ASPHALT,FAILURE TO YIELD RIGHT OF WAY,$5001 TO $10000,LEFT TURN,805,808,Y,N,EAST17THSTSR46,0,TRAFFIC CONTROL SIGNAL,"D1 was in the West most lane, facing north, attempting to turn left onto 17th Street from State Road 45/46. D2 was headed south in the east most lane on State Road 45/46. D1 stated she was attempting to make a left turn coming off of State Road 45/46 to drive west on 17th Street. D1 stated that she began turning as the light turned yellow. After she started turning, she realized she should not have because she saw V2 coming the opposite direction. D1 stated she was then struck on the passenger side on the rear of her vehicle. D1 stated that after being struck she could not move her car and exited the vehicle. D1 had a minor cut on her left hand that had some light bleeding. There was visible damage to the entire rear of the vehicle. The glass on the back windshield was destroyed and the entire trunk and bumper area were severely damaged. The rear passenger side next to the back tire was seriously dented, and the passenger side airbags were deployed. D1 stated that D2 did not slow down as she turned, but the crash was her fault.D2 stated he was driving south on State Road 45/46 when D1 pulled out in front of him trying to turn onto 17th Street as the light turned yellow. D2 stated he attempted to swerve and slow down, but was unable to get out of the way and struck V1. D2 stated that V2 shut off as soon as he hit V1. V2 was damaged only on the front passenger side of the vehicle with a large dent. D2 stated that he had his headlights on due to the inclement weather. D2 stated he was traveling 40 miles per hour prior to the crash but attempted to slow down and believed he was going 35 miles per hour at the point of impact. D2 stated that the front bumper had fallen off previously and he had put it back on with bungee cords. During the crash, the bumper again fell off. D2 was not injured. D2 did not have proof of insurance and was unable to obtain insurance information from the owner of V2. D2 was issued a citation for operating without insurance.V1 and V2 were both towed by Bland's due to disabling damage."
903425287,MONROE SD,M19A25967,MONROE,VAN BUREN,BLOOMINGTON,8/8/2019,5:46 PM,2,0,0,0,0,,LEONARD SPRINGS,RD,,,,LEONARD SPRINGS,WALNUT LEAF,,,,N,,,,39.140352,-86.582576,LOCAL/CITY ROAD,,N,N,URBAN,N,N,N,,DAYLIGHT,CLEAR,DRY,,T-INTERSECTION,STRAIGHT/LEVEL,ASPHALT,FOLLOWING TOO CLOSELY,$2501 TO $5000,REAR END,552,553,Y,N,LEONARDSPRINGSRDWALNUTLEAFDR,0,LANE CONTROL,"V1 was traveling north on Leonard Springs Road approaching an intersection with Walnut Leaf Drive near the business of Wal-Mart. V2 was traveling in front of V1. D2 states that a unknown driver in front of her proceeded to turn without warning causing her to slow in traffic. Consequently, V1 struck the rear end of V2. Both parties pulled into Wal-Mart out of the roadway, prior to my arrival."
903427976,MONROE SD,M19A25867,MONROE,CLEAR CREEK,BLOOMINGTON,8/8/2019,7:16 AM,1,0,1,0,0,,S FAIRFAX,RD,,,,S FAIRFAX,E ROBERTSON,,,,N,,150,S,39.074672,-86.505968,LOCAL/CITY ROAD,,N,N,RURAL,N,N,N,,DAWN/DUSK,CLEAR,DRY,,NO JUNCTION INVOLVED,STRAIGHT/LEVEL,ASPHALT,RAN OFF ROAD RIGHT,$5001 TO $10000,RAN OFF ROAD,716,725,Y,N,EROBERTSONLNSFAIRFAXRD,0,NONE,"D1 stated he was traveling south on Fairfax road at approximately 40 MPH. D1 stated he had a nose bleed and reach into his glove box to retrieve a napkin. D1 stated he briefly glanced down. D1 then veered to the side, ran off the roadway and collided with the utility pole. D1 was transported to the Bloomington Hospital."
903423622,BLOOMINGTON PD,B1932746,MONROE,BLOOMINGTON,BLOOMINGTON,8/8/2019,8:00 AM,2,0,0,0,0,515,W LAVA,LN,,,,W LAVA,,,,,Y,,,,39.18074514,-86.53961829,LOCAL/CITY ROAD,,N,Y,URBAN,N,N,N,,,,DRY,,NO JUNCTION INVOLVED,STRAIGHT/LEVEL,ASPHALT,,,,818,835,Y,N,WLAVALN,0,NONE,"V1/D1 IS UNKNOWN. POSS. A WHITE VEHICLE. LSAV2/OWNER STATED ""I PARKED MY VEHICLE IN THE JACKSON HEIGHTS PARKING LOT NEAR BUILDING 535 W. LAVA LANE ON 08-07-2019 AROUND 5:15PM. WHEN I RETURNED ON 08-08-2019 AT 0815 AM I NOTICED NEW DAMAGE TO THE DRIVER SIDE REAR BUMPER AND A NEW WHITE DOOR DING ON THE DRIVER SIDE REAR DOOR. THERE WAS NO DAMAGE TO MY CAR WHEN I PARKED IT LAST NIGHT.""1396 BPD WALKED THE PARKING LOT AND DID NOT SEE ANY WHITE VEHICLES IN THE LOT WITH MATCHING DAMAGE. V1 EITHER BACKED INTO V2 OR PULLED IN AND STRUCK V2 AS IT WAS PARKING. WHITE PAINT TRANSFER LEFT BEHIND ON V2."
903424096,ELLETTSVILLE PD,E1904291,MONROE,RICHLAND,ELLETTSVILLE,8/8/2019,6:15 PM,2,0,0,0,0,,,,SR46W,,,SR46W,FORREST PARK,,,,Y,,,,39.21202,-86.58713,STATE ROAD,,N,N,URBAN,N,N,N,,DAYLIGHT,CLEAR,DRY,,T-INTERSECTION,STRAIGHT/LEVEL,ASPHALT,DRIVER DISTRACTED - EXPLAIN IN NARRATIVE,$1001 TO $2500,REAR END,617,625,Y,N,FORRESTPARKDRSR46W,0,NONE,D1 STATED AS SHE PULLED OUT FROM DEER PARK DR ONTO STATE ROAD 46 EAST BOUND INTO DRIVABLE MEDIAN SHE DID NOT REALIZE A VEHICLE WAS STILL IN MEDIAN WAITING TO ENTER TRAFFIC AND STRUCK V2 IN THE REAREND. D2 STATED SHE WAS WAITING FOR TRAFFIC SO SHE COULD ENTER EAST BOUND LANES WHEN V1 STRUCK HER IN THE REAREND. BOTH VEHICLES MOVED PRIOR TO MY ARRIVAL ONTO FORREST PARK DR.
903424420,BLOOMINGTON PD,B1932778,MONROE,BLOOMINGTON,BLOOMINGTON,8/8/2019,12:49 PM,2,0,0,0,0,,COLLEGE MALL,RD,,,,COLLEGE MALL,THIRD,,,,Y,,,,39.16424,-86.49827,LOCAL/CITY ROAD,Y,N,Y,URBAN,N,N,N,,DAYLIGHT,CLEAR,DRY,,NO JUNCTION INVOLVED,STRAIGHT/LEVEL,CONCRETE,OTHER (DRIVER) - EXPLAIN IN NARRATIVE,$2501 TO $5000,REAR END,1249,1258,Y,Y,COLLEGEMALLRDTHIRDST,0,TRAFFIC CONTROL SIGNAL,"The driver of V1 was traveling north on College Mall Road, just south of the intersection of Third Street and College Mall Road. The driver of V2 advised that he was traveling north on College Mall Road and was directly in front of V1. The driver of V2 reported that he was at a complete stop at the light and that the front bumper of V1 then struck the rear bumper of V2. The driver of V2 reported that after striking his vehicle, the driver of V1 then got into the right hand land to go north/straight, and while doing so, then struck the front driver side of a Bloomington Transit Bus. V1 then went between V2 and the city bus and continued north on SR 45/46 without stopping. The accident between V1 and V2 was considered a separate accident from that of the collision of V1 and the Bloomington Transit bus, and therefore a separate state report was completed for that incident. The collision between V1 and the bus was only mentioned in this narrative and the case report (B19-32778). A separate case report was completed for the accident between V1 and the Bloomington Transit bus (B19-32780)."
903424127,INDIANA UNIV BLOOMINGTON PD,191562,MONROE,BLOOMINGTON,BLOOMINGTON,8/8/2019,6:30 PM,2,0,0,0,0,,LAW,LN,,,,E LAW,UNION,,,,Y,,786,W,39.39521,-86.56211696,UNKNOWN,,N,Y,URBAN,N,N,N,,DAYLIGHT,CLEAR,DRY,,NO JUNCTION INVOLVED,STRAIGHT/LEVEL,ASPHALT,UNSAFE BACKING,UNDER $1001,BACKING CRASH,807,813,N,Y,ELAWLNNUNIONST,0,NONE,"V1 was parked in the SRSC employee parking lot facing south. V2 was parked to the right of V1. V2 backed out of its space, collided with V1, and left the scene.Owner 1 advised that she parked V1 in the employee parking lot of the SRSC at 1815 hours. O1 advised that there was a red pickup to her right when she parked. O1 advised that at 1935 hours when she returned to her vehicle, V2 was gone and there was fresh damage on the right rear of V1.There are no cameras in the area, and O1 was unable to recall any more details about V2. I photographed the damage to V1."
903425601,INDIANA UNIV BLOOMINGTON PD,191559,MONROE,BLOOMINGTON,BLOOMINGTON,8/8/2019,11:32 AM,2,0,0,0,0,,3RD,ST,,,,3RD,SWAIN,,,,Y,,,,0,0,LOCAL/CITY ROAD,,N,N,URBAN,N,N,N,,DAYLIGHT,CLEAR,DRY,,T-INTERSECTION,STRAIGHT/LEVEL,ASPHALT,IMPROPER TURNING,$2501 TO $5000,LEFT TURN,1135,1144,Y,N,3RDSTSWAINAVE,0,LANE CONTROL,V1 and V2 were heading westbound on 3rd Street. V1 was in the North lane while V2 was in the South lane. D2 stated that V1 was in the North lane when she noticed that the turn signal was on for V1 to turn left. D2 stated that when she noticed this she thought that V1 was going to just get behind V2 in order to turn. D2 stated that instead of doing that V1 turned left on to Swain Avenue from the North lane causing V2 to strike V1. D2 stated that at this point she has slowed down to pretty much a complete stop while V1 continued to turn on to Swain Avenue causing more damage to the side of V1. D1 stated that she was from out of town and did not realize that 3rd Street turned in to a one way with two lanes going the same direction. D1 stated that she decided to turn left on to Swain Avenue and that V2 side swiped V1. V1 was towed by enterprise. There was significant damage to V1 all along the drivers side. The driver's door would not shut. V2 had damage to the hood and it was unable to be open.
903530830,MONROE SD,M19A25981,MONROE,WASHINGTON,BLOOMINGTON,8/8/2019,7:52 PM,1,0,0,0,0,,,,I69S,,,I69S,,,129,,N,OTHER,10,S,,,INTERSTATE,,N,N,RURAL,N,Y,N,,DAYLIGHT,RAIN,WET,,NO JUNCTION INVOLVED,STRAIGHT/LEVEL,ASPHALT,SPEED TOO FAST FOR WEATHER CONDITIONS,$2501 TO $5000,RAN OFF ROAD,756,812,Y,N,I69S129.0,0,NONE,"V1 was traveling south bound on I 69 in the left lane. The driver stated it was raining and he lost control of his vehicle sliding around to face north bound and hit the cable wires and slid backwards until he stopped. 5 post supporting the cable wires were torn down and V1 had damage to the front bumper, passenger side, and right rear."
903424113,BLOOMINGTON PD,B1932852,MONROE,BLOOMINGTON,BLOOMINGTON,8/8/2019,11:15 PM,1,0,1,0,0,,DODDS,ST,,,,W DODDS,B LINE,,,,Y,,,,0,0,LOCAL/CITY ROAD,,N,N,URBAN,N,N,N,,DARK (LIGHTED),CLOUDY,DRY,,FOUR-WAY INTERSECTION,STRAIGHT/LEVEL,ASPHALT,FAILURE TO YIELD RIGHT OF WAY,UNDER $1001,RIGHT ANGLE,1117,1120,Y,Y,BLINETRLWDODDSST,1,STOP SIGN,"V1 WAS A BICYCLE PEDALING S/B ON B LINE TRAIL. V1 FAILED TO STOP, ENTERING INTO ROADWAY AND WAS STRUCK BY V2, WHO HAD RIGHT OF WAY. THERE WAS A STOPSIGN FOR V1 TO STOP AND HE DID NOT."
903424063,BLOOMINGTON PD,B1932811,MONROE,VAN BUREN,BLOOMINGTON,8/8/2019,4:26 PM,2,0,0,0,0,2101,S LIBERTY,DR,,,,S LIBERTY,,,,,Y,,,,39.145264,-86.577616,LOCAL/CITY ROAD,,N,N,URBAN,N,N,N,,DAYLIGHT,CLEAR,DRY,,NO JUNCTION INVOLVED,STRAIGHT/LEVEL,ASPHALT,UNSAFE BACKING,$1001 TO $2500,BACKING CRASH,431,439,Y,N,SLIBERTYDR,0,NONE,"D1 stated that she got in her car to leave Steak 'N Shake. V1 was parked on the North side of the restaurant, facing North. D1 stated that when she put her car in reverse, she did not see any vehicles coming, so she began to back out of her parking spot. D1 stated that as she continued to back out, she was hit by V2.D2 stated that he was driving West to exit the Steak 'N Shake parking lot. D2 stated that as he was driving, V1 suddenly backed out of the parking spot, causing V2 to collide with V1. V2's front passenger side bumper hit the rear passenger side bumper of V1."
903424753,BLOOMINGTON PD,B1933003,MONROE,PERRY,BLOOMINGTON,8/9/2019,9:10 PM,2,0,0,0,0,,EAST WINSLOW,RD,,,,EAST WINSLOW,SOUTH WALNUT,,,,Y,,,,39.136144,-86.528688,,,N,Y,URBAN,N,N,N,,DARK (LIGHTED),CLEAR,DRY,,T-INTERSECTION,STRAIGHT/LEVEL,ASPHALT,FOLLOWING TOO CLOSELY,$1001 TO $2500,REAR END,917,927,Y,Y,EASTWINSLOWRDSOUTHWALNUTST,0,NONE,"D2 STATED THAT SHE WAS DRIVING EAST ON WINSLOW ROAD, JUST EAST OF THE INTERSECTION OF SOUTH WALNUT STREET.D2 EXPLAINED THAT SHE THEN ATTEMPTED TO TURN RIGHT, SOUTH, IN TO THE PARKING LOT OF THE MARATHON GAS STATION LOCATED AT 2601 S. WALNUT STREET WHEN A SMALL, OLD RED TRUCK DID REAR END V2.D2 DID NOT SEE THE DRIVER OF V1, BUT STATED THAT V1 DID CONTINUE DRIVING EAST ON WINSLOW ROAD WITHOUT STOPPING OR EXCHANGING ANY INFORMATION WITH HER.V2 DID SUSTAIN MINOR DAMAGE TO THE REAR PASSENGER CORNER AS A RESULT OF THE IMPACT.V1 WAS NOT LOCATED."
903424306,BLOOMINGTON PD,B1932904,MONROE,PERRY,BLOOMINGTON,8/9/2019,9:28 AM,2,0,0,0,0,,BURKS,DR,,,,E BURKS,WALNUT SPRINGS,,,,Y,,50,S,39.1213779,-86.528545,LOCAL/CITY ROAD,,N,N,URBAN,N,N,N,,DAYLIGHT,CLEAR,DRY,,NO JUNCTION INVOLVED,STRAIGHT/GRADE,ASPHALT,UNSAFE BACKING,$1001 TO $2500,BACKING CRASH,931,940,Y,N,EBURKSDRWALNUTSPRINGSDR,0,NONE,V1 was in the driveway at 215 E Burks drive facing NE. V2 was parked facing SE on the west side of the road. V1 backed out of driveway and struck V2 in the driver side door with the driver side rear bumper of her vehicle. D1 stated that she was backing out of the driveway and just did not see V2 parked across the road.