Master Record Number,Agency,Local Code,County,Township,City,Collision Date,Collision Time,Vehicles Involved,Trailers Involved,Number Injured,Number Dead,Number Deer,House Number,Roadway Name,Roadway Suffix,Roadway Number,Roadway Interchange,Roadway Ramp,Roadway Id,Intersecting Road,Intersecting Road Number,Mile Marker,Interchange,Corporate Limits?,Property Type,Feet From,Direction,Latitude,Longitude,Roadway Class,Traffic Control Devices?,Aggressive Driving?,Hit and Run?,Locality,School Zone?,Rumble Strips?,Construction?,Construction Type,Light Condition,Weather Conditions,Surface Condition,Type of Median,Roadway Junction Type,Road Character,Roadway Surface,Primary Factor,Damage Estimate,Manner of Collision,Time Notified,Time Arrived,Investigation Complete?,Photos Taken?,Unique Location Id,State Property Damage?,Traffic Control,NARRATIVE
903425110,MONROE SD,M19A26099,MONROE,VAN BUREN,BLOOMINGTON,8/9/2019,2:44 PM,2,0,0,0,0,1284,S LIBERTY,DR,,,,S LIBERTY,,,,,N,,,,39.145264,-86.577616,UNKNOWN,,N,N,RURAL,N,N,N,,DAYLIGHT,CLEAR,DRY,,NO JUNCTION INVOLVED,STRAIGHT/LEVEL,ASPHALT,UNSAFE BACKING,$2501 TO $5000,BACKING CRASH,248,302,Y,N,SLIBERTYDR,0,NONE,V1 was pulling into the Goodwill parking lot at 1284 S. Liberty Dr. behind the parking row V2 was backing out of. D1 stated that V2 backed into the passenger side of V1. V2 was backing out of a parking spot in the Goodwill parking lot. D2 stated that she looked behind her prior to backing out and no cars were coming. D2 stated that she then proceeded to back out of the spot and backed into V1. D2 felt that V1 was traveling at speeds too fast for a parking lot. Neither vehicle sustained disabling damage.
903424664,MONROE SD,M19A26098,MONROE,VAN BUREN,BLOOMINGTON,8/9/2019,2:42 PM,2,0,0,0,0,,,,SR48W,,,SR48W,DANIELS,,,,N,,,,39.1648,-86.5991,STATE ROAD,Y,N,N,RURAL,N,N,N,,DAYLIGHT,CLEAR,DRY,,T-INTERSECTION,STRAIGHT/GRADE,ASPHALT,DRIVER DISTRACTED - EXPLAIN IN NARRATIVE,$1001 TO $2500,REAR END,246,253,Y,N,DANIELSWAYSR48W,0,TRAFFIC CONTROL SIGNAL,V2 was sitting at the red stop light at SR 48W and Daniels Way when V1 rear ended V2. V1 was directly behind V2 in line headed west bound on SR 48. D1 stated that he thought D2 was going to take off so he started to as well and hit V1 in the rear bumper.D2 was taken to IU Bloomington Hospital for a blood draw for an operating while intoxicated investigation.Witness Stephen Miller who was sitting in the lane just to the right of both vehicles stated he saw V1 rear end V2..
903424726,BLOOMINGTON PD,B1932934,MONROE,PERRY,BLOOMINGTON,8/9/2019,1:50 PM,2,0,0,0,0,,E 1ST,ST,,,,E 1ST,S HENDERSON,,,,Y,,,,39.159344,-86.52712,LOCAL/CITY ROAD,,N,N,URBAN,N,N,N,,DAYLIGHT,CLEAR,DRY,,FOUR-WAY INTERSECTION,STRAIGHT/GRADE,ASPHALT,BRAKE FAILURE OR DEFECTIVE,$2501 TO $5000,REAR END,155,158,Y,N,E1STSTSHENDERSONST,0,STOP SIGN,D1 STATED HE HAS HAD RECENT ISSUES WITH HIS BRAKES BUT THEY WERE CHANGED OUT. D1 STATED HE WAS DRIIVNG WEST ON E 1ST ST APPROACHING S HENDERSON ST AND NOTICED HIS BRAKES BECAME SOFT. D1 STATED HE WAS TRYING TO STOP AT S HENDERSON ST AND REAR ENDED V2 WHEN TRYING TO STOP. WHEN ASKED D1 STATED HE WAS NOT ON HIS PHONE OR DISTRACTED.D2 STATED SHE WAS STOPPED ON E 1ST ST AT S HENDERSON ST WAITING TO PROCEED AND WAS REAR ENDED BY V1.**8/15/2019: supplement to download and print information exchange form **
903424739,BLOOMINGTON PD,B1932966,MONROE,PERRY,BLOOMINGTON,8/9/2019,4:54 PM,2,0,0,0,0,,S WALNUT,ST,,,,S WALNUT,E NORTH,,,,Y,,100,S,39.144752,-86.531888,LOCAL/CITY ROAD,,N,N,URBAN,Y,N,B,,DAYLIGHT,CLEAR,DRY,,T-INTERSECTION,STRAIGHT/LEVEL,ASPHALT,FAILURE TO YIELD RIGHT OF WAY,$5001 TO $10000,LEFT TURN,454,502,Y,N,ENORTHDRSWALNUTST,0,NONE,"V1 WAS TRAVELING NB AND S WALNUT ST AND V2 WAS TRAVELING SB ON S WALNUT ST. THE WITNESS WAS TRAVELING SB ON WALNUT.SB TRAFFIC WAS BACKED UP DUE TO ANOTHER ACCIDENT FURTHER SOUTH ON S WALNUT ST. V1 WAS TRAVELING NB ON S WALNUT ST AND WAS IN THE CENTER TURN LANE TO TURN WB INTO A PRIVATE PROPERTY. D1 ADVISED A MAROON SUV HAD STOPPED AND WAVED D1 ON. V1 PROCEEDED TO TURN AND V1 STRUCK V2 IN THE WESTERN SB LANE. V2 ADVISED HE WAS PROCEEDING SB ON WALNUT STREET AND TRAFFICK WAS BACKED UP DUE TO ANOTHER ACCIDENT. D2 ADVISED V1 PULLED OUT IN FRONT OF HIM AND STRUCK THE FRONT OF HIS VEHILCE.WITNESS WAS BEHIND THE MAROON VEHICLE. WITNESS ADVISED THEY DID NOT SEE THE MAROON VEHILCE WAVE D1 ON BUT THE VEHILCE DID LEAVE ROOM FROM D1 TO TURN. AS D1 WAS TURNING, SHE SAW V2 TRAVELING SB AND WITNESSED THE ACCIDENT."
903424410,BLOOMINGTON PD,B1932916,MONROE,RICHLAND,BLOOMINGTON,8/9/2019,11:03 AM,2,0,0,0,0,,3RD,ST,,,,W 3RD,CURRY,,,,Y,,,,39.16464,-86.58296,LOCAL/CITY ROAD,,N,N,URBAN,N,N,N,,DAYLIGHT,CLEAR,DRY,,FOUR-WAY INTERSECTION,STRAIGHT/LEVEL,ASPHALT,FOLLOWING TOO CLOSELY,$2501 TO $5000,REAR END,1105,1119,Y,N,SCURRYPIKEW3RDST,0,LANE CONTROL,"DRIVER OF VEHICLE 1 STATED HE WAS EAST BOUND ON 3RD ST AT THE INTERSECTION WITH CURRY PIKE, STOPPED BEHIND VEHICLE 2. D1 THOUGHT TRAFFIC WAS MOVING, SO HE TOOK HIS FOOT OFF THE BRAKE AND STARTED TO ACCELERATE. VEHICLE 2 HAD NOT MOVED YET. V1 REAR ENDED V2.DRIVER OF VEHICLE 2 STATED HE WAS EAST BOUND ON 3RD ST AT THE INTERSECTION WITH CURRY PIKE, STOPPED IN TRAFFIC, WHEN V2 WAS REAR ENDED BY V1."
903424740,BLOOMINGTON PD,B1932958,MONROE,RICHLAND,BLOOMINGTON,8/9/2019,3:57 PM,3,0,0,0,0,,3RD,ST,,,,W 3RD,GATES,,,,Y,,100,E,39.16459,-86.57620865,LOCAL/CITY ROAD,,N,Y,URBAN,N,N,N,,DAYLIGHT,CLEAR,DRY,,FOUR-WAY INTERSECTION,STRAIGHT/LEVEL,ASPHALT,FAILURE TO YIELD RIGHT OF WAY,$2501 TO $5000,SAME DIRECTION SIDESWIPE,359,411,N,Y,SGATESDRW3RDST,0,TRAFFIC CONTROL SIGNAL,"ALL VEHICLES WERE TRAVELING WB ON W 3RD ST. JUST EAST OF THE INTERSECTION OF S GATES DR. V1 AND V3 WERE TAVELING IN THE SOUTHERN WB LANE AND V2 WAS TRAVELING IN THE NORTHERN WB LANE.D1 ADIVSED TRAFFIC WAS BACKED UP IN THE SOUTHERN LANE SO HE ATTEMPTED TO GO AROUND. HE SIGNALED TO GO INTO THE NORTHERN LANE. PRIOR TO MERGING HE DID NOT SEE ANY VEHILCES, WHILE HE WAS MERGING HE SAW V2 AND V1 COLLIDED WITH V2. D1 ADVISED HE ATTMEPTED TO SWERVE AWAY FROM THE COLLISION AND STRUCK V3 IN THE SOUTHERN WB LANE. THERE WAS DAMAGE TO THE PASENGER SIDE FRONT WHEEL AND THE DRIVER SIDE FRONT BUMPER. V2 LEFT THE SCENE AND DID NOT LEAVE ANY VEHICLE INFORMATION. D1 DESCRIBED THE V2 AS BEING A LARGE BLACK SUV, POSSIBLY AN ESCALADE OR EXPEDITION. D3 DID NOT SEE V2. THERE IS UNKNOWN DAMAGE TO V2. D3 ADVISED SHE DID NOT SEE EITHER VEHICLE UNITL V1 STRUCK V3 IN THE REAR PASSENGER SIDE BUMPER. THERE WAS MINOR DAMAGE TO THE BUMPER. ALL VEHILCES WERE DRIVEN FROM THE SCENE."
903424569,BLOOMINGTON PD,B1932941,MONROE,BLOOMINGTON,BLOOMINGTON,8/9/2019,2:28 PM,2,0,1,0,0,,W GOURLEY,PIKE,,,,W GOURLEY,N MONROE,,,,Y,OTHER,,,39.186448,-86.546816,LOCAL/CITY ROAD,,N,N,URBAN,N,N,N,,DAYLIGHT,CLEAR,DRY,,FOUR-WAY INTERSECTION,STRAIGHT/GRADE,ASPHALT,FAILURE TO YIELD RIGHT OF WAY,$2501 TO $5000,RIGHT ANGLE,230,240,Y,Y,NMONROESTWGOURLEYPIKE,0,STOP SIGN,V1 WAS TRAVELING WB ON W GOURLEY PIKE AT THE INTERSECTION AT N MONROE ST. V2 WAS TRAVELING SB ON N MONROE STREET AT THE SAME INTERSECTION. V2 PROCEEDED THROUGH THE INTERSECTION AS HER DIRECTION DID NOT HAVE A STOP SIGN. V1 CONTINUED WB ON W GOURLEY PIKE THROUGH THE INTERSECTION AND COLLIDED WITH V2. THE FRONT OF V1 COLLIDED WITH THE DRIVER'S SIDE OF V2. BOTH VEHICLE THEN CAME TO REST IN A NEARBY DITCH AFTER STRIKING A STOP SIGN AND A FIRE HYDRANT.D1 STATED THAT SHE DID NOT SEE V2 IN THE INTERSECTION AND PROCEEDED THROUGH THE INTERSECTION WB. D1 STATED THAT SHE FELT THAT V2 WAS TRAVELING AT A HIGH RATE OF SPEED WHICH SHE CONSIDERED UNSAFE FOR THAT AREA OF TRAVEL.D2 STATED THAT SHE WAS TRAVELING SB ON N MONROE THROUGH THE INTERSECTION WHEN SHE WAS STRUCK BY V1. D2 STATED THAT V1 BOUNCED OFF OF HER VEHICLE AND BOTH VEHICLES WERE THEN SENT INTO THE NEARBY DITCH.
903426990,MONROE SD,M19A26045,MONROE,PERRY,BLOOMINGTON,8/9/2019,8:00 AM,2,0,3,0,0,,S OLD STATE 37,RD,,,,S OLD STATE 37,W CHURCH,,,,N,,250,S,39.107248,-86.531392,COUNTY ROAD,,N,N,RURAL,N,N,Y,WORK ON SHOULDER,DAYLIGHT,CLEAR,DRY,,NO JUNCTION INVOLVED,STRAIGHT/GRADE,ASPHALT,FAILURE TO YIELD RIGHT OF WAY,$10001 TO $25000,RIGHT ANGLE,800,802,Y,Y,SOLDSTATE37RDWCHURCHLN,0,LANE CONTROL,V1 WAS TRAVELING SOUTBOUND ON S OLD STATE ROAD 37 AND ATTEMPTED TO MAKE AN EASTBOUND TURN INTO 5511 S OLD STATE ROAD 37 WHEN IT CROSSED INTO THE PATH OF V2 THAT WAS TRAVELING NORTH BOUND AND CAUSED A COLLISION.D1 STATED THAT SHE WAS ATTEMPTING TO GO AROUND A TRUCK AND TURN INTO HER RESIDENCE.D2 STATED THAT SHE WAS TRAVELING NORTHBOUND AND V1 TURNED INTO HER LANE OF TRAVEL.
903424426,BLOOMINGTON PD,B1932918,MONROE,BLOOMINGTON,BLOOMINGTON,8/9/2019,11:23 AM,2,0,0,0,0,,KINSER,PIKE,,,,N KINSER,COUNTRY CLUB,,,,Y,,,,39.20082,-86.54286,LOCAL/CITY ROAD,,N,N,URBAN,Y,N,N,,DAYLIGHT,CLEAR,DRY,,T-INTERSECTION,CURVE/GRADE,ASPHALT,FAILURE TO YIELD RIGHT OF WAY,$10001 TO $25000,RIGHT ANGLE,1123,1130,Y,N,COUNTRYCLUBDRNKINSERPIKE,0,STOP SIGN,"Vehicle 1 stopped at the stop sign on Clubhouse Drive and then proceeded across traffic on N. Kinser Pike, crossing the path of travel of Vehicle 2. Vehicle 2 struck Vehicle 1 at a right angle."
903424695,BLOOMINGTON PD,B1932962,MONROE,PERRY,BLOOMINGTON,8/9/2019,4:19 PM,3,0,2,0,0,,2200 SOUTH WALNUT,ST,,,,2200 SOUTH WALNUT,E SOUTHERN,,,,Y,,300,S,39.14984,-86.533392,LOCAL/CITY ROAD,,N,N,URBAN,N,N,N,,DAYLIGHT,CLEAR,DRY,,NO JUNCTION INVOLVED,STRAIGHT/LEVEL,ASPHALT,FOLLOWING TOO CLOSELY,$2501 TO $5000,REAR END,420,423,Y,Y,2200SOUTHWALNUTSTESOUTHERNDR,0,NONE,"D1 EXPLAINED THAT HE WAS TRAVELING SOUTH IN THE RIGHT LANE ON SOUTH WALNUT STREET, NEAR THE COMMUNITY FORD DEALERSHIP, LOCATED AT 2200 SOUTH WALNUT STREET.D1, AS HE WAS IN THE RIGHT LANE, EXPLAINED THAT V2 DID COME TO AN ABRUPT STOP AND THAT HE DID NOT HAVE TIME TO STOP.THE FRONT OF V1 DID THEN MAKE CONTACT WITH THE REAR OF V2, RESULTING IN DAMAGE TO BOTH CARS.D2 STATED THAT SHE WAS TRAVELING SOUTH ON SOUTH WALNUT STREET IN THE RIGHT LANE WHEN THE VEHICLE IN FRONT OF HER, V3, DID BEGIN TO SLOW DOWN AND COME TO A STOP.D2 EXPLAINED THAT SHE HAD COME TO A FULL STOP AND WAS BEHIND V3 WHEN THE FRONT OF V1 DID MAKE CONTACT WITH THE REAR OF V2, FORCING V2 TO MOVE FORDWARDS AND THUS RESULTING IN THE FRONT OF V2 MAKING CONTACT WITH THE REAR OF V3.D3 ADVISED THAT SHE WAS STOPPED IN TRAFFIC BEHIND A SEMI TRUCK WHILE TRAVELING SOUTH ON SOUTH WALNUT STREET IN THE RIGHT LANE.D3 EXPLAINED THAT SHE WAS AT A COMPLETE STOP WHEN THE FRONT OF V2 DID MAKE CONTACT WITH THE REAR OF V3.V1 AND V2 WERE BOTH TOWED DUE TO DISABLING DAMAGE.D2 WAS TRANSPORTED TO THE IU BLOOMINGTON HOSPITAL DUE TO PAIN TO HER NECK AND BLEEDING FROM HER NOSE.D1 DID HAVE A COMPLAINT OF PAIN TO HIS NECK AND WAS SEEN BY EMT'S WHILE ON SCENE.IT SHOULD BE NOTED THAT D1 DID LATER CALL IN TO THE POLICE DEPARTMENT STATING THAT HE BELIEVES THAT ROSA DE SANTIAGO, WHO I LISTED AS D2, WAS NOT THE CORRECT DRIVER OF V2, BUT THAT IT WAS ACTUALLY D2'S BROTHER, IDENTIFIED AS OSCAR DE SANTIAGO, WHO WAS A PASSENGER IN V2.I DID SPEAK WITH D3 AND SHE DID CONFIRM FOR ME THAT ROSA DE SANTIAGO WAS THE DRIVER OF V2."
903426775,DNR LAW ENFORCEMENT,61901457,MONROE,POLK,BLOOMINGTON,8/9/2019,10:03 AM,2,0,0,0,0,1188,SEWELL,RD,,,,SEWELL,,,,,N,,,,39.17458,-86.37843,UNKNOWN,,N,N,RURAL,N,N,N,,DARK (NOT LIGHTED),CLEAR,DRY,,NO JUNCTION INVOLVED,STRAIGHT/GRADE,GRAVEL,OTHER (DRIVER) - EXPLAIN IN NARRATIVE,$1001 TO $2500,BACKING CRASH,1003,345,Y,Y,SEWELLRD,0,NONE,"I, Indiana Conservation Officer (ICO) Cpl. Brian Bailey on August 9, 2019 at or about 1003 hours was notified by ICO central dispatch of a motor vehicle accident involving a state owned vehicle. Dispatch advised the accident had occurred the previous day.I contacted Sadie Dainko and arranged a time to meet her to complete a report. I arrived at 1188 Sewell Road in Monroe County at or about 1545 hours. I obtained information for Sadie Dainko and the state owned white 2019 Ford F150 she was operating. I also obtained the information for Jacob Gumbel and the blue Toyota Rav 4 that was damaged. Sadie also advised Stewart Hamilton was a passenger in the vehicle when this incident occured. I asked Sadie why she waited to have the report completed. Sadie advised she did not have the information for the vehicle she was operating so she waited until the following day so she could speak with her supervisor. Sadie Dainko (vehicle 1) advised she was leaving her driveway at or about 2110 hours on August 8, 2019. She put the vehicle in reverse and did not realize Jacob Gumbel's vehicle (vehicle 2) was parked behind her. Sadie Dainko backed vehicle 1 rear bumper into vehicle 2 driver's side rear door. This collision caused damage to the rear driver's side door of vehicle 2. This did not cause damage to vehicle1. I spoke with Jacob Gumbel and he advised the same sequence of events."
903424801,MONROE SD,M19A26157,MONROE,CLEAR CREEK,BLOOMINGTON,8/10/2019,12:30 AM,1,0,0,0,0,9301,S FAIRFAX,RD,,,,S FAIRFAX,,,,,N,,,,39.015008,-86.482144,UNKNOWN,,N,N,RURAL,N,N,N,,DARK (LIGHTED),CLEAR,DRY,,Y-INTERSECTION,STRAIGHT/GRADE,ASPHALT,RAN OFF ROAD RIGHT,$1001 TO $2500,RAN OFF ROAD,101,120,Y,Y,SFAIRFAXRD,0,NONE,"Driver #1 stated he had been on Lake Monroe and consumed alcoholic beverages. Driver #1 said he was attempting to leave the boat ramp in Vehicle #1 when he ran off the paved drive, down a hill and into a drainage ditch. This caused damage to the front right portion of Vehicle #1 and possible damage to the ditch."
903424936,BLOOMINGTON PD,B1933068,MONROE,BLOOMINGTON,BLOOMINGTON,8/10/2019,10:24 AM,1,0,2,0,0,305,S HICKORY,DR,,,,S HICKORY,,,,,Y,PRIVATE,,,39.186048,-86.550976,LOCAL/CITY ROAD,,N,N,URBAN,N,N,N,,DAYLIGHT,CLEAR,DRY,,NO JUNCTION INVOLVED,STRAIGHT/LEVEL,ASPHALT,UNSAFE BACKING,$5001 TO $10000,OTHER - EXPLAIN IN NARRATIVE,1024,1027,Y,N,SHICKORYDR,0,NONE,"V1/D1 STATED ""I WAS LEAVING THE SERENDIPITY SALON AT 309 S. HICKORY DR. AS I WAS BACKING OUT, ALL OF THE SUDDEN MY VEHICLE SPUN, AND WE COLLIDED WITH THE BUILDING OF 303 S. HICKORY DR. I AM NOT SURE WHAT HAPPENED."""
903425003,INDIANA UNIV BLOOMINGTON PD,191569,MONROE,BLOOMINGTON,BLOOMINGTON,8/10/2019,10:00 AM,1,0,0,0,0,802,E 13TH,ST,,,,E 13TH,,,,,Y,,,,39.17539102,-86.52477322,UNKNOWN,,N,N,URBAN,N,N,N,,DAYLIGHT,CLEAR,DRY,,NO JUNCTION INVOLVED,STRAIGHT/LEVEL,CONCRETE,UNSAFE BACKING,$1001 TO $2500,OTHER - EXPLAIN IN NARRATIVE,1003,1009,Y,N,E13THST,0,NONE,"When I arrived on scene, the vehicle involved in the crash had been moved. The crash involved a white garbage truck (V1) that was driven by Patrick Hacker (D1). D1 did not complain of any injuries at the scene.D1 stated he was backing up to the dumpster on the north side of 802 E. 13th St. when he accidentally crashed the driver side rear corner of the truck into the concrete wall/dock area.The driver side rear corner of V1 sustained light damage. The concrete wall/dock area sustained a gouge out of it that was approximately a foot long and two inches deep. The overall safety of the concrete structure appeared to be unaffected.V1 was able to be driven from the scene."
903424844,BLOOMINGTON PD,B1933032,MONROE,BLOOMINGTON,BLOOMINGTON,8/10/2019,1:45 AM,3,0,0,0,0,,KIRKWOOD,AVE,,,,KIRKWOOD,JACKSON,,,,Y,,,,39.166688,-86.539808,LOCAL/CITY ROAD,,,Y,URBAN,N,N,N,,DARK (LIGHTED),CLEAR,DRY,,FOUR-WAY INTERSECTION,STRAIGHT/GRADE,ASPHALT,UNSAFE SPEED,$1001 TO $2500,REAR END,151,200,Y,Y,JACKSONSTKIRKWOODAVE,0,NONE,"WHILE TRAVELING WEST ON KIRKWOOD AVE, V1 REAR ENDED V2, WHICH WAS PARKED, CAUSING V2 TO PUSH INTO V3. WHILE PARKED ON KIRKWOOD, V2 WAS HIT BY V1 CAUSING IT TO BE PUSHED INTO V3WHILE PARKED ON KIRKWOOD, V3 WAS REAR-ENDED BY V2. V1 LEFT THE SCENE PRIOR TO MY ARRIVAL BUT WAS DESCRIBED TO ME AS A GRAY PASSENGER CAR. OWNER 2 STATED THAT HE WAS NOT IN THE AREA DURING THE TIME OF THE ACCIDENT BUT WAS MADE AWARE BY A WITNESS. OWNERS 3 WAS NOT IN THE AREA DURING THE TIME OF THE ACCIDENT. W1 STATED THAT WHILE AT THE GAS STATION LOCATED AT KIRKWOOD AND ROGERS, HE HEARD THE CRASH AND WHEN HE LOOKED UP AND OBSERVED A GRAY ""KIT CAR"". W1 DESCRIBED THE CAR AS A GRAY PASSENGER CAR WITH AFTERMARKET PARTS. W2 STATED THAT SHE WAS WOKE UP BY THE ACCIDENT AND WHEN SHE LOOKED, SHE OBSERVED A GRAY CAR LEAVING THE SCENE OF THE ACCIDENT. SHE WAS UNABLE TO PROVIDE THE MAKE AND MODEL OF V1."
903426099,MONROE SD,M19A26283,MONROE,VAN BUREN,BLOOMINGTON,8/10/2019,10:20 PM,1,0,1,1,0,,,,SR48W,,,SR48W,GARRISON CHAPEL,,,,N,,,,39.163552,-86.649696,STATE ROAD,,N,Y,RURAL,N,N,N,,DARK (NOT LIGHTED),CLEAR,DRY,,T-INTERSECTION,CURVE/LEVEL,ASPHALT,OTHER (DRIVER) - EXPLAIN IN NARRATIVE,OVER $100000,RAN OFF ROAD,1118,1125,Y,Y,GARRISONCHAPELRDSR48W,0,NONE,"ON 8/10/19 I WAS DISPATCHED TO AN ACCIDENT WITH UNKNOWN INJURY. UPON ARRIVAL D1 TOOK OFF ON FOOT IN AN ATTEMPT TO LEAVE THE SCENE. D1 WAS LOCATED A SHORT TIME LATER WITH BLOOD COMING FROM HIS FACE AND A SEAT BELT MARK STARTING AT HIS LEFT SHOULDER AND ENDING AT HIS RIGHT HIP. DO TO THE BLOOD INSIDE THE VEHICLE AND D1 INJURIES WE BELIEVE D1 WAS THE DRIVER. A PASSENGER WAS THROWN FROM THE VEHILCE AND WAS PRONOUNCED DEAD AT THE SCENE. INDIANA STATE TROOPER ERIC RUSSELL, ACCIDENT RECONSTRUCTIONIST, ARRIVED ON SCENE AND BEGAN HIS INVESTIGATION. THE EVIDENCE ON SCENE SHOWED THAT V1 LEFT THE ROADWAY AT GARRISON CHAPEL ROAD AND STATE ROAD 48. V1 WAS TRAVELLING WEST ON STATE ROAD 48 FROM CAVE ROAD. ONCE V1 LEFT THE ROADWAY IT CONTINUED WEST THROUGH THE GRASS BARELY MISSING TREES AND UTILITY POLES. V1 SLID THROUGH THE GRASS APPROXIMATELY 100 YARDS BEFORE HITTING A SMALL CREEK BED. V1 THEN FLIPPED UP AND HIT A TREE. WHEN V1 HIT THE TREE IT CAUSE THE V1 TO SPIN AND ROLL. WE BELIEVE THAT DURING THIS TIME IS WHEN THE DECEASED WAS THROWN FROM THE FRONT PASSENGERS SEAT AND OUT INTO THE GRASS. IT IS BELIEVED THAT THE VEHICLE THEN LANDED ON TOP OF THE DECEASED BEFORE COMING TO A STOP NEAR THE DECEASED. THE DECEASED SUFFERED SEVERE HEAD TRAUMA CAUSING HIS DEATH INSTANTLY. D1 WAS TAKEN TO THE HOSPITAL WHERE A BLOOD DRAW FOR OWI CAUSING DEATH WAS PERFORMED. D1 WAS ALSO SEEN BY ER DOCTORS. D1 HAD CUTS TO HIS FACE AS WELL AS A BROKEN BACK. D1 BROKEN BACK WAS SO SEVERE THAT IF HE MOVED THE WRONG WAY HE COULD HAVE BEEN PARALYZED. D1 WILL REQUIRE SURGERY TO REPAIR HIS BACK. AT THIS TIME PROBABLE CAUSE AFFIDAVITS HAVE BEEN SENT UP TO THE PROSECUTORS OFFICE BY DEPUTY T. WALLS FOR MULTIPLE CHARGES. TROOPER RUSSELL WILL COMPLETE HIS PORTION OF THE ACCIDENT REPORT AND FORWARD MONROE COUNTY SHERIFF'S OFFICE A COPY. I HAVE NOTHING FURTHER AT THIS TIME."
903425183,BLOOMINGTON PD,B1933207,MONROE,BLOOMINGTON,BLOOMINGTON,8/11/2019,5:17 AM,1,0,0,0,0,,N ILLINOIS,ST,,,,N ILLINOIS,W 11TH,,,,Y,,50,N,39.173344,-86.550304,LOCAL/CITY ROAD,,N,Y,URBAN,N,N,N,,DARK (NOT LIGHTED),CLEAR,DRY,,NO JUNCTION INVOLVED,STRAIGHT/LEVEL,ASPHALT,RAN OFF ROAD RIGHT,UNDER $1001,RAN OFF ROAD,517,528,Y,Y,NILLINOISSTW11THST,0,NONE,V1 was driving north on N. Illinois St when it ran off the road. V1 came to a stop into bushes facing north west off the roadway just north of the intersection of W. 11th St and N. Illinois St. D1 of V1 was not identified or located.
903426017,MONROE SD,M19A26350,MONROE,CLEAR CREEK,BLOOMINGTON,8/11/2019,5:10 PM,1,0,1,0,0,,S FAIRFAX,RD,,,,S FAIRFAX,E CLEVE BUTCHER,,,,N,PRIVATE,50,N,39.059984,-86.498432,COUNTY ROAD,,Y,N,RURAL,N,N,N,,UNKNOWN,CLEAR,DRY,,T-INTERSECTION,CURVE/LEVEL,ASPHALT,UNSAFE SPEED,$5001 TO $10000,RAN OFF ROAD,511,517,Y,N,ECLEVEBUTCHERRDSFAIRFAXRD,0,NONE,"V1 was traveling north bound on S. Fairfax Rd. just north of E. Cleve Butcher Rd. and ran off the east side of the roadway and into a fence. W1 stated that he was traveling behind V1 and saw V1 traveling at speeds he believed to be unsafe and get ""speed wobbles"" causing V1 to run off the roadway and into a fence. D1 stated that he believed he was traveling no faster than the posted speed limit of 40mph. V1 was towed from the scene due to disabling damage and D1 was transported from the scene for immediate medical attention. The owner of Fairfax Storage was contacted in regards to the damaged fence and was given the crash report number."
903425441,BLOOMINGTON PD,B1933312,MONROE,PERRY,BLOOMINGTON,8/11/2019,6:44 PM,1,0,1,0,0,,W BLOOMFIELD,RD,,,,W BLOOMFIELD,S OAKDALE,,,,Y,,,,39.148544,-86.571504,LOCAL/CITY ROAD,Y,N,N,URBAN,N,N,N,,DAYLIGHT,CLEAR,DRY,,FOUR-WAY INTERSECTION,CURVE/GRADE,CONCRETE,RAN OFF ROAD RIGHT,$1001 TO $2500,RAN OFF ROAD,646,651,Y,Y,SOAKDALEDRWBLOOMFIELDRD,0,TRAFFIC CONTROL SIGNAL,"D1 stated he was traveling eastbound on W. Bloomfield Road going through the intersection at S Oakdale Drive. D1 stated once he went through the intersection he hit a patch of sand that caused him to lose control of his motorcycle. D1 stated he ran off the roadway which threw him off the bike. D1 suffered abrasions on both arms and stated he hit his head during the accident. D1 was assessed by EMS, but refused to be transported to the hospital. Due to D1 showing indicators of possible alcohol impairment he was ran through SFST's. At the conclusion of these tests it was determined D1 would not be detained for an OWI investigation. For more information on this please reference local case# B19-33312.I spoke with a witness who stated he was behind D1 when the accident occurred. W1 advised he was traveling eastbound on W. Bloomfield Road and was originally in front of D1. W1 advised upon going through the intersection at S. Oakdale Drive, he witnessed D1 accelerate at an unsafe speed to go around W1 in the right hand lane. While doing so, W1 stated D1 hit a sand patch and wrecked. W1 stated he checked on D1 to make sure he was ok. When asked, W1 stated he believed the accident occurred due to D1 traveling at an unsafe speed."
903425476,BLOOMINGTON PD,B1933266,MONROE,BLOOMINGTON,BLOOMINGTON,8/11/2019,2:10 PM,1,0,1,0,0,2894,COLLEGE MALL,RD,,,,S COLLEGE MALL,,,,,Y,,,,39.16336,-86.49810498,UNKNOWN,,Y,N,URBAN,N,N,N,,DAYLIGHT,CLEAR,DRY,,NO JUNCTION INVOLVED,STRAIGHT/LEVEL,ASPHALT,OTHER (DRIVER) - EXPLAIN IN NARRATIVE,UNDER $1001,OTHER - EXPLAIN IN NARRATIVE,217,229,Y,N,SCOLLEGEMALLRD,1,NONE,"D1 stated he was at 2894 S. College Mall Rd. For the purpose of work, Door Dash. D1 stated he parked on the side of the private drive in front of Red Robin with his hazzards on while waiting to pick up an order. D1 stated College Mall Security asked him to move his vehicle to a parking spot because it was a fire lane. D1 stated he argued with security stating it was not marked as a fire lane and did not have to move his vehicle. D1 stated security began taking photographs of his license plate. D1 stated once his delivery was ready, he picked it up and entered into his vehicle. D1 stated security was standing in front of his vehicle preventing him from leaving. D1 stated he backed up in an attempt to gain distance from security. D1 stated when he backed up, he backed into the curb. D1 stated the security again stepped in front of his vehicle. D1 stated he was unable to back up any further so he ""bumped"" security with his vehicle. D1 stated he then turned around and left the parking lot to finish working.P1 (security) stated he saw D1 parked in the roadway obstructing traffic. P1 stated he asked D1 to leave and D1 became irate with him. P1 stated he gave D1 five minutes to move his car prior to calling police. P1 stated D1 still had yet to move his vehicle after five minutes so he began calling police. P1 stated he stood in front of the vehicle to prevent it from leaving. P1 stated D1 advised him he would be struck with the vehicle if he did not get out of the way. P1 stated while on the phone with police, D1 hit him with his vehicle, and then turned around and left."
903425592,MONROE SD,M19A26303,MONROE,VAN BUREN,BLOOMINGTON,8/11/2019,8:24 AM,2,0,1,0,0,,,,I69,,,I69S,,,109.5,,N,,5,N,41.12433659,-85.18432635,INTERSTATE,,Y,N,RURAL,N,Y,N,,DAYLIGHT,CLEAR,DRY,,NO JUNCTION INVOLVED,STRAIGHT/LEVEL,CONCRETE,UNSAFE LANE MOVEMENT,$10001 TO $25000,SAME DIRECTION SIDESWIPE,824,841,Y,Y,I69S109.5,0,NONE,"V1 WAS TRAVELING NORTH ON I69S IN THE PASSING LANE, WHEN IT CROSSED THE CENTER LINE AND STRUCK V2 IN THE DRIVER SIDE REAR QUARTER PANEL. D2 STATED THAT SHE DID NOT HEAR ANYTHING JUST FELT A LARGE IMPACT AND OBSERVED V1 CONTINUE NORTH PAST THE CRASH SCENE AND CAME TO A REST NEAR THE HARMONY ROAD OVERPASS. D1 SHOWED SIGNS OF IMPAIRMENT ON SCENE AND WAS TRANSPORTED FROM THE SCENE FOR FURTHER INVESTIGATION BY DEPUTY QUALTERS. D2 DENIED MEDICAL FROM MEDICAL STAFF ON SCENE."
903426415,BLOOMINGTON PD,B1933548,MONROE,BLOOMINGTON,BLOOMINGTON,8/12/2019,12:22 PM,2,0,0,0,0,,WALNUT,ST,,,,WALNUT,3RD,,,,Y,,,,39.16464,-86.5336,LOCAL/CITY ROAD,Y,N,N,URBAN,N,N,N,,DAYLIGHT,CLOUDY,DRY,,FOUR-WAY INTERSECTION,STRAIGHT/LEVEL,ASPHALT,DISREGARD SIGNAL/REG SIGN,$10001 TO $25000,RIGHT ANGLE,1222,1224,Y,N,3RDSTWALNUTST,0,TRAFFIC CONTROL SIGNAL,D1 STATED SHE WAS NORTH ON WALNUT STREET IN THE CENTER LANE AND STOPPED AT THE INTERSECTION OF 3RD STREET. D1 SAID SHE THOUGHT THE TRAFFIC SIGNAL TURNED GREEN AND SHE PROCEEDED INTO THE INTERSECTION WHERE SHE COLLIDED WITH V2. D2 WAS TRAVELING WEST ON 3RD STREET IN THE SOUTHERN MOST LANE. D2 SAID THE TRAFFIC SIGNAL WAS GREEN AS SHE PROCEEDED INTO THE INTERSECTION. D2 SAID SHE WAS UNABLE TO AVOID COLLISION AND WAS STRUCK BY V1. W1 INDICATED HE WAS BEHIND V1 IN STOPPED TRAFFIC AND OBSERVED V1 ENTER THE INTERSECTION ON A RED TRAFFIC SIGNAL.