Master Record Number,Agency,Local Code,County,Township,City,Collision Date,Collision Time,Vehicles Involved,Trailers Involved,Number Injured,Number Dead,Number Deer,House Number,Roadway Name,Roadway Suffix,Roadway Number,Roadway Interchange,Roadway Ramp,Roadway Id,Intersecting Road,Intersecting Road Number,Mile Marker,Interchange,Corporate Limits?,Property Type,Feet From,Direction,Latitude,Longitude,Roadway Class,Traffic Control Devices?,Aggressive Driving?,Hit and Run?,Locality,School Zone?,Rumble Strips?,Construction?,Construction Type,Light Condition,Weather Conditions,Surface Condition,Type of Median,Roadway Junction Type,Road Character,Roadway Surface,Primary Factor,Damage Estimate,Manner of Collision,Time Notified,Time Arrived,Investigation Complete?,Photos Taken?,Unique Location Id,State Property Damage?,Traffic Control,NARRATIVE
903430830,ISP BLOOMINGTON 33,2.019E+11,MONROE,BLOOMINGTON,BLOOMINGTON,8/17/2019,8:15 PM,1,0,1,0,0,,WAYPORT,RD,,,,WAYPORT,SAMPLE,,,,N,OTHER,1500,N,39.42480248,-86.52079745,COUNTY ROAD,,N,N,RURAL,N,N,N,,DAYLIGHT,CLEAR,DRY,,NO JUNCTION INVOLVED,CURVE/GRADE,ASPHALT,RAN OFF ROAD RIGHT,$5001 TO $10000,RAN OFF ROAD,821,828,Y,Y,SAMPLERDWAYPORTRD,0,LANE CONTROL,"Other location of investigation: Due to injuries sustained during the crash, I spoke with Driver #1 at IU Health Hospital in Bloomington, Monroe County, IN. I gathered Driver #1's statement regarding the crash approximately one and half hours after the crash occurred. A PBT (portable breath test) was administered approximately one and half hours after the crash and the result obtained was .000 alcohol concentration equivalent.Wayport Rd is a local, county road that runs in a northern and southern direction through Monroe County. The roadway where the crash occurred is curved with a slight uphill grade. There are both fog and center lines on the roadway. The roadway was dry and the crash scene was illuminated by sunlight. Vehicle #1 (Red 2008 Ford Focus) was traveling southbound on Wayport Rd approximately 1,500 feet north of Sample Rd. Vehicle #1 traveled southwest off the roadway traveling through a fence. After traveling through the fence, the front left of Vehicle #1 struck an embankment, causing Vehicle #1 to perform a rollover, coming to a final rest in an inverted position facing southwest. Driver #1 (Makayla B. Grubb) stated she was traveling southbound on Wayport Rd at an unknown speed. Driver #1 stated while traveling southbound Vehicle #1 began traveling right off of the roadway. Driver #1 stated she attempted to maneuver Vehicle #1 back onto the roadway, but overcorrected the steering. She then steered right causing Vehicle #1 to traveling southwest off of the roadway. Driver #1 stated after Vehicle #1 left the roadway she remembered the vehicle traveling through a fence, but advised she did not remembered what occurred after. Driver #1 advised she suffered a possible broken left arm and a possible concussion. Driver #1 advised prior to the crash she was mental distracted. Driver #1 advised she was not wearing her safety belt when the crash occurred. Upon my arrival to the scene of the crash, I observed medical personnel attempting to load Driver #1 onto a gurney. Driver #1 was loaded into an IU Health ambulance and transported to IU Health Bloomington Hospital for her injuries. I observed Vehicle #1 inverted on the southwest side of Wayport Rd facing southwest. I observed significant damage to the front, top and left side of Vehicle #1. I observed multiple pieces of debris scattered throughout the crash scene. I observed tire marks on the right side of the roadway where Vehicle #1 initially traveled partially off the roadway and marks showing Vehicle #1 coming back onto the roadway prior to leaving the roadway completely."
903431729,ISP BLOOMINGTON 33,2.019E+11,MONROE,PERRY,BLOOMINGTON,8/17/2019,8:57 PM,1,0,0,0,1,,WINSLOW,RD,,,,WINSLOW,HIGH,,,,N,,,,39.136415,-86.50834,LOCAL/CITY ROAD,,N,N,RURAL,N,N,N,,DARK (LIGHTED),CLOUDY,DRY,,TRAFFIC CIRCLE/ROUNDABOUT,CURVE/GRADE,ASPHALT,ANIMAL/OBJECT IN ROADWAY,$2501 TO $5000,COLLISION WITH DEER,857,913,Y,N,HIGHSTWINSLOWRD,0,LANE CONTROL,"The location of this crash was located on the west side of a roundabout that connected four separate streets. High Street travels to the north, E. Rodgers St travels to the East, a Private Drive Travels to the south and E. Winslow Road travels to the west.Vehicle 1 (Black, 2015, Ford Focus) was traveling southwest exiting the roundabout onto E. Winslow Street. V1 then attempted to drive west on E. Winslow Road when it struck a deer that ran into the roadway.Driver 1 (Courtney Freeman) indicated the following: She was driving west when a deer suddenly entered the roadway from the north side. D1 stated that she did not have time to brake and struck the deer which disabled her vehicle. It is the opinion of the investigating officer that the reason for this crash was a deer in the roadway. During the course of the investigation, Deer fur was located on the vehicle.RRK"
903429072,BLOOMINGTON PD,B1934243,MONROE,BLOOMINGTON,BLOOMINGTON,8/17/2019,2:46 PM,1,0,0,0,1,,OLD STATE ROAD 37,HWY,,,,N OLD STATE ROAD 37,MEL CURRY,,,,N,,100,N,39.24750397,-86.50176,COUNTY ROAD,,N,N,RURAL,N,N,N,,DAYLIGHT,CLEAR,DRY,,NO JUNCTION INVOLVED,STRAIGHT/GRADE,ASPHALT,ANIMAL/OBJECT IN ROADWAY,$1001 TO $2500,COLLISION WITH DEER,250,259,Y,Y,EMELCURRYRDNOLDSTATEROAD37HWY,0,NONE,"V1 WAS TRAVELING SB ON N OLD STATE ROAD 37. AS V1 CONTINUTED SB TOWARD THE INTERSECTION OF E MEL CURRY ROAD, A DEER CROSSED THE ROADWAY IN FRONT OF V1 LEAVING IT KNOW WHERE TO GO. THE FRONT OF V1 COLLIDED WITH THE DEER JUST NORTH OF THE INTERSECTION.D1 STATED THAT HE WAS TRAVELING SB ON N OLD STATE ROAD 37 JUST NORTH OF E MEL CURRY ROAD. D1 STATED THAT THREE DEER SUDDENLY APPEARED AND ENTERED HIS LANE OF TRAVEL. D1 STATED HE WAS ABLE TO SUCCESSFULLY AVOID THE FIRST TWO DEER, HOWEVER, COULD NOT AVOID THE COLLISION WITH THE THIRD DEER. D1 STATED THAT AFTER HITTING THE DEER, THE DEER RAN OFF EB."
903429175,MONROE SD,M19A27156,MONROE,BLOOMINGTON,BLOOMINGTON,8/17/2019,1:01 AM,2,0,1,0,0,,LIBERY,DR,,,,S LIBERY,CONSTITUTION,,,,N,,2000,N,39.36263498,-86.58277202,LOCAL/CITY ROAD,,N,N,RURAL,N,N,N,,DAYLIGHT,CLOUDY,WET,,NO JUNCTION INVOLVED,STRAIGHT/LEVEL,ASPHALT,SPEED TOO FAST FOR WEATHER CONDITIONS,$5001 TO $10000,REAR END,101,108,Y,N,SLIBERYDRWCONSTITUTIONAVE,0,NONE,"BOTH DRIVER'S EXPLAINED THAT UNIT 2 WAS STOPPED AND ATTEMPTING TO TURN INTO MENARDS FROM S LIBERTY DRIVE. UNIT 1 CAME AROUND A BEND IN THE ROAD AND APPLIED THE BRAKES, BUT LOST CONTROL OF THE VEHICLE. UNIT 1 REAER ENDED UNIT 2, IMPACTING THE TAILGATE AREA OF UNIT 2. UNIT 2 HAD 2 OCCUPANTS, BOTH HAD COMPLAINTS OF PAIN. UNIT 2 DROVE TO THE HOSPITAL FOR TREATMENT."
903430936,MONROE SD,M19A27190,MONROE,BLOOMINGTON,BLOOMINGTON,8/17/2019,6:03 PM,2,0,0,0,0,,W KIRKWOOD,AVE,,,,W KIRKWOOD,N RITTER,,,,N,,,,39.166832,-86.550992,LOCAL/CITY ROAD,,N,Y,URBAN,N,N,N,,DAYLIGHT,CLEAR,DRY,,T-INTERSECTION,STRAIGHT/LEVEL,ASPHALT,UNSAFE SPEED,$10001 TO $25000,RIGHT ANGLE,603,606,N,Y,NRITTERSTWKIRKWOODAVE,0,NONE,"UNIT 1 WAS ATTEMPTING TO EVADE LAW ENFORCEMENT. WHILE TRAVELING WEST ON KIRKWOOD, THE DRIVER LOST CONTROL AND COLLIDED WITH UNIT 2 WHICH WAS PARKED ON N RITTER STREET. THE DRIVER OF UNIT 1 THEN EXITED THE VEHICLE AND RAN.THERE WAS MARKS IN THE DIRT THAT SHOWED UNIT 2 HAD BEEN MOVED SEVERAL FEET DUE TO THE COLLISION. UNIT 2 WAS PARKED NEXT TO A RETAINING WALL MADE OF CEMENT BRICKS. THERE WERE MULTIPLE BRICKS THAT WERE BROKEN DUE TO UNIT 2 BEING PUSHED INTO THE WALL."
903429511,ISP BLOOMINGTON 33,2.019E+11,MONROE,BLOOMINGTON,BLOOMINGTON,8/17/2019,6:15 PM,1,0,0,0,0,2400,WALNUT,ST,,,,WALNUT,,,,,Y,PRIVATE,,,39.189248,-86.53344,UNKNOWN,,N,N,URBAN,N,N,N,,DAYLIGHT,CLEAR,DRY,,NO JUNCTION INVOLVED,NON-ROADWAY CRASH,ASPHALT,RAN OFF ROAD RIGHT,$2501 TO $5000,RAN OFF ROAD,620,701,Y,Y,WALNUTST,0,NONE,"On 08-17-2019, at approximately 6:15 pm, V1 traveled northwest in the parking lot of Taco Bell, located at 2400 S Walnut Street in Bloomington. V1 ran over the curb of the drive-through, striking and damaging the menu sign. V1 proceeded northwest in the parking lot where it ran over another curb located in the northwest corner. V1 went into a heavily wooded area where it came to rest facing west.D1 stated that he was feeling tired and stopped in the Taco Bell parking lot to rest for a few moments. He stated that he attempted to put his vehicle in park and it went into reverse and he jumped the curb. He stated that the vehicle has not been running properly lately. Damage to V1 consisted of a broken front windshield, heavy damage to the underbody, axle and side panels.Witness stated she was working as an employee at Taco Bell, when an individual advised her of a male asleep inside of his vehicle in the parking lot. She stated she advised her manager who went outside to check on the male. She stated the male woke up and stated he was fine. She stated he was located in the south part of the parking lot, facing north. She stated that he then began to drive, drove over the curb of the drive-through and into the mulch bed, continuing over the curb into the wooded area. She stated that she immediately called 911 and multiple people from the car dealership ran toward the vehicle.Trooper Richard Klun and I arrived on scene and began the investigation. Trooper Klun stated that he detected a strong odor of an alcoholic beverage coming from D1's person. Trooper Klun conducted an investigation, suspecting D1 to have been operating while intoxicated. Trooper Klun documented his investigation under case number: 19ISCP009700. D1 was transported to the hospital for a blood draw, (results are pending).Investigation at the scene was inconsistent with D1's statement. V1 was located in the northwest portion of the parking lot in a heavily wooded area, facing west. Witness statement indicated that prior to V1 driving into the woods, it was parked in the south lot, facing north. Had V1 had been in reverse, as D1 stated, it would not have traveled in that direction. V1 would have had to have been put into drive and driven forward to be consistent with evidence located at the scene."
903429211,BLOOMINGTON PD,B1934308,MONROE,BLOOMINGTON,BLOOMINGTON,8/17/2019,11:00 PM,2,0,0,0,0,,COLLEGE MALL,RD,,,,S COLLEGE MALL,ACCESSTO COLLEGE MALL,,,,Y,,,,0,0,LOCAL/CITY ROAD,Y,N,N,URBAN,N,N,N,,DARK (LIGHTED),CLEAR,DRY,,FOUR-WAY INTERSECTION,STRAIGHT/LEVEL,ASPHALT,FAILURE TO YIELD RIGHT OF WAY,$5001 TO $10000,OPPOSITE DIRECTION SIDESWIPE,1129,1135,Y,N,NACCESSTOCOLLEGEMALLRDSCOLLEGEMALLRD,0,TRAFFIC CONTROL SIGNAL,"D1 stated she was traveling south on S. College Mall Rd. D1 stated she was stopped at a stop light waiting to turn east. D1 stated she was unsure if she had a green arrow or just a green light. D1 stated as she turned left, V2 was traveling north. D1 stated she attempted to stop and honk, but was unable to in time. D1 stated she did see that V2 had headlights on. D1 stated her vehicle collided with the front of V2 causing damage to both.D2 stated she was traveling north on S. College Mall Rd. D2 stated she was traveling with the normal flow of traffic. D2 stated as she entered into the intersection, V1 attempted to turn left in front of her. D2 stated she was unable to stop and her vehicle collided with V1 causing damage to both.**** Supplement**** D1 contacted me and wanted to amend her statement from being what is previously stated to that she remembers she had a green arrow and not just a green light. D1 stated she now remembers this because she went back and looked at the light and noticed it did have a green arrow and this is how she knows she had a green arrow."
903429439,INDIANA UNIV BLOOMINGTON PD,191598,MONROE,BLOOMINGTON,BLOOMINGTON,8/18/2019,3:15 PM,2,0,0,0,0,,HENDERSON,AVE,,,,HENDERSON,ATWATER,,,,Y,,,,39.16314,-86.52727,LOCAL/CITY ROAD,Y,N,N,URBAN,N,N,N,,DAYLIGHT,CLEAR,DRY,,FOUR-WAY INTERSECTION,STRAIGHT/LEVEL,ASPHALT,DISREGARD SIGNAL/REG SIGN,$2501 TO $5000,RIGHT ANGLE,319,325,Y,N,ATWATERAVEHENDERSONAVE,0,TRAFFIC CONTROL SIGNAL,V1 was headed North on Henderson Avenue. V2 was headed East on Atwater Avenue. D1 stated that he believed he had a green light and was driving with traffic when he went through the intersection and was struck on the drivers side door by V2. D2 stated that as he was going through the intersection he noticed V1 was coming and attempted to avoid V1 but was unable to. D2 stated that he also had a green light. V2 was towed due to significant front end damage. D1 was issued a citation for driving without a license. There is a camera through city streets at that intersection. I am attempting to get video footage of the accident.
903429367,MONROE SD,M19A27242,MONROE,PERRY,BLOOMINGTON,8/18/2019,11:25 AM,2,0,2,0,0,,S OLD STATE 37,RD,,,,S OLD STATE 37,S ORCHARD,,,,N,,200,S,39.11584,-86.5312,COUNTY ROAD,,N,N,RURAL,N,N,N,,DAYLIGHT,CLEAR,DRY,,NO JUNCTION INVOLVED,STRAIGHT/GRADE,ASPHALT,LEFT OF CENTER,$2501 TO $5000,HEAD ON BETWEEN TWO MOTOR VEHICLES,1126,1139,Y,Y,SOLDSTATE37RDSORCHARDLN,0,LANE CONTROL,"V1 WAS TRAVELING SOUTHBOUND ON S OLD STATE ROAD 37, SOUTH OF S ORCHARD LANE, CROSSED LEFT OF CENTER AND STRUCK HEAD ON V2 THAT WAS TRAVELING NORTHBOUND ON S OLD STATE ROAD 37.D1 STATED THAT ALL SHE COULD REMEMBER WAS DRIVING SOUTHBOUND TO BEDFORD. V1 FLIPPED OVER ONTO ITS ROOF AND HAD AIRBAG DEPLOYMENT. D1 STATED THAT SHE HAD A POSSIBLE HEAD INJURY. D1 WAS GIVEN A PBT AND GAVE A SAMPLE OF 0.00&.D2 STATED THAT HE WAS TRAVELING NB ON S OLD STATE ROAD 37, AND THAT V1 CROSSED INTO HIS LANE AND HIT HIM HEAD ON.A WITNESS STATED THAT HE OBSERVED A BLACK CAR THAT WAS TRAVELING SOUTHBOUND (V1) CROSS LEFT OF CENTER."
903429673,BLOOMINGTON PD,B1934366,MONROE,BLOOMINGTON,BLOOMINGTON,8/18/2019,12:33 AM,2,0,0,0,0,,,,SR46W,,,SR46W,N COLLEGE,,,,Y,,,,39.186352,-86.534704,STATE ROAD,Y,N,N,URBAN,N,N,Y,WORK ON SHOULDER,DAYLIGHT,CLEAR,DRY,,FOUR-WAY INTERSECTION,STRAIGHT/LEVEL,ASPHALT,OVERCORRECTING/OVERSTEERING,$2501 TO $5000,SAME DIRECTION SIDESWIPE,1233,1233,Y,N,NCOLLEGEAVESR46W,0,TRAFFIC CONTROL SIGNAL,"Vehicle 1 was westbound in the southern most of the two westbound lanes. She stated that she sneezed and swerved her vehicle and struck vehicle 2. Vehicle 2 was westbound in the northern most of the two westbound lanes and was continuing straight when it was struck, same direction sideswipe, by vehicle 1."
903429674,BLOOMINGTON PD,B1934360,MONROE,BLOOMINGTON,BLOOMINGTON,8/18/2019,11:33 AM,2,0,0,0,0,,,,SR46E,,,SR46E,N DUNN,,,,Y,,,,39.186352,-86.528496,STATE ROAD,Y,N,N,URBAN,N,N,N,,DAYLIGHT,CLEAR,DRY,,FOUR-WAY INTERSECTION,STRAIGHT/LEVEL,ASPHALT,FOLLOWING TOO CLOSELY,$5001 TO $10000,REAR END,1133,1133,Y,N,NDUNNSTSR46E,0,TRAFFIC CONTROL SIGNAL,Vehicle 1 was going straight in traffic and struck Vehicle 2 in the rear as Vehicle 2 was slowed or stopped in traffic. Both vehicles were eastbound on the SR 45/46 bypass at the light at N. Dunn.
903429364,BLOOMINGTON PD,B1934370,MONROE,PERRY,BLOOMINGTON,8/18/2019,12:45 PM,2,0,0,0,0,3000,E 3RD,ST,,,,E 3RD,,,,,Y,,,,39.16424,-86.49406705,UNKNOWN,,N,N,URBAN,N,N,N,,DAYLIGHT,CLOUDY,DRY,,NO JUNCTION INVOLVED,STRAIGHT/LEVEL,ASPHALT,UNSAFE BACKING,$1001 TO $2500,BACKING CRASH,1258,108,Y,N,E3RDST,0,NONE,V1 was in a parking lot at 3000 E. 3rd street and was facing NB. V2 was in the same parking lot and was behind V1. V1 backed up and struck V2 in the front bumper with the rear passenger side bumper of his vehicle causing damage to both vehicles.D1 stated that he had pulled into the parking lot to turn around. He stated he was going to turn left but a car was blocking his path. He started to back up and did not see any vehicle behind him or in his back up camera. As he backed up he hit V2.D2 stated she had followed V1 into the parking lot and was also turning around. She stated she pulled in behind him and off to the east and was waiting for him to go. She stated he then backed up and struck her car.
903429448,MONROE SD,M19A27255,MONROE,PERRY,BLOOMINGTON,8/18/2019,1:20 PM,2,0,0,0,0,,,,SR37N,,,SR37N,FULLERTON,,,,N,,500,S,39.1212155,-86.57021033,STATE ROAD,,N,N,URBAN,N,N,N,,DAYLIGHT,CLEAR,DRY,,RAMP,STRAIGHT/LEVEL,ASPHALT,UNSAFE LANE MOVEMENT,$5001 TO $10000,OTHER - EXPLAIN IN NARRATIVE,135,143,Y,N,FULLERTONPIKESR37N,0,NONE,"Unit 1 was travelling northbound, in the center lane on S ST RD 37, approsching the Fullerton Pike exit. Unit 2 was also travelling Northbound, in the left hand lane. Unit 2 moved into the middle lane, impacting with Unit 1 on the drivers side rear. Unit 1 was spun out of control, moving into the concrete median and coming to a stop facing northbound on the shoulder. Unit 2 proceeded approx 200 yrds and came to a stop on the shoulder, undernarth the Fullerton Pike overpass. Witness claimed that Unit 2 moved out of its lane, causing the impact."
903430938,MONROE SD,M19A27290,MONROE,VAN BUREN,BLOOMINGTON,8/18/2019,9:46 PM,1,0,0,0,0,,,,SR45W,,,SR45W,S DUNLAP,,,,N,,200,W,39.11902366,-86.61946886,STATE ROAD,,N,N,RURAL,N,N,N,,DARK (NOT LIGHTED),CLEAR,DRY,,T-INTERSECTION,CURVE/LEVEL,ASPHALT,ANIMAL/OBJECT IN ROADWAY,$2501 TO $5000,COLLISION WITH ANIMAL OTHER,949,1005,Y,N,SDUNLAPRDSR45W,0,NONE,"UNIT 1 STATED THAT WHILE TRAVELING WEST ON 45, THERE WAS A COW IN THE ROADWAY. THE DRIVER STATED SHE WAS UNABLE TO SLOW DOWN OR AVOID THE COW IN TIME WITHOUT LOOSING CONTROL OF THE VEHICLE. THE VEHICLE HAD DAMAGE TO THE DRIVER'S SIDE HEADLIGHT.I WAS ABLE TO LOCATE THE DEBRIS FROM THE VEHICLE IN THE ROADWAY. HOWEVER, I WAS UNABLE TO LOCATE THE COW."
903429834,MONROE SD,M19A27227,MONROE,PERRY,BLOOMINGTON,8/18/2019,6:40 AM,1,0,0,0,1,,,,SR37S,,,SR37S,DILMAN,,,,N,,1300,N,39.23017629,-86.54416,STATE ROAD,,N,N,RURAL,N,N,N,,DAWN/DUSK,CLEAR,DRY,,NO JUNCTION INVOLVED,CURVE/GRADE,ASPHALT,ANIMAL/OBJECT IN ROADWAY,$5001 TO $10000,COLLISION WITH DEER,647,655,Y,N,EASTDILMANRDSR37S,0,NONE,VEHICLE 1 WAS NORTHBOUND ON SOUTH STATE ROAD 37 NEAR THE INTERSECTION OF EAST DILLMAN ROAD. VEHICLE 1 STRUCK A DEER IN THE ROADWAY. DRIVER SIDE AIRBAG WAS DEPLOYED.DRIVER 1 WAS UNINJURED AND REFUSED MEDICAL ATTENTION.VEHICLE 1 WAS DISABLED AND TOWED TO RICKS BY RICKS.
903430937,MONROE SD,M19A27271,MONROE,RICHLAND,ELLETTSVILLE,8/18/2019,4:49 PM,2,0,0,0,0,,,,SR46W,,,SR46W,ARLINIGTON,,,,N,,,,39.20763,-86.57988,STATE ROAD,Y,N,N,RURAL,N,N,N,,DAYLIGHT,CLEAR,DRY,,T-INTERSECTION,CURVE/LEVEL,ASPHALT,FOLLOWING TOO CLOSELY,$5001 TO $10000,REAR END,450,458,Y,N,NARLINIGTONRDSR46W,0,TRAFFIC CONTROL SIGNAL,"BOTH DRIVER'S EXPLAINED THAT WHILE UNIT 2 WAS TRAVELING EAST ON WEST STATE ROAD 46, SHE BEGAN TO SLOW FOR THE STOP LIGHT AT WEST SR 46 AND ARLINGTON RD. UNIT 1 STATED THAT HE WAS UNABLE TO STOP IN TIME TO AVOID A COLLISION WITH UNIT 2.UNIT 1 STATED THAT UNIT 2 BEGAN TO STOP WHEN THE LIGHT TURNED YELLOW, AND HE WAS NOT PREPARED FOR UNIT 2 TO STOP THAT EARLY."
903430076,BLOOMINGTON PD,B1934496,MONROE,PERRY,BLOOMINGTON,8/18/2019,10:48 AM,2,0,0,0,0,302,S CORY,LN,,,,S CORY,,,,,Y,,,,39.164432,-86.560088,UNKNOWN,,N,Y,URBAN,N,N,N,,DAYLIGHT,CLEAR,DRY,,NO JUNCTION INVOLVED,STRAIGHT/LEVEL,ASPHALT,UNSAFE BACKING,UNDER $1001,BACKING CRASH,1050,1055,Y,Y,SCORYLN,0,NONE,"BOTH VEHICLES WERE PARKED IN THE PARKING LOT AT ADVANCE AUTO, 302 S. CORY LN. V2'S OWNER WAS TOLD THAT V1 HAD BACKED OUT AND SIDESWIPED HIS TRUCK, AND WHEN HE WENT OUTSIDE, V1 HAD LEFT THE SCENE.V1 WAS DESCRIBED AS A 1996 VW JETTA WITH A WHITE MALE DRIVER.NO INJURIES REPORTED."
903430914,MONROE SD,M19A27288,MONROE,RICHLAND,BLOOMINGTON,8/18/2019,9:30 PM,1,0,0,0,0,,,,SR48W,,,SR48W,W VERNAL,,,,N,PRIVATE,500,W,39.16871806,-86.66283373,STATE ROAD,,N,N,RURAL,N,N,N,,DARK (NOT LIGHTED),CLEAR,WET,,T-INTERSECTION,CURVE/LEVEL,ASPHALT,UNSAFE SPEED,$5001 TO $10000,RAN OFF ROAD,933,949,Y,N,SR48WWVERNALPIKE,0,NONE,"V1 was traveling westbound on W State Road 48 at speeds too fast for the wet roadway conditions. D1 stated that his back tires began to slide causing V1 to run off the roadway and into the mailboxes of 9687 and 9689 W State Road 48. I was able to speak to the resident of 9687, who stated that she would contact the owner of the property, however she did not know their names. I provided this individual with a copy of the accident report number. V1 also caused damage to the yard of this property as well."
903429362,INDIANA UNIV BLOOMINGTON PD,191597,MONROE,BLOOMINGTON,BLOOMINGTON,8/18/2019,12:40 PM,2,0,0,0,0,,10TH,ST,,,,10TH,JEFFERSON,,,,Y,,,,39.171648,-86.507088,LOCAL/CITY ROAD,,N,N,URBAN,N,N,N,,DAYLIGHT,CLEAR,DRY,,T-INTERSECTION,STRAIGHT/LEVEL,ASPHALT,IMPROPER TURNING,$2501 TO $5000,LEFT/RIGHT TURN,1242,1250,Y,N,10THSTJEFFERSONST,0,STOP SIGN,"D1 advised she was turning V1 east bound onto 10th Street from the north bound lane of Jefferson Street. D1 advised while turning, V1 and V2 crashed into each other. D1 advised V2 was turning south bound onto Jefferson Street from the west bound lane of 10th Street. D2 advised she was turning V2 south bound onto Jefferson Street from the west bound lane of 10th Street. D2 advised while turning, V2 and V1 crashed into each other. D2 advised V1 was turning east bound onto 10th Street from the north bound lane of Jefferson Street. D2 advised it appeared D1 hit the gas pedal while V2 was turning south bound."
903430108,BLOOMINGTON PD,B1934506,MONROE,BLOOMINGTON,BLOOMINGTON,8/19/2019,11:31 AM,4,0,0,0,0,,,,SR46S,,,SR46S,EASTGATE,,,,Y,,100,S,39.16998405,-86.50126402,STATE ROAD,,N,N,URBAN,N,N,N,,DAYLIGHT,CLEAR,DRY,,NO JUNCTION INVOLVED,STRAIGHT/GRADE,ASPHALT,FOLLOWING TOO CLOSELY,$25001 TO $50000,REAR END,1131,1145,Y,N,EASTGATELNSR46S,0,NONE,D1 STATED HE WAS TRAVELING SOUTH ON THE 46 BYPASS IN THE WESTERN MOST LANE. D1 SAID HE MERGED INTO THE EASTERN MOST LANE AND COLLIDED INTO THE REAR OF V2. D1 SAID TRAFFIC HAD STOPPED ABRUPTLY AND HE COULD NOT AVOID COLLISION. D2 STATED SHE WAS TRAVELING SOUTH ON THE 46 BYPASS IN THE EASTERN LANE. D2 SAID THE VEHICLE IN FRONT OF HER STOPPED ABRUPTLY AND SHE BRAKED TO A STOP AND WAS THEN STRUCK FROM BEHIND BY V1. D2 SAID HER VEHICLE WAS THEN PUSHED INTO THE REAR OF V3.D3 STATED HE WAS SOUTH ON THE 46 BYPASS IN THE EASTERN LANE. D3 SAID TRAFFIC IN FRONT OF HIM STOPPED SUDDENLY AND HE BRAKED TO A STOP. D3 SAID AS HE STOPPED HE WAS STRUCK FROM BEHIND BY V2 AND IT PUSHED HIS VEHICLE INTO THE REAR OF V4. D4 STATED SHE WAS TRAVELING SOUTH ON THE 46 BYPASS IN THE EASTERN LANE AND SHE INDICATED THAT TRAFFIC IN FRONT OF HER HAD BRAKED SUDDENLY. D4 WAS ABLE TO STOP IN TRAFFIC AND WAS THEN STRUCK FROM BEHIND BY V3.
903430939,MONROE SD,M19A27379,MONROE,BLOOMINGTON,BLOOMINGTON,8/19/2019,3:13 PM,1,0,0,0,0,,,,I69,,,I69N,,,123.5,,N,,250,N,41.28828669,-85.08707972,INTERSTATE,,N,N,RURAL,N,N,N,,DAYLIGHT,CLEAR,DRY,,NO JUNCTION INVOLVED,STRAIGHT/LEVEL,ASPHALT,OTHER (ENVIRONMENTAL) - EXPLAIN IN NARR,$2501 TO $5000,COLLISION WITH OBJECT IN ROAD,313,339,Y,N,I69N123.5,0,NONE,"UNIT 1 STATED THAT WHILE TRAVELING NORTHBOUND ON INTERSTATE 69, AN AUSTIN POWDER SEMI LOST A PIECE OF METAL. THE METAL WAS KICKED UP AND STRUCK THE PASSENGER SIDE OF THE WINDSHIELD OF UNIT 1. THE AUSTIN POWDER TRUCK WAS UNABLE TO BE LOCATED."
903431094,ELLETTSVILLE PD,E1904515,MONROE,RICHLAND,ELLETTSVILLE,8/19/2019,3:34 AM,2,0,3,0,0,,,,SR46W,,,SR46W,N LAKEVIEW,,,,Y,,50,W,39.22123484,-86.60574082,STATE ROAD,,N,N,URBAN,N,N,N,,DAYLIGHT,CLEAR,DRY,,NO JUNCTION INVOLVED,STRAIGHT/GRADE,ASPHALT,FAILURE TO YIELD RIGHT OF WAY,$25001 TO $50000,RIGHT ANGLE,336,340,Y,Y,NLAKEVIEWDRSR46W,0,NONE,WAS UNABLE TO SPEAK WITH DRIVER 1. WITNESS STATED THAT VEH 1 PULLED OUT FROM PARKING LOT ONTO STATE ROAD 46 WEST AND IN FRONT OF VEH 2. VEH 2 ATTEMPTED TO AVOID VEH1 BUT WAS NOT ABLE TOO. VEH 2 STRUCK VEH 1 ON THE DRIVERSIDE AT B PILLAR. WENT TO HOSPITAL AND WAS ABLE TO SPEAK WITH D2 AND PASSENGER OF V2. BOTH SAID THAT THEY WERE IN OUTSIDE LANE CLOSES TO CURB AND TE OTHER VEH PULLED OUT IN FRONT OF THEM AND WAS NOT ABLE TO AVOID VEH1.
903431385,MONROE SD,M19A27323,MONROE,CLEAR CREEK,BLOOMINGTON,8/19/2019,8:54 AM,2,0,0,0,0,,,,SR37S,,,SR37S,E SMITHVILLE,,,,N,,,,39.071056,-86.5356,STATE ROAD,,N,N,RURAL,N,Y,Y,LANE CLOSURE,DAYLIGHT,CLEAR,DRY,,NO JUNCTION INVOLVED,STRAIGHT/LEVEL,ASPHALT,FOLLOWING TOO CLOSELY,$2501 TO $5000,REAR END,900,914,Y,N,ESMITHVILLERDSR37S,0,NONE,DRIVER 1 ADVISED THEY WERE SB ON S SR 37 NEAR THE INTERSECTION OF S SR 37 AND E SMITHVILLE RD. DRIVER 1 ADVISED VEHICLE 2 BREAKED SUDDENLY AND THAT SHE WAS UNABLE TO STOP BEFORE STRIKING VEHICLE 2.DRIVER 2 ADVISED SHE WAS SB ON S SR 37 NEAR THE INTERSECTION OF S SR 37 AND E SMITHVILLE RD WHEN TRAFFIC IN FRONT OF HER SUDDENLY SLOWED DOWN DUE TO THE CONSTRUCTION. DRIVER 2 ADVISED VEHICLE 1 WAS UNABLE TO STOP IN TIME BEFORE STRIKING HER VEHICLE.