Master Record Number,Agency,Local Code,County,Township,City,Collision Date,Collision Time,Vehicles Involved,Trailers Involved,Number Injured,Number Dead,Number Deer,House Number,Roadway Name,Roadway Suffix,Roadway Number,Roadway Interchange,Roadway Ramp,Roadway Id,Intersecting Road,Intersecting Road Number,Mile Marker,Interchange,Corporate Limits?,Property Type,Feet From,Direction,Latitude,Longitude,Roadway Class,Traffic Control Devices?,Aggressive Driving?,Hit and Run?,Locality,School Zone?,Rumble Strips?,Construction?,Construction Type,Light Condition,Weather Conditions,Surface Condition,Type of Median,Roadway Junction Type,Road Character,Roadway Surface,Primary Factor,Damage Estimate,Manner of Collision,Time Notified,Time Arrived,Investigation Complete?,Photos Taken?,Unique Location Id,State Property Damage?,Traffic Control,NARRATIVE
903430940,MONROE SD,M19A27402,MONROE,CLEAR CREEK,BLOOMINGTON,8/19/2019,8:14 PM,2,0,0,0,0,,E SMITHVILLE,RD,,,,E SMITHVILLE,S FAIRFAX,,,,N,,,,39.071152,-86.503088,LOCAL/CITY ROAD,,N,N,RURAL,N,N,N,,DAYLIGHT,CLEAR,DRY,,FOUR-WAY INTERSECTION,STRAIGHT/LEVEL,ASPHALT,FOLLOWING TOO CLOSELY,UNDER $1001,REAR END,815,815,Y,N,ESMITHVILLERDSFAIRFAXRD,0,STOP SIGN,"WHILE STOPPED AT THE INTERSECTION OF S FAIRFAX AND E SMITHVILLE ROAD, UNIT 2 BEGAN TO ENTER THE INTERSECTION. UNIT 2 THEN OBSERVED A VEHICLE TRAVELING TOWARDS THEIR LOCATION AND APPLIED THE BRAKES SO THEY WOULD NOT ENTER THE INTERSECTION. UNIT 1 WAS DIRECTLY BEHIND UNIT 2 AT THE INTERSECTION. AFTER UNIT 2 BEGAN TO MOVE INTO THE INTERSECTION, UNIT 1 BEGAN TO LOOK TOWARDS THE ROAD, BELIEVING UNIT 1 WAS GOING TO BE ENTERING THE INTERSECTION. UNIT 1 DID NOT OBSERVE UNIT 2 RE-APPLY THE BRAKES, A ROLLED INTO UNIT 2.THERE WAS NO DAMAGE OBSERVED, BUT THE OWNERS OF UNIT 1 STILL REQUESTED A CRASH REPORT."
903431592,MONROE SD,M19A27396,MONROE,RICHLAND,BLOOMINGTON,8/19/2019,5:57 PM,1,0,0,0,0,,,,SR48W,,,SR48W,W VERNAL,,,,N,PRIVATE,3500,W,39.16958455,-86.67299335,STATE ROAD,,N,N,RURAL,N,N,N,,DAYLIGHT,CLEAR,DRY,,NO JUNCTION INVOLVED,STRAIGHT/LEVEL,ASPHALT,RAN OFF ROAD RIGHT,$5001 TO $10000,RAN OFF ROAD,557,606,Y,N,SR48WWVERNALPIKE,0,NONE,"Driver 1 was traveling westbound on State Road 48 in the 9300 block. Driver 1 stated he got off the roadway to the right hand side. Driver 1 stated he got off the roadway too much then overcorrected back over, crossing left of center and the eastbound lane. Driver 1 went down an embankment colliding with a fence and vehicle 1 rolled onto the driver's side. Driver 1 declined medical personal. Vehicle 1 sustained damage throughout the vehicle and was towed by Ken's Westside to Ricks Towing."
903429830,BLOOMINGTON PD,B1934482,MONROE,PERRY,BLOOMINGTON,8/19/2019,9:23 AM,1,0,1,0,0,,COLLEGE MALL,RD,,,,COLLEGE MALL,COVENANTER,,,,Y,,,,39.155152,-86.497888,LOCAL/CITY ROAD,Y,N,N,URBAN,N,N,N,,DAYLIGHT,CLEAR,DRY,,FOUR-WAY INTERSECTION,STRAIGHT/LEVEL,ASPHALT,FAILURE TO YIELD RIGHT OF WAY,$1001 TO $2500,RIGHT ANGLE,923,929,Y,N,COLLEGEMALLRDCOVENANTERDR,1,TRAFFIC CONTROL SIGNAL,"V2, a bicyclist, was traveling westbound on Covenanter Dr. V1 was traveling nortbound on College Mall Rd. V2 struck V1 in the passenger side rear bumper.D2 stated that he had a green light as he approached the intersection and as he entered the intersection, he observed V1 and realized that it was not stopping. He attempted to brake, but could not avoid striking V1. D2 also advised he was following two other cars thru the intersection.D1 stated that she approached the intersection in the right hand lane and had a green light. Upon going thru the intersection, she felt a bump on her side and realized she had been struck.W1 was facing northbound in the left lane of College Mall Rd and stated that she had a green light for northbound traffic prior to seeing the bicyclist in the street. She said she saw vehicles clearing the intersection, but that she had a green light to go northbound prior to the crash."
903431095,ELLETTSVILLE PD,E1904516,MONROE,RICHLAND,ELLETTSVILLE,8/19/2019,5:10 PM,3,0,0,0,0,,,,SR46W,,,SR46W,HARTSTRAIT,,,,Y,,150,W,39.22766,-86.615927,STATE ROAD,Y,N,N,URBAN,N,N,N,,DAYLIGHT,CLEAR,DRY,,T-INTERSECTION,STRAIGHT/LEVEL,ASPHALT,DRIVER DISTRACTED - EXPLAIN IN NARRATIVE,$10001 TO $25000,REAR END,519,545,Y,Y,HARTSTRAITRDSR46W,0,TRAFFIC CONTROL SIGNAL,"SPOKE WITH ALL DRIVERS IT WAS STATED THAT V3 WAS STOPPED AT LIGHT AND V2 WAS STOPPED BEHIND V3 AND THAT V1 STRUCK THE REAR OF V2 PUSHING V2 INTO THE REAR OF V1 STRIKING THE TRAILER HITCH. WHEN I ASKED D1 WHAT HAPPENED HE STATED THAT THE LIGHT HAD CHANGE AND VEHICLES IN THE LANE NEXT TO HIM HAD STARTED MOVING AND HE HAD NOT COME TO A COMPLETE STOP STARTING TO CONTINUE ON NOT REALIZING THE VEHICLES IN FROM OF HIM WAS STILL STOPPED AND STRUCK THE REAR OF VEH, WHICH PUSHED V2 INTO THE REAR OF V3. VEHICLES WERE MOVED PRIOR TO MY ARRIVAL."
903429869,BLOOMINGTON PD,B1934495,MONROE,BLOOMINGTON,BLOOMINGTON,8/19/2019,10:43 AM,2,0,0,0,0,,COUNTRYSIDE,LN,,,,W COUNTRYSIDE,ZONA,,,,N,,,,39.14317,-86.54632,LOCAL/CITY ROAD,,N,N,URBAN,N,N,N,,DAYLIGHT,CLEAR,DRY,,T-INTERSECTION,STRAIGHT/LEVEL,ASPHALT,UNSAFE BACKING,$1001 TO $2500,BACKING CRASH,1043,1050,Y,Y,SZONACTWCOUNTRYSIDELN,0,NONE,DRIVER OF VEHICLE 1 STATED HE WAS BACKING ON COUNTRYSIDE LANE AND DID NOT REALIZE HE WAS CLOSE TO VEHICLE 2. V1 BACKED INTO V2.
903431038,BLOOMINGTON PD,B1934720,MONROE,BLOOMINGTON,BLOOMINGTON,8/20/2019,3:19 PM,2,0,0,0,0,,S WALNUT,ST,,,,S WALNUT,E 4TH,,,,Y,,100,S,39.165648,-86.5336,LOCAL/CITY ROAD,Y,Y,Y,URBAN,N,N,N,,DAYLIGHT,RAIN,WET,,FOUR-WAY INTERSECTION,STRAIGHT/LEVEL,ASPHALT,UNSAFE LANE MOVEMENT,$1001 TO $2500,REAR END,321,610,Y,N,E4THSTSWALNUTST,0,TRAFFIC CONTROL SIGNAL,"V1 AND V2 WERE TRAVELING NB ON N WALNUT ST IN THE CENTER LANE. V2 WAS STOPPED NEAR THE INTERSECTION OF E 4TH ST, WAITING FOR TRAFFICK TO START MOVING AS THE LIGHT HAD JUST TURNED GREEN. D2 ADVISED V1 WAS BEHIND V2 IN APPROACHING THE LIGHT. D2 ADVISED V1 CHANGED LANES TO THE MOST WB LANE TRAVELING NB. D2 ADVISED V1 STRUCK V2 ON THE REAR DRIVER SIDE BUMPER. D2 ADVISED V1 THEN CONNUTED TO TRAVEL NB, HIT A CURB AND CONTINUED WITHOUT STOPPING OR PROVIDING D2 ANY INFORMATION. D2 WAS ADVISED V1 WAS A GREEN CHEVY TRAILBLAZER AND PROVIDED DISPATCH WITH A PLATE. D2 WAS UNABLE TO PROVIDE A DRIVER DESCRIPTION."
903430913,BLOOMINGTON PD,B1934700,MONROE,PERRY,BLOOMINGTON,8/20/2019,3:31 PM,2,0,0,0,0,,E WINSLOW,RD,,,,E WINSLOW,S WALNUT STREET,,,,Y,,,,39.136144,-86.528688,LOCAL/CITY ROAD,,N,N,URBAN,N,N,Y,INTERMITTENT OR MOVING WORK,DAYLIGHT,RAIN,WET,,FOUR-WAY INTERSECTION,STRAIGHT/GRADE,ASPHALT,FOLLOWING TOO CLOSELY,$2501 TO $5000,REAR END,338,352,Y,N,EWINSLOWRDSWALNUTSTREETPIKE,0,NONE,"V1 WAS TRAVELING WB ON E WINSLOW RD BEHIND V2 AT THE INTERSECTION OF S WALNUT ST PIKE AND E WINSLOW ROAD. AS V2 WAS STOPPED IN BACKED UP TRAFFIC, V1 PROCEEDED FORWARD AND STRUCK THE V2. THE FRONT OF V1 COLLIDED WITH THE REAR OF V2.D2 STATED THAT HE WAS STOPPED IN TRAFFIC AND V1 WAS WANTING TO TURN SB ON WALNUT STREET PIKE, HOWEVER, THE ROAD WAS TEMPORARILY CLOSED. D2 STATED HE BELIEVED THAT IS WHAT DISTRACTED D1 AND CAUSED THE COLLISION."
903430988,BLOOMINGTON PD,B1934716,MONROE,BLOOMINGTON,BLOOMINGTON,8/20/2019,5:00 PM,2,0,0,0,0,,CURRY,PIKE,,,,S CURRY,INDUSTRIAL,,,,Y,,,,39.14393,-86.58262,LOCAL/CITY ROAD,,N,N,URBAN,N,N,N,,DAYLIGHT,CLOUDY,WET,,T-INTERSECTION,STRAIGHT/LEVEL,ASPHALT,FOLLOWING TOO CLOSELY,$1001 TO $2500,REAR END,500,525,Y,N,SCURRYPIKEWINDUSTRIALBLVD,0,NONE,Vehicle 2 was traveling south on S Curry Pike. Vehicle 1 was also traveling south on S Curry Pike directly behind vehicle 2. Driver of vehicle 2 stated that vehicles in front of him began slowing down so he began slowing down as well. Driver of vehicle 1 stated that he was trying to watch vehicles ahead of him to see if they were slowing down. Vehicle 2 then began slowing significantly near the intersection of Industrial Blvd. Vehicle 1 stated that he attempted to slow down but hit his brakes and began sliding due to the wet road conditions. Driver of vehicle 1 was not able to come to a stop and collided with Vehicle 2. Vehicle 1 has no visible damage from the accident and Vehicle 2 has moderate damage to the rear. No injures were reported and both vehicles were able to drive from the scene.
903430714,BLOOMINGTON PD,B1934673,MONROE,BLOOMINGTON,BLOOMINGTON,8/20/2019,12:25 PM,2,0,1,0,0,,,,SR46E,,,SR46E,7TH,,,,Y,,,,39.167648,-86.500096,STATE ROAD,,N,N,URBAN,N,N,N,,DAYLIGHT,CLOUDY,DRY,,NO JUNCTION INVOLVED,STRAIGHT/LEVEL,ASPHALT,FOLLOWING TOO CLOSELY,$1001 TO $2500,REAR END,1229,1233,Y,N,7THSTSR46E,0,NONE,Driver 2 stated he was south on the SR 45/46 Bypass in the right lane. Driver 2 stated traffic was backed up from 3rd St to near 7th St and was stop and go. Driver 2 stated he had pulled forward in traffic and stopped and was then hit from behind by vehicle 1. Driver 1 stated he was behind vehicle 2 in stop and go traffic. Driver 1 stated that traffic had started and then stopped suddenly. Driver 1 stated he was not able to stop in time and collided with the rear of vehicle 2.
903431035,BLOOMINGTON PD,B1934708,MONROE,BLOOMINGTON,BLOOMINGTON,8/20/2019,4:10 PM,2,0,1,0,0,,,,SR46E,,,SR46E,N KINSER,,,,Y,,,,39.186544,-86.537888,STATE ROAD,Y,N,N,URBAN,N,N,N,,DAYLIGHT,RAIN,WET,,NO JUNCTION INVOLVED,STRAIGHT/LEVEL,ASPHALT,SPEED TOO FAST FOR WEATHER CONDITIONS,$2501 TO $5000,REAR END,413,426,Y,N,NKINSERPIKESR46E,0,TRAFFIC CONTROL SIGNAL,"V1 AND V2 WERE TRAVELING EB ON W ST RD 46 45 BYPASS. V1 ADVISED AS THEY APPROACHED THE INTERSECTION OF N KINSER PIKE, V1 WAS IN THE NORTHERN EB LANE. V1 THEN MERGED INTO THE SOUTHERN EB LANE. D1 ADVSED THEY DID NOT SEE THAT V2 HAD STOPPED, AND REAR ENDED V2 AFTER HAVING CHANGED LANES. D2 ADVISED V2 WAS STOPPED IN THE SOUTHERN EB LANE DUE TO THE RED LIGHT. D2 ADVISED V2 WAS THEN REAR ENDED BY V1. V1 SUSTAINED DAMAGE TO THE FRONT OF THE VEH WITH UNKNOWN DAMAGE UNDER THE HOOD. V1 HAD NO COMPLAINT OF INJURIES. V2 SUSTAINED MINOR DAMAGE TO THE REAR. D2 HAD A COMPLAINT OF NECK AND BACK PAIN. D2 WAS CHECKED OUT BY THE AMBULANCE BUT REFUSED TREATEMENT."
903431593,MONROE SD,M19A27503,MONROE,RICHLAND,BLOOMINGTON,8/20/2019,5:08 PM,1,0,0,0,0,,W VERNAL,PIKE,,,,W VERNAL,N THOMAS,,,,N,,630,E,39.18904,-86.630096,LOCAL/CITY ROAD,,N,N,RURAL,N,N,N,,DAYLIGHT,CLEAR,WET,,NO JUNCTION INVOLVED,CURVE/LEVEL,CONCRETE,SPEED TOO FAST FOR WEATHER CONDITIONS,$1001 TO $2500,RAN OFF ROAD,508,522,Y,N,NTHOMASRDWVERNALPIKE,0,NONE,"D1 WAS DRIVING EB ON W VERNAL PK WHEN SHE WENT AROUND A CORNER SHE WAS AT A SPEED TOO FAST FOR HER CAR TO MAINTAIN TRACTION DUE TO RECENT RAIN. D1 LOST CONTROL OF V1, SHE STATED IT SPUN AROUND AND SHE LEFT THE ROADWAY TO THE SOUTH OF THE ROADWAY STRIKING A TREE WITH THE RIGHT REAR OF HER CAR. SPOKE TO THE OWNER OF THE PROPERTY WHO STATED HE DID NOT WANT NOR NEED ANY INFORMATION FROM THE DRIVER AFTER I TOLD HIM THE DAMAGE DONE."
903430724,BLOOMINGTON PD,B1934680,MONROE,PERRY,BLOOMINGTON,8/20/2019,1:00 PM,2,0,0,0,0,1175,S COLLEGE MALL,RD,,,,S COLLEGE MALL,,,,,Y,,,,39.15412578,-86.49786768,UNKNOWN,,N,N,URBAN,N,N,N,,DAYLIGHT,CLOUDY,DRY,,NO JUNCTION INVOLVED,STRAIGHT/LEVEL,ASPHALT,UNSAFE BACKING,$5001 TO $10000,BACKING CRASH,100,120,Y,N,SCOLLEGEMALLRD,0,NONE,"D1 STATED SHE WAS PARKED IN THE EASTERN MOST PARKING STALL NEAR THE STORE FRONT OF KROGER FACING SOUTH. SHE SAID AS SHE WAS BACKING FROM THE SPACE, HER FOOT SLIPPED OFF OF THE BRAKE AND SHE STRUCK V2. D2 STATED HE WAS SITTING IN HIS PARKED VEHICLE IN THE EASTERN MOST SPACE (ACROSS FROM V1) FACING NORTH. HE SAID WHILE WAITING IN THE CAR, HE FELT AN IMPACT AND REALIZED V1 HAD BACKED INTO THE SIDE OF HIS VEHICLE."
903430883,INDIANA UNIV BLOOMINGTON PD,191605,MONROE,BLOOMINGTON,BLOOMINGTON,8/20/2019,1:25 PM,2,0,0,0,0,,UNION,ST,,,,UNION,TENTH,,,,Y,,,,39.17157,-86.50945,LOCAL/CITY ROAD,,N,N,URBAN,N,N,N,,DAYLIGHT,CLEAR,DRY,,NO JUNCTION INVOLVED,STRAIGHT/LEVEL,ASPHALT,UNSAFE BACKING,UNDER $1001,BACKING CRASH,132,137,Y,N,TENTHSTUNIONST,0,NONE,"V2 was parked on Union Street, directly in front of Linden Hall, facing South, along the curb. V1 was parked directly in front of V2. V1 backed up, lightly bumping V2 in the passenger side front bumper with the passenger side rear bumper of V1. The owner of V2 was not in the vehicle at the time of the accident. D1 stated she did not realize she had backed into V2. The damage to both vehicles was very minimal."
903431594,MONROE SD,M19A27485,MONROE,RICHLAND,BLOOMINGTON,8/20/2019,2:58 PM,3,0,1,0,0,,RATLIFF,RD,,,,W RATLIFF,HARTSTRAIT,,,,N,,,,39.20911,-86.61138,LOCAL/CITY ROAD,,N,N,URBAN,N,N,N,,DAYLIGHT,RAIN,WET,,T-INTERSECTION,STRAIGHT/HILLCREST,ASPHALT,FOLLOWING TOO CLOSELY,$10001 TO $25000,REAR END,259,303,Y,N,NHARTSTRAITRDWRATLIFFRD,0,NONE,D1 STATED HE WAS DRIVING SOUTH ON N. HARTSTRAIT RD COMING UP TO W. RATLIFF RD. D1 THEN LOOKED AWAY FROM THE ROAD AND WHEN HE LOOKED BACK THE VEHICLE IN FRONT OF HIM SLOWED DOWN AND TRIED TO APPLY HIS BRAKES WAS TO CLOSE AND V1 REAR ENDED V2. D2 STATED SHE WAS DRIVING SOUTH ON N. HARTSTRAIT RD APPROACHING W. RATLIFF RD. D2 STARTED TO SLOW DOWN AS THE VEHICLE IN FRONT OF HER WAS STARTING TO TURN ON W. WOODYARD RD WHEN V2 WAS REAR ENDED BY V1. V2 WENT INTO A SPIN AND STRUCK V3 ON THE DRIVERS SIDE JUST BEHIND THE DRIVERS DOOR. D3 STATED HE WAS DRIVING NORTH ON N. HARTSTRAIT RD WHEN HE NOTICED CARS SLOWING IN FRONT OF HIM. D3 SLOWED DOWN AND WAS THEN STRUCK ON THE PASSENGERS SIDE BY V2.
903439704,MONROE SD,M19A29283,MONROE,VAN BUREN,BLOOMINGTON,8/20/2019,5:02 PM,1,0,0,0,0,7430,ISON,RD,,,,W ISON,,,,,N,,,,39.10837,-86.63609,COUNTY ROAD,,N,N,RURAL,N,N,N,,DAYLIGHT,RAIN,WET,,NO JUNCTION INVOLVED,STRAIGHT/LEVEL,GRAVEL,OTHER (ENVIRONMENTAL) - EXPLAIN IN NARR,UNDER $1001,NON-COLLISION,502,502,Y,Y,WISONRD,0,NONE,"V1 WAS PARKED IN A PRIVATE DRIVE AT 7430 W. ISON RD NEAR A TREE. A TREE LIMB FELL ON A SQUAD CAR DURING A RAIN STORM ON 08/20/2019, AT APPROX. 5:02 PM CAUSING A MICRO-DENT TO THE FRONT DRIVER'S SIDE OF THE HOOD."
903431023,BLOOMINGTON PD,B1934735,MONROE,BLOOMINGTON,BLOOMINGTON,8/20/2019,6:54 PM,1,0,0,0,0,3291,S WALNUT ST,PIKE,,,,S WALNUT ST,,,,,Y,PRIVATE,,,39.165648,-86.5336,LOCAL/CITY ROAD,,N,N,URBAN,N,N,N,,DAYLIGHT,CLEAR,DRY,,NO JUNCTION INVOLVED,STRAIGHT/GRADE,CONCRETE,RAN OFF ROAD RIGHT,$5001 TO $10000,RAN OFF ROAD,657,706,Y,N,SWALNUTSTPIKE,0,NONE,"D1 stated she was traveling northbound on S. Walnut Street Pike and advised a vehicle ahead of her suddenly stopped to make a right hand turn. D1 advised to avoid rear ending this vehicle she went off the road and ended up colliding with a cement retaining wall at 3291 S. Walnut Street Pike. When asked, D1 advised she did not sustain any injuries."
903431187,INDIANA UNIV BLOOMINGTON PD,191611,MONROE,BLOOMINGTON,BLOOMINGTON,8/20/2019,5:20 PM,2,0,0,0,0,,3RD,ST,,,,3RD,SWAIN,,,,Y,,50,W,0,0,LOCAL/CITY ROAD,,N,N,URBAN,N,N,N,,DAYLIGHT,CLOUDY,WET,,NO JUNCTION INVOLVED,STRAIGHT/LEVEL,ASPHALT,UNSAFE LANE MOVEMENT,$2501 TO $5000,LEFT TURN,523,528,Y,N,3RDSTSWAINAVE,0,NONE,"At approximately 1720 hours on 8/20/2019 a collision occurred between V1 and V2 approximately 50 feet west of the intersection of 3rd and Swain. V1 was stopped in traffic in the north lane and V2 was traveling west in the south lane. As V2 was passing the intersection of 3rd and Swain, V1 made lane movement into the south lane and the vehicles collided. The collision caused the driver side front tire of V2 to strike the south curb. D1 stated that she had been stopped in traffic in the north lane and attempted to perform a lane change into the south lane. D1 stated that she signaled, allowed the signal to blink approximately 6 times, checked her blind spot, and then started into the south lane. D1 stated that as soon as she moved into the south lane V2 struck her vehicle. D1 stated that both drivers were probably at fault. The driver side front tire was out of alignment, the vehicle was no longer drivable, and there was cosmetic damage to the vehicle above the tire well.D2 stated that she had been traveling westbound on 3rd in the south lane. D2 stated that as she was approaching the intersection at 3rd and Jordan, V1 abruptly pulled into her lane and the vehicles collided. D2 stated she was driving the speed limit, 25mph, and that the lane movement had happened too quickly to allow her to stop her vehicle. There was impact damage to the area near the passenger side tire and there was damage to the driver side tire from striking the curb. Neither party claimed injury or requested medical attention."
903430950,BLOOMINGTON PD,B1934705,MONROE,BLOOMINGTON,BLOOMINGTON,8/20/2019,4:00 PM,3,0,2,0,0,,E 3RD,ST,,,,E 3RD,S COLLEGE MALL,,,,Y,,,,39.16424,-86.4984,LOCAL/CITY ROAD,Y,N,N,URBAN,N,N,N,,DAYLIGHT,RAIN,WET,,FOUR-WAY INTERSECTION,STRAIGHT/LEVEL,ASPHALT,FOLLOWING TOO CLOSELY,$1001 TO $2500,REAR END,400,405,Y,Y,E3RDSTSCOLLEGEMALLRD,0,TRAFFIC CONTROL SIGNAL,ALL VEHICLES WERE IN THE RIGHT TURN LANE OF E. 3RD ST IN THE EASTBOUND LANES. V1 HYDROPLANED DUE TO RAIN AND MOISTURE ON ROAD SURFACE. V1 WAS UNABLE TO BRAKE FULLY BEFORE REAR ENDING V2. THIS COLLISION PUSHED V2 INTO THE REAR HITCH OF V3.V1 HAS DAMAGE TO THE FRONT BUMPER AND HOOD.V2 HAS DAMAGE TO BOTH THE FRONT AND REAR BUMPERS.V3 HAS NO VISIBLE DAMAGE. D3 HAD A COMPLAINT OF PAIN TO HER HIP. FRONT PASSENGER IN V3 HAD A HEADACHE. NO MEDICAL TREATMENT NEEDED ON SCENE.
903430843,BLOOMINGTON PD,B1934681,MONROE,BLOOMINGTON,BLOOMINGTON,8/20/2019,12:55 PM,2,0,0,0,0,645,S ROGERS,ST,,,,S ROGERS,,,,,Y,,,,39.17200261,-86.53854563,UNKNOWN,,N,Y,URBAN,N,,N,,DAYLIGHT,CLOUDY,DRY,,NO JUNCTION INVOLVED,STRAIGHT/LEVEL,ASPHALT,OTHER (DRIVER) - EXPLAIN IN NARRATIVE,$1001 TO $2500,OTHER - EXPLAIN IN NARRATIVE,1255,125,N,Y,SROGERSST,0,NONE,"The owner of V2 stated that an unknown vehicle, V1, struck V2 in the parking lot at 645 S Rogers Street. The owner of V2 stated that an unknown stranger stated that they saw a vehicle in the parking lot strike V2 while leaving, however the witness did not give any of their information or the vehicle description. The damage to V2 was on the rear bumper, there was no visible paint transfer from V1. The damage has been photographed and submitted as evidence. I could not locate any cameras that would have captured this incident.There are no known suspects at this time."
903431036,BLOOMINGTON PD,B1934692,MONROE,BLOOMINGTON,BLOOMINGTON,8/20/2019,2:26 PM,2,0,0,0,0,,COLLEGE,AVE,,,,N COLLEGE,7TH,,,,Y,,,,39.168656,-86.534784,LOCAL/CITY ROAD,Y,N,N,URBAN,N,N,N,,DAYLIGHT,RAIN,WET,,FOUR-WAY INTERSECTION,STRAIGHT/LEVEL,ASPHALT,UNSAFE LANE MOVEMENT,UNDER $1001,LEFT/RIGHT TURN,228,236,Y,N,E7THSTNCOLLEGEAVE,0,TRAFFIC CONTROL SIGNAL,"V1 WAS TRAVELING SB ON S COLLEGE AVE. V1 APPROACHED THE LIGHT OF W 7TH ST AND TURNED LEFT (EB ON W 7TH ST). WHILE V1 WAS TURNING, D1 SAW V2 OVER THE LINE IN THE TURN LANE TO TURN SB ON COLLEGE AVE. AS V1 WAS TURNING, V2 REVERSED TO GIVE V1 SPACE. D1 ADVISED THEY CHECKED THE MIRRORS ON THE OPPOSITE SIDE OF V1 AND WHEN D1 LOOKED BACK AT V2, V2 HAD STOPPED AND V1 COLLIDED WITH THE FRONT DRIVER SIDE OF V2. V1 HAD DAMAGE TO THE REAR DRIVER SIDE. V2 WAS WB ON W 7TH ST STOPPED AT THE LIGHT IN THE TURN LANE TO GO SB ON COLLEGE AVE. D2 ADVISED SHE WAS STOPPED OVER THE LINE. D2 ADVISED THEY SAW V1 APPROACHING THE INTERSECTION TO TURN EB ON W 7TH ST. V2 REVERSED IN ORDER TO GIVE V1 MORE SPACE. D2 ADVISED V2 STOPPED DUE TO A VEH BEHIND THEM. V1 THEN STRUCK V2 ON THE FRONT DRIVER SIDE BUMPER. BOTH VEHS SUSTAINED MINOR DAMAGE."
903431056,BLOOMINGTON PD,B1934727,MONROE,BLOOMINGTON,BLOOMINGTON,8/20/2019,6:12 PM,2,0,0,0,0,,E 3RD,ST,,,,E 3RD,S OVERHILL,,,,Y,PRIVATE,,,39.164272,-86.501488,LOCAL/CITY ROAD,,N,N,URBAN,N,N,N,,DAYLIGHT,CLEAR,WET,,T-INTERSECTION,STRAIGHT/LEVEL,ASPHALT,FAILURE TO YIELD RIGHT OF WAY,$5001 TO $10000,RIGHT ANGLE,613,619,Y,N,E3RDSTSOVERHILLDR,0,NONE,"V1 WAS STOPPED IN THE LEFT OF TWO EAST BOUND LANES OF E. 3RD ST. WAITING TO TURN LEFT ONTO S. OVERHILL DR. V1 BEGAN TO TURN LEFT, FAILED TO YIELD TO ONCOMING TRAFFIC, AND WAS STRUCK BY V2.D1 STATED THAT HE WAS STOPPED IN THE LEFT OF TWO EAST BOUND LANES OF E 3RD ST. D1 STATED THAT THE TRAFFIC IN THE LEFT LANE OF TWO WEST BOUND LANES WAS BACKED UP. D1 STATED THAT ANOTHER DRIVER, WHO WAS IN THE LEFT LANE OF THE TWO WEST BOUND LANES OF E 3RD ST., WAVED HIM TO TURN IN FRONT OF HIM. D1 STATED THAT HE INCHED HIS WAY INTO THE LEFT TURN AND BEGAN TO TURN LEFT WHEN V2 STRUCK V1. V2 THEN STRUCK A LIGHT POLE (#25) OWNED BY DUKE.V2 WAS TRAVELING WEST ON THE RIGHT IF TWO WEST BOUND LANES OF E 3RD ST. V1 TURNED LEFT FROM EAST BOUND LANE OF E 3RD ST. IN FRONT OF V2. V2 STRUCK V1 AND THEN STRUCK THE LIGHT POLE.D2 STATED THAT SHE WAS DRIVING WEST ON E 3RD ST. IN THE RIGHT OF TWO WEST BOUND LANES. D2 STATED THAT SHE WAS TRAVELING AT A SPEED OF ABOUT 30-35MPH. D2 STATED THAT SHE DID NOT SEE V1 UNTIL IT WAS TURNING IN FRONT OF HER. D2 STATED THAT SHE ATTEMPTED TO BRAKE, BUT WAS UNABLE TO STOP IN TIME TO PREVENT A COLLISSION. D2 STATED THAT SHE STRUCK V1 AND THEN STRUCK THE LIGHT POLE.IT SHOULD BE NOTED THAT TRAFFIC ALONG E 3RD ST. IN THE AREA OF THE CRASH, BACKS UP DUE TO THE RIGHT OF THE TWO WEST BOUNDS LANES MERGES INTO THE LEFT LANE OF THE TWO WEST BOUND LANES. TRAFFIC WAS BACKUP IN THE LEFT LANE, BUT THE RIGHT LANE WAS FREE-FLOWING."
903431596,BLOOMINGTON PD,B1934715,MONROE,BLOOMINGTON,BLOOMINGTON,8/20/2019,4:57 PM,2,0,0,0,0,,ROGERS,ST,,,,S ROGERS,DODDS,,,,Y,,400,S,39.11517993,-86.5387,LOCAL/CITY ROAD,,N,N,URBAN,N,N,N,,DAYLIGHT,CLEAR,WET,,T-INTERSECTION,STRAIGHT/LEVEL,ASPHALT,SPEED TOO FAST FOR WEATHER CONDITIONS,$1001 TO $2500,REAR END,459,459,Y,N,SROGERSSTWDODDSST,0,NONE,"D1 ADVISED V1 WAS TRAVELING NB ON S ROGERS ST. AS V1 APPROACHED THE 900 BLOCK OF S ROGERS ST, V2 PULLED OUT OF THE PARKING LOT OF 919 S ROGERS ST. D1 ADVISED HE BRAKED AND ATTEMPTED TO SLOW DOWN BUT WAS UNABLE TO DUE TO THE ROADS BEING WET. V1 COLLIDED WITH THE REAR OF V2. THERE WAS MINOR DAMAGE TO THE FRONT BUMPER OF V1. D2 ADVISED V2 PULLED OUT OF THE PARKING LOT OF 919 S ROGERS ST. D2 STATED SHE SAW V1 BUT BELIEVED THERE WAS ENOUGH SPACE FOR HER TO PULL INTO THE ROADWAY. ONCE SHE WAS IN THE ROADWAY, V1 COLLIDED WITH V2. THERE WAS MINOR DAMAGE TO V2 BACK BUMPER. IT SHOULD BE NOTED, D2 DID HAVE A COMPLAINT OF BACK PAIN BUT REFUSED AN AMBULANCE. BOTH VEHS WERE DRIVER FROM SCENE."
903431110,BLOOMINGTON PD,B19-34754,MONROE,PERRY,BLOOMINGTON,8/20/2019,9:09 PM,2,0,0,0,0,3400,S SARE,RD,,,,S SARE,,,,,Y,,,,39.147072,-86.498944,UNKNOWN,,N,N,URBAN,N,N,N,,DARK (LIGHTED),CLEAR,DRY,,NO JUNCTION INVOLVED,STRAIGHT/LEVEL,ASPHALT,UNSAFE BACKING,$1001 TO $2500,BACKING CRASH,909,930,Y,Y,SSARERD,0,NONE,"On August 20th 2019 at approximately 21:30 hours I was dispatched to 3400 S Sare Rd in reference to an accident LSA. .Upon arrival, I observed a 2013 Green Mini Cooper facing northbound with damage to the driver's side door. I checked the windshield and the immediate area for a note, but did not locate one. I then spoke with O1 (owner of vehicle 1).She explained that she parked the vehicle in the parking stall around July 22nd and then left the country. She returned home tonight (8/20/19) to find that the vehicle had been struck by another vehicle. O1 stated that the vehicle had not been moved while she was gone and that she does not know of a suspect vehicle. She also explained that she did not have insurance on the vehicle due to her leaving the country. The damage to V1 appeared to be from when V2 backed out of the parking stall, but it is unknown.On August 21st 2019 Officer Sager met with O1 who explained that she found V2. Officer Sager located D2 who explained that he was exiting (backing) out of the parking stall when he struck V1, which was parked. Officer Sager observed damage to V2's front passenger side area and V1's driver's side. It should be noted that D2 explained that he left a note on the vehicle. Due to V2's unsafe backing resulted in the accident."
903431595,MONROE SD,M19A27506,MONROE,CLEAR CREEK,BLOOMINGTON,8/20/2019,5:44 PM,1,0,0,0,0,,E SMITHVILLE,RD,,,,E SMITHVILLE,S ZIKES,,,,N,,900,W,39.071344,-86.5252,LOCAL/CITY ROAD,,N,N,URBAN,N,N,N,,DAYLIGHT,CLEAR,WET,,NO JUNCTION INVOLVED,CURVE/GRADE,ASPHALT,RAN OFF ROAD RIGHT,$5001 TO $10000,RAN OFF ROAD,550,555,Y,N,ESMITHVILLERDSZIKESRD,0,NONE,D1 STATED SHE WAS DRIVING WEST ON W. SMITHVILLE RD PASSING S. ZIKES RD. D1 CAME TO A CURVE IN THE ROAD AND THERE WAS A LOG AND BRANCH IN THE ROADWAY. D1 SWERVED TO MISS THE BRANCH AND WHEN SHE HIT HER BRAKES IT PUT V1 INTO A SPIN AND RAN OFF THE ROAD AND INTO A TREE.THERE WAS A LOG AND BRANCH THAT WAS MOVED OUT OF THE ROADWAY PRIOR TO MY ARRIVAL.
903431092,MONROE SD,M19A27512,MONROE,PERRY,BLOOMINGTON,8/20/2019,6:30 PM,2,0,0,0,0,315,GORDON LOT 45,PIKE,,,,S GORDON LOT 45,,,,,N,,,,39.11672,-86.53736,,,N,Y,RURAL,N,N,N,,DAYLIGHT,CLEAR,DRY,,NO JUNCTION INVOLVED,STRAIGHT/GRADE,ASPHALT,UNSAFE BACKING,$2501 TO $5000,BACKING CRASH,653,657,Y,N,SGORDONLOT45PIKE,0,NONE,Vehicle 1 was seen by Deputy Gaitani back into vehicle 2 however no driver was in the vehicle when it struck vehicle 2. Vehicle 2 was parked at 315 W Gordon Pike Lot 46. The owner of vehicle 2 stated he saw the driver of vehicle 1 flee the scene before the arrival of Deputy Gaitani. In a check of vehicle 1 it was determined that vehicle 1 was a stolen vehicle reported to Indiana State Police.