Master Record Number,Agency,Local Code,County,Township,City,Collision Date,Collision Time,Vehicles Involved,Trailers Involved,Number Injured,Number Dead,Number Deer,House Number,Roadway Name,Roadway Suffix,Roadway Number,Roadway Interchange,Roadway Ramp,Roadway Id,Intersecting Road,Intersecting Road Number,Mile Marker,Interchange,Corporate Limits?,Property Type,Feet From,Direction,Latitude,Longitude,Roadway Class,Traffic Control Devices?,Aggressive Driving?,Hit and Run?,Locality,School Zone?,Rumble Strips?,Construction?,Construction Type,Light Condition,Weather Conditions,Surface Condition,Type of Median,Roadway Junction Type,Road Character,Roadway Surface,Primary Factor,Damage Estimate,Manner of Collision,Time Notified,Time Arrived,Investigation Complete?,Photos Taken?,Unique Location Id,State Property Damage?,Traffic Control,NARRATIVE
903431644,BLOOMINGTON PD,B1934867,MONROE,BLOOMINGTON,BLOOMINGTON,8/21/2019,4:53 PM,2,0,1,0,0,,HENDERSON,ST,,,,S HENDERSON,UNIVERSITY,,,,Y,,,,39.15212,-86.52696499,LOCAL/CITY ROAD,,N,N,URBAN,N,N,N,,DAYLIGHT,CLEAR,DRY,,T-INTERSECTION,STRAIGHT/LEVEL,ASPHALT,FAILURE TO YIELD RIGHT OF WAY,$5001 TO $10000,RIGHT ANGLE,455,456,Y,Y,EUNIVERSITYSTSHENDERSONST,0,STOP SIGN,"V1 WAS TRAVELING EAST ON E. UNIVERSITY ST., APPROACHING THE INTERSECTION OF E. UNIVERSITY ST. AND S. HENDERSON ST. V1 PROCEEDED INTO THE INTERSECTION AND STRUCK V2.D1 STATED THAT SHE WAS DRIVING EAST ON E. UNIVERSITY ST. D1 STATED THAT SHE STOPPED AT THE STOP SIGN LOCATED AT THE INTERSECTION OF E UNIVERSITY ST. AND S. HENDERSON ST., AND LOOKED BOTH WAYS. D1 STATED THAT SHE MUST NOT HAVE SEEN V2 AND THOUGHT IT WAS A FOUR-WAY STOP BECAUSE SHE ENTERED THE INTERSECTION AND STRUCK V2.V2 WAS TRAVELING NORTH ON S. HENDERSON ST. WHEN V1 ENTERED IN THE INTERSECTION OF E. UNIVERSITY ST. AND S. HENDERSON ST AND STRUCK V2.D2 STATED THAT HE WAS TRAVELING NORTH ON S. HENDERSON ST. WHEN V1 ATTEMPTED TO CROSS THE INTERSECTION OF E. UNIVERSITY ST. AND S. HENDERSON ST. AND STRUCK V2.IT SHOULD BE NOTED THAT THIS INTERSECTION IS A TWO-WAY STOP, EAST/WEST."
903432482,ELLETTSVILLE PD,E1904572,MONROE,RICHLAND,ELLETTSVILLE,8/21/2019,2:08 PM,2,0,0,0,0,,FIRST,ST,,,,FIRST,RITTER,,,,Y,,,,39.229424,-86.623584,LOCAL/CITY ROAD,,N,N,URBAN,N,N,N,,DAYLIGHT,CLEAR,DRY,,NO JUNCTION INVOLVED,STRAIGHT/GRADE,ASPHALT,FAILURE TO YIELD RIGHT OF WAY,$1001 TO $2500,RIGHT ANGLE,210,215,Y,Y,FIRSTSTRITTERST,0,NONE,"Driver one was sitting at the intersection of Ritter Street and First Street at the stop sign she then started across the intersection. Driver one did not see driver two who was northbound on First street approaching the intersection. Driver one pulled out into driver two, causing minor damage to both vehicles.NO diagram vehicles moved prior to arrival."
903431921,INDIANA UNIV BLOOMINGTON PD,191620,MONROE,BLOOMINGTON,BLOOMINGTON,8/21/2019,3:05 PM,2,0,0,0,0,,,,SR46S,,,SR46S,10TH,,,,Y,,,,39.171648,-86.502096,STATE ROAD,Y,N,N,URBAN,N,N,N,,DAYLIGHT,CLEAR,DRY,,FOUR-WAY INTERSECTION,STRAIGHT/LEVEL,ASPHALT,FOLLOWING TOO CLOSELY,UNDER $1001,REAR END,310,317,Y,N,10THSTSR46S,0,TRAFFIC CONTROL SIGNAL,The accident occurred on SR 46 with the intersection of 10th Street. D1 and D2 moved their vehicle out of intersection so they would not block traffic. D1 stated that she was traveling behind V2 when D2 slammed on her brakes due to traffic stopping for the light. D1 stated that she believes she would have stopped in time if it weren't for loose gravel on the road. D1 stated that she slid right in to the back of V2. D2 stated that she was coming up on the intersection when she had to suddenly stop due to the light changing and cars in front of her stopping and was rear ended. There was very minor damage to both vehicles.
903431762,BLOOMINGTON PD,B1934892,MONROE,BLOOMINGTON,BLOOMINGTON,8/21/2019,6:32 PM,2,0,0,0,0,2721,E 3RD,ST,,,,E 3RD,,,,,Y,,,,39.16423674,-86.49805388,UNKNOWN,,N,Y,URBAN,N,N,N,,DAYLIGHT,CLEAR,DRY,,T-INTERSECTION,STRAIGHT/LEVEL,ASPHALT,FAILURE TO YIELD RIGHT OF WAY,UNDER $1001,RIGHT ANGLE,652,721,Y,Y,E3RDST,0,NONE,V1 WAS STOPPED AT END OF PARKING STALL AISLE WAITING TO CROSS THE SERVICE DRIVE HEADING NORTH. V2 WAS DRIVING ALONG THE SERVICE DRIVE HEADED WEST. V1 ATTEMPTED TO CROSS THE SERVICE DRIVE INTO ANOTHER PARKING LOT BEFORE V2 HAD FULLY PASSED V1'S POSITION. V1 STRUCK THE REAR DRIVER SIDE QUARTER PANEL OF V2 CAUSING DAMAGE.
903431263,BLOOMINGTON PD,B1934814,MONROE,BLOOMINGTON,BLOOMINGTON,8/21/2019,9:58 AM,2,0,0,0,0,1722,N WALNUT,ST,,,,N WALNUT,,,,,Y,,,,39.18203331,-86.53375804,UNKNOWN,,N,N,URBAN,N,N,N,,DAYLIGHT,CLOUDY,DRY,,NO JUNCTION INVOLVED,STRAIGHT/GRADE,ASPHALT,UNSAFE BACKING,$1001 TO $2500,BACKING CRASH,1001,1005,Y,N,NWALNUTST,0,NONE,Driver 2 stated he was westbound through the parking lot of 1722 N Walnut St when vehicle 1 backed out of a parking space and collided with his vehicle. Driver 1 stated he was backing out of a parking space and did not see vehicle 2 and collided with it.
903434013,MONROE SD,M19A27601,MONROE,VAN BUREN,BLOOMINGTON,8/21/2019,11:59 PM,2,0,0,0,0,,,,SR48W,,,SR48W,FIELDSTONE,,,,N,,,,39.164848,-86.602112,STATE ROAD,,N,N,URBAN,N,N,N,,DAYLIGHT,CLEAR,DRY,,T-INTERSECTION,STRAIGHT/LEVEL,ASPHALT,FAILURE TO YIELD RIGHT OF WAY,$5001 TO $10000,RIGHT ANGLE,1200,1213,Y,N,FIELDSTONEBLVDSR48W,0,LANE CONTROL,"V2 was traveling east on SR48 near the intersection with Field Stone Blvd. D1 was traveling west on State Road 48 and in the left turn lane to travel south on Field Stone Blvd. D2 stated that he slowed while approaching the intersection allowing an unknown vehicle to travel in front of him. V1 attempted to make a left turn and follow the unknown vehicle. Consequently, D2 and D1 collided."
903441193,MONROE SD,M19A27668,MONROE,CLEAR CREEK,BLOOMINGTON,8/21/2019,9:07 PM,1,0,0,0,0,9301,S FAIRFAX,RD,,,,S FAIRFAX,,,,,N,,,,39.015008,-86.482144,UNKNOWN,,N,N,RURAL,N,N,N,,DARK (NOT LIGHTED),CLEAR,DRY,,NO JUNCTION INVOLVED,STRAIGHT/LEVEL,ASPHALT,OTHER (ENVIRONMENTAL) - EXPLAIN IN NARR,$1001 TO $2500,OTHER - EXPLAIN IN NARRATIVE,915,936,Y,N,SFAIRFAXRD,0,NONE,V1 was parked on a private drive on Fourwinds property unoccupied. V1 owner was nearby and heard a loud noise and found that a large limb from a tree had fallen on the rear passenger side of the truck causing damage to the bed.
903431922,INDIANA UNIV BLOOMINGTON PD,191619,MONROE,BLOOMINGTON,BLOOMINGTON,8/21/2019,2:30 PM,2,0,0,0,0,,3RD,ST,,,,E 3RD,ARBUTUS,,,,Y,,150,N,39.18013153,-86.51217,UNKNOWN,,N,N,URBAN,Y,N,N,,DAYLIGHT,CLEAR,DRY,,NO JUNCTION INVOLVED,CURVE/LEVEL,ASPHALT,UNSAFE BACKING,$1001 TO $2500,BACKING CRASH,249,252,Y,N,E3RDSTSARBUTUSDR,0,NONE,"On 08/21/2019, at 1439 hours, a cadet working student move-ins advised that there had been a minor crash on the Forest Circle Drive. Shortly thereafter, they requested an officer respond to the scene to take a report. When I arrived on scene, I met with Kristy Curtis, the owner of a black Honda CR-V, bearing IN CM plate UCY815. Curtis advised that the driver of the other vehicle, later identified as Tsehainesh Teklezghi, backed a black Nissan Rogue (IN PC 658UP) into Curtis's parked Honda, while trying to leave. I spoke with Teklezghi, who stated that she had decided to move the Nissan from the Forest Circle Drive and accidentally backed it (backing southeast) into the parked Honda, which was facing west. Teklezghi said that there was no damage to her vehicle's rear bumper. There were a few scrapes to the front bumper of Honda CR-V toward the driver side from the impact. When I had dispatch run Teklezghi's information, they advised that her license was suspended, with a prior conviction. When I ran Teklezghi's information on my MDD, I was able to view a driver's license photo which matched her and see that she had several recent violations on her license history and a history of failures to appear. Teklezghi was also unable to provide proof of insurance for the vehicle that she was driving, advising that the Nissan belonged to her son's father. I called for a tow truck and arrested Teklezghi for Driving While Suspended, Prior, a class A misdemeanor. Officer Schmitt performed an inventory of the vehicle and Sergeant Snyder handled the tow through Auto Mobile. The Nissan will be held for proof of insurance and valid driver. I handcuffed Teklezghi and searched her incident to arrest. I double-locked the cuffs and checked them for tightness, readjusting them and double-locking again when she complained of pain, stating that she had prior problems with her left wrist. I placed her in the rear of unit 224 and transported her to Monroe County Jail, where I booked her in on a charge of Driving While Suspended, Prior. I request that a copy of this case be forwarded to the Monroe County Prosecutor's Office for review. Copies of the remand sheet and tow/inventory forms are attached to this case.*****************************************SUPPLEMENT**************************************************************On 08/22/2019, Gezaie Ghirmay, the owner of the black Nissan Rogue, came to retrieve his vehicle. Ghirmay has a valid driver's license and showed proof that his vehicle was insured at the time of the crash. I have added that information to this case and contacted the insurance agent of Ms. Curtis to inform them of this information."
903434680,BLOOMINGTON PD,B1934893,MONROE,BLOOMINGTON,BLOOMINGTON,8/21/2019,6:30 PM,2,0,0,0,0,322,E KIRKWOOD,AVE,,,,E KIRKWOOD,,,,,Y,,,,39.16664,-86.53070106,UNKNOWN,,N,Y,URBAN,N,N,N,,DAYLIGHT,CLEAR,DRY,,NO JUNCTION INVOLVED,STRAIGHT/LEVEL,ASPHALT,UNSAFE BACKING,$1001 TO $2500,BACKING CRASH,722,722,N,Y,EKIRKWOODAVE,0,NONE,"V2 WAS PARKED IN A PRIVATE PARKING LOT, 322 E KIRKWOOD AVE, FACING NB FROM THE HOURS OF 1600 - 1900. WHEN THE OWNER OF V2 WALKED TO HER VEH, SHE SAW THERE WAS DAMAGE TO THE REAR DRIVER SIDE. BASED ON THE DAMAGE, V1 MAY HAVE BEEN REVERSING FROM THE PARKING STALL NEXT TO V2. D1 LEFT A NOTE ON V2 WITH A PHONE NUMBER. HOWEVER WHEN THE NUMBER IS CALLED, THERE IS NO ANSWER AND THE VOICEMAIL IS FULL. V1 IS BELIEVED TO BE BLUE OR GREEN DUE TO THE PAINT TRANSFER ON V2."
903431750,INDIANA UNIV BLOOMINGTON PD,191622,MONROE,BLOOMINGTON,BLOOMINGTON,8/21/2019,8:35 PM,2,0,0,0,0,,NINTH,ST,,,,NINTH,PARK,,,,Y,,50,W,39.17044,-86.52463567,LOCAL/CITY ROAD,,N,N,URBAN,N,N,N,,DAWN/DUSK,CLEAR,DRY,,NO JUNCTION INVOLVED,STRAIGHT/LEVEL,OTHER - EXPLAIN IN NARRATIVE,IMPROPER PASSING,$2501 TO $5000,SAME DIRECTION SIDESWIPE,839,840,Y,N,NINTHSTPARKAVE,0,NONE,"Explain in Narrative Roadway Surface: The roadway is brick. V1 was traveling westbound on 9th Street going straight. V2 was parked facing westbound by the south side curb. D1 stated she had dropped off Other Participant 1 (OP1) by V2. D1 stated she saw OP1 get into her vehicle (V2) on the rear passenger side of the vehicle. D1 stated she thought that OP1 had already entered into the vehicle and did not see that the rear passenger side door of V2 was not closed. D1 stated she continued to drive westbound on 9th when she struck the rear passenger side door of V2 with the driver side rear quarter panel of V1. OP1 stated that she was being dropped off by D1 next to V2 when she went into the rear passenger side door of V2. OP1 stated that she had the rear passenger side door open and was reaching into the vehicle to grab some belongings. OP1 stated that shortly after, she heard D1 hit her rear passenger side car door with the rear driver side quarter panel of V1. OP1 stated that her rear passenger car door could not close due to the damage. There were no injuries. At the request of OP1, Hawkins Towing was called to take V2 due to the damage to her door."
903436913,MONROE SD,M19A27700,MONROE,RICHLAND,ELLETTSVILLE,8/22/2019,7:39 AM,2,0,0,0,0,,UNION VALLEY,RD,,,,N UNION VALLEY,MCNEELY,,,,N,,,,39.2375,-86.59278,LOCAL/CITY ROAD,,N,N,RURAL,N,N,N,,DAWN/DUSK,CLOUDY,WET,,T-INTERSECTION,STRAIGHT/HILLCREST,ASPHALT,SPEED TOO FAST FOR WEATHER CONDITIONS,$10001 TO $25000,RIGHT ANGLE,741,755,Y,N,NUNIONVALLEYRDWMCNEELYST,0,STOP SIGN,D1 stated she was traveling east on W Mcneely Street at approximately 40 MPH. D1 tried to slow down as she approached the intersection with North Union Valley however she claimed her vehicle hydroplaned. D1 tried to turn left to avoid a collision but the vehicle continued straight. D1 stated she could not stop for the stop sign at the intersection. D1 collided with D2.D2 stated he was traveling north on N Union Valley Road at approximately 35 MPH. D2 stated that D1 slid through the intersection. D2 stated he could not stop to avoid a collision.
903432136,BLOOMINGTON PD,B1934993,MONROE,VAN BUREN,BLOOMINGTON,8/22/2019,11:45 AM,2,0,1,0,0,,3RD,ST,,,,W 3RD,GATES,,,,Y,,,,39.16459,-86.5762,LOCAL/CITY ROAD,Y,N,N,URBAN,N,N,N,,DAYLIGHT,CLOUDY,DRY,,FOUR-WAY INTERSECTION,STRAIGHT/LEVEL,ASPHALT,DRIVER ILLNESS,UNDER $1001,SAME DIRECTION SIDESWIPE,1151,1152,Y,Y,SGATESDRW3RDST,0,TRAFFIC CONTROL SIGNAL,"V1 and V2 were traveling eastbound and at the intersection of W 3rd St and S Gates Dr when V1 crossed over into V2's lane of travel as V2 was preparing to turn left. V1 made contact to V2 near the front right 1/4 panel, causing minor damage to both vehicles. D1 appeared to have suffered from an unknown medical condition at the time of the incident. D1/V1 stated he was operating the vehicle and began to have sharp pains in both his chest and head and soon after blacked out, stating he did not remember what happened. D2/V2 stated he was preparing to turn left from W 3rd St onto S Gates Dr when he noticed V1 began to cross into his lane of travel. In doing so, D2 stated he noticed D1 appeared to be clutching his chest, indicating he may be suffering from an unknown medical condition. D1 was transported from the scene due to his health condition and was later interviewed at IU Health while receiving treatment. V1 sustained minor damage to the front left 1/4 panel of the vehicle and was towed from the scene due to D1 being transported for medical treatment. V2 sustained minor damage to the front right 1/4 panel of the vehicle and was driven away from the scene."
903432366,INDIANA UNIV BLOOMINGTON PD,191635,MONROE,BLOOMINGTON,BLOOMINGTON,8/22/2019,7:45 PM,2,0,0,0,0,,SWAIN,AVE,,,,SWAIN,THIRD,,,,Y,,,,39.16425,-86.51526,LOCAL/CITY ROAD,,N,N,URBAN,N,N,N,,DAYLIGHT,CLOUDY,WET,,T-INTERSECTION,STRAIGHT/LEVEL,ASPHALT,IMPROPER TURNING,$5001 TO $10000,LEFT TURN,752,759,Y,N,SWAINAVETHIRDST,0,NONE,D1 was traveling westbound on Third Street. D2 was traveling westbound on Third Street.D1 stated that she was traveling westbound in the south most lane attempting to turn south onto Swain Avenue traveling at approximately 15 miles per hour. D1 stated that as she was attempting to complete the turn V2 hit V1 on the front driver side door section of her vehicle. D1 stated she had used her signal as she attempted to turn. D1 believed that D2 was behind her prior to the crash.D2 stated that he was driving in the north most lane traveling westbound at approximately 30 miles per hour. D2 stated that there was another vehicle in front of him as he attempted to merge into the south most lane. D2 stated that V1 suddenly merged in front of him and struck V2's front passenger side quarter panel. Both parties stated that they moved their vehicles after the crash.No injuries were reported.
903431811,ELLETTSVILLE PD,E1904589,MONROE,RICHLAND,ELLETTSVILLE,8/22/2019,12:27 AM,1,0,0,0,0,,MIAMI,ST,,,,MIAMI,SHAWNEE,,,,Y,OTHER,150,E,39.220816,-86.622288,LOCAL/CITY ROAD,,N,N,URBAN,N,N,N,,DARK (NOT LIGHTED),CLEAR,DRY,,NO JUNCTION INVOLVED,STRAIGHT/LEVEL,ASPHALT,RAN OFF ROAD RIGHT,$10001 TO $25000,RAN OFF ROAD,1227,1230,Y,Y,MIAMISTSHAWNEEDR,0,OTHER,Driver 1 was traveling east on Miami Street. Driver 1 stated he missed his turn onto Shawnee Drive because he was looking at his GPS on his phone. Driver 1 then drove through a Guard Rail at the dead end of Miami Street and into a small creek.Driver 1 vehicle was heavily damaged in the front end and possibly the under carriage. Damage to the Guard Rail was extensive and will require remounting and possible complete replacement.
903440157,BLOOMINGTON PD,B1935103,MONROE,VAN BUREN,BLOOMINGTON,8/22/2019,10:17 PM,1,0,1,0,0,,PATTERSON,DR,,,,PATTERSON,2ND,,,,Y,,125,S,39.14754324,-86.54849,LOCAL/CITY ROAD,,N,N,URBAN,N,N,N,,DARK (LIGHTED),CLOUDY,WET,,NO JUNCTION INVOLVED,STRAIGHT/LEVEL,ASPHALT,PEDESTRIAN ACTION,$5001 TO $10000,COLLISION WITH OBJECT IN ROAD,1019,1021,N,Y,2NDSTPATTERSONDR,1,LANE CONTROL,Vehicle 1 (V1) was traveling northwest on Patterson Drive approaching 2nd Street. Pedestrian (P) is believed to walk from the wooded area to the southeast of 2nd Street and Patterson Drive behind two office buildings. Driver 1 (D1) says someone walked out into the roadway in front of his car. He applied the vehicle's brakes but he was unable to stop in time. D1 says he struck the pedestrian. The vehicle then slid to a stop and the pedestrian fell to the roadway. Neither D1 nor his passenger were injured. The pedestrian was severely injured and was not conscious and unable to speak since the accident. Initial responding Officers suspected the pedestrian had been drinking based upon their observations.
903431974,BLOOMINGTON PD,B1934977,MONROE,BLOOMINGTON,BLOOMINGTON,8/22/2019,9:49 AM,1,0,1,0,0,,7TH,ST,,,,7TH,INDIANA,,,,Y,,,,39.16864,-86.526944,LOCAL/CITY ROAD,,N,N,URBAN,N,N,N,,DAYLIGHT,CLOUDY,DRY,,FOUR-WAY INTERSECTION,STRAIGHT/LEVEL,ASPHALT,IMPROPER TURNING,UNDER $1001,LEFT TURN,950,1005,Y,N,7THSTINDIANAAVE,1,STOP SIGN,"The bicyclist reports that she had stopped at the white line on eastbound 7th St at the stop sign with Indiana Ave in the middle of the lane. She advised that vehicle 1 turned left from Indiana Ave and cut across the east bound lane where the bicyclist was stopped, colliding with the front wheel and handle bars of the bicycle. Driver 1 stated she didn't see the bicyclist in the road. Driver 1 also advised that she might have cut the corner when she had turned left."
903432353,INDIANA UNIV BLOOMINGTON PD,191634,MONROE,BLOOMINGTON,BLOOMINGTON,8/22/2019,7:18 PM,2,0,0,0,0,,THIRD,ST,,,,THIRD,FESS,,,,Y,,100,E,39.16429,-86.52587865,LOCAL/CITY ROAD,,N,N,URBAN,N,N,N,,DAYLIGHT,CLOUDY,WET,,NO JUNCTION INVOLVED,STRAIGHT/LEVEL,ASPHALT,FOLLOWING TOO CLOSELY,$5001 TO $10000,REAR END,719,725,Y,N,FESSAVETHIRDST,0,NONE,"V1 and V2 were traveling westbound on 3rd street.At 727 E 3rd Street, V2 began to break due to traffic congestion. V1 began to slow as well, however were following too closely, and struck V1's rear bumper.V1 sustained damage to their front bumper. V2 sustained damage to their rear bumper."
903432101,BLOOMINGTON PD,B1935003,MONROE,BLOOMINGTON,BLOOMINGTON,8/22/2019,12:42 PM,2,0,1,0,0,,3RD,ST,,,,3RD,COLLEGE MALL,,,,Y,,,,39.16424,-86.4984,LOCAL/CITY ROAD,Y,N,N,URBAN,N,N,N,,DAYLIGHT,CLOUDY,DRY,,FOUR-WAY INTERSECTION,STRAIGHT/LEVEL,ASPHALT,FOLLOWING TOO CLOSELY,UNDER $1001,REAR END,1244,1248,Y,Y,3RDSTCOLLEGEMALLRD,0,TRAFFIC CONTROL SIGNAL,Driver 2 stated she was west bound on 3rd St approaching College Mall Rd in the right turn lane. Driver 2 stated that the traffic signal changed to red and the car in front of her stopped. Driver 2 stated she stopped and was then hit from behind by vehicle 1. Driver 1 stated she was behind vehicle 2 when vehicle 2 came to a sudden stop. Driver 2 stated was unable to stop and collided with vehicle 2.
903432374,BLOOMINGTON PD,B1935076,MONROE,PERRY,BLOOMINGTON,8/22/2019,6:55 PM,2,0,0,0,0,,E MOORES,PIKE,,,,E MOORES,S COLLEGE MALL,,,,Y,,60,W,39.150448,-86.498,LOCAL/CITY ROAD,,N,Y,URBAN,N,N,N,,DAYLIGHT,CLOUDY,WET,,FOUR-WAY INTERSECTION,STRAIGHT/GRADE,ASPHALT,UNSAFE LANE MOVEMENT,$5001 TO $10000,SAME DIRECTION SIDESWIPE,657,715,Y,Y,EMOORESPIKESCOLLEGEMALLRD,0,NONE,D1 stated he was traveling east on E. Moores Pk. D1 stated he was in the turn lane attempted to turn north onto S. College Mall Rd. D1 stated D2 passed him on the left side of a double yellow line attempting to get into the turn lane. D1 stated D2 made contact with the front driver side of his vehicle causing damage to his vehicle. D1 stated he attempted to stop after the accident. D1 stated he watched D2 cross the intersection and pull into the next lot. D1 stated he left and later called his father who advised him to return to the scene.D2 stated he was traveling east on E. Moores Pk. D2 stated he was in the left turn lane preparing to turn left. D2 stated D1 attempted to enter into the same turn lane. D2 stated D1 collided with the right side of vehicle causing damage to his vehicle. D2 stated he crossed the intersection and pulled into the movie theater parking lot. D2 stated he was unsure where D1 went after the accident.Witness 1 (W1) stated he witnessed the accident. W1 stated D2 was in the left turn lane. W1 stated D1 attempted to enter into the turn lane and collided with D2. W1 stated D1 eventually pulled over at Dicks Sporting Goods. W1 stated he advised D1 to return to the scene of the accident prior to getting in trouble.
903432330,BLOOMINGTON PD,B1935074,MONROE,PERRY,BLOOMINGTON,8/22/2019,6:35 PM,1,0,0,0,0,3004,S ACADIA,CT,,,,S ACADIA,,,,,Y,PRIVATE,,,39.13603958,-86.518496,UNKNOWN,,N,Y,URBAN,N,N,N,,DAYLIGHT,RAIN,WET,,T-INTERSECTION,NON-ROADWAY CRASH,ASPHALT,ROADWAY SURFACE CONDITION,UNDER $1001,RAN OFF ROAD,638,647,Y,Y,SACADIACT,0,STOP SIGN,"W1 STATED THAT SHE SAW A LARGE TAN SUV SLIDE THROUGH THE STOP SIGN WITHIN THE APARTMENT COMPLEX, RUN OFF THE ROADWAY INTO HER GRASS, AND STRIKE THE LIGHT POST. W1 STATED THAT SHE WITNESSED TWO WHITE MALES GET OUT OF THE VEHICLE AND RUN BACK UP THE HILL UNTIL SHE LOST SIGHT. W1 STATED THAT THE VEHICLE, STILL BEING DRIVEN BY A BLACK MALE, BACKED UP AND DROVE FURTHER INTO THE APARTMENT COMPLEX UNTIL SHE LOST SIGHT. AN OFFICER LOCATED A VEHICLE MATCHING THE DESCRIPTION GIVEN BY W1 IN THE PARKING LOT AT THE TOP OF THE HILL. WHEN LOOKING AT THE VEHICLE, IT WAS RECENTLY DRIVEN AND HAD DAMAGE AND DEBRIS ON THE FRONT BUMPER."
903433277,MONROE SD,M19A27784,MONROE,RICHLAND,BLOOMINGTON,8/22/2019,6:33 PM,2,0,0,0,0,,SMITH,PIKE,,,,SMITH PIKE,WOODYARD,,,,N,,,,0,0,COUNTY ROAD,,N,N,RURAL,N,N,N,,DAYLIGHT,CLEAR,DRY,,NO JUNCTION INVOLVED,STRAIGHT/LEVEL,ASPHALT,OTHER (DRIVER) - EXPLAIN IN NARRATIVE,UNDER $1001,REAR END,633,640,Y,N,SMITHPIKEPIKEWOODYARDRD,0,NONE,Driver number 1 stated that he was traveling on Woodyard road and went to turn onto Smith Pike. Once he turned onto Smith Pike traffic was stopped to let an emergency vehicle go by. Driver 1 didn't realize traffic was stopped until it was too late. Driver 1 struck vehicle 2.
903432349,BLOOMINGTON PD,B1935022,MONROE,BLOOMINGTON,BLOOMINGTON,8/22/2019,2:05 PM,2,0,0,0,0,,S PETE ELLIS,DR,,,,S PETE ELLIS,E 3RD,,,,Y,,,,39.16424,-86.495088,LOCAL/CITY ROAD,Y,N,N,URBAN,N,N,N,,DAYLIGHT,CLOUDY,DRY,,FOUR-WAY INTERSECTION,STRAIGHT/GRADE,ASPHALT,FOLLOWING TOO CLOSELY,$1001 TO $2500,RAN OFF ROAD,210,222,Y,N,E3RDSTSPETEELLISDR,0,TRAFFIC CONTROL SIGNAL,"V1 WAS TRAVELING WB ON E 3RD STREET ABOUT TO TURN NB ONTO S PETE ELLIS DRIVE BEHIND V2. AS V2 BEGAN TO TURN NB, V2 BEGAN TO SLOW WHICH RESULTED IN THE FRONT OF V1 STRIKING THE REAR OF V2. DAMAGE TO V1 WAS VISIBLE ON THE RIGHT FRONT BUMPER AND HEADLIGHT AREA AND DAMAGE TO V2 WAS VISIBLE ON THE REAR BUMPER AND TAILLIGHT AREA.D1 STATED THAT SHE WAS TRAVELING BEHIND V2 WAITING TO TURN NB ON S PETE ELLIS DRIVE. D1 STATED THAT AS D2 STOPPED FOR PEDESTRIANS IN THE ROADWAY, SHE WAS UNABLE TO STOP IN TIME TO AVOID THE COLLISION.D2 STATED THAT AS SHE WAS TURNING NB ONTO S PETE ELLIS DRIVE, SHE HAD TO STOP TO WAIT FOR PEDESTRIANS IN THE ROADWAY WHO WERE CROSSING. D2 STATED THAT AS SHE STOPPED FOR THE CROSSWALK, SHE WAS STRUCK BY V1."
903432382,ELLETTSVILLE PD,E1904608,MONROE,RICHLAND,ELLETTSVILLE,8/22/2019,8:57 PM,2,0,0,0,0,,,,SR46W,,,SR46W,NORTH OUTBACK,,,,Y,,,,39.21507,-86.592785,STATE ROAD,Y,N,N,URBAN,N,N,N,,DARK (NOT LIGHTED),CLEAR,WET,,FOUR-WAY INTERSECTION,STRAIGHT/LEVEL,ASPHALT,FAILURE TO YIELD RIGHT OF WAY,$5001 TO $10000,LEFT TURN,901,904,Y,Y,NORTHOUTBACKCTSR46W,0,TRAFFIC CONTROL SIGNAL,****UPDATE**** 09/04/2019OWNER OF V2 WAS NOT THE ACTUAL DIRVER OF THE VEHICLE. OWNER OF V2 DID NOT GIVE PERMISSION TO THE FEMALE THAT WAS DRIVING THE VEHICLE ON 08/22/2019 AND THAT FEMALE IS UNKNOWN AT THIS TIME. BODY CAMERA FOOTAGE OF FEMALE THAT WAS DRIVING THE VEHICLE WAS COMPARED TO VEHICLE OWNER AND THEY WERE NOT THE SAME FEMALE. D1 STATED THAT HE HAD A TURN ARROW TO TURN LEFT ONTO OUTBACK CT OFF OF STATE ROAD 46 WEST. AS HE TURNED ONTO OUTBACK CT V2 HIT HIS VEHICLE. D2 STATED THAT ALL LIGHTS WERE GREEN FOR EAST BOUND TRAFFIC. D2 ENTERED INTO THE INTERSECTON AND HIT D1 WHO TURNED INFRONT OF HER. D2 STATED THAT ALL LIGHTS WERE GREEN FOR EAST BOUND TRAFFIC AND THERE WERE NO ARROWS ACTIVE. IT SHOULD ALSO BE NOTED THAT THE METAL CORDS WERE SHOWING ON D1'S FRONT TIRES. VEHICLES WERE MOVED PRIOR TO ARRIVAL.
903432362,INDIANA UNIV BLOOMINGTON PD,191636,MONROE,BLOOMINGTON,BLOOMINGTON,8/22/2019,8:10 PM,2,0,1,0,0,,,,SR46,,,SR46,,SR45,,,Y,,,,39.18629503,-86.53072499,US ROUTE,Y,N,N,URBAN,N,N,N,,DAYLIGHT,RAIN,WET,,FOUR-WAY INTERSECTION,STRAIGHT/LEVEL,ASPHALT,FOLLOWING TOO CLOSELY,$1001 TO $2500,REAR END,813,817,Y,N,SR45SR46,0,TRAFFIC CONTROL SIGNAL,V1 was driving north on US 45/46 towards 10th St. V2 was also going north on US 45/46 towards 10th St slowing in traffic.D1 stated she was driving north on US 45/46 when she realized that V2 was stopping for traffic. D1 stated she attempted to stop but her tires slid on the road and collided with the rear of V2.D2 stated she was driving north on US 45/46 when she stopped due to traffic. D2 stated that when she stopped V1 collided with her rear bumper.