Master Record Number,Agency,Local Code,County,Township,City,Collision Date,Collision Time,Vehicles Involved,Trailers Involved,Number Injured,Number Dead,Number Deer,House Number,Roadway Name,Roadway Suffix,Roadway Number,Roadway Interchange,Roadway Ramp,Roadway Id,Intersecting Road,Intersecting Road Number,Mile Marker,Interchange,Corporate Limits?,Property Type,Feet From,Direction,Latitude,Longitude,Roadway Class,Traffic Control Devices?,Aggressive Driving?,Hit and Run?,Locality,School Zone?,Rumble Strips?,Construction?,Construction Type,Light Condition,Weather Conditions,Surface Condition,Type of Median,Roadway Junction Type,Road Character,Roadway Surface,Primary Factor,Damage Estimate,Manner of Collision,Time Notified,Time Arrived,Investigation Complete?,Photos Taken?,Unique Location Id,State Property Damage?,Traffic Control,NARRATIVE
903432226,MONROE SD,M19A27770,MONROE,BEAN BLOSSOM,BLOOMINGTON,8/22/2019,4:39 PM,1,0,0,0,0,,,,SR46W,,,SR46W,FLATWOODS,,,,N,PRIVATE,500,W,39.25373018,-86.6545366,STATE ROAD,,N,N,RURAL,N,N,N,,DAYLIGHT,CLOUDY,DRY,,NO JUNCTION INVOLVED,CURVE/GRADE,ASPHALT,RAN OFF ROAD RIGHT,$2501 TO $5000,RAN OFF ROAD,441,556,Y,N,FLATWOODSRDSR46W,0,NONE,Driver was east bound on SR 46 in a long left hand turn when she ran off of the right side of the roadway. The vehicle continued down a small embankment and came to rest in a soy bean field.
903432099,BLOOMINGTON PD,B1934975,MONROE,BLOOMINGTON,BLOOMINGTON,8/22/2019,9:43 AM,2,0,0,0,0,,ROGERS,ST,,,,ROGERS,DODDS,,,,Y,,,,39.15747,-86.5387,LOCAL/CITY ROAD,,N,N,URBAN,N,N,N,,DAYLIGHT,CLOUDY,DRY,,FOUR-WAY INTERSECTION,STRAIGHT/LEVEL,ASPHALT,FOLLOWING TOO CLOSELY,$1001 TO $2500,REAR END,950,952,Y,N,DODDSSTROGERSST,0,STOP SIGN,V1 WAS SOUTHBOUND ON ROGERS STREET AT DODDS ST.V2 WAS ALSO SOUTHBOUND DIRECTLY IN FRONT OF V1.D1 SAID WHEN V2 STOPPED IN FRONT OF HIM HE COULD NOT GET STOPPED BEFORE REAR ENDING IT.D2 SAID SHE WAS TURNING LEFT INTO A PARKING LOT JUST SOUTH OF THE INTERSECTION. SHE SAID SHE HAD TO WAIT ON NORTHBOUND TRAFFIC TO CLEAR BEFORE SHE COULD TURN AND THATS WHEN V1 REAR ENDED HER. SHE SAID SHE HAD HER TURN SIGNAL ON.
903437993,ISP BLOOMINGTON 33,2.019E+11,MONROE,BLOOMINGTON,ELLETTSVILLE,8/22/2019,2:50 PM,3,0,0,0,0,,,,SR46,,,SR46,ARLINGTON,,,,N,,,,39.187184,-86.551408,STATE ROAD,Y,N,N,RURAL,N,N,N,,DAYLIGHT,RAIN,WET,,FOUR-WAY INTERSECTION,STRAIGHT/LEVEL,ASPHALT,FOLLOWING TOO CLOSELY,$2501 TO $5000,REAR END,253,300,Y,N,ARLINGTONRDSR46,0,TRAFFIC CONTROL SIGNAL,"At the place of the crash State Road 46 is a four lane two way asphalt road that runs primarily east to west. At the time of the crash it was overcast and raining outside. Traffic was medium to heavy. Vehicle 1, a silver 2013 Ford Escape, was traveling east on SR 46 approaching the Arlington Rd. intersection directly behind V2. Vehicle 2, a maroon 2010 Nissan Altima, was facing east on SR 46 just west of the Arlington Rd. intersection directly behind V3. Vehicle 3, a blue 2014 Ford F150, was sitting on SR 46 facing east at the Arlington Road's fully operational stop light intersection. V1 ran into the back of V2. V2 was hit and pushed into V3. V3 was stuck in the rear from V2 only. All vehicle came to a controlled stop after the crash. Driver 1, Hailey Seaford, stated she was in traveling east on SR 46 approaching the Arlington Rd. intersection in her silver colored Ford Escape. D1 told me that she saw V2 stop in front of her and attempted to stop by applying her brakes. D1 said her vehicle continued forwards and struck the rear end of V2, pushing it into V3. Driver 2, Rita Fish, stated she was topped in traffic facing east on SR 46 just west of the Arlington Rd. intersection directly behind V3. D2 told me that while she was sitting there she was struck from the rear by V1. D2 said V1 pushed her Maroon Nissan into V3.Driver 3, Tracy Welty, told me he was stopped at the east bound stop light at the corner of SR 46 and Arlington Rd. D3 told me that he was facing east at the light when he was hit from behind by V2. D3 never saw it coming. Evidence shows damage to the front bumper area of V1. Evidence shows damage to the front and rear bumpers of V2. Evidence shows minimal damage to the rear of V3. Evidence shows it was raining and the ground was wet at the time of the crash."
903431902,BLOOMINGTON PD,B1934962,MONROE,BLOOMINGTON,BLOOMINGTON,8/22/2019,7:35 AM,2,0,0,0,0,2200,WALNUT,ST,,,,SOUTH WALNUT,,,,,Y,,,,39.165648,-86.5336,UNKNOWN,,N,N,URBAN,N,N,N,,DAYLIGHT,CLOUDY,DRY,,NO JUNCTION INVOLVED,STRAIGHT/GRADE,ASPHALT,UNSAFE BACKING,UNDER $1001,BACKING CRASH,737,753,Y,Y,SOUTHWALNUTST,0,NONE,"V1 WAS BACKING INTO A PARKING SPACE AT COMMUNITY FORD AT 2200 S WALNUT ST.V2 WAS PARKED TO THE WEST OF V1.D1 SAID HE DID NOT THINK HE HIT V2 BECAUSE THE BACKUP SENSOR DID NOT SOUND. AFTER PARKING, D1 LEFT THE VEHICLE THERE FOR SERVICE. V1 WAS PRESSED AGAINST THE FRONT GRILL/BUMPER OF V2."
903436952,MONROE SD,M19A27767,MONROE,WASHINGTON,BLOOMINGTON,8/22/2019,3:18 PM,1,0,0,0,0,,E SAMPLE,RD,,,,E SAMPLE,N OLD SR 37,,,,N,,4000,W,39.25864,-86.5012,LOCAL/CITY ROAD,,N,N,RURAL,N,N,N,,DAYLIGHT,CLOUDY,WET,,NO JUNCTION INVOLVED,CURVE/GRADE,ASPHALT,RAN OFF ROAD RIGHT,$10001 TO $25000,RAN OFF ROAD,320,332,Y,N,ESAMPLERDNOLDSR37RD,0,NONE,"Driver of vehicle 1 stated he was going east of E. Sample Rd when he attempted to slow down at the curve, he stated due to the wet road conditions his vehicle slide off the road and into a tree. Vehicle 1 sustained heavy damage to passenger side front end and was towed from the scene."
903432975,MONROE SD,M19A27773,MONROE,VAN BUREN,BLOOMINGTON,8/22/2019,4:50 PM,2,0,0,0,0,3585,,,SR45,,,W STATE ROAD 45,,,,,N,,,,39.125312,-86.610496,UNKNOWN,,N,N,URBAN,N,N,N,,DAYLIGHT,CLOUDY,DRY,,NO JUNCTION INVOLVED,STRAIGHT/LEVEL,ASPHALT,IMPROPER TURNING,$1001 TO $2500,RIGHT TURN,454,500,Y,N,WSTATEROAD45HWY,0,NONE,D1 stated she was turning into her parking spot when she turned to sharp and collided with v2.
903432087,BLOOMINGTON PD,B1934999,MONROE,BLOOMINGTON,BLOOMINGTON,8/22/2019,11:59 AM,2,0,0,0,0,,WALNUT,ST,,,,N WALNUT,45 46,,,,Y,,100,S,39.17579968,-86.53454,LOCAL/CITY ROAD,,N,N,URBAN,N,N,N,,DAYLIGHT,CLOUDY,DRY,,NO JUNCTION INVOLVED,STRAIGHT/LEVEL,ASPHALT,FAILURE TO YIELD RIGHT OF WAY,$5001 TO $10000,RIGHT ANGLE,1159,1220,Y,N,4546BYPNWALNUTST,0,NONE,"D1 STATED HE WAS EXITING ONTO N WALNUT ST FROM THE MCDONALDS PARKING LOT. D1 INDICATED THAT NORTH BOUND TRAFFIC IN THE EASTERN MOST LANE WAS TURNING INTO MCDONALDS. D1 SAID AS HE BEGAN TO MAKE HIS LEFT TURN AND ENTER THE WESTERN NORTH BOUND LANE, HE WAS STRUCK BY V2. D2 STATED HE WAS TRAVELING NORTH ON WALNUT IN THE WESTERN LANE. HE SAID AS HE APPROACHED MCDONALDS, V1 PULLED OUT INTO TRAFFIC IN FRONT OF HIM AND HE COULD NOT AVOID COLLISION."
903432471,BLOOMINGTON PD,B1935000,MONROE,BLOOMINGTON,BLOOMINGTON,8/22/2019,12:20 PM,2,0,0,0,0,,WALNUT,ST,,,,WALNUT,GRIMES,,,,Y,,,,0,0,LOCAL/CITY ROAD,N,N,N,URBAN,N,N,N,,DAYLIGHT,CLOUDY,DRY,,FOUR-WAY INTERSECTION,STRAIGHT/LEVEL,ASPHALT,FAILURE TO YIELD RIGHT OF WAY,$2501 TO $5000,RIGHT ANGLE,1222,1225,Y,N,GRIMESAVEWALNUTST,0,TRAFFIC CONTROL SIGNAL,"Driver 1 was north bound on walnut street approaching the intersection of walnut and grimes. Driver 1 was in the eastern most lane of n walnut street. Driver 2 was easbound on Grimes passing through the intersection of grimes and walnut street. This is normally an intersection controlled with a traffic light but the traffic light was not functioning, and no colored lights were on at all, thus it should have been functioning as a 4 way stop. V1 entered the intersection and struck v2 in the front passenger side tire. D1 stated she was looking down at her phone and looked up thinking it as her turn to go and struck v2. D2 stated he was proceeding though the intersection and was struck by v1. V2 was nearly all the way though the intersection by the time v1 entered and struck him."
903433279,MONROE SD,M19A27903,MONROE,CLEAR CREEK,BLOOMINGTON,8/23/2019,5:00 PM,2,1,0,0,0,,,,SR37S,,,SR37S,SOUTH ZIKES,,,,N,,150,N,39.04986797,-86.53588243,STATE ROAD,,N,N,RURAL,N,Y,Y,LANE CLOSURE,DAYLIGHT,CLEAR,DRY,,NO JUNCTION INVOLVED,STRAIGHT/LEVEL,ASPHALT,FAILURE TO YIELD RIGHT OF WAY,$2501 TO $5000,SAME DIRECTION SIDESWIPE,508,518,Y,N,SOUTHZIKESRDSR37S,0,LANE CONTROL,V1 was traveling south bound on South State Road 37 in the left lane. V2 was traveling south bound on South State Road 37 in the right lane. Traffic was merging from the right lane to the left lane due to construction blocking the right lane with barrels. V2 attempted to merge in front of V1 and side-swiped V1 on the passenger side. V2 then stuck a construction barrel and pulled to the side of the road.The witness stated V2 was traveling in the right lane at a high rate of speed to merge into traffic at the last opportunity before the right lane was blocked. She stated she was watching V2 and saw it merge into the side of V1.
903432652,BLOOMINGTON PD,B1935189,MONROE,BLOOMINGTON,BLOOMINGTON,8/23/2019,12:00 PM,2,0,1,0,0,,,,SR46E,,,SR46E,7TH,,,,Y,,,,39.167648,-86.500096,STATE ROAD,,N,N,URBAN,N,N,N,,DAYLIGHT,CLEAR,DRY,,NO JUNCTION INVOLVED,STRAIGHT/GRADE,ASPHALT,FOLLOWING TOO CLOSELY,$1001 TO $2500,REAR END,1204,1218,Y,N,7THSTSR46E,0,NONE,"Driver 2 stated he was stopped in traffic in the left lane of southbound SR 46 between 7th St and 3rd St. Driver two stated he was hit from behind by vehicle 1. Driver 1 stated she was behind vehicle 2 when she looked down for a second and when she looked up, traffic had stopped. Driver 1 stated she wasn't able to stop in time and collided with vehicle 2."
903432976,MONROE SD,M19A27921,MONROE,VAN BUREN,BLOOMINGTON,8/23/2019,7:31 PM,2,0,0,0,0,,W CEDAR CHASE,DR,,,,W CEDAR CHASE,W RED ROCK,,,,N,,2400,W,39.131712,-86.58536,LOCAL/CITY ROAD,,N,N,URBAN,N,N,N,,DAYLIGHT,CLOUDY,DRY,,NO JUNCTION INVOLVED,STRAIGHT/LEVEL,ASPHALT,UNSAFE BACKING,$5001 TO $10000,BACKING CRASH,740,751,Y,N,WCEDARCHASEDRWREDROCKRD,0,NONE,D1 stated he was backing out of his driveway and collided with v2.
903432508,BLOOMINGTON PD,B1935155,MONROE,BLOOMINGTON,BLOOMINGTON,8/23/2019,8:22 AM,2,0,0,0,0,4405,E 3RD,ST,,,,E 3RD,,,,,Y,,,,39.16424,-86.47599804,LOCAL/CITY ROAD,,N,N,URBAN,N,N,N,,DAYLIGHT,CLEAR,DRY,,NO JUNCTION INVOLVED,STRAIGHT/LEVEL,ASPHALT,UNSAFE BACKING,$1001 TO $2500,BACKING CRASH,833,841,Y,N,E3RDST,0,NONE,Driver 2 stated he was at the gas pumps on the far eastern side of the lot at 4405 E 3rd St. Driver 2 stated he pulled away from the pumps to go west through the lot when vehicle 1 quickly backed away from the pump next to the one vehicle 2 had been at. Driver 2 stated vehicle 1 backed into his vehicle. Vehicle 1 had sheets of drywall hanging several feet out the back of the truck bed and the drywall collided with the side of vehicle 2. Driver 1 stated he had pulled into the lot and was turning to pull up next to the gas pumps. Driver 1 stated he wasn't able to make the turn so he backed up to reposition. Driver 1 stated he did not see vehicle 2 approaching and collided with vehicle 2.
903432828,INDIANA UNIV BLOOMINGTON PD,191642,MONROE,BLOOMINGTON,BLOOMINGTON,8/23/2019,1:50 PM,2,0,0,0,0,,,,SR46,,,SR46,,SR45,,,Y,,,,39.18629503,-86.53072499,STATE ROAD,Y,N,N,URBAN,N,N,N,,DAYLIGHT,CLEAR,DRY,,FOUR-WAY INTERSECTION,STRAIGHT/LEVEL,ASPHALT,FOLLOWING TOO CLOSELY,$1001 TO $2500,REAR END,156,206,Y,N,SR45SR46,0,TRAFFIC CONTROL SIGNAL,"V1 and V2 were both traveling south on SR 45/46 approaching the intersection of SR 45/46 and 10th Street. The lighted signal was red for vehicles traveling south. All cars came to a stop. V1 was directly behind V2 in the left lane of travel. The light turned green, and V1 ran into the back of V2. D1 stated he wasn't really paying attention to the lighted signal, and had been thinking about work, and family life at home. D1 said he saw the cars in the right lane move out of the corner of his eye, and he hit the gas pedal to go. D1 said he quickly realized V2 was still stopped in front of him, but he didn't have time to react, and ran into the back of V2. D2 stated she was stopped in traffic, and was suddenly struck in the rear end by V1. V2 had light damage to the rear bumper, which also caused the back hatch to become very difficult to close. V1 had minor damage to the front bumper. Only paint transfer. Both D1 and D2 denied needing medical attention. The passenger in V2 also refused medical attention, but seemed to be rubbing her neck, so I again asked if she was sure she didn't need medical attention. And again, the passenger denied needing medical attention."
903433272,MONROE SD,M19A27892,MONROE,BENTON,BLOOMINGTON,8/23/2019,3:23 PM,2,0,0,0,0,6391,E COX,RD,,,,E COX,,,,,N,,,,39.22073502,-86.44081861,LOCAL/CITY ROAD,,N,N,RURAL,N,N,N,,DAYLIGHT,CLEAR,DRY,,NO JUNCTION INVOLVED,NON-ROADWAY CRASH,GRAVEL,UNSAFE BACKING,UNDER $1001,BACKING CRASH,323,413,N,N,ECOXRD,0,NONE,D1 WAS BACKING V1 INTO THE DRIVEWAY OF 6391 E COX RD WHEN THE LEFT REAR OF V1 STRUCK THE LEFT REAR OF V2 WHICH WAS PARKED IN THE DRIVEWAY UNOCCUPIED.THERE IS A SLIGHT SCUFF MARK TO THE LEFT REAR OF V2 AND NO DAMAGE VISIBLE TO V1.
903432963,MONROE SD,M19A27908,MONROE,PERRY,BLOOMINGTON,8/23/2019,5:23 PM,2,0,0,0,0,4025,S OLD STATE ROAD 37,RD,,,,S OLD STATE ROAD 37,,,,,N,,,,39.137088,-86.53056,UNKNOWN,,N,N,RURAL,N,N,N,,DAYLIGHT,CLEAR,DRY,,NO JUNCTION INVOLVED,STRAIGHT/GRADE,ASPHALT,IMPROPER TURNING,$1001 TO $2500,OTHER - EXPLAIN IN NARRATIVE,530,539,Y,N,SOLDSTATEROAD37RD,0,NONE,D1 came into the Monroe County Sheriffs Office to report that she had struck a vehicle in the Kroger south parking lot with her vehicle. D1 did not notice she had damage until she returned home and discovered it. D1 stated that the other vehicle was a white passenger car driven by a female. D1 went back to Kroger to locate the vehicle but it was gone. As of now there is no other information on the other vehicle and no one has reported an accident at Kroger where one vehicle had left the scene.
903432964,BLOOMINGTON PD,B1935214,MONROE,BLOOMINGTON,BLOOMINGTON,8/23/2019,2:31 PM,2,0,0,0,0,,N COLLEGE,AVE,,,,N COLLEGE,W 7TH,,,,Y,,,,39.168656,-86.534784,LOCAL/CITY ROAD,Y,N,N,URBAN,N,N,N,,DAYLIGHT,CLEAR,DRY,,FOUR-WAY INTERSECTION,STRAIGHT/LEVEL,ASPHALT,DISREGARD SIGNAL/REG SIGN,$2501 TO $5000,RIGHT ANGLE,231,239,Y,N,NCOLLEGEAVEW7THST,0,TRAFFIC CONTROL SIGNAL,"D1 stated that he was traveling southbound on N College Street approaching the intersection of W 7th Street. D1 stated that he believes he entered the intersection when the traffic light was still yellow, but that he does not exactly remember and it is possible it had just turned red. D1 stated that he suddenly then collided with V2.D2 stated that she was stopped at the traffic light on W 7th Street waiting to travel west through N College Avenue. D2 stated that she began to drive forward right as the traffic light turned green, and then V2 was struck by V1 on the passenger side. D2 believes that V1 ran the red light. D1 chose to have AAA tow V1 due to damage. D2 drove V2 off the scene."
903433040,INDIANA UNIV BLOOMINGTON PD,191647,MONROE,BLOOMINGTON,BLOOMINGTON,8/23/2019,5:40 PM,2,0,0,0,0,,THIRD,ST,,,,THIRD,JORDAN,,,,Y,,,,39.16426,-86.51642,LOCAL/CITY ROAD,,N,N,URBAN,N,N,N,,DAYLIGHT,CLEAR,DRY,,FOUR-WAY INTERSECTION,STRAIGHT/LEVEL,ASPHALT,IMPROPER TURNING,$2501 TO $5000,LEFT TURN,549,623,Y,N,JORDANAVETHIRDST,0,LANE CONTROL,Vehicle 1 was traveling west on 3rd Street approaching Jordan Avenue in the north lane. Vehicle 2 was traveling west on 3rd Street approaching Jordan Avenue in the south lane. Driver 1 stated his GPS told him he missed his turn. He advised he attempted to make a last minute turn south on Jordan Avenue and did not see Vehicle 2 until he struck them in the front passenger door.Driver 2 stated she was going straight when Vehicle 1 turned in front of her at the last second. She advised that she hit her horn and hit her brakes but was unable to stop in time. Driver 2 advised Vehicle 1 struck her with the front driver's side of the vehicle.No one involved complained of injuries.There was damage to the front driver's side bumper of Vehicle 1. Vehicle 2 had damage to the front passenger side door.
903432915,BLOOMINGTON PD,B1935243,MONROE,BLOOMINGTON,BLOOMINGTON,8/23/2019,4:17 PM,4,0,2,0,0,,,,SR4546,,,WEST STATE ROAD 45 46,STONELAKE,,,,Y,,1000,W,39.18692,-86.54656345,LOCAL/CITY ROAD,,N,N,URBAN,N,N,Y,LANE CLOSURE,DAYLIGHT,CLEAR,DRY,,NO JUNCTION INVOLVED,STRAIGHT/LEVEL,CONCRETE,FOLLOWING TOO CLOSELY,$25001 TO $50000,REAR END,417,423,Y,Y,NORTHSTONELAKEDRWESTSTATEROAD4546BYP,0,NONE,"D2, D3, AND D4 ALL STATED THAT THEY WERE STOPPED IN TRAFFIC.D1 STATED THAT HE WAS GOING THE SPEED LIMIT AND ALL OF A SUDDEN, V2 STOPPED AND D1 STATED HE DID NOT HAVE ENOUGH TIME TO STOP AND V1 REAR ENDED V2. WHICH CAUSED V2 TO REAR END V3 AND THEN CAUSED V3 TO REAR END V4.V1 AND V2 WERE TOWED DUE TO DISABLING DAMAGE.PHOTOGRAPHS WERE TAKEN AND LOGGED INTO EVIDENCE."
903432962,MONROE SD,M19A27895,MONROE,RICHLAND,BLOOMINGTON,8/23/2019,3:59 PM,2,0,0,0,0,,UNION VALLEY,RD,,,,UNION VALLEY,LYNWEST,,,,N,,,,39.21584,-86.5928,COUNTY ROAD,,N,N,RURAL,N,N,N,,DAYLIGHT,CLEAR,DRY,,FOUR-WAY INTERSECTION,STRAIGHT/GRADE,ASPHALT,FAILURE TO YIELD RIGHT OF WAY,$5001 TO $10000,RIGHT ANGLE,402,420,Y,N,LYNWESTDRUNIONVALLEYRD,0,NONE,D1 was northbound on Union Valley attempting to turn left across traffic into the Richland Plaza Parking lot. D1 was turning across from W Lynwest Dr. D1 stated that a vehicle had stopped short so that he had enough room to cross traffic to make his turn. D1 stated that he did not see V2 in the right hand southbound lane of Union Valley and was unsure there was a right hand lane there. As D1 crossed traffic he struck the left front fender and drivers door area of V2.D2 stated that he was traveling southbound on Union Valley Rd approaching SR 46 intersection. D2 stated that as he was traveling SB on Union Valley he was struck in the drivers door area by V1. D2 was i the right hand lane that allows you to turn right or go straight across SR 46.
903432894,BLOOMINGTON PD,B1935252,MONROE,BLOOMINGTON,BLOOMINGTON,8/23/2019,4:51 PM,2,0,0,0,0,,2ND,ST,,,,2ND,HENDERSON,,,,Y,,,,39.16136,-86.52722,LOCAL/CITY ROAD,,N,N,URBAN,N,N,N,,DAYLIGHT,CLEAR,DRY,,T-INTERSECTION,STRAIGHT/GRADE,ASPHALT,WRONG WAY ON ONE WAY,$2501 TO $5000,RIGHT ANGLE,451,451,Y,N,2NDSTHENDERSONST,0,LANE CONTROL,"D1 was traveling the wrong way in a one way Southbound, on Henderson street approaching the intersection of 2nd street and Henderson street. D1 did not stop, and as a result, D2 collided into the front passenger side of V1 as he was attempting to travel East. D2 stated that D1 did not stop and she was traveling South in a one way North, and as a result she entered the roadway in front of him and he collided into the front passenger side of the her vehicle. D1 did not realize she was traveling the wrong way in a one way. Neither vehicle was towed and there were no injuries."
903433887,ISP BLOOMINGTON 33,2.019E+11,MONROE,PERRY,BLOOMINGTON,8/23/2019,8:24 PM,2,0,0,0,0,,SARE,RD,,,,SOUTH SARE,CATHCART,,,,Y,,,,39.14882,-86.49906,LOCAL/CITY ROAD,,N,N,URBAN,N,N,N,,DAWN/DUSK,CLEAR,DRY,,T-INTERSECTION,STRAIGHT/GRADE,ASPHALT,FAILURE TO YIELD RIGHT OF WAY,$5001 TO $10000,RIGHT ANGLE,826,842,Y,Y,EASTCATHCARTSTSOUTHSARERD,0,LANE CONTROL,"South Sare Road is a local, city road that runs in a northern and southern direction through Monroe County, Indiana. East Cathcarst Street is also a local, city street that runs in an eastern and western direction and intersects with South Sare Road. On this day it was approaching dusk and the roadway was dry. The crash scene was in the city limits.Vehicle #1 (2012 Black Mercedes) was facing east bound and stopped on East Cathcarst Street at South Sare Road. Vehicle #2 (2015 White GMC 1500) was south bound on South Sare Road approaching East Cathcarst Street. Vehicle # 1 pulled out and turned left at the intersection and was struck by Vehicle #2 with the front driver's side bumper in the rear driver's side tire. Vehicle #1 came to a controlled stop on the right side of South Sare Road facing northeast. Vehicle #2 came to a controlled stop in the intersection of South Sare Road and East Cathcrast Street facing south.Driver #1 (Xiyan Liu) stated he stopped at the stop sign at the intersection, looked both ways and started to pull out when his vehicle was struck by Vehicle #2 in the driver's side rear tire. Driver #1 also stated that he did not see Vehicle #2 when he was stopped at the stop sign. Driver #2 (Jonathan L. Holmgren) stated he was south bound on South Sare Road when Vehicle #1 pulled out in front of him after stopping at the stop sign. Driver #2 stated that he was traveling approximately the speed limit of 35 mph.Witness #1 stated that she was in the passenger seat of Vehicle #2. As Vehicle #2 was coming up to the intersection, Vehicle #1 pulled out in front of them, causing Vehicle #2 to hit Vehicle #1 in the rear driver's side tire with the front driver's side bumper.I arrived and observed Vehicle #1 pulled off the road way on the right side of South Sare Road. The driver's side rear tire of Vehicle #1 was bent and the vehicle had damage to the body around the tire. Vehicle #2 was still in his lane facing south on South Sare Road. The front driver side bumper had been damaged in the crash. It appeared that Vehicle #1 had turned from the stop sign in front of Vehicle #2 with not enough time to clear Vehicle #2. Vehicle #2 then struck Vehicle #1 in the rear driver's side tire."
903432893,BLOOMINGTON PD,B1935241,MONROE,BLOOMINGTON,BLOOMINGTON,8/23/2019,4:13 PM,1,0,1,0,0,,OLD SR 37,RD,,,,OLD SR 37,GOURLEY,,,,Y,,500,N,39.23807999,-86.53521,LOCAL/CITY ROAD,,N,N,URBAN,N,N,Y,LANE CLOSURE,DAYLIGHT,CLEAR,LOOSE MATERIAL ON ROAD,,NO JUNCTION INVOLVED,STRAIGHT/GRADE,GRAVEL,RAN OFF ROAD RIGHT,$2501 TO $5000,RAN OFF ROAD,413,420,Y,Y,OLDSR37RDWGOURLEYPIKE,0,NONE,"V1 WAS TRAVELING NB ON OLD SR 37 APPROX 500 FT N OF W GOURLEY PIKE. IT SHOULD BE NOTED THAT OLD SR 37 WAS CLOSED AND UNDER CONSTRUCTION. THE ROAD WAS MOSTLY DIRT AND THERE WERE DEEP DITCHES ALONG THE ROAD. V1 WENT OFF OF THE LEFT (WEST) SIDE OF THE ROAD INTO A DITCH WHERE THE DRIVER SIDE STRUCK A LARGE CONCRETE PIPE THAT WAS STANDING VERTICALLY.D1 STATED THAT HE WAS NB ON OLD SR 37 TRYING TO GET THROUGH TO THE PARK. D1 STATED THAT, AS HE DROVE NB, HIS VEHICLE WENT OFF THE LEFT (WEST) SIDE OF THE ROAD. D1 STATED THAT HE THEN CLIMBED OUT OF V1 THROUGH THE DRIVER WINDOW AND FELL INTO THE LARGE CONCRETE PIPE WHICH WAS APPROXIMATELY 5 FT DEEP AND HAD A HARD BOTTOM.WHILE BEING SEEN BY AMBULANCE STAFF, IT APPEARED THAT D1 HAD SUFFERED A BROKEN L LEG FROM HIS FALL FROM THE VEHICLE. D1 ALSO HAD MINOR ABRASIONS ON HIS ARMS AND THE TOP OF HIS HEAD."
903434472,BLOOMINGTON PD,B1935261,MONROE,PERRY,BLOOMINGTON,8/23/2019,5:15 PM,2,0,0,0,0,1185,W 2ND,ST,,,,W 2ND,,,,,Y,,,,39.16096487,-86.54814783,UNKNOWN,,N,N,URBAN,N,N,N,,DAYLIGHT,CLEAR,DRY,,NO JUNCTION INVOLVED,CURVE/GRADE,ASPHALT,OTHER (DRIVER) - EXPLAIN IN NARRATIVE,$2501 TO $5000,REAR END,515,518,Y,N,W2NDST,0,NONE,D1 did not provide any information involving the accident. W1 stated that V1 ran off the road and hit V2. W1 stated that the male looked like he overdosed before running off the road and hitting V2. W1 stated that V1 ran off the road from W 2nd Street into the parking lot of 1185 W 2nd Street. V1 then traveled south through the parking lot when it struck V2.D1 did refuse a chemical test and a blood draw was completed.
903433337,INDIANA UNIV BLOOMINGTON PD,191664,MONROE,BLOOMINGTON,BLOOMINGTON,8/24/2019,8:00 PM,2,0,0,0,0,,17TH,ST,,,,EAST 17TH,JORDAN,,,,Y,,508,W,39.17885275,-86.5128806,LOCAL/CITY ROAD,,N,N,URBAN,N,N,N,,DAYLIGHT,CLEAR,DRY,,NO JUNCTION INVOLVED,STRAIGHT/LEVEL,ASPHALT,UNSAFE LANE MOVEMENT,$2501 TO $5000,LEFT TURN,805,810,Y,N,EAST17THSTJORDANAVE,0,NONE,"V1 was traveling eastbound on 17th Street. V2 was traveling westbound on 17th street.D1 stated he was driving east on 17th Street intending to turn into the parking lot of 1413 E 17th Street. D1 stated he saw V2 traveling west towards him, but thought he could complete the turn in time. D1 stated as he was about to finish the turn, the front passenger corner of V2 struck the rear passenger quarter panel of V1.D2 said she was traveling west on 17th Street about to pass 1413 E 17th Street. D2 said that V1 suddenly made a left turn in front of her into the parking lot. D2 said she was traveling at approximately 30mph and did not have time to avoid the collision. V1 sustained damage to the rear, passenger side bumper. V2 sustained damage to the front, passenger side bumper."
903433054,BLOOMINGTON PD,B1935358,MONROE,BLOOMINGTON,BLOOMINGTON,8/24/2019,2:50 AM,2,0,0,0,0,309,N WALNUT,ST,,,,N WALNUT,,,,,Y,,,,39.16871445,-86.53356669,UNKNOWN,,,Y,URBAN,N,N,N,,DARK (LIGHTED),CLEAR,ICE,,NO JUNCTION INVOLVED,STRAIGHT/GRADE,,OTHER (DRIVER) - EXPLAIN IN NARRATIVE,,,306,308,Y,Y,NWALNUTST,0,,"D1 is unknown, LSAD2 stated V2 was parked in the parking lot at 309 N. Walnut St. While she was eating dinner. D2 stated when she came out she was told a white Dodge Charger had made contact with the drivers side of her vehicle causing damage. D2 was unable to obtain any plate information from V1."