Master Record Number,Agency,Local Code,County,Township,City,Collision Date,Collision Time,Vehicles Involved,Trailers Involved,Number Injured,Number Dead,Number Deer,House Number,Roadway Name,Roadway Suffix,Roadway Number,Roadway Interchange,Roadway Ramp,Roadway Id,Intersecting Road,Intersecting Road Number,Mile Marker,Interchange,Corporate Limits?,Property Type,Feet From,Direction,Latitude,Longitude,Roadway Class,Traffic Control Devices?,Aggressive Driving?,Hit and Run?,Locality,School Zone?,Rumble Strips?,Construction?,Construction Type,Light Condition,Weather Conditions,Surface Condition,Type of Median,Roadway Junction Type,Road Character,Roadway Surface,Primary Factor,Damage Estimate,Manner of Collision,Time Notified,Time Arrived,Investigation Complete?,Photos Taken?,Unique Location Id,State Property Damage?,Traffic Control,NARRATIVE
903451040,ISP BLOOMINGTON 33,2.019E+11,MONROE,RICHLAND,BLOOMINGTON,8/30/2019,16:00 M,2,,0,0,0,,W 3RD ST,,,,,,,,,,Y,,53,E,39.16462856,-86.58579416,STATE ROAD,,,,URBAN,N,N,N,,DAYLIGHT,CLEAR,DRY,,FOUR-WAY INTERSECTION,,ASPHALT,FOLLOWING TOO CLOSELY,$2501 TO $5000,REAR END,1605,1605,Y,N,,0,,"On Friday, August 30, 2019 at 16:00, I, Trp. Samuel Wagner, was dispatched to a crash on State Road 48 at the intersection of S Hickory Dr., Bloomington, Monroe County, Indiana. I arrived to the location of the crash at approximately 16:05. Both vehicles were pulled off the road into the parking lot of the Old National Bank located at 4191 West 3rd Street. At the time of the crash, the weather was clear and the road surface was dry. State Road 48, in the area where the crash occurred, is a primarily east-west 4 lane divided highway, with center turn lane. Approximately 830 feet to the east is a major intersection where SR 48 intersects with Curry PIke, a local 4 lane undivided highway that runs primarily north-south. Both drivers were wholly uninjured and refused medical treatment. Vehicle 1 (V1), a white Nissan passenger car, had sustained substantial damage to the front end, with the grill smashed and pushed into the radiator, the hood buckled, and damage to the headlights and bumper. Vehicle 2 (V2), a maroon Ford SUV, had sustained damage to the rear bumper and showed white paint transfer marks. Both vehicles were drivable and did not require towing. There were no readily apparent skid marks or debris on the roadway. The traffic at this time of day was heavy in all directions. When interviewing both drivers, their statements about what had occurred were both virtually identical, and are given as follows: V1, a white Nissan passenger car, bearing Indiana registration TMO220, and driven by Driver 1 (D1), Maureen Langley, was going east in the left of two eastbound lanes, when it encountered a large amount of slowed and stopped traffic approaching the intersection of SR 48 and Curry Pike. V2, a maroon Ford Escape, bearing Indiana temporary plates K598115, was driven by D2, Mabel Smith, and had recently come to a complete stop in the left lane prior to the collision. V1 began slowing behind V2, which was stopped due to the heavy traffic waiting at the intersection to the east. However, as the traffic moved forward slightly, D2 briefly released the brakes, causing the brake lights to cease being illuminated. D1, who stated that she was distracted at that moment, said that she only 'registered that D2's brake lights were not illuminated', so she assumed she was still moving forward and was not stopped, and accelerated forward, colliding with the rear end of V2, which had begun applying the brakes again, coming to a full stop. Driver 2 agreed that she had simply released the brakes to move forward slightly before reapplying them when she felt a collision from the rear. Both drivers had then moved their vehicles out of the roadway to the parking lot adjacent to the intersection of SR 48 and Hickory Drive. There were no witnesses that remained to make a statement regarding the collision. Based upon my investigation, the evidence at the scene, and the statements of both drivers, which agreed with one another, it likely that the following occurred; due to distraction and following too closely, V1 failed to yield to slowing and stopped traffic, colliding with the rear of V2, which had only briefly released the brakes and was at or nearly at a complete stop in heavy traffic, waiting for a red light to change. As such, D1 is primarily at fault for the collision."
903436987,INDIANA UNIV BLOOMINGTON PD,191763,MONROE,BLOOMINGTON,BLOOMINGTON,8/30/2019,2:41 PM,2,0,1,0,0,,TENTH,ST,,,,TENTH,UNION,,,,Y,,,,39.17157,-86.50935,LOCAL/CITY ROAD,Y,N,N,URBAN,N,N,N,,DAYLIGHT,CLEAR,DRY,,FOUR-WAY INTERSECTION,STRAIGHT/LEVEL,ASPHALT,FOLLOWING TOO CLOSELY,UNDER $1001,REAR END,241,245,Y,N,TENTHSTUNIONST,0,TRAFFIC CONTROL SIGNAL,"D1 advised that he was driving eastbound on East 10th Street approaching the intersection with North Union Street. D1 stated that V2, which was ahead of him, also eastbound, stopped in traffic. D1 stated that he applied his brakes, but was unable to stop before rear-ending the stopped V2. D2 stated that he had stopped in traffic at the intersection of East 10th Street with North Union to allow the car ahead of him to turn. While D2 was stopped in traffic, V2 was rear-ended by V1. There was no damage to V1 from the collision. V2 had scuffs and marks on the rear center and passenger side rear bumper. After the crash, both drivers pulled into the parking lot of Village Pantry where they contact IUPD. I spoke with both drivers and inspected their vehicles at that location. D2 complained of pain in his neck. IU Health Bloomington Hospital paramedics examined D2 at the scene. He was not transported and signed a release form. D1 advised that he had just purchased V1 the previous evening and had not yet registered the vehicle or purchased insurance. After speaking with D1, he obtained auto insurance through Progressive while at the scene and agreed to leave the vehicle parked and avoid driving the vehicle until he a temporary plate or had his current license plate transferred to the vehicle. As of the time of the crash, V1 did not have valid insurance. I issued D1 a citation for Operating without Proof of Financial Responsibility, 9-25-8-2."
903437271,INDIANA UNIV BLOOMINGTON PD,191773,MONROE,BLOOMINGTON,BLOOMINGTON,8/31/2019,10:00 AM,2,0,0,0,0,,FORREST,AVE,,,,FORREST,17TH,,,,,,163,S,39.178976,-86.5224,LOCAL/CITY ROAD,,N,Y,,N,N,N,,DAYLIGHT,CLEAR,DRY,,NO JUNCTION INVOLVED,STRAIGHT/LEVEL,ASPHALT,,$2501 TO $5000,,1041,1046,Y,N,EAST17THSTFORRESTAVE,0,NONE,"On 08/31/2019, at 1041 hours, I was dispatched to 910 East 17th Street, the Marching Hundred Hall, to take a report of a hit-and-run to a parked vehicle.When I arrived, I spoke with Ben Handel, the owner of a gray 2015 Dodge Grand Caravan. Handel stated that he parked his van on the east side of the Marching Hundred Hall around 0900 hours this morning, facing west. When he returned to his van around 1040 hours, he found a large dent to the rear hatch of the van in the center to driver side of the hatch. The damage was high up and the bumper was intact, making it appear to have been struck by a taller vehicle. Once I returned to station, I checked nearby video cameras, but none show the area where Handel's van was parked. There are no witnesses and no leads at this time."
903437857,BLOOMINGTON PD,B1936564,MONROE,PERRY,BLOOMINGTON,8/31/2019,1:00 AM,3,0,0,0,0,,SWEETBRIAR,DR,,,,SWEETBRIAR,SWEETBRIAR,,,,Y,,,,39.14054,-86.5259,LOCAL/CITY ROAD,,Y,Y,URBAN,N,N,N,,DARK (NOT LIGHTED),CLEAR,DRY,,NO JUNCTION INVOLVED,STRAIGHT/GRADE,ASPHALT,OTHER (DRIVER) - EXPLAIN IN NARRATIVE,UNDER $1001,BACKING CRASH,117,127,Y,Y,SSWEETBRIARCIRSWEETBRIARDR,0,NONE,"According to witness and complainant, V1 was stolen by unknown male. V1 reversed, striking V2 in the rear passenger side scraping the fender. V1 then reversed into V3 into the driver's side door and the driver's side front bumper. There is a dent in the driver's door of V3 and the front driver's side bumper was pushed in. According to the witness, V1 then drove north out of the neighborhood and, as of the time of this report, has not been located."
903437333,BLOOMINGTON PD,B1936637,MONROE,BLOOMINGTON,BLOOMINGTON,8/31/2019,12:00 AM,2,0,0,0,0,710,N MORTON,ST,,,,N MORTON,,,,,Y,,,,39.173216,-86.536,UNKNOWN,,N,Y,URBAN,N,N,N,,UNKNOWN,,DRY,,NO JUNCTION INVOLVED,STRAIGHT/LEVEL,ASPHALT,OTHER (DRIVER) - EXPLAIN IN NARRATIVE,$2501 TO $5000,RIGHT ANGLE,1213,1259,N,Y,NMORTONST,0,NONE,"The individual in possession of V2, Elizabeth Milligan, stated that it was parked on the fifth floor of the Park on Morton parking garage at 710 N Morton Street. V2 was pulled forward into parking spot #281 facing south. V2 appeared to have been struck on the rear passenger side and was pushed to the east. V2 has damage to the rear passenger side and there was debris on the ground. There appeared to be white paint transfer on the damage to V1.Milligan stated that V2 was last seen with no damage at 12:00am on 8/31/2019 and the damage was discovered at 12:00pm on 8/31/2019. There are no known suspects at this time. There are no cameras on the fifth floor of the parking garage."
903447947,ISP BLOOMINGTON 33,2.019E+11,MONROE,BLOOMINGTON,BLOOMINGTON,8/31/2019,02:31 M,2,,0,0,0,,E 8TH ST,,,,,,,,,,Y,,106,E,39.16945588,-86.53341034,LOCAL/CITY ROAD,,,,URBAN,N,N,N,,DARK (LIGHTED),CLEAR,DRY,,NO JUNCTION INVOLVED,,CONCRETE,IMPROPER LANE USAGE,$2501 TO $5000,SAME DIRECTION SIDESWIPE,231,238,Y,N,,0,,"Primary Cause- Driver- Factor- Improper Lane usage- Driver#1 (unknown) was traveling eastbound in Vehicle#1 (unknown make or model) on 8th Street just east of Walnut Street and drifted out of the lane and struck Vehicle#2 that was properly parked and unoccupied at the time of the collision on the south side of 8th Street. Driver#1 should have used the lane properly to avoid striking Vehicle#2.In this section of 8th Street in Monroe County 8th street is a straight and level street with no lane markings. The speed limit is 30 miles per hour. The area has street lights and it was dark at the time of the crash. 8th Street is a one way roadway eastbound. Vehicle#1 (unknown make or model) was traveling eastbound on 8th street appropriately 108 feet east of Walnut Street and struck the left side of Vehicle#2 (Gray 2011 Honda CR-V). Vehicle#1 then left the scene.This action caused deep gouge markings and scratches to the left side of Vehicle#2. At the time of the crash, Vehicle#2 was unoccupied and properly parked on the south side of 8th Street. Driver#1 or Vehicle#1 was not located after the crash.The owner of Vehicle#2 (Faisal Ahmed Rasooli) stated that he parked Vehicle#2 on the south side of 8th Street on August 30, 2019 at approximately 6:30 P.M. On August 31, 2019 at approximately 2:31 A.M. he stated that he went to check on his car and noticed that it had been side swiped on the left side. Nobody witnessed the crash occur. I observed no damage to the roadway or any private property damage."
903437476,INDIANA UNIV BLOOMINGTON PD,191782,MONROE,BLOOMINGTON,BLOOMINGTON,8/31/2019,9:45 PM,2,0,0,0,0,1151,17TH,ST,,,,EAST 17TH,,,,,Y,,,,39.17894389,-86.52003297,UNKNOWN,,N,Y,URBAN,N,N,N,,DARK (LIGHTED),CLEAR,DRY,,NO JUNCTION INVOLVED,STRAIGHT/LEVEL,ASPHALT,UNSAFE BACKING,$1001 TO $2500,BACKING CRASH,1001,1004,Y,Y,EAST17THST,0,NONE,V1 was parked in the southwest side of the blue lot (the blue lot is just south of Wilkinson Hall) facing north. V2 was backing up going south in the southwest side of the blue lot. D1 stated that his vehicle was parked in the southwest side of the blue lot. D1 stated he returned to his vehicle at approximately 2155 hours and noticed his passenger side front door would not open. D1 stated he did not see any vehicles around the scene of the crash and did not find any driver's information on or near his vehicle. D1 stated he did not see who hit his vehicle. There was visible damage to the passenger side front door which would not open. There was white paint transfer on the front passenger side quarter panel. Other Participant 1 (OP1) stated he saw a white SUV back into V1 and then exited the parking lot westbound onto 17th Street. There are no known suspects at the time. There were no reported injuries. Photographs of the damage were taken.
903439290,ISP BLOOMINGTON 33,2.019E+11,MONROE,VAN BUREN,BLOOMINGTON,8/31/2019,11:00 M,2,,1,0,0,,I-69,,,,,,,,116,,Y,,739,E,39.13100379,-86.57296194,INTERSTATE,,,,URBAN,N,N,N,,DAYLIGHT,CLOUDY,DRY,,RAMP,,ASPHALT,UNSAFE SPEED,$10001 TO $25000,REAR END,1103,1110,Y,Y,,0,,"Interstate 69 in the area of the 116 mile marker, is located in Monroe County Indiana, is straight, with a slight grade and has 3 lanes in both directions, separated by a concrete wall. Vehicle 1 (Gray 2005 Chevrolet pickup) was traveling north on Interstate 69 around the 116 mile marker, in the center northbound lane. Vehicle 2 (Silver 2016 Nissan suv) was traveling north on Interstate 69 around the 116 mile marker, in the center northbound lane, in front of Vehicle 1. Vehicle 1 was traveling at an unsafe speed and ran into the rear of Vehicle 2, causing extensive damage to both vehicles. Driver 1 (Jacob Kindred) stated he was traveling north, came over the hill and there was Vehicle 2. Driver 1 stated he did not see if Vehicle 2 was applying any brakes prior to impact. Driver 1 stated he may have briefly dozed off prior to hitting Vehicle 2. Driver 2 (Gary Allen) stated he was traveling north and had his cruise set at the posted speed limit of 55 miles per hour. Driver 2 stated he looked in his rear view mirror and could see Vehicle 1 approaching him at a very high rate of speed. Driver 2 stated there was nothing he could do and Vehicle 1 slammed into the rear of him. Witness 1 (Danny Murray) stated he was traveling north on Interstate 69, in the far left lane, several 100 feet behind Vehicle 2. W1 stated that Vehicle 1 passed him at such a high rate of speed, that it scared him when he went by. W1 stated he witnessed Vehicle 1 never hit the brakes and slam into the rear of Vehicle 2. Based upon witness statements, driver statements, the fact that Vehicle 1 was traveling fast enough to hit a moving vehicle, going the same direction at the posted speed limit, to cause the amount of damage that it did and to transfer transmission fluid from Vehicle 1 all over the rear of Vehicle 2, I determine the primary cause of this crash to be unsafe speed by Driver 1. Driver 1 was offered a portable breath test and registered a .068%. Driver 1 did not show signs of intoxication.Driver 1 was cited for speed too fast to avoid collision. I.C. 9-21-5-1"
903437388,INDIANA UNIV BLOOMINGTON PD,191780,MONROE,BLOOMINGTON,BLOOMINGTON,8/31/2019,5:30 PM,2,0,0,0,0,,17TH,ST,,,,EAST 17TH,FEE,,,,Y,,,,39.178928,-86.518992,LOCAL/CITY ROAD,Y,N,N,URBAN,N,N,N,,DAYLIGHT,CLEAR,DRY,,T-INTERSECTION,STRAIGHT/LEVEL,ASPHALT,OTHER (DRIVER) - EXPLAIN IN NARRATIVE,UNDER $1001,REAR END,535,541,Y,N,EAST17THSTFEELN,0,TRAFFIC CONTROL SIGNAL,D1 stated she was driving south on Fee Ln approaching 17th St. D2 stated he was stopped in the right lane facing south at the intersection of Fee Ln and 17th St on Fee Ln.D1 stated she was driving south on Fee Ln approaching 17th St when a water bottle in her car fell to the floorboard. D1 stated that when she went to brake to stop behind V2 the water bottle got stuck under her brake pedal and prevented her from stopping. D1 stated that she could not slow down due to the water bottle and she collided with V2's rear bumper. D2 stated that he was stopped at the intersection of Fee Ln and 17th St facing south on Fee Ln when V1 collided with his rear bumper.
903437402,BLOOMINGTON PD,B1936679,MONROE,BLOOMINGTON,BLOOMINGTON,8/31/2019,4:00 PM,2,0,0,0,0,2539,EASTGATE,LN,,,,EASTGATE,,,,,N,,,,39.16975,-86.50055,LOCAL/CITY ROAD,,N,Y,URBAN,N,N,N,,DAYLIGHT,CLEAR,DRY,,T-INTERSECTION,STRAIGHT/LEVEL,ASPHALT,UNSAFE BACKING,UNDER $1001,BACKING CRASH,702,710,Y,Y,EASTGATELN,0,NONE,"V2 WAS PARKED ON THE PRIVATE DRIVE IN FRONT OF 2539 EASTGATE LANE BETWEEN 1430 AND 1600 HOURS. V2 HAS DAMAGE TO THE FRONT BUMPER,GRILL, AND HOOD AREA. V2 WAS PARKED IN A PARALLEL PARKING SPOT. IT IS ASSUMED THAT V1 BACKED INTO V2 WHEN IT WAS ATTEMPTING TO LEAVE IT'S PARKING SPOT."
903437302,BLOOMINGTON PD,B1936624,MONROE,BLOOMINGTON,BLOOMINGTON,8/31/2019,10:46 AM,2,0,0,0,0,,COLLEGE MALL,RD,,,,S COLLEGE MALL,EASTLAND,,,,Y,,,,0,0,LOCAL/CITY ROAD,Y,N,N,URBAN,N,N,N,,DAYLIGHT,CLOUDY,DRY,,FOUR-WAY INTERSECTION,STRAIGHT/LEVEL,ASPHALT,DISREGARD SIGNAL/REG SIGN,$10001 TO $25000,RIGHT ANGLE,1047,1059,N,N,EASTLANDPLZSCOLLEGEMALLRD,0,TRAFFIC CONTROL SIGNAL,"D2 stated that she was driving westbound on Eastland Plaza approaching the S College Mall Road intersection. D2 stated that the traffic control light at S College Mall Road was green for east and westbound traffic the entire time she saw it. D2 stated that as she was crossing the intersection, her passenger's side was struck by V1. V2 was incapacitated due to the damage to the passenger side and had to be towed. D1 stated that she was driving southbound on S College Mall Road, in the right lane, approaching Eastland Plaza. D1 stated that she was distracted by her stereo and she ran through the red traffic control signal. D1 stated multiple times that she was at fault and did not stop for the red signal. V1 had front end damage but did not require a tow on scene. No injuries were reported on scene from either vehicle.Supplement 1: V2 information was incorrect due to out of date registration being given to officer. V2 information corrected."
903442608,MONROE SD,M19A28860,MONROE,VAN BUREN,BLOOMINGTON,8/31/2019,2:00 PM,2,0,0,0,0,,,,SR45W,,,SR45W,S STANFORD,,,,N,,,,39.08984,-86.666304,STATE ROAD,,N,N,RURAL,N,N,N,,DAYLIGHT,CLEAR,DRY,,T-INTERSECTION,STRAIGHT/LEVEL,ASPHALT,OTHER (DRIVER) - EXPLAIN IN NARRATIVE,$1001 TO $2500,SAME DIRECTION SIDESWIPE,202,210,Y,N,SSTANFORDRDSR45W,0,NONE,D2 WAS ATTEMPTING TO TURN NORTTHBOUND ON STANFORD ROAD FROM WEST STATE ROAD 45. D2 WAS OPERATING A TRACTOR. HE STUCK HIS LEFT ARM OUT TO SIGNAL THE INTENTION TO TURN. V1 WENT AROUND V2 TO PASS. D1 SAID HE DIDNT SEE D2 SIGNAL WITH HIS ARM. WHILE PASSING. V1 SIDE SWIPED THE TRACTOR
903437589,BLOOMINGTON PD,B1936786,MONROE,BLOOMINGTON,BLOOMINGTON,9/1/2019,11:15 AM,1,0,1,0,0,,WALNUT,ST,,,,S WALNUT,BURKS,,,,Y,,250,N,0,0,LOCAL/CITY ROAD,,N,N,URBAN,N,N,N,,DAYLIGHT,CLEAR,DRY,,NO JUNCTION INVOLVED,STRAIGHT/LEVEL,ASPHALT,IMPROPER TURNING,$1001 TO $2500,LEFT TURN,1115,1115,Y,N,EBURKSDRSWALNUTST,1,LANE CONTROL,"CYCLIST ADVISED HE WAS SOUTH BOUND ON WALNUT STREET, NORTH OF THE INTERSECTION WITH BURKS DRIVE, ON THE SHOULDER OF THE ROAD. HE DECIDED TO TURN EAST(LEFT) AND DID NOT SEE V1 APPROACHING FROM THE NORTH. AS HE TURNED INTO THE ROADWAY, HE COLLIDED WITH V1. DRIVER OF VEHICLE 1 STATED HE WAS SOUTH BOUND ON WALNUT ST, NORTH OF THE INTERSECTION WITH BURKS DRIVE. D1 OBSERVED THE CYCLIST TRAVELLING SOUTH ON THE SHOULDER OF THE ROADWAY. AS V1 CAME ALONG SIDE THE CYCLIST, IT TURNED INTO THE PATH OF V1. D1 SWERVED TO THE LEFT INTO THE NORTH BOUND LANE, BUT COULD NOT AVOID HITTING THE CYCLIST."
903437822,MONROE SD,M19A28948,MONROE,PERRY,BLOOMINGTON,9/1/2019,5:01 AM,1,0,1,0,0,4303,,,SR446S,,,SR446S,,,,,Y,,10,S,39.148464,-86.471256,STATE ROAD,,N,N,RURAL,N,N,N,,DARK (NOT LIGHTED),CLEAR,DRY,,T-INTERSECTION,CURVE/GRADE,ASPHALT,ANIMAL/OBJECT IN ROADWAY,$10001 TO $25000,RAN OFF ROAD,501,505,Y,N,SR446S,0,NONE,"V1 WAS TRAVELING SOUTHWEST ON SR 446 NEAR THE INTERSECTION OF SR 446 AND PINE GROVE RD WHEN D1 STATED A DEER JUMPED IN FRONT OF THE CAR CAUSING D1 TO LOSE CONTROL OF THE VEHICLE. V1 RAN OFF THE ROAD JUST SOUTH OF PINE GROVE RD, HITTING THE CURB, AND HITTING THE BUILDING AT 4303 SR 446. V1 WENT THROUGH A CONCRETE WALL COMING TO REST APPROXIMATELY 40FT INSIDE. D1 AND PASSENGER 1 BOTH SUSTAINED INJURIES AND WERE TREATED ON SCENE BUT NOT TRANSPORTED."
903437652,BLOOMINGTON PD,B1936794,MONROE,BLOOMINGTON,BLOOMINGTON,9/1/2019,12:12 PM,2,0,0,0,0,,WALNUT,ST,,,,WALNUT,7TH,,,,Y,,,,39.16864,-86.533568,LOCAL/CITY ROAD,,N,N,URBAN,N,N,N,,DAYLIGHT,CLEAR,DRY,,NO JUNCTION INVOLVED,STRAIGHT/LEVEL,ASPHALT,IMPROPER TURNING,$5001 TO $10000,LEFT TURN,1234,1238,Y,Y,7THSTWALNUTST,0,LANE CONTROL,V1 WAS TRAVELING NORTHBOUND ON WALNUT ST IN THE MIDDLE LANE. V2 WAS TRAVELING NORTHBOUND IN THE LANE WEST OF V1. AFTER PASSING THE INTERSECTION OF WALNUT ST AND 7TH ST D1 ATTEMPTED TO TURN V1 LEFT INTO A PARKING LOT OF 309 N WALNUT ST. WHILE TURNING LEFT V1 COLLIDED INTO PASSENGER SIDE OF V2 WITH DRIVER SIDE OF V1. THE COLLISION CAUSED V2 TO STRIKE A CURB AND ENTER THE PARKING LOT BEFORE COMING TO A STOP.
903438100,MONROE SD,M19A28998,MONROE,WASHINGTON,BLOOMINGTON,9/1/2019,8:57 PM,1,0,0,0,0,,,,I69N,,,I69N,SAMPLE,,,,N,,3168,S,38.93533944,-86.52750503,INTERSTATE,,N,N,RURAL,N,Y,N,,DARK (LIGHTED),RAIN,WET,,NO JUNCTION INVOLVED,CURVE/GRADE,ASPHALT,SPEED TOO FAST FOR WEATHER CONDITIONS,$1001 TO $2500,OTHER - EXPLAIN IN NARRATIVE,857,912,Y,N,ESAMPLERDI69N,0,NONE,"D1 WAS TRAVELING NB ON I-69, STATED SHE ""SPUN OUT"" SPINNING APPROXIMATELY 3 TIMES HITTING THE FRONT END AND REAR END OF V1 AGAINST THE WEST SIDE OF THE ROADS GUARD RAIL. V1 HAD MINOR DAMAGE TO THE REAR END."
903438948,BLOOMINGTON PD,B1937142,MONROE,BLOOMINGTON,BLOOMINGTON,9/1/2019,3:00 PM,1,0,0,0,0,,COPPER BEECH,WAY,,,,SOUTH COPPER BEECH,,,,,Y,,,,0,0,UNKNOWN,,N,Y,URBAN,N,N,N,,UNKNOWN,CLEAR,DRY,,T-INTERSECTION,STRAIGHT/LEVEL,ASPHALT,,$1001 TO $2500,OTHER - EXPLAIN IN NARRATIVE,511,534,N,Y,SOUTHCOPPERBEECHWAY,0,NONE,OWNER OF VEHICLE HAD PARKED HER VEHICLE IN THE QUARRY APARTMENT COMPLEX PARKING LOT ON SATURDAY (08/31/2019) AROUND MIDNIGHT AND RETURNED TO HER VEHICLE AROUND 3:00PM ON SUNDAY (09/01/2019). WHEN SHE RETURNED TO HER VEHICLE SHE NOTICED DAMAGE TO THE DRIVERS SIDE FRONT AND REAR DOORS CONSISTENT WITH A SIDESWIPE FROM ANOTHER VEHICLE. THERE ARE CAMERAS IN THIS PARKING LOT WHICH WILL BE REVIEWED TO FURTHER THIS INVESTIGATION.
903438099,MONROE SD,M19A28983,MONROE,POLK,BLOOMINGTON,9/1/2019,3:13 PM,1,0,1,0,0,9745,S CHAPEL HILL,RD,,,,S CHAPEL HILL,,,,,N,,,,38.9969686,-86.44935651,LOCAL/CITY ROAD,,N,N,RURAL,N,N,N,,DAYLIGHT,CLEAR,DRY,,NO JUNCTION INVOLVED,CURVE/LEVEL,CONCRETE,OTHER (DRIVER) - EXPLAIN IN NARRATIVE,$5001 TO $10000,OTHER - EXPLAIN IN NARRATIVE,313,333,Y,N,SCHAPELHILLRD,0,NONE,"D1 STATED HE KNEW HE WAS GOING TOWARDS SR 446 ON CHAPEL HILL AND THE NEXT THING HE KNEW HE WAS BEING TALKED TO BY THE OWNER OF THE PROPERTY HE HAD JUST DROVE THROUGH AND HE THOUGHT HE WAS ON A JOB SITE.V1 WAS DRIVEN SOUTH EAST OFF CHAPEL HILL ROAD THROUGH THE YARD OF 9745, HITTING THE LEAN-TO ON THE SHED AND THEN INTO A TREE IN THE BACK YARD. D1 STATED HE WAS ALRIGHT AND REFUSED MEDICAL TREATMENT ON SCENE."
903437661,BLOOMINGTON PD,B1936805,MONROE,PERRY,BLOOMINGTON,9/1/2019,1:50 PM,3,0,1,0,0,,E 3RD,ST,,,,E 3RD,S KINGSTON,,,,Y,,40,E,39.16424,-86.492944,LOCAL/CITY ROAD,,N,N,URBAN,N,N,N,,DAYLIGHT,CLEAR,DRY,,NO JUNCTION INVOLVED,STRAIGHT/GRADE,ASPHALT,DRIVER DISTRACTED - EXPLAIN IN NARRATIVE,$10001 TO $25000,REAR END,151,156,Y,Y,E3RDSTSKINGSTONDR,0,NONE,"D1 STATED THEY WERE TRAVELING EASTBOUND ON E 3RD ST, PAST THE INTERSECTION WITH S KINGSTON DR, IN THE SOUTH-MOST LANE. D1 STATED THAT THEY ATTEMPTED TO CHANGE LANES AND TURN LEFT IN TO THE NORTH-MOST LANE OF E 3RD ST. D1 STATED THEY LOOKED BACK TO THEIR BLIND SPOT, TAKING THEIR EYES OFF OF THE ROAD FOR A BRIEF MOMENT, WHILE CHANGING LANES. D1 STATED V1 THEN SOON AFTER STRUCK THE REAR OF V2. D2 STATED THEY WERE TRAVELING EASTBOUND ON E 3RD ST IN THE NORTH-MOST LANE, PAST THE INTERSECTION WITH S KINGSTON DR. D2 STATED THEY WERE BEHIND V3 WHEN V3 SUDDENLY SLOWED THEIR VEHICLE, WHICH RESULTED IN V2 SUDDENLY SLOWING DOWN AS WELL; THIS CREATED A SPACE OF APPROXIMATELY 5 FEET BETWEEN THE FRONT OF V2 AND REAR OF V3. D2 STATED THEY WERE THEN STRUCK FROM THE REAR BY V1, WHICH MOVED V2 TO STRIKE THE REAR OF V3. D3 STATED THEY WERE TRAVELING EASTBOUND ON E 3RD ST, PAST THE INTERSECTION WITH S KINGSTON DR, IN THE NORTH-MOST LANE. D3 STATED AN UNKNOWN BLUE BMW VEHICLE WAS IN FRONT OF V3, WHICH SUDDENLY SIGNALED A LEFT TURN IN TO THE NEARBY BIG RED LIQOUR STORE AND CAME TO A SUDDEN STOP. THIS CAUSED D3 TO THEN SUDDENLY SLOWE THEIR VEHICLE TO A STOP. V3 WAS THEN STRUCK FROM THE REAR BY V2."
903438037,BLOOMINGTON PD,B1936958,MONROE,BLOOMINGTON,BLOOMINGTON,9/2/2019,3:16 PM,1,0,0,0,0,1441,FENBROOK,LN,,,,FENBROOK,,,,,Y,PRIVATE,,,39.15058,-86.48653,UNKNOWN,,N,N,URBAN,N,N,N,,DAYLIGHT,CLEAR,DRY,,T-INTERSECTION,STRAIGHT/LEVEL,ASPHALT,IMPROPER TURNING,$2501 TO $5000,OTHER - EXPLAIN IN NARRATIVE,316,340,Y,Y,FENBROOKLN,0,NONE,"DRIVER 1 STATED HE WAS DRIVING EAST ON MOORES PIKE AND LOOKING TO TURN LEFT, NORTH, ONTO FENBROOK LANE. HE REALIZED WHERE THE TURN WAS TOO LATE AND TURNED ANYWAYS, THINKING HE COULD MAKE IT ONTO FENBROOK SAFELY. WHEN HE TURNED HE TURNED HEAD ON INTO A ""THE FIELDS"" LIGHTED SIGN AND THROUGH THE SURROUNDING LANDSCAPING."
903438088,BLOOMINGTON PD,B1936987,MONROE,PERRY,BLOOMINGTON,9/2/2019,5:59 PM,2,0,0,0,0,2894,3RD,ST,,,,EAST 3RD,,,,,Y,,,,39.16466933,-86.57021333,UNKNOWN,,N,N,URBAN,N,N,N,,DAYLIGHT,CLEAR,DRY,,NO JUNCTION INVOLVED,STRAIGHT/LEVEL,ASPHALT,DRIVER DISTRACTED - EXPLAIN IN NARRATIVE,$1001 TO $2500,OTHER - EXPLAIN IN NARRATIVE,559,616,Y,N,EAST3RDST,0,NONE,DRIVER 1 ADVISED SHE WAS PULLING INTO A PARKING SPOT NEXT TO VEHICLE 2 WHEN THE FRONT PASSENGER SIDE OF VEHICLE 1 STRUCK THE OPENED DOOR OF VEHICLE 2. BOTH OCCUPANTS OF VEHICLE 2 ADVISED THE SAME INFORMATION AS WELL AS THE WITNESS FROM VEHICLE 1.
903437851,BLOOMINGTON PD,B1936887,MONROE,BLOOMINGTON,BLOOMINGTON,9/2/2019,12:01 AM,2,0,0,0,0,1336,WASHINGTON,ST,,,,NORTH WASHINGTON,,,,,Y,,,,39.18010182,-86.53211927,UNKNOWN,,N,Y,URBAN,N,N,N,,DARK (NOT LIGHTED),CLOUDY,DRY,,NO JUNCTION INVOLVED,STRAIGHT/LEVEL,ASPHALT,DRIVER DISTRACTED - EXPLAIN IN NARRATIVE,$1001 TO $2500,LEFT TURN,1206,1218,Y,Y,NORTHWASHINGTONST,0,NONE,V1 was backing up from a parking space located at 1336 N Washington (facing southwest) when it backed into a garage door( causing damage) of an apartment located at 1333 N Washington street.1336 and 1333 N Washington have a shared parking lot. V1 then left the area and was stopped at the intersection of 19th and Washington. See related crash b19-36892.