Master Record Number,Agency,Local Code,County,Township,City,Collision Date,Collision Time,Vehicles Involved,Trailers Involved,Number Injured,Number Dead,Number Deer,House Number,Roadway Name,Roadway Suffix,Roadway Number,Roadway Interchange,Roadway Ramp,Roadway Id,Intersecting Road,Intersecting Road Number,Mile Marker,Interchange,Corporate Limits?,Property Type,Feet From,Direction,Latitude,Longitude,Roadway Class,Traffic Control Devices?,Aggressive Driving?,Hit and Run?,Locality,School Zone?,Rumble Strips?,Construction?,Construction Type,Light Condition,Weather Conditions,Surface Condition,Type of Median,Roadway Junction Type,Road Character,Roadway Surface,Primary Factor,Damage Estimate,Manner of Collision,Time Notified,Time Arrived,Investigation Complete?,Photos Taken?,Unique Location Id,State Property Damage?,Traffic Control,NARRATIVE
903473775,BLOOMINGTON PD,B1936892,MONROE,BLOOMINGTON,BLOOMINGTON,9/2/2019,12:01 AM,2,0,0,0,0,1336,WASHINGTON,ST,,,,NORTH WASHINGTON,,,,,Y,,,,39.18010182,-86.53211927,LOCAL/CITY ROAD,,N,Y,URBAN,N,N,N,,DARK (NOT LIGHTED),CLOUDY,DRY,,NO JUNCTION INVOLVED,STRAIGHT/LEVEL,ASPHALT,OTHER (DRIVER) - EXPLAIN IN NARRATIVE,UNDER $1001,LEFT TURN,1201,1218,Y,Y,NORTHWASHINGTONST,0,NONE,"V1 was turning left (southeast) in the shared parking lot of 1336 and 1333 North Washington Street after just being involved in a related collision ( b19-36887) at the same time and address. While turning left, V1 struck V2, which was parked facing southwest in the parking stall, on the back right tire, v1 backs up and then again pulls forward, striking V2 a second time on the right side of the rear bumper. V1 one back up and then pulls forward where he strikes V2 with V1 a third time. The third time V1 struck V2, V1's right headlight shattered and scraped the bumper of V2. V1 then left the area."
903439046,ELLETTSVILLE PD,E1904860,MONROE,RICHLAND,ELLETTSVILLE,9/2/2019,11:30 PM,1,0,0,0,0,,CHANDLER DRIVE,DR,,,,CHANDLER DRIVE,MAIN STREET,,,,N,,800,N,39.23376,-86.621888,LOCAL/CITY ROAD,,N,N,URBAN,N,N,N,,DARK (NOT LIGHTED),CLEAR,DRY,,NO JUNCTION INVOLVED,CURVE/HILLCREST,ASPHALT,OTHER (DRIVER) - EXPLAIN IN NARRATIVE,UNDER $1001,OTHER - EXPLAIN IN NARRATIVE,1135,1138,Y,Y,CHANDLERDRIVEDRMAINSTREETST,0,NONE,THE DRIVER OF UNIT ONE 1 WAS DELIVERING FOOD. WHEN THE DRIVER OF UNIT 1 ATTEMPTED TO MAKE A U-TURN AND ATTEMPTED TO BACK UP AND MADE CONTACT WITH THE MAILBOX AT 524 NORTH CHANDLER DRIVE. VERY LIGHT DAMAGE THE MAILBOX WAS SLIGHTLY LEANING. THE OWNER OF 524 NORTH CANDLER DRIVE IS GAYLE HIGGINS
903438450,BLOOMINGTON PD,B1937095,MONROE,BLOOMINGTON,BLOOMINGTON,9/3/2019,12:55 PM,2,0,0,0,0,550,LANDMARK,AVE,,,,S LANDMARK,,,,,Y,,,,39.160837,-86.555582,UNKNOWN,,N,N,URBAN,N,N,N,,DAYLIGHT,CLEAR,DRY,,T-INTERSECTION,STRAIGHT/LEVEL,ASPHALT,FAILURE TO YIELD RIGHT OF WAY,$2501 TO $5000,RIGHT ANGLE,1250,1259,Y,N,SLANDMARKAVE,0,STOP SIGN,"DRIVER OF VEHICLE 1 STATED HE WAS NORTH BOUND THROUGH THE PARKING LOT OF 550 S LANDMARK AVENUE. D1 STOPPED AT A STOP SIGN AND DID NOT SEE VEHICLE 2 APPROACHING FROM THE WEST. AS D1 TURNED RIGHT(EAST), V2 COLLIDED WITH V1. DRIVER OF VEHICLE 2 STATED HE WAS EAST BOUND THROUGH THE PARKING LOT OF 550 S LANDMARK AVENUE. A V2 TRAVELLING EAST, V1 PULLED INTO HIS LANE OF TRAVEL. D2 COULD NOT AVOID COLLIDING WITH V1."
903438362,INDIANA UNIV BLOOMINGTON PD,191809,MONROE,BLOOMINGTON,BLOOMINGTON,9/3/2019,10:15 AM,2,0,0,0,0,,,,SR46,,,SR46,UNIONVILLE,,,,Y,,,,0,0,LOCAL/CITY ROAD,Y,N,N,URBAN,N,N,N,,DAYLIGHT,CLEAR,DRY,,FOUR-WAY INTERSECTION,STRAIGHT/LEVEL,ASPHALT,FOLLOWING TOO CLOSELY,$1001 TO $2500,REAR END,1019,1022,Y,N,SR46UNIONVILLERD,0,TRAFFIC CONTROL SIGNAL,"When I arrived on scene, both vehicles had been moved from where the crash took place. The crash involved a gray Jeep (V1), driven by Seth Sigel (D1), and a white BMW (V2), driven by Jango Glackin (D2). None of the parties involved in the crash complained of any injuries at the scene.Both drivers told the same story. V1 was following V2 east on 10th St when they came to a stop in the right turn lane at the red light at the 45/46 Bypass. V2 was going to make a right turn on red when it noticed other traffic had the right away and came to a stop. D1 stated he thought V2 was going to turn, but they stopped and he could not stop quickly enough. V1 rear ended V2.V1 sustained light damage to the front plastic bumper. V2 sustained moderate damage to the rear bumper.Both vehicles were able to be driven from the scene."
903438956,BLOOMINGTON PD,B1937140,MONROE,BLOOMINGTON,BLOOMINGTON,9/3/2019,5:17 PM,2,0,1,0,0,,,,SR46N,,,SR46N,10TH,,,,Y,,400,S,39.17062419,-86.50158409,STATE ROAD,,N,N,URBAN,N,N,N,,DAYLIGHT,CLEAR,DRY,,FOUR-WAY INTERSECTION,STRAIGHT/GRADE,ASPHALT,FOLLOWING TOO CLOSELY,$1001 TO $2500,REAR END,517,526,Y,N,10THSTSR46N,0,NONE,"V1 WAS TRAVELING NB ON SR 46 APPROACHING 10TH ST. V2 WAS TRAVELING NB ON 46 JUST N OF V1. THE FRONT OF V1 COLLIDED WITH THE REAR OF V2.D1 STATED THAT HE WAS TALKING ON THE PHONE GOING NB ON SR 46 APPROACHING 10TH ST WHEN D2 SUDDENLY STOPPED IN FRONT OF HIM. D1 STATED THAT HE HIT HIS BRAKES, BUT DID NOT STOP IN TIME AND THE FRONT OF V1 COLLIDED WITH THE REAR OF V2.D2 STATED THAT SHE WAS NB ON SR 46 APPROACHING 10TH ST AND WAS SLOWING DOWN TO COME TO A STOP IN TRAFFIC. D2 STATED THAT SHE SAW V1 APPROACHING HER VEHICLE QUICKLY AND SHE COULD SEE D1 ON THE PHONE. D2 STATED THAT THE FRONT OF V1 COLLIDED WITH THE REAR OF V2 CAUSING A COMPLAINT OF PAIN IN HER NECK. D2 DENIED MEDICAL SERVICES AT THE TIME OF THE ACCIDENT.DAMAGE CAPTURED ON BWC 1613"
903439036,ELLETTSVILLE PD,E1904882,MONROE,RICHLAND,ELLETTSVILLE,9/3/2019,6:36 PM,2,0,0,0,0,4727,,,SR46,,,WEST STATE ROAD 46,,,,,Y,,,,39.2512,-86.652504,UNKNOWN,,N,N,URBAN,N,N,N,,DAYLIGHT,CLEAR,DRY,,NO JUNCTION INVOLVED,STRAIGHT/LEVEL,ASPHALT,OTHER (DRIVER) - EXPLAIN IN NARRATIVE,$1001 TO $2500,BACKING CRASH,641,645,Y,N,WESTSTATEROAD46RD,0,NONE,V2 WAS PARKED IN THE JIFFY TREAT PARKING LOT. OWNER OF V2 WAS IN DRIVERS SEAT ATTEMPTING TO EAT HER ICE CREAM WHEN V1 PULLED IN. V1 ATTEMPTED TO TURN AROUND AND IN DOING SO HIT V2 WHILE BACKING UP.
903438743,BLOOMINGTON PD,B1937100,MONROE,BLOOMINGTON,BLOOMINGTON,9/3/2019,12:15 PM,2,0,0,0,0,,S COLLEGE,AVE,,,,S COLLEGE,W 3RD,,,,Y,,,,39.16464,-86.534816,,Y,N,Y,URBAN,N,N,N,,DAYLIGHT,CLEAR,DRY,,FOUR-WAY INTERSECTION,STRAIGHT/LEVEL,ASPHALT,FAILURE TO YIELD RIGHT OF WAY,$1001 TO $2500,SAME DIRECTION SIDESWIPE,127,127,N,Y,SCOLLEGEAVEW3RDST,0,TRAFFIC CONTROL SIGNAL,"V1 was driving south on College Ave and was attempting to merge into the left turn lane. V2 was driving in the left turn lane driving straight. The front driver side of V1 collided with V2. V1 then pulled off of the roadway and V2 stopped behind them. D2 exited his vehicle, checked on D1 and then left the scene traveling south on College Avenue. D2 did not exchange information before leaving the scene. D1 stated that she was traveling south and attempting to change lanes so she could turn east on 3rd street. D1 stated that she collided with a black suv causing damage to her vehicle. The driver of the suv asked her if she was ok, checked his vehicle for damage and then left the scene.A license plate was obtained from the vehicle and the owner was unable to be contacted at this time."
903440218,MONROE SD,M19A29362,MONROE,PERRY,BLOOMINGTON,9/3/2019,6:18 PM,1,0,0,0,0,,THAT,RD,,,,THAT,VICTOR,,,,N,,500,W,39.11476466,-86.54815554,COUNTY ROAD,,N,N,RURAL,N,N,N,,DAYLIGHT,CLEAR,DRY,,NO JUNCTION INVOLVED,STRAIGHT/GRADE,ASPHALT,RAN OFF ROAD RIGHT,$2501 TO $5000,RAN OFF ROAD,618,625,Y,N,THATRDVICTORPIKE,0,NONE,Driver was attempting to turn off of That Rd into the parking lot of Clear Creek Trail. Driver was distracted and turned to soon before the driveway and ran off of the north side of the roadway. The vehicle went over a culvert pipe and into a small drainage ditch coming to rest i over the culvert pipe.
903439008,INDIANA UNIV BLOOMINGTON PD,191820,MONROE,BLOOMINGTON,BLOOMINGTON,9/3/2019,9:40 PM,2,0,0,0,0,,INDIANA,AVE,,,,INDIANA,TENTH,,,,Y,,,,39.17268,-86.48267,LOCAL/CITY ROAD,Y,N,N,URBAN,N,N,N,,DARK (LIGHTED),CLEAR,DRY,,FOUR-WAY INTERSECTION,STRAIGHT/LEVEL,ASPHALT,FAILURE TO YIELD RIGHT OF WAY,$2501 TO $5000,LEFT TURN,946,955,Y,N,INDIANAAVETENTHST,0,TRAFFIC CONTROL SIGNAL,"V1 was attempting to turn eastbound onto 10th Street from Indiana Ave and V2 was driving northbound on Indiana Ave near the intersection of 10th and Indiana. V1 turned left onto 10th Street hitting the front end of V2. I first spoke to V1 who stated she had been trying to turn east on 10th Street in the left turn lane. V1 stated she saw the light turn green, and without thinking, believed she had the right away. V1 then turned left on 10th Street at the green and V1 struck the front end of V2. I then spoke to V2 who stated that she was heading north on Indiana Avenue. V2 stated she had a green light. As she was passing through the intersection, V2 stated she suddenly felt V1 strike the front end of V2."
903438945,BLOOMINGTON PD,B1937139,MONROE,PERRY,BLOOMINGTON,9/3/2019,5:20 PM,2,0,1,0,0,,E 3RD,ST,,,,E 3RD,SOUTH CLARIZZ,,,,Y,,200,W,39.16424,-86.4908,LOCAL/CITY ROAD,,N,N,URBAN,N,N,N,,DAYLIGHT,CLEAR,DRY,,NO JUNCTION INVOLVED,STRAIGHT/LEVEL,ASPHALT,DRIVER DISTRACTED - EXPLAIN IN NARRATIVE,$1001 TO $2500,REAR END,521,530,Y,Y,E3RDSTSOUTHCLARIZZBLVD,0,NONE,"D2 WAS HEADED WEST ON EAST 3RD STREET, IN THE FAR RIGHT LANE.D2 EXPLAINED THAT HE WAS STOPPED IN TRAFFIC, JUST WEST OF SOUTH CLARIZZ BOULEVARD, WHEN THE FRONT OF V1 DID MAKE CONTACT WITH THE REAR OF V2, RESULTING IN DISABLING DAMAGE TO THE FRONT OF V2.D1 EXPLAINED THAT SHE WAS DRIVING WEST ON EAST 3RD STREET. D1 STATED THAT SHE LOOKED TO HER RIGHT, IN THE DIRECTION OF THE CAR LOT AT THIS INTERSECTION. D1 DID NOT REALIZE THAT V2 WAS STOPPED, SO THE FRONT OF V2 DID MAKE CONTACT WITH THE REAR OF V2.V1 WAS TOWED DUE TO DISABLING DAMAGE."
903438404,BLOOMINGTON PD,B1937065,MONROE,BLOOMINGTON,BLOOMINGTON,9/3/2019,9:11 AM,2,0,1,0,0,,S CURRY,PIKE,,,,S CURRY,W 3RD,,,,Y,,,,39.164544,-86.560096,LOCAL/CITY ROAD,Y,N,N,URBAN,N,N,N,,DAYLIGHT,CLEAR,DRY,,FOUR-WAY INTERSECTION,STRAIGHT/LEVEL,ASPHALT,DRIVER ILLNESS,UNDER $1001,REAR END,911,920,Y,N,SCURRYPIKEW3RDST,0,TRAFFIC CONTROL SIGNAL,"DRIVER OF VEHICLE 2 STATED HE WAS NORTH BOUND ON CURRY PIKE AT THE INTERSECTION WITH W 3RD ST, IN THE LANE TO TURN WEST. THE TRAFFIC LIGHT WAS RED. D2 ADVISED V1 PULLED UP AND STOPPED DIRECTLY BEHIND V2. AFTER A FEW SECONDS, V1 REAR ENDED V2. DRIVER 1 WAS NOT RESPONSIVE AT THE SCENE AND COULD NOT GIVE A STATEMENT AT THE HOSPITAL."
903439026,BLOOMINGTON PD,B1937178,MONROE,BLOOMINGTON,BLOOMINGTON,9/3/2019,10:00 PM,1,0,1,0,0,,WASHINGTON,ST,,,,WASHINGTON,4TH,,,,Y,,,,39.165648,-86.5324,LOCAL/CITY ROAD,,N,N,URBAN,N,N,N,,DARK (LIGHTED),CLOUDY,DRY,,NO JUNCTION INVOLVED,STRAIGHT/GRADE,ASPHALT,OTHER (DRIVER) - EXPLAIN IN NARRATIVE,UNDER $1001,RIGHT ANGLE,1048,1048,Y,N,4THSTWASHINGTONST,1,STOP SIGN,"Sullivan advised she was traveling south on south Washington street when she came to a complete stop at 4th and Washington street. As Sullivan entered the intersection on her 2013 sun tour bicycle, Sullivan advised d1 disregarded the stop sign at 4th and Washington Street. Sullivan advised d1 was traveling east on 4th Street at the time of the accident. A witness observed the accident and followed d1 to the Taste of India restaurant where the obtained the license plate number.D1 advised that she was traveling east on 4th Street and she came to a complete stop at 4th and Washington Street.D1 advised she entered the intersection and thought she had struck a pot hole. D1 advised she did not see a bicyclist at the intersection. D1 continued to the restaurant where she waited to pick up her boyfriend. D1's driving behavior after the accident was not consistent with an attempt to escape the area. D1 remained in the area, and at a close proximity to the accident scene. I did not observe any damage to v1.I took the initial report at 220 E. Third Street, Bloomington, Indiana 47404. I also spoke with D1 at 3918 Bushmill Drive, Bloomington, Indiana 47403."
903439044,INDIANA UNIV BLOOMINGTON PD,191817,MONROE,BLOOMINGTON,BLOOMINGTON,9/3/2019,5:19 PM,2,0,0,0,0,,THIRD,ST,,,,THIRD,DUNN,,,,Y,,,,39.16444,-86.52819,LOCAL/CITY ROAD,,N,Y,URBAN,N,N,N,,DAYLIGHT,CLEAR,DRY,,NO JUNCTION INVOLVED,CURVE/GRADE,ASPHALT,UNSAFE LANE MOVEMENT,$2501 TO $5000,SAME DIRECTION SIDESWIPE,529,546,Y,Y,DUNNSTTHIRDST,0,LANE CONTROL,"Vehicle 1 was traveling east on 3rd Street approaching the intersection of Dunn Street in the left lane. Vehicle 2 was traveling east on 3rd Street approaching the intersection of Dunn Street in the right lane.Driver 1 left the scene of the accident.Driver 2 stated that he was traveling in the right lane when Vehicle 2 quickly swerved into his lane with no warning, or turn signal, and struck the driver's side front bumper of his vehicle causing him to leave to roadway and drive onto the sidewalk. Driver 2 advised that Vehicle 1 immediately reentered the left lane and drove away. He stated that he then reentered the right lane and began following the vehicle. Driver 2 stated Vehicle 1 then moved into the right lane and continued driving. Driver 2 advised he was able to obtain a photograph of the plate on the vehicle and could see the driver of the vehicle before pulling over to contact police. He stated he was able to describe the male.Driver 2 advised that the driver was a white male with short white hair. After describing the male I asked Driver 2 if he would be able to identify the driver with a photograph. He stated he could and I showed him the BMV photograph for the male registered owner of Vehicle 1. Driver 2 advised that this was the male that struck him. I asked Driver 2 if it was possible that Driver 1 could have not noticed that he was involved in an accident. Driver 2 stated that the collision sounded extremely loud and had enough force to cause his vehicle to go off the roadway. Driver 2 also stated that when he began following the vehicle he noticed Driver 1 stared straight forward and, in Driver 2's opinion, avoided making any eye contact with him in the mirrors of the vehicle.No one involved complained of any injuries.I was able to obtain Driver 1's home address in Bedford, Indiana through the Indiana BMV. Lawrence County Sheriff's Department assisted me in going to Driver 1's address to speak with him. When Driver 1 answered the door with his wife he smelled strongly of the odor of alcoholic beverage and his eyes were bloodshot. I began explaining why I was there and Driver 1 immediately began denying driving the vehicle. His wife claimed she was driving her vehicle in Bloomington, Indiana today. When I asked where she was driving her vehicle she immediately stated ""3rd Street."" His wife then began stating repeatedly that she had no idea that she struck someone. She stated that she had located the damage but was unsure of when it had occurred and was going to contact the insurance company in the morning. I asked Driver 1 how much he had to drink and he immediately stated that he had not started drinking until he got home. I explained to Driver 1 that the subject in the vehicle he struck identified him and he continued denying the accident. I then explained to Driver 1 that I was issuing him a misdemeanor citation for Leaving the Scene of an Accident. Driver 1 stated that the damage on the vehicle was just a scuff from rubber and denied much of the damage. Deputy Roberts advised that when he stepped away with Driver 1's wife to get the insurance he advised her that she could be arrested for lying to the police to cover up for her husband's accident. Deputy Roberts advised that she stated ""Yeah, but you don't have to live with him.""Photographs were taken of the damage to both vehicles and placed into evidence. There were several gouges and dents as well as black transfer, from the bumper of Driver 2's vehicle, on the rear passenger door, quarter panel, and rear bumper of Vehicle 1. Vehicle 2 had minor damage to the driver's side front bumper.Due to the vehicles being moved a diagram was not completed."
903438162,BLOOMINGTON PD,B1937034,MONROE,BLOOMINGTON,BLOOMINGTON,9/3/2019,12:15 AM,2,0,2,0,0,,WALNUT,ST,,,,WALNUT,10TH,,,,Y,,,,39.171744,-86.53352,LOCAL/CITY ROAD,Y,N,N,URBAN,N,N,N,,DARK (LIGHTED),CLOUDY,DRY,,T-INTERSECTION,STRAIGHT/HILLCREST,ASPHALT,DISREGARD SIGNAL/REG SIGN,$5001 TO $10000,RIGHT ANGLE,1215,1220,Y,N,10THSTWALNUTST,0,TRAFFIC CONTROL SIGNAL,"W1, CHAD STEPHAN WAS TRAVELING NORTHBOUND ON WALNUT STREET BEHIND V2, WHEN HE OBSERVED V1 DISREGARD THE TRAFFIC LIGHT AT 10TH AND WALNUT STREET AND COLLIDE WITH V2. PRIOR TO THE ACCIDENT, W1 ADVISED V1 WAS TRAVELING EASTBOUND ON WEST 10TH STREET. D2 ADVISED SHE WAS TRAVELING NORTH ON WALNUT STREET WHEN SHE APPROACHED THE INTERSECTION OF 10TH AND WALNUT STREET ON A GREEN LIGHT. AS D2 ENTERED THE INTERSECTION ON A GREEN LIGHT, D2 ADVISED V1 DISREGARDED THE TRAFFIC LIGHT AND COLLIDED WITH HER VEHICLE. AFTER THE ACCIDENT, D2 ADVISED D1 EXITED HIS VEHICLE AND BEGAN PUNCHING HER VEHICLE WINDOW.D1 ADVISED HE WAS STOPPED ON WEST 10TH STREET AND NORTH WALNUT ON A RED LIGHT. AS HIS LIGHT TURNED GREEN, D1 ENTERED THE INTERSECTION ON A GREEN LIGHT AND WAS STRUCK BY V2. D1 ADISED V2 DISREGARDED THE TRAFFIC LIGHT. D1 ADVISED PRIOR TO THE ACCIDENT HE WAS WATCHING A YOUTUBE VIDEO. D1 WAS FOUND TO BE IN POSSESSION OF MARIJUANA AND PARAPHERNALIA. D1 IS ALSO BEING INVESTIGATED FOR OWI.THE INVESTIGATION ALSO OCCURRED AT IU HEALTH HOSPITAL."
903439607,BLOOMINGTON PD,B1937296,MONROE,BLOOMINGTON,BLOOMINGTON,9/4/2019,11:53 AM,2,0,0,0,0,,PIAZZA,DR,,,,SOUTH PIAZZA,CATHCART,,,,Y,,30,N,39.15202106,-86.49986,,,N,Y,URBAN,N,N,N,,DAYLIGHT,CLEAR,DRY,,NO JUNCTION INVOLVED,STRAIGHT/LEVEL,ASPHALT,,$1001 TO $2500,SAME DIRECTION SIDESWIPE,358,417,N,Y,SOUTHCATHCARTRDSOUTHPIAZZADR,0,NONE,"OWNER OF VEHICLE 2 ADVISED SHE PARALLEL PARKED ON PIAZZA DRIVE FACING NORTH THEN VISITED A LOCAL BUSINESS. WHEN SHE RETURNED TO HER VEHICLE AT 11:53 AM, THERE WAS DAMAGE TO HER VEHICLE CONSISTENT WITH A SAME DIRECTION SIDESWIPE, LEAVING WHITE PAINT TRANSFER ON THE OWNER'S VEHICLE. THERE ARE NO SUSPECTS AT THIS TIME, HOWEVER, THE BLOND GENIUS BUSINESS DOES HAVE SURVEILLANCE CAMERAS OVER THIS AREA. INVESTIGATION IS PENDING FOLLOWING OBTAINING THIS FOOTAGE."
903439583,BLOOMINGTON PD,B1937312,MONROE,BLOOMINGTON,BLOOMINGTON,9/4/2019,3:00 PM,2,0,0,0,0,,W SR 45 46,BYP,,,,W SR 45 46,N COLLEGE,,,,Y,,,,39.186352,-86.534704,,,,Y,URBAN,N,N,N,,DAYLIGHT,CLEAR,DRY,,NO JUNCTION INVOLVED,,,FOLLOWING TOO CLOSELY,UNDER $1001,SAME DIRECTION SIDESWIPE,542,543,N,N,NCOLLEGEAVEWSR4546BYP,0,,"D2 stated she was travelling westbound in the left lane on W SR 45/46 approaching the intersection of N. College Ave. D2 advised traffic in front of her suddenly stopped causing her to do so as well. D2 stated she looked in her rear view mirror and observed V1, described as a white truck, approaching quickly. According to D2, she heard tires squealing then saw V1 swerve into the right lane. While V1 swerved over, D2 stated she was struck/swiped on the rear passenger side of her vehicle. D2 stated due to heavy traffic she was unable to follow V1. D2 advised she pulled over and waited for V1 to come back and exchange information, but it did not return. A local investigation is being conducted ref case#B1937312. No injuries were reported."
903439604,INDIANA UNIV BLOOMINGTON PD,191832,MONROE,BLOOMINGTON,BLOOMINGTON,9/4/2019,5:30 AM,2,0,0,0,0,,FEE,LN,,,,FEE,JORDAN,,,,Y,,,,39.18384,-86.5192,UNKNOWN,,N,Y,URBAN,N,N,N,,DARK (LIGHTED),CLEAR,DRY,,NO JUNCTION INVOLVED,STRAIGHT/LEVEL,ASPHALT,OTHER (DRIVER) - EXPLAIN IN NARRATIVE,$5001 TO $10000,OTHER - EXPLAIN IN NARRATIVE,851,858,Y,Y,FEELNNJORDANAVE,0,NONE,"Primary Cause (Other Driver) - Explain in narrative: There is no known information about the primary cause. No suspects or vehicle information is known. Type of Crash -Explain in Narrative: It is unclear what type of crash this is as there is no information about what caused the crash. Driver Factors -Other driver Explain in Narrative: There are no known driver factors as to what caused the crash. Vehicle Factors- Other Explain in Narrative: There is no information as to what, if any, vehicle factors caused the crash. Environmental Factors- Other Explain in Narrative: It is unclear if there were any environmental factors that caused the crash.V1 was parked in the Green Lot facing north (which is just south of the Tennis Center at 1833 N Fee Lane) in the northeast part of the parking lot. D1 stated that he parked his vehicle in the green lot sometime around 0457 and 0500 hours on 09/04/2019. D1 stated he returned back to his vehicle at approximately 1645 hours and drove to his residence. D1 advised that when he arrived at his residence and got out of his vehicle at approximately 1800 hours, he noticed damage to his rear driver side bumper. D1 stated he also noticed damage to the rear driver side bed of the truck. D1 did not see any contact information on his vehicle from the other driver.There is no known information on who the other driver is or what the other vehicle looked like. The damage is consistent with another motor vehicle striking it, but there is no known information on what the vehicle is. Photographs of the damage were taken and are attached to the case."
903439225,BLOOMINGTON PD,B1937253,MONROE,PERRY,BLOOMINGTON,9/4/2019,11:44 AM,2,0,1,0,0,,WEST THIRD,ST,,,,WEST THIRD,MADISON,,,,Y,,,,39.164704,-86.537296,LOCAL/CITY ROAD,Y,N,N,URBAN,N,N,N,,DAYLIGHT,CLEAR,DRY,,FOUR-WAY INTERSECTION,STRAIGHT/LEVEL,ASPHALT,DISREGARD SIGNAL/REG SIGN,$10001 TO $25000,RIGHT ANGLE,1144,1146,Y,Y,MADISONAVEWESTTHIRDST,0,TRAFFIC CONTROL SIGNAL,V1 WAS TRAVELING EAST ON THIRD STREET GOING THROUGH THE TRAFFIC LIGHT AT MADISON STREET.V2 WAS TRAVELING SOUTH ON MADISON STREET GOING THROUGH THE TRAFFIC LIGHT AT THIRD STREET.V1 DISREGARDED THE STOP LIGHT AND HIT V2 IN THE FRONT PASSENGER SIDE WITH FRONT OF HER CAR.D1 ADMITTED THAT SHE FAILED TO STOP AT THE STOP LIGHT CAUSING THE ACCIDENT.
903439577,BLOOMINGTON PD,B1937308,MONROE,PERRY,BLOOMINGTON,9/4/2019,5:00 PM,4,0,1,0,0,,E 3RD,ST,,,,E 3RD,S KINGSTON,,,,Y,,50,E,39.16424,-86.492944,LOCAL/CITY ROAD,,N,N,URBAN,N,N,N,,DAYLIGHT,CLEAR,DRY,,NO JUNCTION INVOLVED,STRAIGHT/GRADE,ASPHALT,DRIVER DISTRACTED - EXPLAIN IN NARRATIVE,$10001 TO $25000,REAR END,501,506,Y,Y,E3RDSTSKINGSTONDR,0,NONE,"D1 STATED THEY WERE TRAVELING EASTBOUND ON E 3RD ST, PAST THE INTERSECTION WITH S KINGSTON DR, IN THE NORTHERN-MOST LANE. D1 STATED THEIR CELL PHONE FELL DOWN TO THE FLOORBOARD, AT WHICH POINT D1 REACHED DOWN TO GRAB THE PHONE, DISTRACTING THEM FROM DRIVING. V1 THEN STRUCK THE REAR OF V2. D2 STATED THEY WERE TRAVELING EASTBOUND ON E 3RD ST, PAST THE INTERSECTION WITH S KINGSTON DR, IN THE NORTHERN-MOST LANE APPROACHING A LINE OF VEHICLES THAT WERE STOPPED, WAITING FOR THE GREEN LIGHT AT E 3RD ST AND S CLARIZZ BLVD. D2 STATED THEY WERE SLOWING THEIR VEHICLE WITH AN APPROPRIATE SIZED GAP BETWEEN V2 AND V3. V2 WAS THEN STRUCK FROM THE REAR BY V1, WHICH CAUSED V2 TO STRIKE V3. D3 STATED THEY WERE STOPPED IN A LINE OF CARS IN THE NORTHERN-MOST LANE ON E 3RD ST, PAST THE INTERSECTION WITH S KINGSTON DR. V3 WAS THEN STRUCK FROM THE REAR BY V2, CAUSING V3 TO STRIKE THE REAR OF V4. D3 COMPLAINED OF NECK PAIN FROM THE CRASH, BUT WAS NOT TRANSPORTED TO THE HOSPITAL. D4 STATED THEY WERE STOPPED IN A LINE OF CARS IN THE NORTHERN-MOST LANE ON E 3RD ST, PAST THE INTERSECTION WITH S KINGSTON DR. D4 STATED V4 WAS STRUCK FROM THE REAR BY V3 WHILE V4 WAS SITTING IN TRAFFIC."
903439190,BLOOMINGTON PD,B1937234,MONROE,BLOOMINGTON,BLOOMINGTON,9/4/2019,9:32 AM,2,0,0,0,0,,COLLEGE,AVE,,,,COLLEGE,9TH,,,,Y,,,,39.170544,-86.534768,LOCAL/CITY ROAD,,N,N,URBAN,N,N,N,,DAYLIGHT,CLEAR,DRY,,NO JUNCTION INVOLVED,STRAIGHT/GRADE,ASPHALT,FAILURE TO YIELD RIGHT OF WAY,$5001 TO $10000,RIGHT ANGLE,932,940,Y,N,9THSTCOLLEGEAVE,0,NONE,"D1 STATED SHE WAS TRAVELING WEST ON 9TH STREET AND HAD STOPPED AT THE INTERSECTION OF COLLEGE AVE. SHE INDICATED THE A MOTORIST WAS STOPPED IN THE ROADWAY ON COLLEGE AVE AND SHE ASSUMED IT WAS A FOURWAY STOP. D1 SAID SHE PROCEEDED ACROSS COLLEGE AND COLLIDID WITH V2. D2 STATED HE WAS TRAVELING SOUTH ON COLLEGE IN THE WESTERN MOST LANE. HE SAID AS HE WAS PASSING 9TH STREET, HE WAS STRUCK BY V1."
903439630,MONROE SD,M19A29259,MONROE,VAN BUREN,BLOOMINGTON,9/4/2019,6:03 AM,1,0,0,0,0,3585,,,SR45,,,W 45,,,,,N,PRIVATE,,,39.125312,-86.610496,UNKNOWN,,N,N,URBAN,N,N,N,,DARK (LIGHTED),CLEAR,DRY,,NO JUNCTION INVOLVED,STRAIGHT/GRADE,ASPHALT,IMPROPER TURNING,$1001 TO $2500,OTHER - EXPLAIN IN NARRATIVE,605,616,Y,N,W45HWY,0,STOP SIGN,"Spoke to D1 when I arrived on scene and he stated V1 was traveling east across the parking lot near the front of the building at 3585 W SR 45, Walmart Super Center. D1 stated he attempted to make a left hand turn to travel north into row 10 when he miss judged the turn and struck the stop sign at the end of the row causing damage to the sign and significant damage to V1's left front wheel. The stop sign was held up by a concrete post and the post was pushed off center. D1 was able to pull the concrete sign post out of the asphalt so not to damage it further by towing V1. V1 was towed due to disabling damage and D1 was not injured in the crash."