Master Record Number,Agency,Local Code,County,Township,City,Collision Date,Collision Time,Vehicles Involved,Trailers Involved,Number Injured,Number Dead,Number Deer,House Number,Roadway Name,Roadway Suffix,Roadway Number,Roadway Interchange,Roadway Ramp,Roadway Id,Intersecting Road,Intersecting Road Number,Mile Marker,Interchange,Corporate Limits?,Property Type,Feet From,Direction,Latitude,Longitude,Roadway Class,Traffic Control Devices?,Aggressive Driving?,Hit and Run?,Locality,School Zone?,Rumble Strips?,Construction?,Construction Type,Light Condition,Weather Conditions,Surface Condition,Type of Median,Roadway Junction Type,Road Character,Roadway Surface,Primary Factor,Damage Estimate,Manner of Collision,Time Notified,Time Arrived,Investigation Complete?,Photos Taken?,Unique Location Id,State Property Damage?,Traffic Control,NARRATIVE
903441076,ISP BLOOMINGTON 33,2.019E+11,MONROE,WASHINGTON,BLOOMINGTON,9/6/2019,11:20 M,1,,0,0,1,,I-69,,,,,,,,128,,N,,792,S,39.31307907,-86.5127395,INTERSTATE,,,,RURAL,N,N,N,,DAYLIGHT,CLEAR,DRY,,NO JUNCTION INVOLVED,,ASPHALT,ANIMAL/OBJECT IN ROADWAY,$10001 TO $25000,COLLISION WITH DEER,1122,1140,Y,N,,0,,"On Friday, September 6, 2019 at 11:20, Mark Clephane responded to a crash on I69S at the 128 mile marker. At the time of the crash, the weather was clear and the road surface was dry.Vehicle 1, black 2018 GMC Sierra Pickup truck, was travelling south on I-69 at the 128 Mile Marker when a deer ran from the west side of I-69 and into the path of Vehicle 1. The front of Vehicle 1 struck the deer causing multiple airbags to deploy around the passenger compartment.Driver 1 stated that he was travelling south on I-69 in the driving lane when a deer jumped the fence between the access road and I-69 and ran into the path of V-1. Driver 1 stated that he attempted to avoid the deer, but could not do so, and the front of V-1 struck the deer.There were no witnesses to this crash.The cause of this crash is the deer in the roadway."
903441629,MONROE SD,M19A29623,MONROE,BLOOMINGTON,BLOOMINGTON,9/6/2019,4:54 PM,2,0,0,0,0,,,,SR46W,,,SR46W,N MONROE,,,,N,,2700,E,39.18650784,-86.53728821,STATE ROAD,,N,N,URBAN,N,Y,Y,LANE CLOSURE,DAYLIGHT,CLEAR,DRY,,NO JUNCTION INVOLVED,STRAIGHT/LEVEL,CONCRETE,FOLLOWING TOO CLOSELY,$2501 TO $5000,REAR END,455,502,Y,N,NMONROESTSR46W,0,NONE,D1 STATED SHE WAS DRIVING WEST ON W. STATE ROAD 46 CROSSING OVER I-69 WHEN SHE TOOK HER EYES OF THE ROAD AS THERE WAS A BUG ON HER WINDOW. D1 TRIED TO REMOVE THE BUG AND WHEN SHE LOOKED UP V1 REAR ENDED V2.D2 STATED SHE WAS DRIVING WEST ON W. STATE ROAD 46 CROSSING OVER I-69 AND STARTED TO SLOW DOWN AS THERE WAS TRAFFIC. UPON SLOWING DOWN V2 WAS REAR ENDED BY V1.
903440800,BLOOMINGTON PD,B1937643,MONROE,RICHLAND,BLOOMINGTON,9/6/2019,5:00 PM,2,0,0,0,0,,GOURLEY,PIKE,,,,WEST GOURLEY,KINSER,,,,Y,,,,0,0,LOCAL/CITY ROAD,,N,Y,URBAN,N,N,N,,DAYLIGHT,CLEAR,DRY,,FOUR-WAY INTERSECTION,STRAIGHT/LEVEL,ASPHALT,FAILURE TO YIELD RIGHT OF WAY,$1001 TO $2500,LEFT TURN,504,510,N,Y,NORTHKINSERPIKEWESTGOURLEYPIKE,0,STOP SIGN,"V2 WAS STOPPED ON GOURLEY PIKE, FACING WESTBOUND, AT NORTH KINSER PIKE. V2 PROCEDED STRAIGHT THROUGH THE INTERSECTION V1, WHO WAS MAKING A LEFT HAND TURN OFF OF GOURLEY PIKE NORTHBOUND ONTO NORTH KINSER PIKE, PULLED INFRONT OF V2. V2 THE STRUCK V1 ON THE RIGHT SIDE OF THE MOTORCYCLE, CAUSING D1 TO FALL OFF THE MOTORCYCLE. D1 REFUSED MEDICAL ATTENTION.D1 STATED HE WAS NOT SURE WHICHE VEHICLE ARRIVED AT THE STOP SIGN FIRST, BUT SAID AS HE WAS MAKING A LEFT HAND TURN, V2 WENT STRAIGHT AND STRUCK HIM.D2 LEFT THE SCENE AND HAS NOT BEEN LOCATED.W1 WAS A PASSENGER IN V2. W1 STATED THEY GOT TO THE STOP SIGN AND CONTINUED WESTBOUND THROUGH THE INTERSECTION. W1 STATED AS THEY DROVE THROUGH THE INTERSECTION, V1 MADE A LEFT HAND TURN IN FRONT OF THEM AND THEY STRUCK THE MOTORCYCLE."
903440731,BLOOMINGTON PD,B1937616,MONROE,PERRY,BLOOMINGTON,9/6/2019,2:19 PM,2,0,0,0,0,,WALNUT,ST,,,,S WALNUT,BURKS,,,,Y,,,,0,0,LOCAL/CITY ROAD,,N,N,URBAN,N,N,N,,DAYLIGHT,CLEAR,DRY,,FOUR-WAY INTERSECTION,STRAIGHT/LEVEL,ASPHALT,OTHER (DRIVER) - EXPLAIN IN NARRATIVE,UNDER $1001,REAR TO REAR,218,220,Y,Y,EBURKSDRSWALNUTST,0,NONE,"V1 HAD THE EMERGENCY LIGHTS AND SIREN ACTIVATED, PULLED OUT FROM THE TRAINING CENTER DRIVE BEHIND A SHORT BUS, EASED INTO NORTH BOUND TRAFFIC, AND REAR ENDED V2, WHICH WAS PARTIALLY PULLED HALF WAY ONTO THE EAST SHOULDER.D1 STATED THAT SHE HAD ACTIVATED HER EMERGENCY LIGHTS AND SIREN TO RESPOND TO AN EMERGENCY CALL. D1 STATED THAT AS SHE WAS LEAVING THE TRAINING CENTER DRIVE ON S. WALNUT ST. A SHORT BUS HAD PULLED FORWARD IN STOPPED TRAFFIC SOUTH BOUND TO ALLOW FOR ROOM FOR V1 TO EXIT THE TRAINING CENTER DRIVE. D1 STATED THAT SHE PULLED THROUGH THE SPACE THAT SOUTH BOUND DRIVER'S HAD CREATED FOR HER, AND EASED HER WAY FORWARD TO TURN NORTH BOUND. D1 STATED THAT SHE SAW A BLUE CAR PASS IN FRONT OF HER TRAVELING NORTH BOUND AND WAS WAITING FOR AN ORANGE CAR TO YIELD TO HER EMERGENCY LIGHTS, WHICH WAS BEHIND THE BLUE CAR. D1 STATED THAT ONCE SHE SAW THAT THE ORANGE CAR HAD YIELDED TO HER EMERGENCY LIGHTS, D1 TURNED TO TRAVEL NORTH BOUND. D1 STATED THAT SHE HAD THOUGHT THE BLUE CAR HAD PULLED FURTHER NORTH AND OFF OF THE ROADWAY, BUT APPARENTLY IT HAD NOT BECAUSE SHE REAR ENDED THE BLUE CAR. D1 STATED THAT V2 WAS HALF WAY ON THE ROADWAY AND HALF ON THE SHOULDER WHEN SHE STRUCK IT. V2 WAS TRAVELING NORTH ON S. WALNUT ST. V2 PULLED HALF WAY ONTO THE SHOULDER AND STOPPED TO YIELD TO V1, WHICH HAD ITS EMERGENCY LIGHTS AND SIREN ACTIVATED. V2 WAS STRUCK ON THE REAR BY V1.D2 STATED THAT HE HAD SEEN V1 WITH THE EMERGENCY LIGHTS AND SIREN ACTIVATED, AND HAD PULLED TO THE SIDE. D2 STATED THAT HE THOUGHT HE HAD GIVEN V1 ENOUGH SPACE, BUT WAS STRUCK ON THE REAR."
903440689,MONROE SD,M19A29596,MONROE,RICHLAND,BLOOMINGTON,9/6/2019,1:55 PM,2,0,0,0,0,,N CURRY,PIKE,,,,N CURRY,WOODYARD,,,,N,,500,S,39.190672,-86.582992,LOCAL/CITY ROAD,,N,N,URBAN,N,N,N,,DAYLIGHT,CLOUDY,DRY,,FOUR-WAY INTERSECTION,CURVE/LEVEL,ASPHALT,FOLLOWING TOO CLOSELY,$5001 TO $10000,REAR END,153,200,Y,N,NCURRYPIKEWOODYARDRD,0,NONE,V1 WAS TRAVELING NORTH ON CURRY PIKE D1 ADVISED HE COULD NOT STOP IN TIME STRIKING VEHICLE V2 IN THE REAR OF VEHICLE. THERE WAS NO COMPLAINT OF PAIN OR SIGNS OF INJURY ON ANY PARTIES INVOLVED.
903440799,BLOOMINGTON PD,B1937630,MONROE,BLOOMINGTON,BLOOMINGTON,9/6/2019,4:10 PM,2,0,0,0,0,,,,SR45W,,,SR45W,STONE LAKE,,,,Y,,750,W,39.18686,-86.54659009,STATE ROAD,,N,N,URBAN,N,N,N,,DAYLIGHT,CLOUDY,DRY,,NO JUNCTION INVOLVED,STRAIGHT/LEVEL,ASPHALT,FOLLOWING TOO CLOSELY,$5001 TO $10000,REAR END,414,418,Y,N,SR45WWESTSTONELAKEDR,0,LANE CONTROL,"V1 WAS WESTBOUND ON SR 45/46 BYPASS, JUST WEST OF WEST STONE LAKE DRIVE, WHEN IT STRUCK THE REAR END OF V2. D1 STATED V2 CAME TO A SUDDEN STOP INFRONT OF HER AND SHE WAS UNABLE TO STOP IN TIME AND STRUCK THE REAR END OF V2.D2 STATED V1 STRUCK THE REAR END OF HER VEHICLE AFTER THE CAME TO A STOP IN TRAFFIC."
903440928,INDIANA UNIV BLOOMINGTON PD,191850,MONROE,BLOOMINGTON,BLOOMINGTON,9/6/2019,4:50 PM,1,0,0,0,0,2721,10TH,ST,,,,E 10TH,,,,,Y,PRIVATE,,,39.17164278,-86.50184209,UNKNOWN,,N,N,URBAN,N,N,N,,DAYLIGHT,CLOUDY,DRY,,NO JUNCTION INVOLVED,STRAIGHT/GRADE,ASPHALT,BRAKE FAILURE OR DEFECTIVE,$2501 TO $5000,OTHER - EXPLAIN IN NARRATIVE,452,500,Y,Y,E10THST,0,NONE,"Upon arrival V1 the only vehicle was facing eastbound in the parking lot with the rear of V1 into a tree with a broken limb, and broken light pole. No other vehicles involved. Driver William Folden was standing by the vehicle upon arrival. I spoke with the operator William Folden. Folden said he was checking on his last delivery at Stonebelt, and was out of the vehicle making a phone call regarding his last delivery. Folden said when he exited V1, he put the safety brake on. Folden said the safety brake is to keep the vehicle from rolling backwards. Folden said V1 rolled backwards due to V1 may have still been in gear. Folden said the vehicle rolled backwards destroying a small light pole and breaking a a tree limb on the tree. I observed no damage to V1. Folden had no injuries. Folden had all proper information for the company vehicle, but the policy number was not provided on the insurance form where it appeared it need hand written in. I attempted to call the insurance company to get the policy number, but they were closed. After speaking with Folden I had IUPD Dispatch contact Indiana University Work Order Control regarding the damages. I took photos of the scene. The photos are available upon request."
903440688,MONROE SD,M19A29534,MONROE,BLOOMINGTON,BLOOMINGTON,9/6/2019,7:41 AM,2,0,1,0,0,,,,SR37N,,,SR37N,BETHEL,,,,N,,,,39.21539,-86.52157,STATE ROAD,,N,N,URBAN,N,N,N,,DAYLIGHT,CLEAR,DRY,,T-INTERSECTION,STRAIGHT/LEVEL,ASPHALT,FAILURE TO YIELD RIGHT OF WAY,$10001 TO $25000,RIGHT ANGLE,741,747,Y,Y,EBETHELLNSR37N,0,STOP SIGN,"D2 ADVISED SHE WAS TRAVELING NORTH ON OLD STATE ROAD 37 WHEN V1, WHO WAS AT THE STOP SIGN ON BETHEL LANE PULLED INTO HER PATH OF TRAVEL. D2 ADVISED THAT SHE ATTEMPTED TO AVOID STRIKING V1 HOWEVER WAS UNABLE TO AVOID THE CRASH. D2 DENIED MEDICAL TREATMENT ON SCENE D1 WAS TRANSPORTED FROM THE SCENE WITH HEAD INJURIES.SPOKE WITH D1 AT HOSPITAL AND SHE ADVISED SHE THOUGHT THE INTERSECTION WAS CLEAR BEFORE SHE PULLED ONTO OLD 37 FROM BETHEL LANE AND DIDNT SEE V2 WHEN SHE ENTERED THE INTERSECTION AND WAS STRUCK.WITNESS KIP SMITH ADVISED HE WAS A WITNESS TO THE ACCIDENT AND THAT HE OBSERVED V1 PULL IN FRONT OF V2 CAUSING THE ACCIDENT."
903440756,INDIANA UNIV BLOOMINGTON PD,191849,MONROE,BLOOMINGTON,BLOOMINGTON,9/6/2019,4:35 PM,1,0,0,0,0,1900,10TH,ST,,,,E 10TH,,,,,Y,PRIVATE,,,39.171472,-86.509376,UNKNOWN,,N,N,URBAN,N,N,N,,DAYLIGHT,CLEAR,DRY,,NO JUNCTION INVOLVED,STRAIGHT/LEVEL,ASPHALT,IMPROPER TURNING,$2501 TO $5000,COLLISION WITH OBJECT IN ROAD,436,436,Y,N,E10THST,0,NONE,"When I arrived on scene, I observed a black Honda (V1) next to a light post in the Eigenmann parking lot and three females outside of the vehicle. None of them complained of any injuries at the scene. The driver, Haley Rivera (D1), stated she was driving northeast through the parking lot and did not see the light pole. V1 crashed the driver side front tire into the concrete base of the light pole.V1 sustained heavy front end damage to the driver side of the vehicle and wheel area. V1 was towed by Chandler's Towing due to disabling damage."
903440566,BLOOMINGTON PD,B19-37596,MONROE,BLOOMINGTON,BLOOMINGTON,9/6/2019,11:00 AM,2,0,0,0,0,,3411 N KINGSLEY,DR,,,,3411 N KINGSLEY,WINDING WAY,,,,,,100,N,39.197952,-86.543184,LOCAL/CITY ROAD,,,Y,,N,N,N,,,,,,NO JUNCTION INVOLVED,STRAIGHT/LEVEL,ASPHALT,,$2501 TO $5000,,1134,1226,Y,N,3411NKINGSLEYDRWINDINGWAYDR,0,NONE,"V1/D1 IS UNKNOWN. LEFT THE SCENE OF THE ACCIDENT. UNKNOWN EXACT DATE OR TIME. OWNER OF V2 NOTICED NEW DAMAGE TO HER VEHICLE ON SEPTEMBER 4TH AT AN UNKNOWN TIME IN THE AFTERNOON.V1 STRUCK V2 WHILE V2 WAS PARKED ALONG THE SHOULDER IN FRONT OF 3411 N. KINGSLEY.NO WITNESSES, NO VIDEO CAMERAS IN THE AREA."
903440959,BLOOMINGTON PD,B1937743,MONROE,BLOOMINGTON,BLOOMINGTON,9/7/2019,6:40 AM,1,0,1,0,0,713,DIXIE,ST,,,,W DIXIE,,,,,Y,,,,39.15632,-86.54168,UNKNOWN,,,Y,URBAN,N,N,N,,DAYLIGHT,CLEAR,DRY,,NO JUNCTION INVOLVED,STRAIGHT/LEVEL,ASPHALT,RAN OFF ROAD RIGHT,$2501 TO $5000,RAN OFF ROAD,726,740,N,Y,WDIXIEST,0,NONE,D1 AUSTIN COLLINS WAS EASTBOUND ON DIXIE ST. D1 MADE A U-TURN IN THE AREA OF DIXIE ST AND FAIRVIEW ST. D1 ADVISED HE LOST CONTROL AFTER MAKING U-TURN AND STRUCK LIGHT POLE. D1 CITED PROBLEMS WITH PASSENGER SIDE FRONT TIRE AS THE CONTRIBUTING FACTOR. D1 DID NOT REPORT ACCIDENT TO POLICE. D1 CALLED ANOTHER PERSON TO TRANSPORT HIM TO HOSPITAL. V1 MAZDA 626 STRUCK LIGHT POLE MAINTAINED/OWNED BY DUKE ENERGY.THE LIGHT POLE WAS LOCATED ON THE PROPERTY OF 713 W DIXIE ST. V1 SUSTAINED EXTENSIVE FRONT END DAMGE TO BUMPER. OFFICER AUSTIN BULL CONDUCTED AN OWI INVESTIGATION. D1 DOES NOT HAVE OPERATOR LICENSE.
903441017,BLOOMINGTON PD,B1937760,MONROE,BLOOMINGTON,BLOOMINGTON,9/7/2019,11:15 AM,2,0,,,0,2894,E 3RD,ST,,,,E 3RD,,,,,Y,,,,39.16423861,-86.49522852,UNKNOWN,,,Y,URBAN,N,N,N,,DAYLIGHT,CLOUDY,DRY,,NO JUNCTION INVOLVED,STRAIGHT/LEVEL,ASPHALT,,,,1244,1244,Y,N,E3RDST,0,NONE,"Kyle Kennedy stated that he parked his mother's car in front of Verizon at 2894 E 3rd Street. He stated that when he returned, he found damage to the back passengers side bumper. Kennedy stated that he reported the accident to Mall security and Verizon. At this time there are no witnesses and no video of the accident."
903441198,BLOOMINGTON PD,B1937792,MONROE,BLOOMINGTON,BLOOMINGTON,9/7/2019,4:44 PM,3,0,1,0,0,,2ND,ST,,,,W 2ND,PATTERSON,,,,Y,,300,E,39.16076,-86.54851596,LOCAL/CITY ROAD,,N,N,URBAN,N,N,N,,DAYLIGHT,CLEAR,DRY,,FOUR-WAY INTERSECTION,STRAIGHT/LEVEL,ASPHALT,FOLLOWING TOO CLOSELY,$1001 TO $2500,REAR END,446,456,Y,N,SPATTERSONDRW2NDST,0,NONE,ALL VEHS WERE WB ON W 2ND ST. V2 AND V3 WERE STOPPED IN TRAFFIC DUE TO THE INTERSECTION OF W 2ND ST AND S PATTERSON ST BEING BACKED UP AND THE LIGHT WAS RED. V3 ADVISED THEY WERE STOPPED IN TRAFFIC WHEN THEY WERE REAR ENDED BY V2. D2 ADVISED THEY WAS STOPPED IN TRAFFIC. D2 STATED SHE HEARED THE SQUEAL OF TIRES BRAKING WHEN V2 WAS REAR ENDED BY V1. THE IMPACT THEN PUSHED V2 INTO V3.D1 ADVISED THEY WERE STOPPED IN TRAFFIC. D1 ADVISED THEY LEFT THEIR FOOT OFF THE BRAKE AND ROLLED INTO V2. PASSENGER IN V2 ADVISED THEY WERE 16 WEEKS PREGNANT AND HAD A COMPLAINT OF ABDOMINAL PAIN FROM THE SEATBELT. PASSENGER OF V2 REFUSED EMS TRANSPORT BUT EMS DID RECOMMEND SHE GO TO THE HOSPITAL FOR AN EVALUATION. ALL THREE VEHILCES WERE DRIVEN FROM SCENE.
903441194,MONROE SD,M19A29737,MONROE,VAN BUREN,BLOOMINGTON,9/7/2019,5:49 PM,2,0,0,0,0,,W AIRPORT,RD,,,,W AIRPORT,S BUNGER,,,,N,,300,W,39.136848,-86.606,COUNTY ROAD,,N,N,RURAL,N,N,N,,DAYLIGHT,CLEAR,DRY,,T-INTERSECTION,STRAIGHT/LEVEL,ASPHALT,FOLLOWING TOO CLOSELY,$2501 TO $5000,REAR END,552,614,Y,N,SBUNGERRDWAIRPORTRD,0,NONE,"V2 was stopped in traffic east bound on W Airport road with V1 directly behind V2. D1 stated that when V2 stopped, he did not stop and rear ended V2 causing minor damage."
903441628,MONROE SD,M19A29736,MONROE,BLOOMINGTON,BLOOMINGTON,9/7/2019,5:46 PM,1,0,0,0,0,,,,SR46E,,,SR46E,CURRY,,,,N,,,,39.19369,-86.57139,STATE ROAD,Y,N,Y,RURAL,N,N,Y,LANE CLOSURE,DAYLIGHT,CLEAR,DRY,,FOUR-WAY INTERSECTION,STRAIGHT/LEVEL,ASPHALT,FOLLOWING TOO CLOSELY,UNDER $1001,OTHER - EXPLAIN IN NARRATIVE,552,623,N,N,NCURRYPIKESR46E,0,TRAFFIC CONTROL SIGNAL,"UNIT 1 WAS REAR ENDED AT THE INTERSECTION OF W SR 46 AND N CURY PIKE. THE DRIVER OF UNIT 1 STATED THAT THEY WERE SLOWING IN THE TURN LANE WHEN THEY WERE REAR ENDED BY A BLACK CHEVY EQUINOX. THE DRIVER OF UNIT 1 STATED THAT THE DRIVER OF THE BLACK EQUINOX WAS AN AFRICAN AMERICAN FEMALE WITH CHILDREN IN THE BACKSEAT. THE DRIVER OF THE BLACK EQUINOX ASKED UNIT 1 IF SHE HAD REAR ENDED HER, AND UNIT 1 STATED SHE DID. BOTH UNITS PULLED TO THE SHOULDER, AND WHILE UNIT 1 WAS RETREVING HER INSURANCE INFORMATION, THE BLACK EQUINOX SPED OFF.THE OCCUPANTS IN UNIT 1 IDENTIFIED THE LICENSE PLATE AND THE SHERIFF'S OFFICE WAS ABLE TO LOCATE THE VEHILCE LATER. THE OWNER OF THE EQUINOX WAS QUESTIONED AND DENIED EVERYTHING. THE INVESTIGATION IS STILL PENDING."
903442587,MONROE SD,M19A29702,MONROE,INDIAN CREEK,BLOOMINGTON,9/7/2019,9:53 AM,1,0,0,0,0,,ROCKEAST,RD,,,,W ROCKEAST,MT ZION,,,,N,,1000,W,39.03595,-86.63789336,COUNTY ROAD,,N,Y,RURAL,N,N,N,,UNKNOWN,CLEAR,DRY,,NO JUNCTION INVOLVED,CURVE/GRADE,ASPHALT,RAN OFF ROAD RIGHT,$2501 TO $5000,,956,1009,Y,Y,MTZIONRDWROCKEASTRD,0,NONE,V1 WAS INVOLVED IN A LEAVING THE SCENE ACCIDENT. WHEN I RESPONDED THERE WAS NOONE AROUND V1. V1 STRUCK A UTILITY POLE CAUSING SIGNIFICANT DAMANGE.THE UTILITY POLE IS OWNED BY REMC SOUTH CENTRAL INDIANA OF BLOOMFIELD. INITIAL ESTIMATES WAS THAT IT WOULD TAKE OVER 500 DOLLARS TO FIX THE POLE. D1-ULAND STATED HE DID NOT CONTACT THE POLICE BECAUSE HE DIDNT HAVE A PHONE AND HE WALKED TO A FRIENDS RESIDENCE A FEW MILES AWAY. D1 WAS UNABLE TO PROVIDE INSURANCE INFORMATION OVER THE PHONE. V1 WAS IMPOUNDED.
903441059,BLOOMINGTON PD,B1937768,MONROE,BLOOMINGTON,BLOOMINGTON,9/7/2019,2:00 PM,3,0,0,0,0,,,,SR46,,,W STATE ROAD 46,KINSER,,,,Y,,100,W,39.18655971,-86.53824035,LOCAL/CITY ROAD,Y,N,N,URBAN,N,N,N,,DAYLIGHT,CLEAR,DRY,,NO JUNCTION INVOLVED,STRAIGHT/GRADE,ASPHALT,FOLLOWING TOO CLOSELY,$10001 TO $25000,REAR END,204,211,Y,N,NKINSERPIKEWSTATEROAD46HWY,0,TRAFFIC CONTROL SIGNAL,"D1 stated he was traveling east on State Road 45/46. D1 stated he saw V2 stopped in front of him because of traffic and attempted to apply his breaks. D1 stated he was unable to stop in time and crashed into the rear of V2 causing damage to both vehicles.D2 stated he was traveling east on State Road 45/46 and was stopped in traffic. D2 stated while stopped in traffic, V1 crashed into the rear of his vehicle. D2 stated the impact of V1 into the rear of his vehicle caused his vehicle to strike V3 in front of him who was also stopped in traffic. D2 stated he sustained damage to both the front and back of his vehicle.D3 stated he was traveling east on State Road 45/46 and was stopped in traffic. D3 stated while stopped in traffic he saw V1 collide with the rear of V2 which caused V2 to collide with the rear of his vehicle. D3 stated when V2 crashed into his vehicle it caused damage to both vehicles."
903441007,BLOOMINGTON PD,B1937751,MONROE,BLOOMINGTON,BLOOMINGTON,9/7/2019,11:03 AM,3,0,1,0,0,,BLOOMFIELD,RD,,,,BLOOMFIELD,WEIMER,,,,Y,,,,39.15424,-86.56435,LOCAL/CITY ROAD,,N,N,URBAN,N,N,N,,DAYLIGHT,CLEAR,DRY,,FOUR-WAY INTERSECTION,STRAIGHT/GRADE,ASPHALT,DRIVER DISTRACTED - EXPLAIN IN NARRATIVE,$10001 TO $25000,REAR END,1104,1107,Y,N,BLOOMFIELDRDWEIMERRD,0,LANE CONTROL,V1 WAS EASTBOUND ON BLOOMFIELD RD APPROACHING ROLLLING RIDGE WAY. V2 WAS DIRECTLY IN FRONT OF V1 STOPPED IN TRAFFIC..V3 WAS DIRECTLY IN FRONT OF V2 STOPPED IN TRAFFIC.D1 SAID HE LOOKED TO THE SIDE OF THE ROAD BRIEFLY AND WHEN HE LOOKED BACK UP TRAFFIC AHEAD HAD STOPPED. HE SAID HE COULD NOT GET STOPPED BEFORE COLLIDING WITH V2.D2 SAID AS HE SAT IN TRAFFIC AT THE RED LIGHT V1 HIT HIM FROM BEHIND WHICH PUSHED HIN IN THE BACK OF V3.D3 SAID AS HE SAT IN TRAFFIC V2 HIT HIM FROM BEHIND.OTHER LOCATION OF INVESTIGATION WAS AT IU HEALTH ED WHERE PASSENGER IN V1 WAS TRANSPORTED BY AMBULANCE.
903442801,ISP BLOOMINGTON 33,2.019E+11,MONROE,BLOOMINGTON,BLOOMINGTON,9/7/2019,16:35 M,2,,0,0,0,,N JORDAN AVE,,,,,,,,,,Y,,370,E,39.18377819,-86.5184059,LOCAL/CITY ROAD,,,,URBAN,N,N,N,,DAYLIGHT,CLEAR,DRY,,NO JUNCTION INVOLVED,,ASPHALT,UNSAFE BACKING,$10001 TO $25000,BACKING CRASH,1635,1635,Y,N,,0,,"This crash occurred on N. Jordan Avenue, which is a local city street that is two way and that primarily runs east and west. Parking along both sides of the street is permitted. The weather at the time of the crash was clear and the roadway was dry. Vehicle #1, a 2009 Lexus ES350 passenger car, was travelling west on Jordan Ave. when it approached the scene of another crash that had the roadway unpassable. Vehicle #1 attempted to turn around in the middle of the roadway and backed into vehicle #2 that was parked. Vehicle #2, a 2015 Jeep Grand Cherokee, was unattended and parked on the south side of Jordan Ave. facing east. Driver #1, Samantha Massoni, stated that she was attempting to turn around in the middle of the roadway and backed into vehicle #2. Evidence on the scene indicates that Driver #1 was attempting to turn around in the middle of the road and struck vehicle #2 that was parked. Neither vehicle needed towed."
903441178,BLOOMINGTON PD,B1937780,MONROE,BLOOMINGTON,BLOOMINGTON,9/7/2019,1:20 AM,2,0,0,0,0,,DAVISSON,ST,,,,S DAVISSON,3RD,,,,Y,,200,S,39.14318126,-86.54566,LOCAL/CITY ROAD,,N,Y,URBAN,N,N,N,,DARK (LIGHTED),CLEAR,DRY,,NO JUNCTION INVOLVED,STRAIGHT/LEVEL,ASPHALT,UNSAFE LANE MOVEMENT,UNDER $1001,SAME DIRECTION SIDESWIPE,328,333,Y,Y,SDAVISSONSTW3RDST,0,NONE,V2 WAS PARKED ON THE EAST SIDE OF THE ROADWAY FACING NB ON S DAVISSON ST. OWNER OF V2 BELIEVED V2 WAS STRUCK EARLY IN THE MORNING. OWNER OF V2 DID NOT SEE THE INCIDENT AND DOES NOT HAVE ANY INFORMATION ON V1.THERE APPEARED TO BE EITHER SILVER OR WHITE PAINT TRANSFER.
903441581,MONROE SD,M19A29823,MONROE,RICHLAND,BLOOMINGTON,9/8/2019,2:25 PM,2,0,0,0,0,,WOODYARD,RD,,,,WOODYARD,SMITH,,,,N,,,,39.19067,-86.58315,COUNTY ROAD,,N,N,RURAL,N,N,N,,DAYLIGHT,CLEAR,DRY,,T-INTERSECTION,STRAIGHT/LEVEL,ASPHALT,BRAKE FAILURE OR DEFECTIVE,$1001 TO $2500,REAR END,225,247,Y,N,SMITHPIKEWOODYARDRD,0,STOP SIGN,Both Driver 1 and Driver 2 were traveling southbound on North Smith Pike. Driver 2 was stopped in traffic behind another vehicle at a stop sign when she stated she got rear ended by Driver 1. Driver 1 stated he was approaching the intersection when he stated his ABS (automatic brake system) in his car went out and when he pressed the break it went down into the floorboard which he then collided with Driver 2. Sgt. Williamson arrived on scene as both vehicle were still in the roadway and had both vehicles move out of the roadway into a parking lot close by. Sgt Williamson stated he observed no issues with Vehicle 1's brakes as Driver 1 moved the vehicle into the parking lot. Vehicle 1 sustained front bumper damage as Vehicle 2 sustained rear bumper and damage to their tow hitch. Neither vehicle required a tow service and both driver's declined medical personnel. Driver 1 was unable to provide a policy number for his insurance.
903441566,INDIANA UNIV BLOOMINGTON PD,191881,MONROE,BLOOMINGTON,BLOOMINGTON,9/8/2019,1:30 AM,1,0,0,0,0,,UNIONVILLE,RD,,,,UNIONVILLE,TENTH,,,,Y,OTHER,208,E,0,0,LOCAL/CITY ROAD,,,Y,URBAN,N,N,N,,DARK (NOT LIGHTED),CLEAR,DRY,,NO JUNCTION INVOLVED,CURVE/LEVEL,ASPHALT,RAN OFF ROAD RIGHT,$5001 TO $10000,RAN OFF ROAD,203,208,Y,Y,TENTHSTUNIONVILLERD,0,NONE,"V1 was found on 10th St. facing west bound off the roadway, just north of the railroad bridge. The vehicle was unoccupied and officers checked the area but did not locate anyone involved in the accident.V1 struck a large manhole and pushed the manhole cover approximately 15 feet onto the side walk. The vehicle had heavy damage to the front and the driver side airbag had been deployed. V1's front end was also inside the manhole. The manhole had been damaged and also slid across the sidewalk, gauging the pavement. The concrete surrounding the manhole was scraped and torn away from the impact from the car. I did notice the strong odor of alcohol inside vehicle, as well as a unidentified liquid on the dash. I performed a BMV records check and determined the vehicle returned to Jadon Bliss.Ken's arrived on scene to remove and tow V1.I was able to make contact with D1 on 09/11/2019. D1 stated he was driving alone in V1 and was unfamiliar with the area. D1 stated he did not see the curve, turned to much, and hit the brakes to much. D1 stated after the accident he had his brother pick him up and left the area. D1 stated he later saw officers removing V1 from the manhole. D1 also stated he thought V1 just ran off the roadway and did not know he hit anything. I filed probable cause affidavit requesting a warrant for Leaving the Scene of an Accident."
903441653,INDIANA UNIV BLOOMINGTON PD,191883,MONROE,BLOOMINGTON,BLOOMINGTON,9/8/2019,3:50 AM,1,0,1,0,0,,INDIANA,AVE,,,,INDIANA,NINTH,,,,Y,,,,39.17045,-86.52699,LOCAL/CITY ROAD,,N,N,URBAN,N,N,N,,DARK (NOT LIGHTED),CLEAR,DRY,,FOUR-WAY INTERSECTION,STRAIGHT/LEVEL,ASPHALT,FAILURE TO YIELD RIGHT OF WAY,UNDER $1001,LEFT TURN,402,403,Y,Y,INDIANAAVENINTHST,1,LANE CONTROL,"V1 had been travelling northbound on Indiana Avenue preparing to turn left on 9th Street. V1 turned left onto 9th St. and collided with a pedestrian walking northbound on the crosswalk. I first spoke with the pedestrian who was struck. He stated that he was just heading home to N Dunn. While walking northbound near 9th and Indiana on the crosswalk, he all of a sudden felt a vehicle strike him on his right side. The pedestrian stated he was wearing his ear buds and could not hear anything, so he just remembers being struck. He stated he hit the hood of the car and then fell to the ground. He stated the pain was coming from his right hip, however he sustained a small abrasion to his right elbow. EMS transported the pedestrian to IU Health Bloomington Hospital due to his injuries. Officer Harden was conducting an OWI investigation on the driver after noticing signs of intoxication, so she was able to speak to him about the accident. D1 stated that he had been heading northbound on Indiana Avenue nearing 9th Street when he then turned left. As he turned left onto 9th St, he struck the pedestrian. D1 stated he did not see the pedestrian crossing the road as it was very dark. He remarked ""Who walks here at night?"" Officer Harden administered a certified chemical breath test to D1 which returned with a reading of .141% BrAC. D1 was booked into the Monroe County Jail for Operating While Intoxicated, Endangerment and Operating While Intoxicated With an ACE > .08% BrAC."
903444548,MONROE SD,M19A29821,MONROE,PERRY,BLOOMINGTON,9/8/2019,2:06 PM,1,0,1,0,0,,FAIRFAX,RD,,,,SOUTH FAIRFAX,ALEXIS,,,,N,,20,S,0,0,COUNTY ROAD,,N,N,URBAN,N,N,N,,DAYLIGHT,CLOUDY,DRY,,T-INTERSECTION,STRAIGHT/GRADE,ASPHALT,RAN OFF ROAD RIGHT,$5001 TO $10000,RAN OFF ROAD,210,217,Y,N,EASTALEXISWAYSOUTHFAIRFAXRD,0,NONE,VEHICLE 1 WAS NORTHBOUND ON SOUTH FAIRFAX ROAD NEAR THE INTERSECTION OF ALEXIS WAY WHEN IT LEFT THE ROADWAY ON THE EAST SIDE OF SOUTH FAIRFAX ROAD. THE VEHICLE ROLLED AT LEAST ONE TIME BEFORE COMING TO A STOP ON THE EAST SIDE OF SOUTH FAIRFAX ROAD FACING WEST.DRIVER 1 WAS TRANSPORTED TO IU HEALTH BLOOMINGTON FOR COMPLAINTS OF CHEST PAIN.VEHICLE WAS NOT DRIVABLE AND WAS TRANSPORTED TO STRYKER TOWING BY STRYKER TOWING.