Master Record Number,Agency,Local Code,County,Township,City,Collision Date,Collision Time,Vehicles Involved,Trailers Involved,Number Injured,Number Dead,Number Deer,House Number,Roadway Name,Roadway Suffix,Roadway Number,Roadway Interchange,Roadway Ramp,Roadway Id,Intersecting Road,Intersecting Road Number,Mile Marker,Interchange,Corporate Limits?,Property Type,Feet From,Direction,Latitude,Longitude,Roadway Class,Traffic Control Devices?,Aggressive Driving?,Hit and Run?,Locality,School Zone?,Rumble Strips?,Construction?,Construction Type,Light Condition,Weather Conditions,Surface Condition,Type of Median,Roadway Junction Type,Road Character,Roadway Surface,Primary Factor,Damage Estimate,Manner of Collision,Time Notified,Time Arrived,Investigation Complete?,Photos Taken?,Unique Location Id,State Property Damage?,Traffic Control,NARRATIVE
903441585,INDIANA UNIV BLOOMINGTON PD,191885,MONROE,BLOOMINGTON,BLOOMINGTON,9/8/2019,6:20 PM,1,0,1,0,0,,7TH,ST,,,,E 7TH,JORDAN,,,,Y,,,,39.168944,-86.516016,LOCAL/CITY ROAD,,N,N,URBAN,N,N,N,,DAYLIGHT,CLEAR,DRY,,FOUR-WAY INTERSECTION,STRAIGHT/LEVEL,ASPHALT,DISREGARD SIGNAL/REG SIGN,$1001 TO $2500,RIGHT TURN,620,623,Y,Y,E7THSTJORDANAVE,1,STOP SIGN,"Unit 1 was facing westbound turning right (north) onto Jordan Ave from 7th St. Unit 2, a bicycle, was also westbound on 7th proceeding straight through the intersection. Unit 2 was along the far-right edge of the roadway, in the street. The witness was facing northbound on Jordan at 7th.Driver 1 stated she stopped at the stop sign and started to turn right when Unit 2 suddenly collided with her vehicle on the northeast corner of the intersection. She said Unit 2 did not stop at the stop sign and seemingly came out of nowhere. The witness completed a written sworn statement stating they observed the collision. The witness stated Unit 1 did stop at the stop sign and Unit 2 did not. She said it appeared the two did not ever see each other prior to colliding.Unit 2 was unconscious when first responders arrived, but regained consciousness almost immediately thereafter. She was wearing a helmet. She had a deep abrasion to her right cheek. She complained of pain in her left knee and her right elbow. She was transported by ambulance to the hospital. I went to the hospital and spoke with her about the collision there. She said she did stop at the stop sign but it was farther back (to the east) and away from the intersection. She told me she was going straight and thought that Unit 1 was stopped to let pedestrians cross the street.Driver 1 showed no signs of intoxication, but was advised of Implied Consent due to the injuries in the crash. She consented to a PBT and it registered .000 BrAC.Photos were taken of the scene."
903441630,MONROE SD,M19A29822,MONROE,PERRY,BLOOMINGTON,9/8/2019,2:37 AM,2,0,1,0,0,,,,SR37S,,,SR37S,W DILLMAN,,,,N,,,,39.092976,-86.545648,STATE ROAD,,N,N,URBAN,N,N,N,,DAYLIGHT,CLEAR,DRY,,FOUR-WAY INTERSECTION,STRAIGHT/LEVEL,ASPHALT,FAILURE TO YIELD RIGHT OF WAY,$10001 TO $25000,RIGHT ANGLE,240,240,Y,Y,SR37SWDILLMANRD,0,NONE,D1 STATED HE WAS DRIVING WEST ON W. DILLMAN AND HAD JUST CROSSED THE NORTH BOUND LANES OF S. STATE ROAD 37. D1 CONTINUED ACROSSED THE SOUTH BOUND LANES AND STATED HE DID NOT SEE V2 AND V1 STRUCK V2 ON DRIVERS SIDE.D2 STATED SHE WAS DRIVING SOUTH ON S. STATE ROAD 37 COMING UP TO W. DILLMAN RD WHEN V1 CAME ACROSS THE MEDIAN AND STRUCK V2 IN THE DRIVERS SIDE.WITNESS BRAD BLACKWELL 812-320-0058
903441608,ELLETTSVILLE PD,E1904972,MONROE,RICHLAND,ELLETTSVILLE,9/8/2019,4:59 PM,2,0,0,0,0,4444,,,SR46,,,WEST STATE ROAD 46,,,,,Y,,,,39.2512,-86.652504,UNKNOWN,,N,N,URBAN,N,N,N,,DAYLIGHT,CLEAR,DRY,,NO JUNCTION INVOLVED,STRAIGHT/LEVEL,ASPHALT,BRAKE FAILURE OR DEFECTIVE,$1001 TO $2500,REAR END,500,505,Y,N,WESTSTATEROAD46RD,0,NONE,D2 WAS STOPPED AT THE PICK UP WINDOW AT CVS PHARMACY WHEN SHE WAS REAR ENDED BY D1. D1 STATED THAT SHE WENT TO APPLY HER BRAKES AND THE BRAKE PEDAL WENT TO THE FLOOR.
903442586,MONROE SD,M19A29938,MONROE,VAN BUREN,BLOOMINGTON,9/9/2019,3:23 PM,2,0,1,0,0,,CURRY,PIKE,,,,SOUTH CURRY,WOODYARD,,,,N,,1500,S,0,0,COUNTY ROAD,,N,N,URBAN,N,N,N,,DAYLIGHT,CLEAR,DRY,,NO JUNCTION INVOLVED,STRAIGHT/LEVEL,ASPHALT,FOLLOWING TOO CLOSELY,$5001 TO $10000,REAR END,325,329,Y,Y,SOUTHCURRYPIKEWWOODYARDRD,0,LANE CONTROL,V1 REAR ENDED V2 ON SOUTH CURRY PIKE APPROXIMETELY ONE HALF A MILE SOUTH OF W WOODYARD ROAD. THE SPEED LIMIT IN THIS AREA IS 45MPH. D1 STATED SHE GRABBED HER BEVERAGE AND PUT IT DOWN UPON DOING SO SHE REALIZED THAT V2 CAME TO AN ABRUPT STOP CAUSING HER TO REAR END IT. D2 STATED THAT THE VEHICLE IN FRONT OF SUDDENLY CAME TO AN ABRUPT STOP CAUSING HER TO DO SO WHICH RESULTED IN D1 REAR ENDING V2.D1 HAD AN INJURY TO HER HAND AND INDICATED SHE THOUGHT IT MAY BE BROKEN. SHE REFUSED TO BE TRANSPORTED BY AMBULANCE. PHOTOS WERE TAKEN OF THE SCENE.
903442395,BLOOMINGTON PD,B1938122,MONROE,BLOOMINGTON,BLOOMINGTON,9/9/2019,5:50 PM,3,0,0,0,0,,STATE ROAD 45 46,BYP,,,,STATE ROAD 45 46,NORTH FEE,,,,Y,,,,39.186032,-86.51984,LOCAL/CITY ROAD,Y,N,N,URBAN,N,N,N,,DAYLIGHT,CLEAR,DRY,,FOUR-WAY INTERSECTION,STRAIGHT/LEVEL,CONCRETE,FOLLOWING TOO CLOSELY,$5001 TO $10000,REAR END,529,612,Y,N,NORTHFEELNSTATEROAD4546BYP,0,TRAFFIC CONTROL SIGNAL,"D1 stated that he was going eastbound on State Road 45/46 Bypass when he must have ""spaced out"" and he collided with V2, which caused V2 to hit V3.D2 and D3 stated the same details, as they were stopped at the red light when they were rear ended. No injuries were reported, V1 was towed due to disabling damage."
903442337,BLOOMINGTON PD,B1938107,MONROE,BLOOMINGTON,BLOOMINGTON,9/9/2019,3:50 PM,2,0,0,0,0,,W 11TH,ST,,,,W 11TH,N WALNUT,,,,Y,,,,39.173248,-86.533488,,,N,Y,URBAN,N,N,N,,,CLEAR,DRY,,T-INTERSECTION,STRAIGHT/LEVEL,CONCRETE,UNSAFE BACKING,UNDER $1001,BACKING CRASH,434,447,N,N,NWALNUTSTW11THST,0,STOP SIGN,"D2 stated she was stopped in traffic facing eastbound on W. 11th St. D2 advised she was behind V1, whom was waiting to make a left hand turn onto N. Walnut St to head north. According to D2, V1 started backing up and tapped the front of her V2. D2 advised she tried to get contact info from D1, but was unable to. D1 left the scene without exchanging the proper information. A local investigation is being conducted."
903442283,INDIANA UNIV BLOOMINGTON PD,191894,MONROE,BLOOMINGTON,BLOOMINGTON,9/9/2019,2:46 PM,2,0,0,0,0,,3RD,ST,,,,3RD,WOODLAWN,,,,Y,,,,39.164352,-86.522592,LOCAL/CITY ROAD,Y,N,N,URBAN,N,N,N,,DAYLIGHT,CLEAR,DRY,,T-INTERSECTION,STRAIGHT/LEVEL,ASPHALT,UNSAFE LANE MOVEMENT,$1001 TO $2500,SAME DIRECTION SIDESWIPE,248,306,Y,N,3RDSTWOODLAWNAVE,0,TRAFFIC CONTROL SIGNAL,"V1 was traveling westbound on 3rd Street approaching Woodlawn Ave in the right lane. V2 was traveling westbound on 3rd Street approaching Woodlawn Ave in the left lane. D1 stated she was traveling westbound on 3rd Street approaching Woodlawn Ave in the right lane. D1 stated that she was changing into the left lane and did not see V2. D1 stated that she changed lanes and collided with V2. V1 had minor damage to the driver side of the vehicle.D2 stated he was traveling westbound on 3rd Street approaching Woodlawn Ave in the left lane. D2 stated that as he was approaching Woodlawn Ave, V1 merged into his lane and sideswiped his passenger side of the vehicle. V2 had minor damage to the rear passenger wheel well of the vehicle."
903442984,BLOOMINGTON PD,B1938146,MONROE,BLOOMINGTON,BLOOMINGTON,9/9/2019,8:59 PM,2,0,0,0,0,,S MAPLE,ST,,,,S MAPLE,W KIRKWOOD,,,,Y,,,,39.16672,-86.542096,LOCAL/CITY ROAD,,N,N,URBAN,N,N,N,,DARK (NOT LIGHTED),CLEAR,DRY,,FOUR-WAY INTERSECTION,STRAIGHT/LEVEL,ASPHALT,RAN OFF ROAD RIGHT,$2501 TO $5000,RAN OFF ROAD,859,902,Y,Y,SMAPLESTWKIRKWOODAVE,0,LANE CONTROL,"D1 stated that she was headed N on Maple St, approaching the intersection of W Kirkwood Ave. D1 stopped at the intersection and then proceeded to make a right turn onto W Kirkwood Ave. As D1 began her turn, she became confused by the school crossing post in the center on the road and on the N side of the street. D1 then ran off of the road, striking V2 in the front passenger side. V2 was unoccupied at the time of the accident."
903443477,BLOOMINGTON PD,B1938410,MONROE,PERRY,BLOOMINGTON,9/9/2019,1:00 AM,2,0,0,0,0,966,COPPER BEECH,WAY,,,,S COPPER BEECH,,,,,Y,,,,39.15508033,-86.571068,UNKNOWN,,N,Y,URBAN,N,N,N,,UNKNOWN,CLEAR,DRY,,NO JUNCTION INVOLVED,STRAIGHT/GRADE,ASPHALT,UNSAFE BACKING,$1001 TO $2500,BACKING CRASH,1248,1258,Y,Y,SCOPPERBEECHWAY,0,NONE,V2 WAS PARKED IN THE VISITOR PARKING LOT BEHIND 966 S. COPPER BEECH WAY. OWNER SAID SHE PARKED 0100 HRS ON 9-9-19 AND RETURNED AT 1200 HRS 9-9-19 TO FIND NEW DAMAGE TO THE DRIVERS REAR SIDE.THERE WAS NO NOTE LEFT ON V2.
903442490,MONROE SD,M19A29890,MONROE,VAN BUREN,BLOOMINGTON,9/9/2019,7:42 AM,1,0,0,0,1,,,,SR45W,,,SR45W,S BREEDEN,,,,N,,200,E,39.0868555,-86.67128253,STATE ROAD,,N,N,RURAL,N,N,N,,DAYLIGHT,CLEAR,DRY,,NO JUNCTION INVOLVED,STRAIGHT/GRADE,ASPHALT,ANIMAL/OBJECT IN ROADWAY,$5001 TO $10000,COLLISION WITH DEER,742,750,Y,N,SBREEDENRDSR45W,0,NONE,V1 WAS TRAVELING WEST ON STATE ROAD RD. A DEEP ENTERED THE OADWAY FROM THE SOUTH INTO V1'S LANE OF TRAVEL. V1 STRUCK THE DEER. V1 WAS TOWE DUE TO DAMAGE
903442501,INDIANA UNIV BLOOMINGTON PD,191895,MONROE,BLOOMINGTON,BLOOMINGTON,9/9/2019,3:50 PM,1,0,1,0,0,,FEE,LN,,,,FEE,11TH,,,,Y,,,,39.17347,-86.528015,LOCAL/CITY ROAD,,N,N,URBAN,N,N,N,,DAYLIGHT,CLEAR,DRY,,FOUR-WAY INTERSECTION,STRAIGHT/LEVEL,ASPHALT,FAILURE TO YIELD RIGHT OF WAY,$1001 TO $2500,LEFT TURN,411,418,Y,Y,11THSTFEELN,1,STOP SIGN,"D1 was stopped at the stop sign on 11th Street and Fee Lane. P2 was traveling southbound on Fee Lane approaching 11th Street. D1 was located at her home. P2 was located at Briscoe Quad.D1 stated she was stopped at the stop sign on 11th Street and Fee Lane facing east. D1 stated that she proceeded to go into the intersection and observed P2 at the last moment. D1 stated she applied her brakes immediately but was unable to avoid a collision with P2. D1 stated she pulled up through the intersection to check on P2. D1 stated she went around the block to park and return to the scene. D1 stated that she parked and went back to the scene but was unable to locate P2. D1 stated she waited at the scene for approximately 15 minutes in case P2 returned. D1 stated P2 did not return and she left. V1 had damage to the front driver side bumper and fender. P2 stated that he was traveling southbound on Fee Lane approaching 11th Street when he observed V1 at the stop sign on 11th Street. P2 stated he continued southbound when V1 pulled out in front of him attempting to turn left. P2 stated that when V1 pulled out in front of him, he and V1 collided. P2 stated he was thrown off of his bicycle and over V1's hood. P2 stated he landed on the ground and sustained several injuries. P2 stated D1 then took off and left the scene. P2 had sustained injuries to his right knee, right and left legs, and right and left arms. P2 refused medical treatment by the ambulance service."
903442710,INDIANA UNIV BLOOMINGTON PD,191896,MONROE,BLOOMINGTON,BLOOMINGTON,9/9/2019,5:00 PM,2,0,0,0,0,,10TH,ST,,,,10TH,SUNRISE,,,,Y,,200,E,39.17158,-86.5124973,LOCAL/CITY ROAD,,N,N,URBAN,N,N,N,,DAYLIGHT,CLEAR,DRY,,NO JUNCTION INVOLVED,STRAIGHT/LEVEL,ASPHALT,UNSAFE LANE MOVEMENT,$1001 TO $2500,SAME DIRECTION SIDESWIPE,502,507,Y,N,10THSTSUNRISEDR,0,NONE,"D1 advised she was driving V1 east bound on 10th Street and began turning into the Crosstown parking lot on the north side of 10th Street. D1 advised before turning she did not see the ""do not enter"" sign due to her view being obstructed by a tent. D1 advised once she observed the ""do not enter"" sign she attempted to get back into the east bound lane. V1 advised when she began to enter the east bound lane V1 crashed into V2.D2 advised she was driving V2 east bound on 10th Street. D2 advised V1 began to turn into the Crosstown parking lot but turned back into the east bound lane. D2 advised when V1 turned back into the east bound lane V1 crashed into V2."
903442313,BLOOMINGTON PD,B1938098,MONROE,BLOOMINGTON,BLOOMINGTON,9/9/2019,3:30 PM,2,0,0,0,0,,E 3RD,ST,,,,E 3RD,S PETE ELLIS,,,,Y,,,,39.16424,-86.495088,LOCAL/CITY ROAD,,N,N,URBAN,N,N,N,,DAYLIGHT,CLEAR,DRY,,FOUR-WAY INTERSECTION,STRAIGHT/LEVEL,ASPHALT,FAILURE TO YIELD RIGHT OF WAY,$2501 TO $5000,RIGHT ANGLE,330,344,Y,N,E3RDSTSPETEELLISDR,0,NONE,"Vehicle 2 was traveling west on east 3rd St in the left hand lane. Driver of vehicle 1 was attempting to pull onto 3rd St from the east entrance of 2901 E 3rd St, KFC, and travel east. Driver of vehicle 1 stated that the right lane traffic was stopped at the light of Pete Ellis Dr. A vehicle in the right lane of west bound traffic allowed vehicle 2 to pull in front of him. Driver of vehicle 1 stated that she did not see any vehicles coming in the left hand lane and proceeded to cross the lane in an attempt to travel east. Vehicle 2 was in the left lane of travel approaching the intersection when vehicle 1 pulled out. Driver of vehicle 1 failed to yield the right of way to vehicle 2 when pulling onto the roadway and crossing the lanes. Driver of vehicle 2 was unable to avoid colliding with vehicle 1 and struck vehicle 1 in the front driver's side. Vehicle 1 had significant damage to the front driver's side and was towed from the scene due to damage. Vehicle 2 had moderate damage to the front and was able to drive from the scene. Driver of vehicle 1 was considered of the speed of vehicle 2 since it ""suddenly appeared"". Driver of vehicle 2 stated she was traveling at 30 miles per hour and was in the left lane well before the accident occurred. I believe driver of vehicle 1 was unable to see vehicle 2 due to the traffic in the right lane.No injuries were reported from the accident."
903442694,ELLETTSVILLE PD,E1904999,MONROE,RICHLAND,ELLETTSVILLE,9/10/2019,8:51 AM,2,0,0,0,0,,SALE,ST,,,,SALE,ASSOCIATION,,,,Y,,,,39.233056,-86.6256,LOCAL/CITY ROAD,,N,N,URBAN,N,N,N,,DAYLIGHT,CLEAR,DRY,,NO JUNCTION INVOLVED,STRAIGHT/GRADE,ASPHALT,FOLLOWING TOO CLOSELY,$2501 TO $5000,REAR END,856,901,Y,Y,ASSOCIATIONSTSALEST,0,NONE,V2 was northbound on South Sale Street approaching Association Street and had to stop for traffic in front of V2. V1 was travelling behind V2 and rear ended V2. V1 has no insurance. V1 will be towed for no insurance. DRIVER 1 CITED FOR NO PROOF OF FINANCIAL RESPONSIBILITY.NO DIAGRAM. BOTH VEHICLES MOVED ONTO ASSOCIATION STREET AWAY FROM POINT OF IMPACT PRIOR TO MY ARRIVAL
903442703,BLOOMINGTON PD,B19-38214,MONROE,BLOOMINGTON,BLOOMINGTON,9/10/2019,10:53 AM,2,0,0,0,0,731,COLLEGE MALL,RD,,,,COLLEGE MALL,,,,,Y,,,,39.159457,-86.495929,UNKNOWN,,N,N,URBAN,N,N,N,,DAYLIGHT,CLEAR,DRY,,NO JUNCTION INVOLVED,STRAIGHT/GRADE,ASPHALT,FAILURE TO YIELD RIGHT OF WAY,$1001 TO $2500,SAME DIRECTION SIDESWIPE,1053,1111,Y,N,COLLEGEMALLRD,0,NONE,"Vehicle 2 was traveling Southbound through the parking lot when it was struck by Vehicle 1, who was pulling out of a parking stall. Driver 1 stated that he was already in the lane of travel, when he was struck by Vehicle 2. Driver 2 stated that she was in the lane of travel when Vehicle 1 pulled out and hit her."
903442458,BLOOMINGTON PD,B1938182,MONROE,BLOOMINGTON,BLOOMINGTON,9/10/2019,1:10 AM,1,0,0,0,2,,NORTH DUNN,ST,,,,NORTH DUNN,EAST VERNON,,,,Y,,,,39.187648,-86.52848,LOCAL/CITY ROAD,,N,N,URBAN,N,N,N,,DARK (NOT LIGHTED),CLEAR,DRY,,NO JUNCTION INVOLVED,STRAIGHT/HILLCREST,ASPHALT,ANIMAL/OBJECT IN ROADWAY,UNDER $1001,COLLISION WITH DEER,113,120,Y,N,EASTVERNONAVENORTHDUNNST,0,NONE,V1 was traveling South on North Dunn Street just passing the intersection of E. Vernon Avenue when two deer entered the roadway. V1 was not able to avoid a collision with the deer and struck one of the deer. V1 sustained minor damage to the front end of the vehicle. D1 advised that he was not injured and did not need medical attention at the scene. V1 was drivable and was driven from the scene by D1.The deer was still present at the crash scene and was euthanized by officers on scene.
903443518,MONROE SD,M19A30062,MONROE,PERRY,BLOOMINGTON,9/10/2019,5:14 PM,2,0,1,0,0,,S OLD STATE ROAD 37,RD,,,,S OLD STATE ROAD 37,E EMPIRE MILL,,,,N,,200,N,39.08624,-86.542,LOCAL/CITY ROAD,,N,N,URBAN,N,N,N,,DAYLIGHT,CLEAR,DRY,,NO JUNCTION INVOLVED,STRAIGHT/GRADE,ASPHALT,FOLLOWING TOO CLOSELY,$5001 TO $10000,REAR END,516,524,Y,N,EEMPIREMILLRDSOLDSTATEROAD37RD,0,NONE,"V1 was traveling south bond on South Old State Road 37, directly behind V2. V2 began slowing in traffic that was stopped at the traffic light of South State Road 37. V1 crashed into the rear of V2. D1 was taken by ambulance to IU Health Bloomington Hospital for medical treatment. V1 came to rest in the north bound lanes of South Old State Road 37 but moved to the shoulder of the south bound lanes prior to my arrival."
903443689,MONROE SD,M19A30060,MONROE,RICHLAND,BLOOMINGTON,9/10/2019,4:56 PM,2,0,0,0,0,,N CURRY,PIKE,,,,N CURRY,W VERNAL,,,,N,,,,39.179248,-86.5832,LOCAL/CITY ROAD,Y,N,Y,RURAL,N,N,N,,DAYLIGHT,CLEAR,DRY,,FOUR-WAY INTERSECTION,STRAIGHT/LEVEL,ASPHALT,FAILURE TO YIELD RIGHT OF WAY,$2501 TO $5000,OTHER - EXPLAIN IN NARRATIVE,456,505,N,Y,NCURRYPIKEWVERNALPIKE,0,TRAFFIC CONTROL SIGNAL,V1 WAS TRAVELING SB ON N CURRY PK AND D1 STATED SHE WAS GETTING OVER INTO THE TURN LANE IN ATTEMPTS TO TURN AROUND WHEN V1 WAS STRUCK BY V2 IN THE DRIVER DOOR. D1 STATED THAT SHE PULLED OVER AND SO DID D2. D1 STATED SHE AND D2 GOT OUT OF THEIR VEHICLES AND D2 STATED THEY DID NOT HAVE INSURANCE AND D1 COULD NOT CALL LAW ENFORCEMENT. D1 STATED THAT D2 THEN GOT BACK INTO THEIR VEHICLE AND DROVE AWAY. V2 WAS LATER FOUND WITH DAMAGE TO THE RIGHT FRONT MATCHING THE STORY GIVEN BY D1 AND THE DAMAGE TO V1 BEING ON THE DRIVERS DOOR.DID NOT SPEAK TO V2 JUST ADDED VIA REGISTERED OWNER OF V2.
903442926,BLOOMINGTON PD,B1938261,MONROE,BLOOMINGTON,BLOOMINGTON,9/10/2019,4:30 PM,2,0,0,0,0,2819,E 3RD,ST,,,,E 3RD,,,,,Y,,,,39.16422546,-86.49655709,UNKNOWN,,N,N,URBAN,N,N,N,,DAYLIGHT,CLEAR,DRY,,NO JUNCTION INVOLVED,STRAIGHT/LEVEL,ASPHALT,FAILURE TO YIELD RIGHT OF WAY,$1001 TO $2500,REAR END,430,433,Y,N,E3RDST,0,NONE,Vehicle 1 was attempting to back out of his angled parking spot on the west side of the business at 2819 E 3rd St. The vehicle was facing south west and backing north east. Vehicle 2 was traveling south through the same parking lot. Driver of vehicle 1 stated he did not see vehicle 2 when he started backing up. Driver of vehicle 2 was unable to avoid colliding with vehicle 1 and struck vehicle 1 in the rear driver's side with the front passenger side of vehicle 2. Vehicle 1 has minor damage to the rear driver's side and vehicle 2 has moderate damage to the front passenger side. No injuries were reported from this accident and both vehicles were able to drive from the scene.
903443023,BLOOMINGTON PD,B1938259,MONROE,BLOOMINGTON,BLOOMINGTON,9/10/2019,4:19 PM,2,0,1,0,0,,WALNUT,ST,,,,SOUTH WALNUT,MILLER,,,,Y,,150,N,39.16274449,-86.53265,LOCAL/CITY ROAD,,N,N,URBAN,N,N,N,,DAYLIGHT,CLEAR,DRY,,NO JUNCTION INVOLVED,STRAIGHT/LEVEL,ASPHALT,FOLLOWING TOO CLOSELY,$1001 TO $2500,OTHER - EXPLAIN IN NARRATIVE,422,431,Y,Y,MILLERDRSOUTHWALNUTST,0,NONE,"DRIVER 2 STATED HE WAS TRAVELING NORTH ON SOUTH WALNUT STREET WHEN HE NOTICED VEHICLE 1 EXTREMELY CLOSE TO HIS BACK BUMPER. DRIVER ONE STATED HE ACTIVATED HIS BRAKES AT WHICH POINT VEHICLE ONE TRIED TO AVOID A CRASH BY SWERVING OUT OF HIS LANE. DRIVER 1 THEN SWERVED BACK INTO THE LANE OF TRAFFIC AND HIT VEHICLE 2 CAUSING IT TO TURN AROUND TO ITS FINAL RESTING POSITION FACING SOUTH IN THE NORTHBOUND LANE. DRIVER 1 STATED VEHICLE 2 WAS MOVING SLOWLY IN THE LANE OF TRAFFIC THEN ""BRAKE CHECKED"" HIM. DRIVER 1 ACTIVATED HIS BRAKES AND, DUE TO A MALFUNCTION WITH ONE OF THE ROTORS IN VEHICLE 1, THE VEHICLE VEERED INTO ONCOMING TRAFFIC. DRIVER 1 THEN ATTEMPTED TO RE ENTER HIS LANE OF TRAFFIC AND STRUCK VEHICLE 2.WITNESS STATED HE SAW VEHICLE 1 SWERVE INTO SOUTHBOUND TRAFFIC BEFORE HITTING VEHICLE 2.A PASSENGER IN VEHICLE 2 HAD A COMPLAINT OF PAIN TO HIS LOWER RIGHT LEG AND REFUSED MEDICAL TREATMENT.DRIVER 1 WAS FOUND TO HAVE A PRIOR SUSPENDED LICENSE AND WAS ISSUED A MISDEMEANOR CITATION FOR DRIVING WHILE SUSPENDED, PRIOR WITH A SEPARATE CRIMINAL CASE COMPLETED."
903443674,MONROE SD,M19A30053,MONROE,RICHLAND,BLOOMINGTON,9/10/2019,2:46 PM,2,0,0,0,0,,N CURRY,PIKE,,,,N CURRY,W WOODYARD,,,,N,,,,39.190672,-86.582992,LOCAL/CITY ROAD,Y,N,N,URBAN,N,N,N,,DAYLIGHT,CLEAR,DRY,,FOUR-WAY INTERSECTION,STRAIGHT/LEVEL,ASPHALT,FAILURE TO YIELD RIGHT OF WAY,$2501 TO $5000,RIGHT TURN,251,311,Y,N,NCURRYPIKEWWOODYARDRD,0,TRAFFIC CONTROL SIGNAL,D1 STATES SHE WAS ON W. WOODYARD RD ATTEMPTING TO MAKE A RIGHT TURN ONTO S. CURRY PIKE TO HEAD SOUTHBOUND. D1 SAW VEHICLES TURNING LEFT FROM S. CURRY ONTO W. WOODYARD RD AND MADE A RIGHT TURN ONTO S. CURRY. V1 THEN STRUCK V2 IN THE PASSENGERS SIDE AS V2 WAS HEADING SOUTH ON S. CURRY PIKE. D2 ADVISED HE WAS DRIVING SOUTH ON S. CURRY PIKE COMING INTO THE INTERSECTION AND W. WOODYARD RD AND S. CURRY PIKE. D2 STATED HE HAD THE GREEN LIGHT AND V1 PULLED OUT TO MAKE A RIGHT TURN AND STRUCK V2 IN THE PASSENGERS SIDE.VEHICLES MOVED PRIOR TO MY ARRIVAL.
903498123,BLOOMINGTON PD,B1938279,MONROE,BLOOMINGTON,BLOOMINGTON,9/10/2019,5:00 PM,2,0,0,0,0,3205,,,SR45,,,W STATE ROAD 45,,,,,Y,,,,39.18636,-86.533048,UNKNOWN,,N,N,URBAN,N,N,N,,DAYLIGHT,CLEAR,DRY,,NO JUNCTION INVOLVED,STRAIGHT/LEVEL,ASPHALT,UNSAFE BACKING,$5001 TO $10000,BACKING CRASH,500,602,Y,N,WSTATEROAD45RD,0,NONE,DRIVER 1 STATED SHE WAS BACKING OUT OF THE PARKING STALL MOVING SOUTH WHEN SHE DID NOT SEE VEHICLE 2 ALSO BACKING OUT OF A PARKING STALL HEADING NORTH AND THE VEHICLES COLLIDED.DRIVER 2 STATED HE WAS BACKING OUT OF A PARKING STALL MOVING NORTH WHEN HE NOTICED VEHICLE 1 BACKING OUT AS WELL SO HE STOPPED BACKING. HE ADVISED DRIVER 1 CONTINUED TO BACK OUT WHICH EVENTUALLY LEAD TO THE VEHICLES COLLIDING.NO INJURIES.
903442953,BLOOMINGTON PD,B1938251,MONROE,BLOOMINGTON,BLOOMINGTON,9/10/2019,3:53 PM,2,0,0,0,0,,WALNUT,ST,,,,S WALNUT,GRIMES,,,,Y,,,,39.15335,-86.53371,LOCAL/CITY ROAD,Y,N,N,URBAN,N,N,N,,DAYLIGHT,CLEAR,DRY,,FOUR-WAY INTERSECTION,STRAIGHT/LEVEL,ASPHALT,FAILURE TO YIELD RIGHT OF WAY,$1001 TO $2500,RIGHT ANGLE,353,356,Y,Y,EGRIMESLNSWALNUTST,0,TRAFFIC CONTROL SIGNAL,"D1 and D2 were headed S/B on S Walnut St, approaching the intersection of E Grimes Ln. D2 then attempted to turn left into 1115 S Walnut St, Circle K. As D2 made her turn, D1 also attempted to turn into 1115 S Walnut St, by passing D2 in the N/B left lane of S Walnut St. The front passenger side of V1 then struck V2 in the passenger side, casing a collision. D1 stated that he was headed S/B on S Walnut St, approaching the intersection of E Grimes Ln, D1 stated that he was directly behind D2, and both drivers were in the left hand turn lane. D1 stated that D2 had her turn signal on to turn left, and believed she was turning left onto E Grimes Ln. D1 stated that he then got into the N/B left hand lane in an attempt to pass D2 and turn left into the above address. D1 stated that as he passed D2 she then turned left in front of him, causing V1 to strike V2 in the passenger side. D2 stated that she was headed S/B on S Walnut St, approaching the intersection of E Grimes Ln. D2 stated that she was in the left hand turn lane and had used her turn signal to indicate her intent to turn left into the above address. D2 stated that as she attempted to make her turn, D1 attempted to pass her, using the N/B lane, causing V1 to strike V2 in the passenger side."
903442699,INDIANA UNIV BLOOMINGTON PD,191906,MONROE,BLOOMINGTON,BLOOMINGTON,9/10/2019,9:04 PM,2,0,0,0,0,1225,N FEE,LN,,,,N FEE,,,,,Y,,,,39.17729391,-86.5189799,LOCAL/CITY ROAD,,N,N,URBAN,N,N,N,,DAYLIGHT,CLEAR,DRY,,NO JUNCTION INVOLVED,STRAIGHT/LEVEL,ASPHALT,IMPROPER TURNING,$1001 TO $2500,LEFT TURN,905,909,Y,N,NFEELN,0,NONE,V1 was turning into a parking spot in the parking lot of 1225 N Fee Lane. V2 was parked in a parking spot.D1 stated that she was turning into a parking spot next to V2. D1 stated she was turning left and collided with V2. D1 stated she over-judged the turn and collided with V2's rear driver side fender. V1 had damage to the front passenger side bumper.V2 had damage to the rear driver side fender.
903443190,BLOOMINGTON PD,B1938373,MONROE,BLOOMINGTON,BLOOMINGTON,9/11/2019,7:49 AM,2,0,1,0,0,,10TH,ST,,,,10TH,PETE ELLIS,,,,Y,,300,E,39.171504,-86.49425346,LOCAL/CITY ROAD,,N,N,URBAN,N,N,N,,DAYLIGHT,CLEAR,DRY,,NO JUNCTION INVOLVED,STRAIGHT/LEVEL,ASPHALT,FOLLOWING TOO CLOSELY,$1001 TO $2500,REAR END,752,806,Y,N,10THSTPETEELLISDR,0,NONE,Driver 1 stated she was west on 10th St just before Pete Ellis Dr behind vehicle 2. Driver 1 stated a pedestrian crossed the road in front of vehicle 2 which caused vehicle 2 to stop suddenly. Driver 1 stated she was not able to stop in time and collided with the rear of vehicle 2. Driver 2 stated that she had stopped suddenly for the pedestrian and was then hit from behind by vehicle 1. Driver 2 stated she had a previous medical condition that causes her to pass out easily. Driver 2 stated she did briefly pass out after the collision. Neither witness remained at the scene.