Master Record Number,Agency,Local Code,County,Township,City,Collision Date,Collision Time,Vehicles Involved,Trailers Involved,Number Injured,Number Dead,Number Deer,House Number,Roadway Name,Roadway Suffix,Roadway Number,Roadway Interchange,Roadway Ramp,Roadway Id,Intersecting Road,Intersecting Road Number,Mile Marker,Interchange,Corporate Limits?,Property Type,Feet From,Direction,Latitude,Longitude,Roadway Class,Traffic Control Devices?,Aggressive Driving?,Hit and Run?,Locality,School Zone?,Rumble Strips?,Construction?,Construction Type,Light Condition,Weather Conditions,Surface Condition,Type of Median,Roadway Junction Type,Road Character,Roadway Surface,Primary Factor,Damage Estimate,Manner of Collision,Time Notified,Time Arrived,Investigation Complete?,Photos Taken?,Unique Location Id,State Property Damage?,Traffic Control,NARRATIVE
903444253,INDIANA UNIV BLOOMINGTON PD,191939,MONROE,BLOOMINGTON,BLOOMINGTON,9/12/2019,5:50 PM,2,0,0,0,0,,THIRD,ST,,,,THIRD,HIGHLAND,,,,Y,,,,,,LOCAL/CITY ROAD,,N,N,URBAN,N,N,N,,DAYLIGHT,CLEAR,DRY,,T-INTERSECTION,STRAIGHT/LEVEL,ASPHALT,UNSAFE LANE MOVEMENT,$2501 TO $5000,SAME DIRECTION SIDESWIPE,550,615,Y,N,HIGHLANDAVETHIRDST,0,LANE CONTROL,V1 was traveling west on Third Street passing Highland Avenue in the left lane of traffic. V2 was traveling west on Third Street passing Highland Avenue in the right lane of traffic. V1 attempted to change lanes into the right lane of traffic. V1 did not notice V2 in the right lane. V1 then side swiped V2. V1 had moderate damage to the entire passenger side. V2 had moderate damage to the entire drivers side. D1 stated that he did not notice V2 in the opposite lane and attempted to change lanes. D1 stated V1 then side swiped V2. D2 stated that she was traveling straight when she noticed V2 begin to merge into her lane. D2 stated that she could not avoid V1. V1 then struck V2. There were no injuries and no vehicles had to be towed at the scene.
903443771,ELLETTSVILLE PD,E1905042,MONROE,RICHLAND,ELLETTSVILLE,9/12/2019,6:10 AM,2,0,0,0,0,504,W TEMPERANCE,ST,,,,W TEMPERANCE,,,,,Y,,,,39.23384776,-86.62472372,LOCAL/CITY ROAD,,N,N,URBAN,N,N,N,,DARK (LIGHTED),CLEAR,DRY,,NO JUNCTION INVOLVED,NON-ROADWAY CRASH,CONCRETE,OTHER (DRIVER) - EXPLAIN IN NARRATIVE,$1001 TO $2500,SAME DIRECTION SIDESWIPE,611,615,Y,Y,WTEMPERANCEST,0,NONE,"Collision occurred in the parking lot (private property) of Circle K gas station/convenience store located at 504 W. Temperance St., Ellettsville, IN 47429. V2 was parked facing southeast at a fuel pump (Pump #3). V1 was attempting to pull up to an adjacent fuel pump (Pump #2). As V1 entered the fuel pump area, D2 opened the driver's door to V2. V1 collided with V2 causing minor damage to the driver's door of V2 and minor damage to the front passenger-side quarter panel of V1. V2's driver's door would not close after the collision.No injuries were reported to this officer at the scene of the collision. Photographs of the damage to both vehicles as well as an overall photograph of the general area where the collision occurred are available upon request. Body-worn and in-car camera video is also available upon request."
903444442,INDIANA UNIV BLOOMINGTON PD,191938,MONROE,BLOOMINGTON,BLOOMINGTON,9/12/2019,5:36 PM,1,0,0,0,0,,WOODLAWN,AVE,,,,WOODLAWN,THIRD,,,,Y,,,,,,LOCAL/CITY ROAD,Y,N,N,URBAN,N,N,N,,DAYLIGHT,CLEAR,DRY,,T-INTERSECTION,STRAIGHT/LEVEL,ASPHALT,FAILURE TO YIELD RIGHT OF WAY,UNDER $1001,LEFT TURN,539,549,Y,N,THIRDSTWOODLAWNAVE,1,TRAFFIC CONTROL SIGNAL,Unit 1 was traveling west on 3rd Street approaching the intersection of 3rd Street and Woodlawn Avenue. Unit 2 was on a bicycle traveling east on the south side of the roadway on 3rd Street approaching the crosswalk on Woodlawn Avenue.Driver 1 advised she began turning south on Woodlawn Avenue and did not see Unit 2 crossing the crosswalk. Driver 1 stated she believed she struck Unit 2 with the center of her front bumper but then advised it was possibly closer to the driver's side of the front bumper. She advised that she was unable to see Unit 2 well due to the height of the truck but stated she did know that Unit 2 did not fall. Driver 1 stated she struck Unit 2 at a very low speed.Pedalcyclist riding Unit 2 stated she was crossing the crosswalk while the walk sign when Unit 1 began turning. Pedalcyclist was crying and advised she believed she struck the passenger side of Unit 1 but stated she was unsure. She believed she fell but was unsure if she hit her head while not wearing a helmet. Due to this she agreed to be checked out by medics. While speaking with medics Pedalcyclist stated she remembered being struck and stated she did not fall. She advised she did not hit her head and was not injured. Pedalcyclist stated she was just very shaken up by the accident.No one involved complained of injuries.There did not appear to be any damage to Unit 1 or Unit 2.Due to the Units being moved and the subjects being unsure of the point of impact a diagram was not completed.
903444357,ELLETTSVILLE PD,E1905053,MONROE,RICHLAND,ELLETTSVILLE,9/12/2019,8:17 PM,2,0,0,0,0,4681,RICHLAND PLAZA,DR,,,,WEST RICHLAND PLAZA,,,,,Y,,,,39.217099,-86.595228,UNKNOWN,,N,Y,URBAN,N,N,N,,DARK (LIGHTED),CLEAR,DRY,,NO JUNCTION INVOLVED,STRAIGHT/LEVEL,ASPHALT,DRIVER DISTRACTED - EXPLAIN IN NARRATIVE,$2501 TO $5000,BACKING CRASH,847,851,Y,N,WESTRICHLANDPLAZADR,0,NONE,V2 WAS PARKED IN PARKING LOT. OWNER OF V2 CAME OUT OF BUSINESS WHEN SHE SAW D1 BACK INTO HER VEHICLE. SHE ATTEMPTED TO MAKE CONTACT WITH V1 BUT HE DROVE OFF. OWEN COUNTY INDIANA SHERIFF'S OFFICE WENT TO D1'S RESIDENCE AND MADE CONTACT WITH OWNER. HE STATED HE TALKED TO A FEMALE ON SCENE THAT STATED IT WAS OK AND TO JUST LEAVE. WHEN SPEAKING TO V2 OWNER SHE STATED THAT WAS SOMEONE ELSE AND SHE NEVER SPOKE TO D1. V2 OWNER DID NOT WISH TO PURSE ANY CRIMINAL CHARGERS AGAINST D1. D1 STATED HE WAS BACKING OUT OF THE PARKING SPOT AND JUST DIDN'T SEE V2.
903446413,BLOOMINGTON PD,B1938722,MONROE,BLOOMINGTON,BLOOMINGTON,9/12/2019,9:30 PM,2,0,0,0,0,,GRANT,ST,,,,GRANT,16TH,,,,Y,,,,39.177776,-86.5296,LOCAL/CITY ROAD,,N,N,URBAN,N,N,N,,DARK (NOT LIGHTED),CLEAR,DRY,,NO JUNCTION INVOLVED,STRAIGHT/LEVEL,ASPHALT,FAILURE TO YIELD RIGHT OF WAY,$1001 TO $2500,RIGHT ANGLE,955,955,Y,N,16THSTGRANTST,0,STOP SIGN,"D2 CAME TO POLICE STATION TO FILE A ACCIDENT REPORT THE DAY AFTER THE INCIDENT. D2 STATED THAT HE WAS DRIVING EAST ON 16TH STREET AND WAS APPROACHING AN INTERSECTION WHEN V1 ENTERED THE INTERSECTION TRAVELING NORTH. D2 STATED THAT HE DID NOT HAVE A STOP SIGN BUT V1 DID HAVE A STOP SIGN THAT IT DISREGARDED. D2 STATED THAT HE WAS ABLE TO REDUCE HIS SPEED SIGNIFICANTLY BEFORE THE IMPACT BUT STILL COLLIDED WITH THE PASSENGER SIDE OF V1 CAUSING DAMAGE TO THE FRONT OF V2 AND THE PASSENGER SIDE OF V1.OFFICER ROMOSER SPOKE WITH D1. ROMOSER INFORMED ME OF THE FOLLOWING. D1 STATED THAT SHE WAS DRIVING SOUTH ON GRANT AND STOPPED AT THE STOP SIGN AT THE INTERSECTION WITH 16TH STREET. D1 STATED THAT SHE ATTEMPTED TO CLEAR THE INTERSECTION AND THAT A BUSH WAS OBSTRUCTING HER VIEW TO THE WEST. D1 BELIEVED THAT NO VEHICLES WERE COMING AND SHE ENTERED THE INTERSECTION DRIVING SOUTH. AT THAT TIME V2 WAS ENTERING THE INTERSECTION DRIVING EAST AND COLLIDED WITH THE PASSENGER SIDE OF V1. D1 ALSO STATED THAT SHE BELIEVED THAT V2 WAS TRAVELING TOO FAST BECAUSE HE ""CAME OUT OF NOWHERE"". IT SHOULD BE NOTED THAT D1 DID STATE THAT HER VIEW WAS OBSTRUCTED TO THE WEST BEFORE SHE ENTERED THE INTERSECTION, CAUSING HER TO BE UNABLE TO OBSERVE ONCOMING VEHICLES."
903448600,MONROE SD,M19A30250,MONROE,RICHLAND,BLOOMINGTON,9/12/2019,4:56 PM,2,0,0,0,0,1372,WELLNESS,WAY,,,,N WELLNESS,,,,,N,,,,39.17793701,-86.59882456,UNKNOWN,,N,N,URBAN,N,N,N,,DAYLIGHT,CLEAR,DRY,,NO JUNCTION INVOLVED,NON-ROADWAY CRASH,ASPHALT,IMPROPER TURNING,UNDER $1001,LEFT TURN,456,505,Y,N,NWELLNESSWAY,0,NONE,"V1 was turning into a parking spot next to V2. D1 struck V2 on the left side of V2 resulting in less than $1,000 damage as a paint scuff. There was no observable damage to V1 just the visible camp paint transfer on V2."
903444073,ELLETTSVILLE PD,E1905043,MONROE,RICHLAND,ELLETTSVILLE,9/12/2019,7:33 AM,2,0,2,0,0,,HARSTRAIT,RD,,,,4455 HARSTRAIT,PARK,,,,N,,1000,S,39.11600087,-86.61409,COUNTY ROAD,,N,N,RURAL,N,N,N,,DAYLIGHT,CLEAR,DRY,,NO JUNCTION INVOLVED,CURVE/GRADE,ASPHALT,DRIVER DISTRACTED - EXPLAIN IN NARRATIVE,$2501 TO $5000,OPPOSITE DIRECTION SIDESWIPE,733,734,Y,Y,4455HARSTRAITRDPARKST,0,LANE CONTROL,Narrative By Chief Deputy William Jay HumphreyEllettsville Police DepartmentDate 09-12-2019Report # E19-05043Driver #1 lania GarrisonDriver #2 Jeremy HamiltonDriver #1 going North 4455 Hartstrait Rd. Driver #1 said was turning heater Knob her vehicle went (left Of Center) and struck Vehicle #2 going South Bound on Hartstrait Rd.Driver #2 said Vehicle #1 went Left Of Center and struck his drivers side on his vehicle #2.(Driver #2 was trapped inside of his Vehilce had to be cut out.) Transported to Bloomington Hospital.
903444304,BLOOMINGTON PD,B19-38624,MONROE,PERRY,BLOOMINGTON,9/12/2019,6:52 PM,2,0,1,0,0,,SOUTH KINGSTON,ST,,,,SOUTH KINGSTON,2966 E 3RD,,,,Y,,,,39.16424,-86.492944,LOCAL/CITY ROAD,,N,N,URBAN,N,N,N,,DAWN/DUSK,CLEAR,DRY,,FOUR-WAY INTERSECTION,STRAIGHT/LEVEL,ASPHALT,FAILURE TO YIELD RIGHT OF WAY,$5001 TO $10000,RIGHT ANGLE,655,703,Y,N,2966E3RDSTSOUTHKINGSTONST,0,STOP SIGN,"D2 EXPLAINED THAT SHE WAS DRIVING SOUTH ON SOUTH KINGSTON AND WAS ABOUT TO PASS THE INTERSECTION FOR THE NORTH ENTRANCE OF TARGET, LOCATED AT 2966 E 3RD STREET WHEN V1 DID DRIVE WEST THROUGH THE INTERSECTION.D2 STATED THAT SHE COULD NOT STOP AND THAT THE FRONT OF V2 DID MAKE CONTACT WITH THE PASSENGER SIDE OF V1, RESULTING IN DAMAGE TO BOTH VEHICLES.D1 WAS STOPPED AT THE STOP SIGN ACROSS FROM THE ENTRANCE TO TARGET, ATTEMPTING TO CROSS KINGSTON TO GET TO TARGET.IT SHOULD BE NOTED THAT THERE IS NOT A STOP SIGN FOR SOUTH BOUND TRAFFIC ON KINGSTON.D1 EXPLAINED THAT TRAFFIC WAS BACKED UP AND HE DID NOT SEE ANY CARS DRIVING SOUTH ON KINGSTON SO HE DID START DRIVING THORUGH THE INTERSECTION. AT THAT POINT D1 STATED THAT THE FRONT OF V2 MADE CONTACT WITH THE PASSENGER SIDE OF V1. V1 WAS TOWED DUE TO DISABLING DAMAGE."
903446885,ELLETTSVILLE PD,E1905045,MONROE,RICHLAND,ELLETTSVILLE,9/12/2019,2:40 PM,2,0,0,0,0,,EDGEWOOD,DR,,,,EDGEWOOD,EDGEWOOD,,,,Y,,,,39.236288,-86.628336,UNKNOWN,,N,N,RURAL,Y,N,N,,DAYLIGHT,CLEAR,DRY,,T-INTERSECTION,STRAIGHT/GRADE,ASPHALT,DRIVER DISTRACTED - EXPLAIN IN NARRATIVE,$2501 TO $5000,REAR END,240,240,Y,N,EDGEWOODDREDGEWOODDR,0,NONE,V-2 WAS STOP IN TRAFFIC V-1 DID NOT SEE V-2 STOP. V-1 THEN COLLIDED WITH THE REAR OF V-2
903445344,BLOOMINGTON PD,B1938614,MONROE,BLOOMINGTON,BLOOMINGTON,9/12/2019,5:20 PM,2,0,0,0,0,,COLLEGE,AVE,,,,COLLEGE,W 8TH,,,,Y,,,,39.169552,-86.534784,LOCAL/CITY ROAD,,N,N,URBAN,N,N,N,,DAYLIGHT,CLEAR,DRY,,FOUR-WAY INTERSECTION,STRAIGHT/LEVEL,ASPHALT,IMPROPER TURNING,$1001 TO $2500,LEFT TURN,526,531,Y,N,COLLEGEAVEW8THST,0,NONE,V1 and V2 were both traveling southbound on College Ave when V1 attempted to turn left onto W 8th St from the center lane and struck V2 as it was attempting to continue southbound in the far east lane.D1 stated he was attempted to turn left from the center lane after realizing he was about to pass W 8th St and struck V2. D1 stated he did not see D2 prior to making contact with the vehicle. D2 stated he was southbound in the far left (east) lane when V1 attempted to turn left onto W 8th St directly in front of him. D2 stated he was unable to avoid making contact with V1 due to the close proximity of the vehicles. V1 sustained minor damage to the front drivers side 1/4 panel. V2 sustained damage to the front passenger side 1/4 panel as well as the passenger side door. Both vehicles were driven away from the scene.
903444902,BLOOMINGTON PD,B1938769,MONROE,PERRY,BLOOMINGTON,9/13/2019,3:29 PM,2,1,0,0,0,,COLLEGE,MALL,,,,COLLEGE,E 3RD,,,,Y,,,,39.16464,-86.534816,LOCAL/CITY ROAD,Y,N,N,URBAN,N,N,N,,DAYLIGHT,CLEAR,DRY,,FOUR-WAY INTERSECTION,STRAIGHT/LEVEL,ASPHALT,UNSAFE LANE MOVEMENT,$2501 TO $5000,LEFT/RIGHT TURN,329,349,Y,N,COLLEGEMALLE3RDST,0,TRAFFIC CONTROL SIGNAL,"D1 WAS DRIVING SOUTH THROUGH THE INTERSECTION OF COLLEGE MALL AND E 3RD STREET. D1 EXPLAINED THAT HE WAS IN THE LEFT LANE AND WAS ATTEMPTING TO TURN RIGHT IN TO THE RIGHT LANE WHEN THE FRONT PASSENGER CORNER OF V1 MADE CONTACT WITH A HORSE TRAILER, TR348ZWS, BEING PULLED BY V2.THE HORSE TRAILER SUSTAINED MINOR DAMAGE TO THE REAR DRIVER'S SIDE CORNER. V1 SUSTAINED DAMAGE TO THE FRONT PASSENGER CORNER.D2 EXPLAINED THAT SHE WAS IN THE RIGHT LANE TRAVELING SOUTH ON COLLEGE MALL IN THE INTERSECTION OF 3RD AND COLLEGE MALL WHEN SHE DID SEE V1 ATTEMPT TO TURN RIGHT AND DID MAKE CONTACT WITH HER HORSE TRAILER."
903445022,BLOOMINGTON PD,B1938821,MONROE,BLOOMINGTON,BLOOMINGTON,9/13/2019,9:21 PM,3,0,0,0,0,,,,SR46N,,,SR46N,E 10TH,,,,Y,,300,S,39.17088014,-86.50171207,STATE ROAD,,N,N,URBAN,N,N,N,,DARK (LIGHTED),CLEAR,DRY,,NO JUNCTION INVOLVED,STRAIGHT/GRADE,ASPHALT,FOLLOWING TOO CLOSELY,$10001 TO $25000,REAR END,921,951,Y,N,E10THSTSR46N,0,NONE,"V2 and V3 were stopped in traffic facing N/B on N SR 46, approaching E 10th Street, in the left lane. V1 approached from the rear and struck the rear end of V2, which caused V2 to strike V3.D1 stated that she activated the brake as she approached V2, and looked down before the accident took place. D1 estimated that she was going 20 MPH at the time of collision."
903444970,BLOOMINGTON PD,B1938790,MONROE,BLOOMINGTON,BLOOMINGTON,9/13/2019,5:50 PM,2,0,0,0,0,,E 3RD,ST,,,,E 3RD,S WOODCREST,,,,Y,,200,W,39.164272,-86.502416,LOCAL/CITY ROAD,,N,N,URBAN,N,N,N,,DAYLIGHT,CLEAR,DRY,,FOUR-WAY INTERSECTION,STRAIGHT/GRADE,ASPHALT,FOLLOWING TOO CLOSELY,$2501 TO $5000,REAR END,553,557,Y,N,E3RDSTSWOODCRESTDR,0,NONE,Driver one stated she was stopped in traffic facing west on E 3rd Street behind vehicle two when she though vehicle two started to move so she began to move. Driver one stated she hit the rear of vehicle two with the front of her vehicle. Driver two stated she was stopped in traffic when vehicle one hit the rear of her vehicle.
903447103,MONROE SD,M19A30359,MONROE,BLOOMINGTON,BLOOMINGTON,9/13/2019,2:37 AM,2,0,0,0,0,3585,,,SR46,,,WEST 46,,,,,N,,,,39.206312,-86.571312,UNKNOWN,,N,N,URBAN,N,N,N,,DAYLIGHT,CLEAR,DRY,,NO JUNCTION INVOLVED,STRAIGHT/LEVEL,ASPHALT,UNSAFE BACKING,UNDER $1001,BACKING CRASH,242,243,Y,N,WEST46HWY,0,LANE CONTROL,"V1 and V2 were involved in a rear to rear collision. D2 stated that D1 was eating while driving and believed it contributed to the collision. D1 stated that she began honking the horn when she believed there was going to be a collision between the vehicles. I put in a request to the Speedway mgnt for them to pull video, however, they stated it would be over a week for them to processes this. Both D1 and D2 believed it was the other parties fault. Unable to establish fault. Insurance will have to reach out to Speedway privately if they want to recover video."
903444852,INDIANA UNIV BLOOMINGTON PD,191947,MONROE,BLOOMINGTON,BLOOMINGTON,9/13/2019,1:54 PM,2,0,0,0,0,900,E 7TH,ST,,,,E 7TH,,,,,Y,,,,39.168752,-86.5436,UNKNOWN,,N,N,URBAN,N,N,N,,DAYLIGHT,CLEAR,DRY,,NO JUNCTION INVOLVED,STRAIGHT/LEVEL,ASPHALT,UNSAFE BACKING,$2501 TO $5000,BACKING CRASH,357,201,N,N,E7THST,0,NONE,"D1 advised he was backing V1 up, south bound, into a loading dock area. D1 advised while backing up V1 crashed into V2. D1 advised he then began to drive V1 forward and bent the front bumper of V2.V2 as parked and unoccupied facing north"
903444700,BLOOMINGTON PD,B1938732,MONROE,BLOOMINGTON,BLOOMINGTON,9/13/2019,11:17 AM,2,0,0,0,0,,W 3RD,ST,,,,W 3RD,S WALNUT,,,,Y,,,,39.16464,-86.5336,LOCAL/CITY ROAD,,N,N,URBAN,N,N,Y,LANE CLOSURE,DAYLIGHT,CLEAR,DRY,,FOUR-WAY INTERSECTION,STRAIGHT/LEVEL,ASPHALT,FAILURE TO YIELD RIGHT OF WAY,$5001 TO $10000,RIGHT ANGLE,1117,1117,Y,N,SWALNUTSTW3RDST,0,NONE,"Driver 1 advised they got the green light and continued through the interstection when Vehicle 1 ran the light, crossing their path of travel. Vehicle 2 struck Vehicle 1.Driver 2 stated that she was continuing through the intersections with green lights and had her visor down and did not see that the light had turned red. Vehicle 1 then cross the path of Vehicle 2 and was struck. Witness 1 stated that he was next to Vehicel 2 on Walnut, had green light, Vehicle 1 ran light. Witness 2 stated she was behind Vehicel 2 on Walnut, had green light, Vehicle 1 ran light."
903445159,MONROE SD,M19A30333,MONROE,VAN BUREN,BLOOMINGTON,9/13/2019,11:50 AM,2,0,0,0,0,,,,SR45W,,,SR45W,S CURRY,,,,N,,500,W,39.14145928,-86.58418054,STATE ROAD,,N,N,RURAL,N,N,N,,DAYLIGHT,CLEAR,DRY,,NO JUNCTION INVOLVED,STRAIGHT/LEVEL,ASPHALT,OTHER (VEHICLE) - EXPLAIN IN NARRATIVE,$1001 TO $2500,OTHER - EXPLAIN IN NARRATIVE,1154,1201,Y,N,SCURRYPIKESR45W,0,NO PASSING ZONE,V1 WAS TRAVELING WB ON W STATE ROAD 45 AND STRUCK BY A TIRE THAT FELL OFF OF A TRAILER FOR V2 AS IT WAS PULLING EB OUT OF 4385 W STATE ROAD 45.D1 STATED THAT HER VEHICLE WAS STRUCK BY THE TRAILER FROM V2.D2 STATED THAT THE AXLE ON THE TRAILER THAT HE WAS PULLING BROKE CAUSING THE COLLISON WITH V1.NO DIAGRAM COMPLETED BECAUSE BOTH VEHICLE MOVED FROM THE POINT OF IMPACT. \
903445735,MONROE SD,M19A30384,MONROE,INDIAN CREEK,BLOOMINGTON,9/13/2019,4:30 PM,1,0,3,0,0,,HARMONY,RD,,,,HARMONY,VICTOR,,,,N,PRIVATE,2500,W,,,COUNTY ROAD,,N,N,RURAL,N,N,N,,DAYLIGHT,CLEAR,DRY,,NO JUNCTION INVOLVED,CURVE/LEVEL,ASPHALT,UNSAFE SPEED,$5001 TO $10000,RAN OFF ROAD,430,450,Y,Y,HARMONYRDVICTORPIKE,0,NONE,"Driver 1 was traveling southbound on South Harmony Road approaching the 7800 block. Driver 1 stated that he was going too quickly, approximately 45-50 mph in the 35 mph zone. Driver 1 stated as he attempted to go around the curve he hit a wet spot on the road which he stated due to his speed and his bald tires he began losing control and went off the roadway. Driver 1 struck two mailboxes then collided head on with a tree. Driver 1 and one rear seat passenger declined medical personnel. Three additional passengers within the vehicle required medical attention due to complaint of pain for their leg, knee, and chest. Each of the three were transported to IU Health Bloomington Hospital. Vehicle 1 sustained heavy front end damage and was towed by Ken's Westside."
903444549,MONROE SD,M19A30305,MONROE,PERRY,BLOOMINGTON,9/13/2019,7:43 AM,3,0,1,0,0,,SOUTH ROGERS,ST,,,,SOUTH ROGERS,EAST WALLS,,,,N,,,,39.134352,-86.538192,COUNTY ROAD,,N,N,URBAN,N,N,N,,DAYLIGHT,CLEAR,DRY,,T-INTERSECTION,STRAIGHT/GRADE,ASPHALT,FOLLOWING TOO CLOSELY,$10001 TO $25000,REAR END,752,758,Y,Y,EASTWALLSDRSOUTHROGERSST,0,NONE,"VEHICLE 1 WAS DRIVING NORTHBOUND ON SOUTH ROGERS STREET NEAR THE INTERSECTION OF EAST WALLS DRIVE. VEHICLE 1 STRUCK VHEICLE 2 THAT WAS SLOWED OR STOPPED IN TRAFFIC. VEHICLE 2 WAS PUSHED FORWARD AND STRUCK VEHICL 3 IN THEH REAR. DRIVER 2 WAS TRANSPORTED TO IU HEALTH DUE TO COMPLAINT OF PAIN IN NECK. DRIVERS 1,3, AND OCCUPANTS IN VEHICLE 3 WERE UNINJURED AND REFUESED ANY MEDICAL TREATMENT. VEHICLES 1 AND 2 WERE DISABLED FROM THE COLLISION AND TOWED TO STURGIS TOWING BY STURGIS TOWING. VEHICLE 3 WAS DRIVABLE AND WAS DRIVEN FROM THE SCENE."
903445023,ELLETTSVILLE PD,E1905076,MONROE,RICHLAND,ELLETTSVILLE,9/13/2019,2:41 PM,2,0,0,0,0,601,EDGEWOOD,DR,,,,S EDGEWOOD,,,,,Y,,,,39.2364,-86.631248,UNKNOWN,,N,N,URBAN,Y,N,N,,DAYLIGHT,CLEAR,DRY,,NO JUNCTION INVOLVED,NON-ROADWAY CRASH,ASPHALT,OTHER (DRIVER) - EXPLAIN IN NARRATIVE,$2501 TO $5000,REAR END,241,242,Y,N,SEDGEWOODDR,0,NONE,"D2 STATED THAT SHE WAS IN LINE TO EXIT PARKING LOT WHEN VEH IN FRONT OF HER HIT THE BRAKES, D2 SAID THAT SHE HIT HER BRAKES AND WAS ABLE TO STOP. WHEN V1 STRUCK HER IN THE REAREND. D1 SAID THAT SHE HIT HER BRAKES WHEN SHE SAW V2 BRAKE LIGHTS COME ON AND FOOT SLIPPED OFF BRAKE AND IT GAS PEDAL. D1 THEN SAID BY THE TIME SHE GOT BACK OG THE BRAKE SHE HIT V2 IN THE REAR END."
903444969,INDIANA UNIV BLOOMINGTON PD,191951,MONROE,BLOOMINGTON,BLOOMINGTON,9/13/2019,5:55 PM,2,0,1,0,0,,,,SR46N,,,SR46N,EASTGATE,,,,Y,,165,S,39.16981768,-86.50118083,STATE ROAD,,N,N,URBAN,N,N,N,,DAYLIGHT,CLEAR,DRY,,NO JUNCTION INVOLVED,STRAIGHT/LEVEL,ASPHALT,FOLLOWING TOO CLOSELY,$1001 TO $2500,REAR END,600,624,Y,N,EEASTGATELNSR46N,0,NONE,On 09/13/2019 at around 1824 hours I arrived at Eastgate Lane and the 45/46 Bypass in regards to a crash. Indiana State Police was already on scene. I spoke with D1 who stated she was driving and did not have a valid license. She only had an ID card and had never received a license through Indiana. She stated she was driving northbound in the left lane on the 45/46 Bypass traveling at around 25-30mph. She stated that V2 suddenly stopped and D1 was unable to stop in time. V1 rear-ended V2.V1 sustained damage to the front bumper where it was pushed in and up. D1 stated the car was smoking and leaking fluid prior to my arrival and Chandler's came to tow the vehicle out of the roadway. D1 received a citation for driving while never having received a license.I then spoke with D2 who was complaining of neck and left shoulder pain. ISP already had called for an ambulance. D2 would later be transported to the hospital and her husband moved the car. D2 stated she was driving in the left lane going northbound on the 45/46 Bypass approaching Eastgate Lane. D2 stated she was traveling at about 30mph and was slowing in traffic when D1 rear-ended her. V2 sustained damage to the rear bumper where it was dented.
903444561,BLOOMINGTON PD,B1938720,MONROE,BLOOMINGTON,BLOOMINGTON,9/13/2019,9:50 AM,2,0,0,0,0,,10,ST,,,,10,DUNN,,,,Y,,,,39.17168,-86.528256,LOCAL/CITY ROAD,,N,N,URBAN,N,N,N,,DAYLIGHT,CLEAR,DRY,,FOUR-WAY INTERSECTION,STRAIGHT/GRADE,ASPHALT,FOLLOWING TOO CLOSELY,$2501 TO $5000,REAR END,955,1005,Y,N,10STDUNNST,0,NONE,V1 and V2 were traveling westbound on 10th Street. V1 struck V2 in the rear.D1 stated that she was westbound on 10th Street and did not see V2 stopped to make a left turn. She then struck V2.D2 stated that she was westbound on 10th Street and was stopped in traffic to make a left turn onto Dunn St. She was struck from behind by V1.V1 did strike to V2 causing damage to both vehicles.
903444905,INDIANA UNIV BLOOMINGTON PD,191949,MONROE,BLOOMINGTON,BLOOMINGTON,9/13/2019,2:43 PM,2,0,0,0,0,,ATWATER,AVE,,,,ATWATER,HIGHLAND,,,,Y,,,,,,LOCAL/CITY ROAD,,N,N,URBAN,N,N,N,,DAYLIGHT,CLEAR,DRY,,FOUR-WAY INTERSECTION,STRAIGHT/GRADE,ASPHALT,FAILURE TO YIELD RIGHT OF WAY,$5001 TO $10000,RIGHT ANGLE,245,254,Y,N,ATWATERAVEHIGHLANDAVE,0,STOP SIGN,"V1 was traveling southbound on Highland Ave and Atwater Ave. V2 was traveling eastbound on Atwater Ave approaching Highland Ave.D1 stated she was stopped at the stop sign on Highland Ave just north of Atwater Ave when she waited for a bus to pass in the left lane on Atwater Ave. D1 stated that when the bus passed, she looked right and did not see any vehicles eastbound on Atwater Ave. D1 stated she proceeded through the intersection and collided with V2. V1 had heavy damage to the front passenger side of the vehicle.D2 stated he was traveling eastbound on Atwater Ave approaching Highland Ave in the right lane. D2 stated there was a bus in the left lane as they were traveling eastbound. D2 stated that V1 proceeded southbound through the intersection and collided with him. D2 stated he could not avoid the collision. V2 had damage to the front-end of the vehicle."
903446657,MONROE SD,M19A30403,MONROE,RICHLAND,BLOOMINGTON,9/13/2019,9:00 PM,2,0,0,0,0,,N CURRY,PIKE,,,,N CURRY,W VERNAL,,,,N,,100,S,39.179248,-86.5832,COUNTY ROAD,,N,Y,RURAL,N,N,N,,DARK (LIGHTED),CLEAR,DRY,,FOUR-WAY INTERSECTION,STRAIGHT/LEVEL,ASPHALT,FOLLOWING TOO CLOSELY,$5001 TO $10000,REAR END,904,915,Y,N,NCURRYPIKEWVERNALPIKE,0,NONE,"V1 was traveling behind V2 northbound on N. Curry Pike in the 900 Block. D1 stated that he was looking down at his cell phone and did not see V2 stop, causing V1 to rear end V2. V2 left the scene of the accident and D1 was unable to provide any type of vehicle description for V2. V1 was towed from the scene due to disabling damage."
903444669,BLOOMINGTON PD,B19387312,MONROE,BLOOMINGTON,BLOOMINGTON,9/13/2019,11:04 AM,2,0,0,0,0,,BASSWOOD,DR,,,,BASSWOOD,BLOOMFIELD,,,,Y,,,,0,0,LOCAL/CITY ROAD,Y,N,N,URBAN,N,N,N,,DAYLIGHT,CLEAR,DRY,,FOUR-WAY INTERSECTION,STRAIGHT/GRADE,ASPHALT,FOLLOWING TOO CLOSELY,$1001 TO $2500,REAR END,1104,1115,Y,N,BASSWOODDRWBLOOMFIELDRD,0,TRAFFIC CONTROL SIGNAL,"DRIVER OF VEHICLE 1 STATED HE WAS SOUTH BOUND ON BASSWOOD DRIVE IN THE LEFT TURN LANE, AT THE INTERSECTION WITH W BLOOMFIELD RD. V1 WAS DIRECTLY BEHIND V2. WHEN THE LEFT TURN GREEN ARROW ACTIVATED, V2 STARTED INTO THE INTERSECTION. D1 STARTED TO PULL FORWARD AS WELL, BUT DID NOT NOTICE V1 STOPPING ABRUPTLY UNTIL IT WAS TOO LATE. V1 REAR ENDED V2. DRIVER OF VEHICLE 2 WAS SOUTH BOUND ON BASSWOOD DRIVE IN THE LEFT TURN LANE, AT THE INTERSECTION WITH W BLOOMFIELD ROAD. WHEN THE GREEN ARROW ACTIVATED, V2 STARTED INTO THE INTERSECTION. D2 THEN NOTICED AN UNINVOLVED 3RD VEHICLE DISREGARD THE RED LIGHT FOR EAST BOUND TRAFFIC AND ENTER THE INTERSECTION. D2 APPLIED THE BRAKES SUDDENLY TO AVOID STRIKING THIS VEHICLE. V2 WAS THEN REAR ENDED BY V1."