Master Record Number,Agency,Local Code,County,Township,City,Collision Date,Collision Time,Vehicles Involved,Trailers Involved,Number Injured,Number Dead,Number Deer,House Number,Roadway Name,Roadway Suffix,Roadway Number,Roadway Interchange,Roadway Ramp,Roadway Id,Intersecting Road,Intersecting Road Number,Mile Marker,Interchange,Corporate Limits?,Property Type,Feet From,Direction,Latitude,Longitude,Roadway Class,Traffic Control Devices?,Aggressive Driving?,Hit and Run?,Locality,School Zone?,Rumble Strips?,Construction?,Construction Type,Light Condition,Weather Conditions,Surface Condition,Type of Median,Roadway Junction Type,Road Character,Roadway Surface,Primary Factor,Damage Estimate,Manner of Collision,Time Notified,Time Arrived,Investigation Complete?,Photos Taken?,Unique Location Id,State Property Damage?,Traffic Control,NARRATIVE
903444987,BLOOMINGTON PD,B1938798,MONROE,BLOOMINGTON,BLOOMINGTON,9/13/2019,6:26 PM,2,0,0,0,0,1965,S WALNUT,ST,,,,S WALNUT,,,,,Y,,,,39.18300299,-86.53407644,UNKNOWN,,N,N,URBAN,N,N,N,,DAYLIGHT,CLEAR,DRY,,NO JUNCTION INVOLVED,STRAIGHT/LEVEL,ASPHALT,UNSAFE BACKING,$1001 TO $2500,BACKING CRASH,628,626,Y,N,SWALNUTST,0,NONE,"D1 WAS TRAVELING NB WHEN ANOTHER VEH, BLK PICK UP WAS GOING SB IN THE LANE. THE PARTIES IN THE PICKUP STARTED THROWING WATER BALLoONS AT V1. V1 REVERSED SB TO AVOID THE PICK UP. V1 THEN CONTINUED TO REVERSE AND TURNED ATTMEPTING TO TURN AROUND. V1 REVERSED NE AND REVERSED INTO V2. D1 ADVISED SHE WAS FOCUSING ON THE BLACK PICKUP THROWING THE WATER BALLONS AT V1 AND DID NOT SEE V2. V1 SUSTAINED MINOR DAMAGE TO THE REAR DRIVER SIDE BUMPER. V2 SUSTAINED MINOR DAMAGE TO THE FRONT DRIVER SIDE BUMPER. V2 WAS UNOCCUPIED AT THE TIME OF IMPACT. CONTACT WAS MADE WITH THE OWNER OF V2, HOWEVER THE OWNER IS CURRENTLY OUT OF TOWN."
903445025,INDIANA UNIV BLOOMINGTON PD,191952,MONROE,BLOOMINGTON,BLOOMINGTON,9/13/2019,10:07 PM,2,0,0,0,0,,TENTH,ST,,,,TENTH,PARK,,,,Y,,,,,,LOCAL/CITY ROAD,,N,N,URBAN,N,N,N,,DARK (NOT LIGHTED),CLEAR,DRY,,NO JUNCTION INVOLVED,STRAIGHT/LEVEL,ASPHALT,FOLLOWING TOO CLOSELY,$2501 TO $5000,REAR END,1011,1016,Y,N,PARKAVETENTHST,0,NONE,"Prior to the collision, V1 and V2 were traveling east on E 10th Street approaching N Park Avenue. V1 was behind V2. When I arrived on scene, V1 and V2 had both been pulled off onto N Park Avenue. D1 said he was driving east on E 10th Street at the speed limit (30mph) and must have been looking down at his speedometer when V2 suddenly applied the brakes. When D1 noticed V2 slowing he also applied the brakes but it was too late to avoid the rear-end collision. D2 said she was driving east on E 10th Street when the vehicle in front of her applied their brakes suddenly. D2 also began slowing down when V1 struck the rear of V2 . V1 sustained damage to its front bumper, headlights, and hood. V2 sustained damage across the rear bumper."
903445021,BLOOMINGTON PD,B1938805,MONROE,PERRY,BLOOMINGTON,9/13/2019,7:10 PM,3,1,2,0,0,,,,SR46S,,,SR46S,7TH,,,,Y,,50,W,0,0,STATE ROAD,,N,N,URBAN,N,N,N,,DAYLIGHT,CLEAR,DRY,,NO JUNCTION INVOLVED,STRAIGHT/GRADE,ASPHALT,DRIVER DISTRACTED - EXPLAIN IN NARRATIVE,$5001 TO $10000,REAR END,714,718,Y,Y,E7THSTSR46S,0,NONE,"D1 stated they were driving southbound on S State Rd 46 in the eastern-most lane, past the intersection with E 7th St. D1 stated they took their eyes off the road in front of them to locate the turn lane ahead of them. While doing this, D1 stated that he then struck the rear of V2. D1 stated he did not think he was traveling very fast, rather, the momemtum of the weight of V1 along with its trailer are responsible for the severity of the crash. D2 stated they were stopped in a line of traffic on S State Rd 46, in the eastern-most lane, past the intersection with E 7th St. D2 stated that V2 was suddenly struck from the rear by V1. D2 was later transported to the hospital for a complaint of pain in the neck. V2 had a passenger in the front seat, who was also transported to the hospital due to complaint of pain in the back. This passenger stated their seat belt came undone during the accident. D3 stated they were stopped in a line of traffic on S State Rd 46, in the eastern-most lane, past the intersection with E 7th St. D3 stated that V3 was suddenly struck from the rear by V2."
903445549,BLOOMINGTON PD,B1938890,MONROE,RICHLAND,BLOOMINGTON,9/14/2019,10:20 AM,3,0,0,0,0,,45 46,BYP,,,,45 46,MONROE,,,,Y,,100,E,,,LOCAL/CITY ROAD,,N,N,RURAL,N,N,N,,DAYLIGHT,CLEAR,DRY,,NO JUNCTION INVOLVED,STRAIGHT/GRADE,ASPHALT,FOLLOWING TOO CLOSELY,$10001 TO $25000,REAR END,1007,1007,Y,N,4546BYPMONROEST,0,NONE,"Vehicles were coming to a stop due to traffic for an IU Football game. As V3 and V2 were coming to a stop due to the traffic back up, V1 failed to stop and struck V2 in the rear which caused V2 to collide with V3 in the rear."
903447512,BLOOMINGTON PD,B1938903,MONROE,BLOOMINGTON,BLOOMINGTON,9/14/2019,12:11 PM,2,0,1,0,0,,COLLEGE,AVE,,,,COLLEGE,9TH,,,,Y,,,,39.170544,-86.534768,LOCAL/CITY ROAD,,N,N,URBAN,N,N,N,,DAYLIGHT,CLEAR,DRY,,NO JUNCTION INVOLVED,STRAIGHT/LEVEL,ASPHALT,FAILURE TO YIELD RIGHT OF WAY,$5001 TO $10000,SAME DIRECTION SIDESWIPE,1211,1230,Y,N,9THSTCOLLEGEAVE,0,NONE,"D1 STATED HE WAS TRAVELING SOUTH ON COLLEGE AVE IN THE CENTER LANE. D1 SAID HE BEGAN TO MERGE LEFT AND COLLIDED INTO V2. D1 SAID HE DID NOT SEE V2 PRIOR TO MAKING THE LANE CHANGE. D2 STATED HE WAS TRAVELING SOUTH ON COLLEGE IN THE EASTERN MOST LANE. HE SAID WHILE TRAVELING SOUTH, V1 MERGED INTO HIS LANE AND STRUCK HIS VEHICLE."
903450202,MONROE SD,M19A30493,MONROE,PERRY,BLOOMINGTON,9/14/2019,5:03 PM,1,0,0,0,0,,,,SR37S,,,SR37S,ZIKES,,,,N,OTHER,1500,N,39.20756011,-86.54102,STATE ROAD,,N,N,RURAL,N,N,N,,DAYLIGHT,CLEAR,DRY,DRIVABLE,NO JUNCTION INVOLVED,STRAIGHT/LEVEL,ASPHALT,RAN OFF ROAD RIGHT,UNDER $1001,RAN OFF ROAD,503,526,Y,N,SZIKESRDSR37S,0,LANE CONTROL,"D-1 STATED THAT HE WAS TRAVELING NORTH ON STATE ROAD 37 JUST NORTH OF ZIKES ROAD WHEN HE STATES HE HIT A ""BUMP"" IN THE ROADWAY CAUSING HIM TO VEER OFF THE ROADWAY INTO THE MEDIAN. V-1 CAME TO A REST IN THE MEDIAN FACING WEST STUCK IN THE MUD."
903445365,BLOOMINGTON PD,B1938937,MONROE,BLOOMINGTON,BLOOMINGTON,9/14/2019,3:47 PM,2,0,0,0,0,,N INDIANA,AVE,,,,N INDIANA,E 9TH,,,,Y,,,,39.170544,-86.526992,LOCAL/CITY ROAD,,N,N,URBAN,N,N,N,,DAYLIGHT,CLEAR,DRY,,FOUR-WAY INTERSECTION,STRAIGHT/LEVEL,ASPHALT,FAILURE TO YIELD RIGHT OF WAY,$2501 TO $5000,RIGHT ANGLE,349,401,Y,N,E9THSTNINDIANAAVE,0,STOP SIGN,"V1 WAS TRAVELING WB ON E 9TH ST. V2 WAS TRAVELING NB ON N INDIANA AVE. D1 ADVISED THEY ARRIVED AT THE STOP SIGN AT THE INTERSECTION OF E 9TH ST AND N INDIANA AVE AND STOPPED. D1 STATED THEY DID NOT REALIZE THEY WERE AT INDIANA AVE AND BELIEVED IT WAS A FOUR WAY STOP. D1 STATED THEY BEGAN TO GO AND AND A BUS TRAVELING NB STOPPED, AS V1 CONTINUED ACROSS THE INTERSECTION THEY DID NOT SEE V2 AND COLLIDED WITH V2 IN THE INTERSECTION. D2 ADVISED THEY WERE TRAVELING NB AND DID NOT SEE V1 UNTIL THEY COLLIDED IN THE INTERSECTION. V1 SUSTAINED DAMAGE TO THE FRONT DRIVER SIDE. V2 SUSTAINED DAMAGE TO THE FRONT PASSENGER SIDE. BOTH VEHS WERE TOWED FROM THE SCENE. NEITHER PARTY HAD A COMPLAINT OF INJURY."
903447513,BLOOMINGTON PD,B1938893,MONROE,PERRY,BLOOMINGTON,9/14/2019,5:30 AM,1,0,0,0,1,,TAPP,RD,,,,TAPP,ADAMS,,,,Y,,100,W,,,LOCAL/CITY ROAD,,N,N,URBAN,N,N,N,,DARK (NOT LIGHTED),CLEAR,DRY,,NO JUNCTION INVOLVED,STRAIGHT/GRADE,ASPHALT,ANIMAL/OBJECT IN ROADWAY,$5001 TO $10000,COLLISION WITH DEER,1115,1120,Y,N,ADAMSRDTAPPRD,0,NONE,"D1 REPORTED HE HAD STRUCK A DEER BETWEEN 0500 AND 0600 HRS ON TODAYS DATE NEAR THE ROUNDABOUT OFF TAPP AND ADAMS. D1 INDICATED HE WAS TRAVELING EAST ON TAPP JUST WEST OF ADAMS WHEN A DEER RAN INTO THE ROADWAY FROM THE SOUTH. D1 SAID HE COULD NOT AVOID COLLISION AND STRUCK THE DEER. WHEN INSPECTING V1, THERE WAS A GREAT DEAL OF DEER HAIR ON THE FRONT OF THE VEHICLE."
903445515,INDIANA UNIV BLOOMINGTON PD,191962,MONROE,BLOOMINGTON,BLOOMINGTON,9/14/2019,1:05 PM,2,0,0,0,0,,JORDAN,AVE,,,,N JORDAN,17TH,,,,Y,,635,N,39.18059206,-86.511088,LOCAL/CITY ROAD,,N,Y,URBAN,N,N,N,,DAYLIGHT,CLEAR,DRY,,NO JUNCTION INVOLVED,CURVE/LEVEL,ASPHALT,IMPROPER LANE USAGE,UNDER $1001,HEAD ON BETWEEN TWO MOTOR VEHICLES,1038,1041,Y,Y,EAST17THSTNJORDANAVE,0,NONE,"V1 was traveling northbound on the N Jordan Ave. Extension when he observed V2, a motorized Lime Scooter, traveling directly at him. V1 stopped so as to not run into V2, V2 did not stop and hit V1 head on, before leaving the scene. D1 advised that he was driving for Uber/Lyft during the IU home football game. D1 advised that at approximately 0102 hours he turned north onto the N Jordan Ave. Extension from E 17th St. D1 advised that heavy traffic and pedestrian congestion was causing him to drive incredibly slowly. D1 stated that at some point in the area of 1410 N Jordan Ave. he observed V2, the Lime Scooter, traveling directly at him in his lane of travel. D1 advised that he stopped V1 in the roadway and began yelling at Operator 2 to not hit his car. D1 advised that O2 hit V1 anyway. O2 was described as a white college aged male with brown hair. D1 stated that he exited his vehicle and told the male not to leave, but the male got back on his scooter and left anyway. V1 sustained several dents and gouges to the hood."
903445477,BLOOMINGTON PD,B1939008,MONROE,BLOOMINGTON,BLOOMINGTON,9/14/2019,3:01 AM,2,0,0,0,0,,N CLARK,ST,,,,N CLARK,E 7TH,,,,Y,,,,39.168224,-86.504832,LOCAL/CITY ROAD,,N,Y,URBAN,N,Y,N,,DARK (NOT LIGHTED),CLEAR,DRY,,FOUR-WAY INTERSECTION,STRAIGHT/LEVEL,ASPHALT,UNSAFE BACKING,$1001 TO $2500,BACKING CRASH,1012,1020,Y,Y,E7THSTNCLARKST,0,NONE,"V2 was parked facing S/B on N Clark Street, directly across from 302 N Clark St. V1 was facing E/B in the driveway of 302 N Clark St. V1 backed up and collided with the driver's side door of V2. V1 had damage on the rear right bumper. V1 then fled the scene.D1 was located at 4290 W Crestwood Drive. D1 stated that she felt a bump while backing, but believed she had gone into a ditch. D1 was arrested for leaving the scene of the accident.The owner of 302 N Clark St provided camera footage of the accident."
903447361,MONROE SD,M19A30489,MONROE,PERRY,BLOOMINGTON,9/14/2019,4:29 PM,2,0,0,0,0,,,,SR37S,,,SR37S,W DILLMAN,,,,N,,,,39.092976,-86.545648,STATE ROAD,,N,N,RURAL,N,N,N,,DAYLIGHT,CLEAR,DRY,,FOUR-WAY INTERSECTION,STRAIGHT/LEVEL,ASPHALT,FAILURE TO YIELD RIGHT OF WAY,$10001 TO $25000,RIGHT ANGLE,432,440,Y,N,SR37SWDILLMANRD,0,FLASHING OVERHEAD BEACON,"V1 was traveling west on Dillman Rd. crossing S. State Road 37, which is a multi lane divided highway. V1 had just crossed the northbound lanes and was in between the northbound and southbound lanes yielding to southbound traffic. D1 stated that he thought no other vehicles were coming southbound and did not see V2 traveling southbound on S. State Road 37. V1 pulled out in front of V2 causing V2 to crash into the passenger side of V1. D2 stated that he was traveling south on S. State Road 37 at a speed around the posted speed limit of 55mph. D2 stated that V1 pulled out in front of him and he was unable to stop before crashing into V1. Both vehicles were towed from the scene due to disabling damage."
903445144,MONROE SD,M19A30433,MONROE,WASHINGTON,BLOOMINGTON,9/14/2019,6:09 AM,1,0,0,0,0,,700 E SAMPLE,RD,,,,700 E SAMPLE,OLD SR 37,,,,N,,2100,W,39.25864,-86.5012,LOCAL/CITY ROAD,,N,N,RURAL,N,N,N,,DARK (NOT LIGHTED),CLEAR,DRY,,NO JUNCTION INVOLVED,CURVE/GRADE,ASPHALT,ANIMAL/OBJECT IN ROADWAY,$5001 TO $10000,COLLISION WITH OBJECT IN ROAD,609,609,Y,N,700ESAMPLERDOLDSR37RD,0,LANE CONTROL,"D1 WAS TRAVELING WB ON E SAMPLE RD NEAR 700 E SAMPLE RD. W1 WAS PARKED IN FRONT OF A DOWNED TREE FACING WB WITH HIS FLASHERS ON IN AN ATTEMPT TO WARN OTHER DRIVERS OF THE DOWNED TREE. DUE TO W1'S LIGHTS, D1 COULD NOT SEE THE DOWNED TREE. D1 HIT DOWNED TREE, CAUSING THE TREE TO SNAP IN HALF AND CAUSING HIS VEHICLE TO GO AIRBORNE. THE VEHICLE LEFT THE ROADWAY AND STRUCK A TREE. OFFICERS WERE ORIGINALLY CALLED TO THE DOWNED TREE, AND ARRIVED JUST MOMENTS BEFORE THE CRASH. IT SHOULD BE NOTED THAT D1 ONLY HAD A REGULAR ID CARD, BUT CLAIMED HE HAD A HAD A DRIVER'S LICENSE AT ONE TIME.NO INJURIES WERE REPORTED."
903445553,ELLETTSVILLE PD,E1905091,MONROE,RICHLAND,ELLETTSVILLE,9/14/2019,12:40 AM,4,0,0,0,0,,HARTSTRAIT,RD,,,,HARTSTRAIT,CAMPBELLS PARK,,,,N,,3500,N,39.59701882,-86.61633,COUNTY ROAD,,N,N,URBAN,N,N,N,,DAYLIGHT,CLEAR,DRY,,NO JUNCTION INVOLVED,CURVE/GRADE,ASPHALT,FOLLOWING TOO CLOSELY,$5001 TO $10000,REAR END,1243,112,Y,N,CAMPBELLSPARKDRHARTSTRAITRD,0,LANE CONTROL,"Driver 3 who was attempting to avoid a pedestrian in the roadway had made a sudden stop to keep from hitting the pedestrian. Driver two was able to come to a halt and avoid hitting driver three driver two was able to stop in time, but driver one was unable to stop in time and struck vehicle two and pushed her into vehicle 3 and car three into vehicle four."
903445186,BLOOMINGTON PD,B1938889,MONROE,BLOOMINGTON,BLOOMINGTON,9/14/2019,10:07 AM,2,0,0,0,0,,,,SR46W,,,SR46W,N MONROE,,,,Y,,,,39.186944,-86.5468,STATE ROAD,,N,N,URBAN,N,N,Y,WORK ON SHOULDER,DAYLIGHT,CLEAR,DRY,,FOUR-WAY INTERSECTION,STRAIGHT/LEVEL,ASPHALT,FOLLOWING TOO CLOSELY,$2501 TO $5000,REAR END,1007,1011,Y,N,NMONROESTSR46W,0,LANE CONTROL,"V2/D2 STATED ""I WAS STOPPED IN TRAFFIC EASTBOUND ON 45/46 BYPASS AT MONROE STREET. TRAFFIC WAS BACKED UP DUE TO IU HOME FOOTBALL GAME. ALL OF THE SUDDEN I WAS REARENDED BY V1 WHO WAS BEHIND ME.""V1/D1 STATED ""I WAS BEHIND V2, I DID NOT REALIZE HE WAS SLOWING DOWN OR STOPPING, I TRIED TO CHANGE LANES TO GO AROUND AND I REARENDED V2 AS I WAS TRYING TO CHANGE LANES."""
903445322,BLOOMINGTON PD,B1938940,MONROE,BLOOMINGTON,BLOOMINGTON,9/14/2019,4:00 PM,2,0,1,0,0,,,,SR46S,,,SR46S,E 3RD,,,,Y,,50,N,39.16428199,-86.47346396,STATE ROAD,,N,N,URBAN,N,N,N,,DAYLIGHT,CLEAR,DRY,,NO JUNCTION INVOLVED,STRAIGHT/LEVEL,ASPHALT,FOLLOWING TOO CLOSELY,$5001 TO $10000,REAR END,402,404,Y,Y,E3RDSTSR46S,0,NONE,V1 WAS FOLLOWING V2 SOUTH BOUND IN TRAFFIC ON IN45/46 BYPASS. V1 REAR ENDED V2 WHEN V2 STOPPED IN TRAFFIC.D1 STATED THAT SHE WAS IN TRAFFIC TRAVELING SOUTH ON THE IN 45/46 BYPASS WHEN SHE LOOKED AT HER CELL PHONE. D1 STATED THAT SHE DID NOT SEE THAT THE VEHICLE IN FRONT OF HER HAD STOPPED AND STRUCK V2 IN THE REAR.V2 WAS TRAVELING SOUTH ON IN 45/46 BYPASS WHEN IT STOPPED IN TRAFFIC. V2 WAS STRUCK IN THE REAR BY V1.D2 STATED THAT HE WAS TRAVELING SOUTH ON IN 45/46 BY PASS AND STOPPED IN TRAFFIC. D2 STATED V2 WAS THEN STRUCK IN THE REAR BY V1.
903447946,ISP BLOOMINGTON 33,2.019E+11,MONROE,VAN BUREN,BLOOMINGTON,9/14/2019,08:05 M,3,,0,0,0,,W 3RD ST,,,,,,,,,,Y,,10,E,39.16459217,-86.57615301,STATE ROAD,,,,URBAN,N,N,N,,DAYLIGHT,CLEAR,DRY,,FOUR-WAY INTERSECTION,,ASPHALT,DISREGARD SIGNAL/REG SIGN,$5001 TO $10000,SAME DIRECTION SIDESWIPE,810,810,Y,N,,0,,"Vehicle 1 ( White 2002 Ford F150) was traveling east on W. 3rd Street at N. Gates Drive. Vehicle 1 was in the right, eastbound lane. Vehicle 2 ( Gray 2016 Jeep Cherokee) was turning east from N. Gates Drive on to W. 3rd Street. Vehicle 2 was in the right turn lane. Vehicle 3 (Gold 2000 Ford F150) was turning east from N. Gates Drive on to W. 3rd Street. Vehicle 3 was in the left turn lane. Vehicle 1 disregarded the red light and continued through the intersection. Vehicle 1 struck both vehicles 2 and 3 as they turned on to W. 3rd Street. This resulted in damage to the front passenger side of vehicles 2 and 3. As well as damage to the front drivers side of Vehicle 1. Vehicle 1 then came to rest on the raised concrete divider facing northeast.Driver 1 (Joseph A. Smith Jr.) advised that he was traveling east on W. 3rd Street. He advised that he thought he had the green light when he drove through the intersection at N. Gates Drive. Driver 1 advised that as he drove through the intersection he attempted to change lanes but was unable to avoid striking vehicles 2 and 3. Driver 2 ( Timothy W. Fleener) advised that he was turning from N. Gates Drive on to W. 3rd Street. Driver 2 advised that he witnessed that he had the green turn arrow before proceeding into the intersection. Driver 2 advised that as he was turning, his vehicle was struck by Vehicle 1. Driver 2 advised that he was unable to avoid the collision.Driver 3 (Timothy Wood Fagan) advised that he was turning from N. Gates Drive on to W. 3rd Street. Driver 3 advised that he witnessed that he had the green turn arrow before proceeding in to the intersection. Driver 3 advised that as he was turning, his vehicle was struck by Vehicle 1. Driver 3 advised that he was unable to avoid the collision.I was assisted at the scene by the Monroe County Sheriffs Department. All vehicles involved in the crash were driveable. No injuries were reported by any of those involved.The cause of this crash was disregarding a traffic signal by Driver 1. Had Driver 1 obeyed the red light and brought his vehicle to a stop and not continued through the intersection, this crash would not have occurred."
903445221,BLOOMINGTON PD,B1938904,MONROE,BLOOMINGTON,BLOOMINGTON,9/14/2019,11:56 AM,2,0,0,0,0,,COLLEGE,AVE,,,,800 BLK N COLLEGE,14TH,,,,Y,,500,S,39.17461081,-86.534752,LOCAL/CITY ROAD,,N,N,URBAN,N,N,N,,DAYLIGHT,CLEAR,DRY,,NO JUNCTION INVOLVED,STRAIGHT/LEVEL,ASPHALT,IMPROPER TURNING,$2501 TO $5000,LEFT TURN,1156,1215,Y,N,14THST800BLKNCOLLEGEAVE,0,LANE CONTROL,"D2/V2 STATED ""I WAS SOUTHBOUND ON N. COLLEGE AVE. I WAS IN THE EASTERN MOST LANE OF TRAVEL. I HAD JUST DRIVEN UNDERNEATH THE RAILROAD OVERPASS WHEN ALL OF THE SUDDEN V1 MADE A LEFT HAND TURN FROM THE RIGHT LANE (WESTERN MOST LANE) TO TURN INTO A DRIVEWAY. WE COLLIDED IN THE ROADWAY IN THE 800 BLK OF N. COLLEGE AVE.D1/V1 STATED ""I WAS SOUTHBOUND ON N. COLLEGE. I WAS TRYING TO MAKE A LEFT HAND TURN FROM THE RIGHT LANE, I LOOKED UNDER THE RAILROAD UNDERPASS AND AS I STARTED MY TURN, ALL OF THE SUDDEN V2 WAS COMING AT US FAST, I TURNED INTO A DRIVEWAY AND WE COLLIDED IN THE ROADWAY."""
903445352,BLOOMINGTON PD,B1938947,MONROE,BLOOMINGTON,BLOOMINGTON,9/14/2019,4:35 PM,2,0,1,0,0,,,,SR4546E,,,SR4546E,N DUNN,,,,Y,,500,E,39.186352,-86.528496,STATE ROAD,,N,N,URBAN,N,N,N,,DAYLIGHT,CLEAR,DRY,,NO JUNCTION INVOLVED,STRAIGHT/LEVEL,ASPHALT,FAILURE TO YIELD RIGHT OF WAY,$2501 TO $5000,RIGHT ANGLE,435,435,Y,Y,NDUNNSTSR4546E,0,NONE,V1 WAS PULLING OUT OF A PARKING LOT IN ORDER TO MAKE A LEFT TURN TO GO EASTBOUND ON THE SR 45/46 BYPASS. V2 WAS TRAVELING WESTBOUND ON THE SR 45/46 BYPASS. V1 FAILED TO YIELD THE RIGHT OF WAY WHILE PULLING OUT INTO TRAFFIC TO MAKE THE TURN. V1 AND V2 COLLIDED PRIOR TO THE COMPLETION OF V1'S TURN.V1 HAS DAMAGE TO THE FRONT DRIVER SIDE DOOR AND SURROUNDING AREA.V2 HAS DAMAGE TO THE FRONT BUMPER. FRONT PASSENGER SIDE PASSENGER OF V2 HAD A COMPLAINT OF PAIN TO HER NECK AND WAS TRANSPORTED TO THE HOSPITAL FOR TREATMENT.
903445424,BLOOMINGTON PD,B1938960,MONROE,BLOOMINGTON,BLOOMINGTON,9/14/2019,5:45 PM,1,0,1,0,0,,EAST 10TH,ST,,,,EAST 10TH,NORTH SMITH,,,,Y,,,,39.172752,-86.482288,LOCAL/CITY ROAD,,N,N,URBAN,N,N,N,,DAYLIGHT,CLEAR,DRY,,T-INTERSECTION,CURVE/HILLCREST,ASPHALT,OVERCORRECTING/OVERSTEERING,$1001 TO $2500,OTHER - EXPLAIN IN NARRATIVE,546,557,Y,Y,EAST10THSTNORTHSMITHRD,0,NONE,"D1 WAS DRIVING V1 EAST ON 10TH STREET. AS D1 ATTEMPTED TO MAKE THE LEFT TURN PAST THE INTERSECTION OF NORTH SMITH ROAD AND EAST 10TH STREET, D1 DID LOSE CONTROL OF V1 CAUSING V1 TO CRASH IN TO THE ROADWAY.V1 DID SUSTAIN DAMAGE NECESSITATING A TOW AND D1 DID SUSTAIN INJURIES REQUIRING HIM TO BE TREATED MEDICALLY."
903445531,INDIANA UNIV BLOOMINGTON PD,191957,MONROE,BLOOMINGTON,BLOOMINGTON,9/14/2019,4:42 PM,2,0,0,0,0,,THIRD,ST,,,,THIRD,HIGHLAND,,,,Y,,,,,,LOCAL/CITY ROAD,,N,N,URBAN,N,N,N,,DAYLIGHT,CLEAR,DRY,,T-INTERSECTION,STRAIGHT/LEVEL,ASPHALT,UNSAFE LANE MOVEMENT,$5001 TO $10000,SAME DIRECTION SIDESWIPE,443,450,Y,N,HIGHLANDAVETHIRDST,0,LANE CONTROL,"D1 stated that he had just turned right (west) onto East 3rd Street from South Jordan Avenue and wanted to turn left at the next cross-street west, South Highland Avenue, to get to the parking lot of TIS Bookstore (1302 E. 3rd St). East 3rd Street is a two-lane, one-way street westbound at this location. D1 advised that he turned into the right lane of East 3rd Street. D1 said he signaled to change lanes into the left lane of East 3rd intending to then turn left (south) onto South Highland. D1 told me that V2 had just turned left (west) out of the Village Pantry parking lot (1320 East 3rd Street), into the left lane of East 3rd Street. D1 advised that he changed lanes into the left lane, not realizing that V2 had come up alongside of V1 more quickly than he anticipated. D2 stated that he had just turned left onto East 3rd Street from the Village Pantry parking lot and was traveling westbound in the left lane when D1 turned left across his path as if he was trying to turn left onto South Highland. V1's rear driver side above the wheel well struck the front passenger side bumper and headlight assembly of V2. There was a dent and scrape above the rear driver side wheel well of V1 from the crash. V2's front passenger side headlight was broken and the front passenger side bumper was damaged as well. There were no injuries and both vehicles could be driven from the scene."
903446165,MONROE SD,M19A30533,MONROE,WASHINGTON,BLOOMINGTON,9/15/2019,8:29 AM,1,0,0,0,1,,WAYPORT,RD,,,,N WAYPORT,TURNER,,,,N,,500,N,0,0,LOCAL/CITY ROAD,,Y,N,RURAL,N,N,N,,DAYLIGHT,CLEAR,DRY,,NO JUNCTION INVOLVED,CURVE/GRADE,ASPHALT,ANIMAL/OBJECT IN ROADWAY,$2501 TO $5000,COLLISION WITH DEER,831,848,Y,N,NTURNERDRNWAYPORTRD,0,LANE CONTROL,"D1 was advised she was traveling N. On N. Wayport Rd when a deer entered her lane of travel. D1 stated the deer came from the West (left) and ran in front of her vehicle. D1 wasn't entirely sure the exact place where it happened, but advised it was more than likely just North of N. Turner Drive. V1 was taken to Community Chrysler in Bloomington- 2200 S. Walnut Street Bloomington, IN by Kens West side Towing."
903445829,INDIANA UNIV BLOOMINGTON PD,191974,MONROE,BLOOMINGTON,BLOOMINGTON,9/15/2019,7:10 PM,2,0,0,0,0,1600,TENTH,ST,,,,EAST TENTH,,,,,Y,,,,0,0,UNKNOWN,,N,N,URBAN,N,N,N,,DAYLIGHT,CLEAR,DRY,,NO JUNCTION INVOLVED,STRAIGHT/LEVEL,ASPHALT,IMPROPER TURNING,UNDER $1001,LEFT TURN,719,724,Y,N,EASTTENTHST,0,NONE,D1 was attempting to park in the parking spot just east of V2 in the Tenth street lot. V2 was parked facing south in the Tenth street lot.D1 stated that she was attempting to park in the parking spot just east of V2 and she accidentally scratched his vehicle while pulling into the spot.
903445609,BLOOMINGTON PD,B1939091,MONROE,BLOOMINGTON,BLOOMINGTON,9/15/2019,10:49 AM,3,0,3,0,0,,3RD,ST,,,,W 3RD,CURRY,,,,Y,,,,0,0,LOCAL/CITY ROAD,Y,N,N,URBAN,N,N,N,,DAYLIGHT,CLEAR,DRY,,FOUR-WAY INTERSECTION,STRAIGHT/LEVEL,ASPHALT,FAILURE TO YIELD RIGHT OF WAY,$10001 TO $25000,LEFT TURN,1049,1052,Y,Y,SCURRYPIKEW3RDST,0,TRAFFIC CONTROL SIGNAL,"V1/D1 STATED ""I WAS IN THE LEFT TURN LANE ON W. 3RD ST AND S. CURRY PIKE. I SAW THE RED CAR EASTBOUND, BUT I THOUGHT I HAD ENOUGH TIME TO MAKE MY TURN, AS I TURNED IT APPEARED V2 SPED UP AND WE COLLIDED IN THE INTERSECTION. I SPUN AROUND AFTER THE IMPACT.""V2/D2 STATED ""I WAS EASTBOUND ON W 3RD ST WITH A GREEN LIGHT AS I APPROACHED THE LIGHT AT CURRY PIKE, ALL OF THE SUDDEN V1 MADE A LEFT HAND TURN INFRONT OF ME. WE COLLIDED AND THEN I SPUN AND COLLIDED WITH V3."" V3/D3 STATED ""I WAS STOPPED AT THE RED LIGHT NORTHBOUND ON S. CURRY. ALL OF THE SUDDEN I HEARD A CRASH AND NOTICED V2 SPINNING AND COLLIDING WITH MY VEHICLE."""
903445813,BLOOMINGTON PD,B19-39129,MONROE,BLOOMINGTON,BLOOMINGTON,9/15/2019,5:34 PM,2,0,0,0,0,411,W 3RD,ST,,,,W 3RD,,,,,Y,,,,39.16470563,-86.53742825,UNKNOWN,,N,Y,URBAN,N,N,N,,DAYLIGHT,CLEAR,DRY,,NO JUNCTION INVOLVED,STRAIGHT/GRADE,ASPHALT,FAILURE TO YIELD RIGHT OF WAY,$1001 TO $2500,RIGHT ANGLE,543,555,Y,Y,W3RDST,0,NONE,Driver two stated he was driving south in the alley behind 411 W 3rd Street when vehicle one was speeding through the alley driving west behind the residence and hit his vehicle in the front driver corner.Driver two stated he stopped and driver one exited her vehicle and tried to give her insurance to him. Driver two stated he told drive one they need to wait for the police and driver on entered her vehicle and left the scene with never providing any information.
903448046,INDIANA UNIV BLOOMINGTON PD,192020,MONROE,BLOOMINGTON,BLOOMINGTON,9/15/2019,10:00 PM,2,0,0,0,0,1725,E 3RD,ST,,,,E 3RD,,,,,Y,,,,39.16456,-86.5550845,UNKNOWN,,N,Y,URBAN,Y,N,N,,UNKNOWN,CLEAR,DRY,,NO JUNCTION INVOLVED,STRAIGHT/LEVEL,ASPHALT,OTHER (DRIVER) - EXPLAIN IN NARRATIVE,$1001 TO $2500,OTHER - EXPLAIN IN NARRATIVE,642,642,Y,N,E3RDST,0,NONE,V1 was parked in the Forest Quad east parking lot facing west. V2 is unknown.The owner of V1 stated she left her vehicle in the parking lot overnight and came back to find damage to her driver's side rear bumper.There were no witnesses or suspects. The owner of V1 did not have the vehicle when making the report but she did have photos of the damage that were emailed to me and will be added to the report.