Master Record Number,Agency,Local Code,County,Township,City,Collision Date,Collision Time,Vehicles Involved,Trailers Involved,Number Injured,Number Dead,Number Deer,House Number,Roadway Name,Roadway Suffix,Roadway Number,Roadway Interchange,Roadway Ramp,Roadway Id,Intersecting Road,Intersecting Road Number,Mile Marker,Interchange,Corporate Limits?,Property Type,Feet From,Direction,Latitude,Longitude,Roadway Class,Traffic Control Devices?,Aggressive Driving?,Hit and Run?,Locality,School Zone?,Rumble Strips?,Construction?,Construction Type,Light Condition,Weather Conditions,Surface Condition,Type of Median,Roadway Junction Type,Road Character,Roadway Surface,Primary Factor,Damage Estimate,Manner of Collision,Time Notified,Time Arrived,Investigation Complete?,Photos Taken?,Unique Location Id,State Property Damage?,Traffic Control,NARRATIVE
903458949,DNR LAW ENFORCEMENT,61901800,MONROE,CLEAR CREEK,BLOOMINGTON,9/15/2019,12:45 PM,2,1,0,0,0,4850,STATE ROAD 446,RD,,,,STATE ROAD 446,,,,,N,,,,39.091727,-86.423531,UNKNOWN,,N,N,RURAL,N,N,N,,DAYLIGHT,CLEAR,DRY,,NO JUNCTION INVOLVED,STRAIGHT/LEVEL,GRAVEL,VIEW OBSTRUCTED,UNDER $1001,LEFT/RIGHT TURN,1248,105,Y,Y,STATEROAD446RD,0,NONE,"On September 15th, 2019, at approximately 1245 hours, Tony Krefeldt-Stewart was driving a black Chevrolet Tahoe towing his blue boat trailer, Michigan plate B265848, when he took a right hand turn in the Cuttright boat ramp parking lot. While turning Mr. Krefeldt-Stewart's trailer made contact with the rear driver's side of a parked white Honda CRV. The owner of the white Honda, Veronica Vernon and Mr. Krefeldt-Stewart exchanged insurance information and waited for an officer to take a report. I, Indiana Conservation officer Kurt Kinser, Arrived at the scene of the accident and took pictures of the involved vehicles and took Mr. Krefeldt-Stewart and Veronica Vernon's information for a report."
903446768,BLOOMINGTON PD,B1939311,MONROE,BLOOMINGTON,BLOOMINGTON,9/16/2019,8:55 PM,3,0,0,0,0,,,,SR46,,,E STATE ROAD 46,7TH,,,,Y,,,,39.167648,-86.500096,LOCAL/CITY ROAD,,N,N,URBAN,N,N,N,,DARK (LIGHTED),CLEAR,DRY,,T-INTERSECTION,STRAIGHT/LEVEL,ASPHALT,FOLLOWING TOO CLOSELY,$25001 TO $50000,REAR END,858,904,Y,N,E7THSTESTATEROAD46HWY,0,NONE,D1 stated he was traveling north on E SR 46. D1 stated V2 and V3 were stopped in the roadway. D1 stated he was unable to stop in time and ran into the rear of V2 causing damage to both vehicles.D2 stated he was stopped in traffic while traveling north on E SR 46. D2 stated he was stopped behind V3 when V1 collided with the rear of his vehicle. D2 stated the collision caused his vehicle to then collide with V3 in front of him as well. D2 stated both collisions caused damage to both vehicles.D3 stated she was stopped in traffic while traveling north on E SR 46. D3 stated she heard the screeching of tires behind her then V2 collided with the rear of her vehicle causing damage to both.Witness 1 stated he was traveling north of E SR 46. Witness 1 stated he was in front of V3 and there was a vehicle in front of him attempting to make an invalid u-turn which led to the traffic stopping in the roadway. Witness 1 stated he was unable to locate the vehicle afterwards.
903446886,ELLETTSVILLE PD,E1905125,MONROE,RICHLAND,ELLETTSVILLE,9/16/2019,2:45 PM,2,0,0,0,0,601,EDGEWOOD,DR,,,,EDGEWOOD,,,,,Y,,,,39.2364,-86.631248,UNKNOWN,,N,N,URBAN,Y,N,N,,DAYLIGHT,CLEAR,DRY,,NO JUNCTION INVOLVED,STRAIGHT/LEVEL,ASPHALT,IMPROPER TURNING,$1001 TO $2500,LEFT/RIGHT TURN,245,245,Y,N,EDGEWOODDR,0,NONE,V-2 was parked in the parking lot and V-1 was pulling in to parking space next to V-2. V-1 believed that she had cleared the vehicle and wasn't clear. V-1 then collided with the rear driver side of V-2. V-2 was unoccupied. There will not be a diagram completed in a parking lot.
903446769,ELLETTSVILLE PD,E1901526,MONROE,RICHLAND,ELLETTSVILLE,9/16/2019,3:00 PM,1,0,0,0,0,,HARTSTRAIGHT,RD,,,,NORTH HARTSTRAIGHT,CAMPBELLS PARK,,,,Y,OTHER,,,0,0,LOCAL/CITY ROAD,,N,N,URBAN,N,N,N,,DAYLIGHT,CLEAR,DRY,,Y-INTERSECTION,STRAIGHT/LEVEL,ASPHALT,RAN OFF ROAD RIGHT,$2501 TO $5000,RAN OFF ROAD,342,342,Y,Y,NORTHCAMPBELLSPARKRDNORTHHARTSTRAIGHTRD,0,STOP SIGN,"D1 STATED HE NEVER TOOK CAMPBELLS PARK TO HARSTRAIGHT AND TODAY HE DID, D1 STATED HE WASN'T PAYING ATTENTION AND RAN OFF THE ROAD AND HIT THE STOP SIGN AT THE INTERSECTION OF HARTSTRIAGHT AND CAMPBELLS PARK."
903446275,INDIANA UNIV BLOOMINGTON PD,191980,MONROE,BLOOMINGTON,BLOOMINGTON,9/16/2019,3:03 AM,2,0,0,0,0,,7TH,ST,,,,E 7TH,CAMPBELL,,,,Y,,,,0,0,,,,Y,URBAN,N,N,N,,DARK (LIGHTED),CLEAR,DRY,,NO JUNCTION INVOLVED,CURVE/LEVEL,ASPHALT,OTHER (VEHICLE) - EXPLAIN IN NARRATIVE,$1001 TO $2500,SAME DIRECTION SIDESWIPE,1044,1057,Y,N,E7THSTNCAMPBELLST,0,NONE,"Sometime between 0000-0930 hours on 9/16/2019 an unknown vehicle struck V1. V1 was parked on the north side of 7th Street, just west of the intersection of 7th and Campbell. Caden Murat, the last operator of the vehicle, advised that he had parked the car, undamaged, at approximately 0000 hours on 9/16/2019. Murat advised that at approximately 0930 hours he left for class and noticed damage to V1. V1 had damage to the back driver side taillight and the surrounding area. The turn signal was no longer functional. None of the cars in the immediate area had damage consistent with collision and there are no known suspect vehicles."
903447472,MONROE SD,M19A30612,MONROE,CLEAR CREEK,BLOOMINGTON,9/16/2019,8:46 AM,1,0,0,0,0,3078,MATTATHA,DR,,,,E MATTATHA,,,,,N,PRIVATE,,,0,0,COUNTY ROAD,,N,N,RURAL,N,N,N,,DAYLIGHT,CLEAR,DRY,,NO JUNCTION INVOLVED,STRAIGHT/LEVEL,ASPHALT,RAN OFF ROAD RIGHT,$2501 TO $5000,RAN OFF ROAD,848,910,Y,N,EMATTATHADR,0,NONE,"V1 WAS A USIC WORK TRUCK DRIVEN BY AN EMPLOYEE. D1 ADVISED WHILE DRIVING IN THE 3000 BLOCK OF EAST MATTATHA DRIVE A DEER RAN OUT ON IN FRONT OF HIM. HE TRIED TO AVOID COLLIDING WITH THE DEER AND LOCKED HIS BRAKES UP. D1 LOST CONTROL OF V1, RAN OFF THE ROADWAY AND INTO A BRICK MAILBOX, V1 HAD SIGNIFICANT FRONT END DAMAGE AND THE BRICK MAILBOX WAS DESTORYED."
903451903,ISP BLOOMINGTON 33,2.019E+11,MONROE,PERRY,BLOOMINGTON,9/16/2019,12:59 M,2,,0,0,0,3585,W STATE RD 45,,,,,,,,,,N,,528,E,39.1420787,-86.58145571,,,,,RURAL,N,N,N,,DAYLIGHT,CLEAR,DRY,,NO JUNCTION INVOLVED,,ASPHALT,FAILURE TO YIELD RIGHT OF WAY,$1001 TO $2500,RIGHT ANGLE,1306,1332,Y,N,,0,,"On Monday, September 16, 2019 at 12:59, Mark Clephane responded to a report o f a crash at 3585 State Rd 45 in the Walmart Parking Lot located in Bloomington, Monroe County, Indiana. At the time of the crash, the weather was clear and the road surface was dry. M/Trp. Clephane was told the crash was near the grocery entrance of Walmart. Upon my arrival, there were two ambulances at the grocery entrance, and they were transporting a subject for a medical issue with no crash involved. Observing no crash, M/Trp. Clephane advised radio and left. A short time later, radio advised the crash actually being located in row 10 of the parking lot and that one vehicle had left the scene of the crash. Vehicle 1, red 2019 Chevrolet Spark, bearing Illinois temporary plate 669U162 which had expired on 6/12/2019 was making a U-turn through parking slots and in between parked cars, west of row 10. Vehicle 2, red 2015 Toyota Sienna min-van, bearing Indiana registration RNE284 is going straight south in Row 10 of the Walmart Parking Lot. As V-2 traveled south in Row 10, V-1 made a U-turn through empty parking spaces between parked cars, and as V-1 was finishing his U-turn between parked cars, the front left of V-1 struck the right side of V-2.After the crash, both vehicles backed into empty parking spaces and both drivers got out of their respective vehicles. Driver 2 Elizabeth Byrge, stated that Driver 1 Anton Cowens made the statement that the vehicle was his girlfriend's car. Cowens then left the vehicles and ran inside Walmart through the Grocery Entrance. Cowens went straight to the Customer Service Desk where he spoke with a black female, who was up at the register attempting to return some items. Cowens makes a brief statement to the female, Zeshawn Lewis who is the registered owner of the car, and then Cowen leaves running back out of Walmart. Cowens returns to the where the crashed cars are parked and goes around the passenger side of Vehicle 2 with Elizabeth Byrge to observe the damage. Cowens then walks around the vehicle and over to his girlfriends' vehicle where Cowens gets in and drives away leaving the Walmart lot towards Liberty Drive.Driver 1, Elizabeth Byrge stated that Driver 1 was wearing a blue polo shirt, black male, with his hair cut short. Byrge stated that the male driver told her he was driving his girlfriend's vehicle. Byrge was able to provide the temporary Illinois license plate number for V-1 being 669U162. This unit then contacted Bloomington Post and had them run the information through IDACS and then through the Illinois Authorities and was able to obtain that the vehicle was owned and registered to Zeshawn Lewis, had been purchased at Kingdom Chevrolet Inc., and had an expired temporary plate which had expired on 6-19-2019. Bloomington Radio was able to further advise that Zeshawn Lewis had a date of birth of 10/10/1996. This unit then met with Walmart Loss Prevention Specialist Chad Otto and we reviewed multiple cameras and transactions involved in this incident. Video of the crash and it's aftermath as described above if captured on video. Also not mentioned earlier, when Lewis' return is declined, Walmart's system did not keep her identifying information, however she is still on the video. When Lewis leaves Walmart, after having Cowens come in and speak to her basically in her ear, Lewis leaves by means of going out of the Pharmacy side exit and walks completely out of the camera ranges in the parking lot walking toward the back side of Sam's.This unit continued to investigate and was able to obtain contact numbers for Lewis' parents in Chicago and spoke with them by telephone. Lewis's father said that his daughter had ""taken a bad turn"" and that she was staying with what he called at first a clown, then corrected himself and stated Cowens. Mr. Lewis stated that he would contact his wife, Betty Lewis, and she might have further. A short time later, Betty Lewis called the Post and informed t"
903446998,MONROE SD,M19A30595,MONROE,VAN BUREN,BLOOMINGTON,9/16/2019,4:42 AM,1,0,1,0,0,,,,SR48W,,,SR48W,VERNAL,,,,N,,3200,W,0,0,STATE ROAD,,N,N,RURAL,N,N,N,,DARK (NOT LIGHTED),CLEAR,WET,,NO JUNCTION INVOLVED,CURVE/GRADE,ASPHALT,SPEED TOO FAST FOR WEATHER CONDITIONS,$5001 TO $10000,RAN OFF ROAD,442,450,Y,Y,SR48WWESTVERNALPIKE,0,NONE,"Vehicle 1 was traveling eastbound in the 9000 Block of West State Road 48 in Bloomington, Monroe County, Indiana shortly before 0500 AM. A recent, light rain shower had made roadway conditions throughout the west and northwest parts of Monroe County slippery. Driver 1 states he was operating near the posted speed limit of 55 MPH while navigating a sweeping left turn between West State Road 43 and West Vernal Pike. Driver 1 reported a loss of traction with the roadway as vehicle 1 slid towards the lower ditch on the inner radius of the curve. Upon entering the ditch, vehicle 1's rear pickup bed/bumper collided with the embankment and caused the vehicle to roll approximately two times before landing back on the tires within the ditch and perpendicular to the roadway. Driver 1 reported minor abrasions to his arms and neck sustained during the collision and stated he is diabetic. Responding EMS checked blood sugar levels and general vital signs and determined that immediate medical attention was not required. Driver 1 left the scene with his father. Vehicle 1 was removed from the scene by Ken's Westside Towing to their storage lot in Bloomington, Indiana."
903446130,INDIANA UNIV BLOOMINGTON PD,191979,MONROE,BLOOMINGTON,BLOOMINGTON,9/16/2019,8:46 AM,2,1,0,0,0,,,,SR45S,,,SR45S,10TH,,,,Y,,,,39.176848,-86.478192,STATE ROAD,Y,N,N,URBAN,N,N,N,,DAYLIGHT,CLEAR,DRY,,FOUR-WAY INTERSECTION,STRAIGHT/LEVEL,ASPHALT,FOLLOWING TOO CLOSELY,UNDER $1001,REAR END,848,858,Y,N,10THSTSR45S,0,TRAFFIC CONTROL SIGNAL,V1 and V2 were in the left lane facing South on the 45/46 Bypass. V2 had a trailer on the back. V2 was at a complete stop waiting on the light to turn green at the 10th Street and 45/46 Bypass intersection. D2 stated that while he was sitting waiting on the light to turn he was rear ended. D1 stated that her vehicle rolled in to V2. D1 stated that she rolled in to the back of the trailer of V2. There was very minor damage to both vehicles.
903446366,BLOOMINGTON PD,B1939230,MONROE,BLOOMINGTON,BLOOMINGTON,9/16/2019,12:51 PM,2,1,0,0,0,,S GRANT,ST,,,,S GRANT,W 4TH,,,,Y,,,,39.165648,-86.529712,LOCAL/CITY ROAD,,N,N,URBAN,N,N,N,,DAYLIGHT,CLEAR,DRY,,FOUR-WAY INTERSECTION,STRAIGHT/LEVEL,ASPHALT,IMPROPER PASSING,$1001 TO $2500,SAME DIRECTION SIDESWIPE,1251,1253,Y,Y,SGRANTSTW4THST,0,NONE,"D1 advised that he was traveling S/B n Grant St, when he struck V2 while parked.D1 advised that he was traveling S/B on Grant St. D1 advised that while approaching the intersection of 4th & Grant, he struck V2 while parked. D1 advised that he got too close to V2, due to V2 rear end partially in the roadway. D1 was not injured.V2 was parked and unoccupied. Due to D1 improper lane usage, V1 struck V2."
903447088,INDIANA UNIV BLOOMINGTON PD,191996,MONROE,BLOOMINGTON,BLOOMINGTON,9/16/2019,8:00 PM,2,0,0,0,0,2015,DUNN,ST,,,,NORTH DUNN,,,,,Y,,,,39.165648,-86.528144,UNKNOWN,,N,Y,URBAN,N,N,N,,DARK (LIGHTED),CLEAR,DRY,,NO JUNCTION INVOLVED,STRAIGHT/LEVEL,ASPHALT,OTHER (DRIVER) - EXPLAIN IN NARRATIVE,$1001 TO $2500,OTHER - EXPLAIN IN NARRATIVE,1113,1113,Y,Y,NORTHDUNNST,0,NONE,Explain in Narrative:Other Location of Investigation: The crash was reported on station.Other Driver Primary Cause: There is no known information as to what the primary cause of the crash is.Type of Crash: It is unknown what kind of crash occurred. Driver Factors V1: It is unknown if or what driver factors contributed to the crash.Vehicle Factors V1: It is unknown if or what vehicle factors contributed to the crash.Environmental Factors V1: It is unknown if or what environmental factors contributed to the crash.Driver Factors V2: It is unknown if or what driver factors contributed to the crash.Vehicle Factors V2: It is unknown if or what vehicle factors contributed to the crash.Environmental Factors V2: It is unknown if or what environmental factors contributed to the crash.D1 stated he had left his vehicle parked in the parking lot of his apartment complex facing north.D1 stated that he had left his vehicle parked in the parking lot of his apartment complex at approximately 1930 hours. D1 stated he then returned to his car at approximately 2130 hours and noticed that there was damage to his passenger side front quarter panel. There was white paint transfer on D1's vehicle. D1 did not find any identifying information pertaining to the other driver on or near his vehicle and could not locate the other vehicle.There is no information known in regards to the other vehicle or how the crash occurred. Pictures of D1's vehicle were taken.
903446404,INDIANA UNIV BLOOMINGTON PD,191981,MONROE,PERRY,BLOOMINGTON,9/16/2019,1:00 PM,2,0,0,0,0,928,3RD,ST,,,,E 3RD,,,,,Y,,,,39.164352,-86.52216229,UNKNOWN,,N,N,URBAN,N,N,N,,DAYLIGHT,CLEAR,DRY,,NO JUNCTION INVOLVED,STRAIGHT/LEVEL,ASPHALT,UNSAFE BACKING,$2501 TO $5000,BACKING CRASH,104,111,Y,N,E3RDST,0,NONE,D1 was facing south attempting to back up to travel north. D2 was stationary facing north. D1 stated she was looking at her rear view assist camera attempting to back up to begin traveling north. D1 said she did not look at her rear view mirrors and kept backing up and struck D2 with her driver side rear quarter panel. D1 stated that it was her fault as she was not paying attention. D2 stated he was parked facing north letting a passenger out. D2 stated that D1 then backed into his vehicle striking him on the rear driver side quarter panel. Both vehicles had damage to the rear driver side quarter panel of their vehicles. There were no reported injuries and neither car was towed.
903445956,MONROE SD,M19A30589,MONROE,CLEAR CREEK,BLOOMINGTON,9/16/2019,12:15 AM,2,0,0,0,0,,CRAMER CIRCLE,CIR,,,,SOUTH CRAMER CIRCLE,ROCKCREST,,,,N,,120,N,0,0,LOCAL/CITY ROAD,,N,Y,RURAL,N,N,N,,DARK (LIGHTED),CLEAR,DRY,,NO JUNCTION INVOLVED,STRAIGHT/LEVEL,ASPHALT,RAN OFF ROAD RIGHT,$10001 TO $25000,RAN OFF ROAD,1217,1222,Y,Y,ROCKCRESTDRSOUTHCRAMERCIRCLECIR,0,NONE,V2 was traveling north on Cramer Circle when it veered off the roadway striking V1 as V1 was sitting unoccupied in the drive way of 3805 S. Cramer Circle. The Owner of V1 stated he was in his bedroom above the garage when he heard a loud noise outside his bedroom window . He looked out his window and saw a black SUV back out of his drive and speed away. While we were on scene of the hit and run accident V2 showed back up to the scene. There was a female driver that originally claimed that she was driving during the accident but later admitted that D1 was actually driving V2. D2 did not return to the scene and we were unable to speak with him. At this time we have no evidence that D1 was the driver except for the word of the female that came back to the scene. I am continuing the investigation on who actually was driving at the time of the accident. V1 was not towed as it was not a traffic hazard.
903446109,BLOOMINGTON PD,B1939192,MONROE,PERRY,BLOOMINGTON,9/16/2019,9:00 AM,2,0,0,0,0,,WYLIE,ST,,,,WYLIE,WASHINGTON,,,,Y,,60,E,39.158448,-86.53218833,,,N,Y,RURAL,N,N,N,,UNKNOWN,CLEAR,DRY,,NO JUNCTION INVOLVED,STRAIGHT/GRADE,ASPHALT,UNSAFE LANE MOVEMENT,$1001 TO $2500,OPPOSITE DIRECTION SIDESWIPE,900,905,Y,Y,WASHINGTONSTWYLIEST,0,NONE,V1 was parked along Wylie Street just East of Washington Street on the North side of the road. V1 was struck by an unknown vehicle and caused damage to the passenger side of the vehicle.
903446258,BLOOMINGTON PD,B1939209,MONROE,BLOOMINGTON,BLOOMINGTON,9/16/2019,10:43 AM,2,0,0,0,0,,E 4TH,ST,,,,E 4TH,S INDIANA,,,,Y,,50,W,39.165648,-86.526848,LOCAL/CITY ROAD,,N,N,URBAN,N,N,N,,DAYLIGHT,CLEAR,DRY,,NO JUNCTION INVOLVED,STRAIGHT/LEVEL,ASPHALT,FAILURE TO YIELD RIGHT OF WAY,$2501 TO $5000,SAME DIRECTION SIDESWIPE,1043,1051,Y,N,E4THSTSINDIANAAVE,0,NONE,"D1 that V1 was parallel parked along the south side of E. 4th Street, facing east. D1 stated that he was attempting to pull out out of his parking spot onto E. 4th Street and collided with V2; D1 stated that he did not notice V2. D2 stated that she was driving V2 eastbound on E. 4th Street approaching S Indiana Avenue. D2 stated that she noticed V1 appeared to be waiting for an opportunity to merge out of its parking space, but she believed that D1 saw her vehicle and would stop. D2 stated that as she was passing by V1, it struck her rear passenger side. D1 failed to yield right of way to the eastbound traffic on E. 4th Street, resulting in a collision."
903446789,INDIANA UNIV BLOOMINGTON PD,191988,MONROE,BLOOMINGTON,BLOOMINGTON,9/16/2019,1:30 PM,2,0,0,0,0,,FISHER,CT,,,,N FISHER,JORDAN,,,,Y,,,,0,0,LOCAL/CITY ROAD,,N,N,URBAN,N,N,N,,DAYLIGHT,CLEAR,DRY,,NO JUNCTION INVOLVED,STRAIGHT/LEVEL,ASPHALT,UNSAFE BACKING,UNDER $1001,SAME DIRECTION SIDESWIPE,733,741,Y,Y,NFISHERCTNJORDANAVE,0,NONE,"Lauryn Johnson, daughter of Owner 2, called IUPD after discovering fresh damage on the rear bumper of Vehicle 2 (V2). V2 was parked in a parallel parking space on Fisher Ct, facing northbound. Vehicle 1 (V1) was parked directly behind V2 facing the same direction.Damage to V2 consisted of light scrapes to the driver's side corner of the rear bumper. There was matching fresh damage on the passenger's side corner of the front bumper of V1. V1 also had older damage all over the front bumper.The complainant said the damage was not on V2 when she last parked, but noticed it right away especially because V1 was parked extremely close to V2.I was able to contact Driver 1 (D1) by telephone and asked her to return to her vehicle. She said she parallel parked around 1:30PM after returning from class, and knew that she did not have much room because there was a vehicle behind her that she was being cautious about avoiding as she backed into the space. She said she did not realize she made contact with V2 and was very apologetic."
903446837,INDIANA UNIV BLOOMINGTON PD,191989,MONROE,BLOOMINGTON,BLOOMINGTON,9/16/2019,7:50 PM,2,0,0,0,0,,,,SR46,,,SR46,17TH,,,,Y,,209,N,39.18022946,-86.50762982,STATE ROAD,Y,N,N,URBAN,N,Y,N,,DAYLIGHT,CLEAR,DRY,,T-INTERSECTION,STRAIGHT/LEVEL,ASPHALT,UNSAFE LANE MOVEMENT,$1001 TO $2500,REAR END,752,755,Y,N,EAST17THSTSR46,0,TRAFFIC CONTROL SIGNAL,"V1 was traveling east bound on State Road 45/46 approaching the 17th St. intersection, in the far right hand lane, slowing down to stop at the red traffic signal.V2 was stopped facing east bound on State Road 45/46 at the 17th St. intersection, in the middle lane. D1 stated he was traveling east bound and did not realize he was drifting into the right hand lane before striking V2 in the rear.D2 stated she was stopped awaiting the traffic signal to change when she was struck from behind. V1 had damage to the front passenger side bumper and the bumper was pushed into the tire making it undriveable. V1 was towed by Ken's West Side to D1's home. V2 had damage to the rear driver side bumper."
903446723,BLOOMINGTON PD,B1939290,MONROE,BLOOMINGTON,BLOOMINGTON,9/16/2019,6:31 PM,3,0,0,0,0,710,N MORTON,ST,,,,N MORTON,,,,,Y,,,,39.173216,-86.536,UNKNOWN,,N,N,URBAN,N,N,N,,DARK (LIGHTED),CLEAR,DRY,,NO JUNCTION INVOLVED,CURVE/GRADE,ASPHALT,FAILURE TO YIELD RIGHT OF WAY,$2501 TO $5000,LEFT/RIGHT TURN,631,632,Y,Y,NMORTONST,0,NONE,"D1 was headed E/B in the parking garage at 710 N Morton St, attempting to leave the garage. D2 was backing out of a marked parking space. V1 then struck V2 in the rear passenger side, which then caused V2 to strike V3 in the rear passenger side. D1 stated that that she was headed E/B in the parking garage at 710 N Morton St, attempting to leave the garage. D1 stated that as she began making a right turn on the second floor of the garage, she struck V2 as it was backing out of a parking space. V1 sustained moderate damage to the front of the vehicle. D2 stated that she was on the second floor of the parking garage at 710 N Morton St and attempted to back out of a parking space. D2 stated that she was then struck by V1, which then caused her vehicle to strike V3. V2 sustained moderate damage to the rear passenger side and mid driver's side. D3/V3 was parked in a marked parking space. Contact was not made with the vehicle owner, however a copy of the accident form was left on the windshield of the vehicle."
903447473,MONROE SD,M19A30634,MONROE,PERRY,BLOOMINGTON,9/16/2019,10:01 AM,2,0,0,0,0,,,,SR37S,,,SR37S,SOUTH OLD STATE ROAD 37,,,,N,,,,39.085632,-86.542304,STATE ROAD,Y,N,N,RURAL,N,Y,N,,DAYLIGHT,CLEAR,DRY,,FOUR-WAY INTERSECTION,STRAIGHT/LEVEL,ASPHALT,DISREGARD SIGNAL/REG SIGN,$5001 TO $10000,OTHER - EXPLAIN IN NARRATIVE,1008,1015,Y,N,SOUTHOLDSTATEROAD37RDSR37S,0,TRAFFIC CONTROL SIGNAL,V1 COLLIDED WITH V2 AT THE INTERSECTION OF SOUTH STATE ROAD 37 AND SOUTH STATE ROAD 37. V2 WAS TRAVELING NORTHBOUND ON STATE ROAD 37 AND V1 WAS TRAVELING SOUTHWEST ON SOUTH OLD STATE ROAD 37. D2 STATED THAT D1 RAN THE RED LIGHT IN THE INTERSECTION CAUSING THE COLLISION. D1 STATED HE THOUGHT HE HAD THE GREEN LIGHT. D2 PROVIDED ME WITH WITNESS INFORMATION FOR TWO DRIVERS THAT HAD LEFT THE SCENE PRIOR TO ARRIVAL. EVIDENCE WOULD INDICATED THAT D1 MAY HAVE ACCIDENTLY PROCEEDED THROUGH THE RED LIGHT CAUSING THE CRASH.
903447204,MONROE SD,M19A30800,MONROE,BEAN BLOSSOM,BLOOMINGTON,9/17/2019,12:59 PM,1,0,0,0,0,,LOW GAP,RD,,,,LOW GAP,ANDERSON,,,,N,,5280,N,39.29357037,-86.40061201,LOCAL/CITY ROAD,,N,N,RURAL,N,N,N,,DAYLIGHT,CLEAR,DRY,,NO JUNCTION INVOLVED,CURVE/LEVEL,ASPHALT,RAN OFF ROAD RIGHT,$2501 TO $5000,RAN OFF ROAD,104,149,Y,N,ANDERSONRDLOWGAPRD,0,LANE CONTROL,D1 ran off roadway.
903447228,ELLETTSVILLE PD,E1905153,MONROE,RICHLAND,ELLETTSVILLE,9/17/2019,3:48 PM,2,0,0,0,0,,TURTLEBACK CREEK,RD,,,,SOUTH TURTLEBACK CREEK,PARK,,,,Y,,300,N,0,0,LOCAL/CITY ROAD,,N,N,URBAN,N,N,N,,DAYLIGHT,CLEAR,DRY,,NO JUNCTION INVOLVED,STRAIGHT/GRADE,ASPHALT,VIEW OBSTRUCTED,$5001 TO $10000,BACKING CRASH,353,357,Y,Y,SOUTHPARKSTSOUTHTURTLEBACKCREEKRD,0,NONE,"D1 WAS BACKING OUT OF HIS DRIVEWAY, HE STATED HE LOOKED BOTH WAYS BUT MUST HAVE MISSED D2. THERE WERE TALL PLANTS NEXT TO DRIVEWAY WHICH WOULD MAKE IT HARD TO SEE AROUND THEM WHEN BACKING.D2 STATED SHE WAS TRAVEING SOUTH WHEN D1 BACKED OUT OF THE DRIVEWAY AND INTO THE SIDE OF HER VEHICLE. BOTH DECLINED MEDICAL. D2 CONTACTED OWN PRIVATE TOW TO HAVE IT TOWED BACK TO RESIDENCE. APPEARED TO BE DAMAGE TO WHEEL AND AND SUSPENSION.VEHICLES WERE MOVED PRIOR TO ARRIVAL."
903448701,ELLETTSVILLE PD,E1905154,MONROE,RICHLAND,ELLETTSVILLE,9/17/2019,8:17 AM,2,0,0,0,0,,,,SR46W,,,SR46W,ENWRIGHT,,,,Y,,,,,,STATE ROAD,,N,N,URBAN,N,N,N,,DAYLIGHT,CLEAR,DRY,,NO JUNCTION INVOLVED,CURVE/LEVEL,ASPHALT,FOLLOWING TOO CLOSELY,$2501 TO $5000,REAR END,843,850,Y,N,ENWRIGHTDRSR46W,0,NONE,Driver one attempted to stop before hitting driver two but was unable to do so — both vehicles westbound and Indiana State Road 46 near Enwright Drive. No Diagram vehicles moved before my arrival.