Master Record Number,Agency,Local Code,County,Township,City,Collision Date,Collision Time,Vehicles Involved,Trailers Involved,Number Injured,Number Dead,Number Deer,House Number,Roadway Name,Roadway Suffix,Roadway Number,Roadway Interchange,Roadway Ramp,Roadway Id,Intersecting Road,Intersecting Road Number,Mile Marker,Interchange,Corporate Limits?,Property Type,Feet From,Direction,Latitude,Longitude,Roadway Class,Traffic Control Devices?,Aggressive Driving?,Hit and Run?,Locality,School Zone?,Rumble Strips?,Construction?,Construction Type,Light Condition,Weather Conditions,Surface Condition,Type of Median,Roadway Junction Type,Road Character,Roadway Surface,Primary Factor,Damage Estimate,Manner of Collision,Time Notified,Time Arrived,Investigation Complete?,Photos Taken?,Unique Location Id,State Property Damage?,Traffic Control,NARRATIVE
903447299,BLOOMINGTON PD,B1939431,MONROE,BLOOMINGTON,BLOOMINGTON,9/17/2019,10:00 AM,2,0,0,0,0,790,BASSWOOD,DR,,,,S BASSWOOD,,,,,Y,,,,0,0,UNKNOWN,,N,Y,URBAN,N,N,N,,UNKNOWN,CLEAR,DRY,,NO JUNCTION INVOLVED,STRAIGHT/LEVEL,ASPHALT,UNSAFE BACKING,$1001 TO $2500,,700,705,Y,N,SBASSWOODDR,0,NONE,V2 WAS PARKED ON THE PRIVATE LOT AT 790 S. BASSWOOD DR. WHEN V1 STRUCK THE FRONT PASSENGER SIDE PORTION OF HIS VEHICLE BETWEEN 09/16/2019 AT 1830 HOURS AND 09/17/2019 AT 1000 HOURS.
903447428,INDIANA UNIV BLOOMINGTON PD,192008,MONROE,BLOOMINGTON,BLOOMINGTON,9/17/2019,7:50 PM,2,0,0,0,0,,UNIVERSITY,AVE,,,,UNIVERSITY,BALLANTINE,,,,Y,,150,E,,,UNKNOWN,,N,N,URBAN,N,N,N,,DAYLIGHT,CLEAR,DRY,,NO JUNCTION INVOLVED,STRAIGHT/LEVEL,ASPHALT,IMPROPER TURNING,$1001 TO $2500,RIGHT TURN,949,952,Y,N,BALLANTINERDUNIVERSITYAVE,0,NONE,Vehicle 1 was attempting to park facing north on the north side of University Avenue approximately 145 feet east of the intersection of Ballantine Road. Vehicle 2 was parked facing north on the north side of University Avenue approximately 150 feet east of the intersection of Ballantine Road.Driver 1 advised she was attempting to park next to Vehicle 2. She stated that as she pulled into the parking spot the rear of her vehicle was too close to Vehicle 2 and struck the rear driver's side bumper with her rear passenger side quarter panel. Owner of Vehicle 2 arrived at her vehicle after the accident.No one involved complained of any injuries.Vehicle 1 had damage to the rear passenger quarter panel. Vehicle 2 had damage to the rear driver's side bumper.Both parties met at the IU Police Station to file the report. Neither subject knew which parking spots they were in. Due to the vehicles being moved and the subjects being unsure of the exact spots they were in a diagram was not completed.
903447272,BLOOMINGTON PD,B1939420,MONROE,BLOOMINGTON,BLOOMINGTON,9/17/2019,5:10 PM,2,0,0,0,0,,WALNUT,ST,,,,S WALNUT,RIDGEVIEW,,,,Y,,,,39.13197,-86.53144,LOCAL/CITY ROAD,,N,N,URBAN,N,N,N,,DAYLIGHT,CLEAR,DRY,,FOUR-WAY INTERSECTION,STRAIGHT/HILLCREST,ASPHALT,FAILURE TO YIELD RIGHT OF WAY,$5001 TO $10000,RAN OFF ROAD,510,512,Y,N,ERIDGEVIEWDRSWALNUTST,0,NONE,D1 STATED THAT HE WAS TRAVELING SOUTHBOUND ON S. WALNUT ST NEAR THE INTERSECTION WITH E. RIDGEVIEW DR WHEN HE TRIED TO MAKE A U-TURN IN FRONT OF V2 CAUSING HIM TO STRIKE HER AND RUN OFF THE ROAD. D2 STATED THAT SHE WAS TRAVELING NORTHBOUND ON S. WALNUT ST NEAR THE INTERSECTION WITH E. RIDGEVIEW DR WHEN V1 TRIED TO MAKE A U-TURN IN FRONT OF HER CAUSING HER TO RUN OFF THE ROADWAY AND STRIKE V1
903447216,BLOOMINGTON PD,B1939407,MONROE,BLOOMINGTON,BLOOMINGTON,9/17/2019,3:25 PM,1,0,1,0,0,,2ND,ST,,,,W 2ND,PATTERSON,,,,Y,,,,0,0,LOCAL/CITY ROAD,Y,N,N,URBAN,N,N,N,,DAYLIGHT,CLEAR,DRY,,FOUR-WAY INTERSECTION,STRAIGHT/LEVEL,CONCRETE,FAILURE TO YIELD RIGHT OF WAY,UNDER $1001,RIGHT TURN,329,330,Y,Y,SPATTERSONDRW2NDST,1,TRAFFIC CONTROL SIGNAL,"P1 stated that he was on his bicycle preparing to cross W. 2nd St northbound at the intersection of S. Patterson Dr. P1 advised he had the walk signal and when he entered the roadway was struck by V1 on his left side. P1 stated he was not knocked off his bicycle. P1 had a complaint of pain on the left side of his hip. P1 was checked by EMS but refused transport at this time. D1 stated she was facing east on W. 2nd Street preparing to make a right hand turn onto S. Patterson Drive. D1 advised she saw P1, but did not believe he was crossing. When she went to make the turn P1 stepped out onto the road and she slightly tapped him. D1 did not report any injuries at this time."
903447169,INDIANA UNIV BLOOMINGTON PD,192002,MONROE,BLOOMINGTON,BLOOMINGTON,9/17/2019,12:25 PM,2,0,0,0,0,1315,10TH,ST,,,,10TH STREET,,,,,Y,,,,39.17157943,-86.51826514,UNKNOWN,,N,N,URBAN,N,N,N,,DAYLIGHT,CLEAR,DRY,,NO JUNCTION INVOLVED,STRAIGHT/LEVEL,ASPHALT,IMPROPER PASSING,UNDER $1001,SAME DIRECTION SIDESWIPE,1232,1239,Y,Y,10THSTREETST,0,NONE,D1 was traveling south in the parking lot. D2 was parked facing south in the parking lot.D1 stated he was driving in the parking lot headed south when he noticed D2 was parked facing south. D1 stated he attempted to drive around D2's parked vehicle and thought he had more space than he did due to a food truck occupying a significant amount of the parking lot. D1 stated he then struck D2's side mirror with the passenger side of his vehicle. D1 stated that he was at fault since he thought he had more room than he actually did. D1 stated he did not have any damage to his vehicle but stated there was paint transfer on D2's side mirror.D2 then left the scene without giving D1 any information in regards to his insurance or name. D1 stated that he got D2's license plate which was an Indiana CM plate UFM955 which came back to a 2004 Silver Lexus GX7. D2 stated he was unfamiliar with the law and had no malicious intent. D2 provided his information willingly. D2 stated that he was parked in the parking lot facing south. D2 stated D1 struck his vehicle and lightly damaged the side mirror of D2's vehicle which left paint transfer.There were no reported injuries.
903448095,BLOOMINGTON PD,B1939587,MONROE,BLOOMINGTON,BLOOMINGTON,9/18/2019,6:30 PM,2,0,0,0,0,,S DUNN,ST,,,,S DUNN,E 4TH,,,,Y,,,,39.165648,-86.528144,LOCAL/CITY ROAD,,N,Y,URBAN,N,N,N,,DAYLIGHT,CLEAR,DRY,,FOUR-WAY INTERSECTION,STRAIGHT/LEVEL,ASPHALT,OTHER (DRIVER) - EXPLAIN IN NARRATIVE,UNDER $1001,BACKING CRASH,900,905,Y,Y,E4THSTSDUNNST,0,STOP SIGN,"V1 and V2 were traveling E/B on W 4th ST. V1 struck V2 while backing. D1 left the scene of the accident. D2 stated that around 6:30pm she was traveling E/B on W 4th ST. D2 stated that a black Toyota Sequoia was directly in front of her vehicle, slowing down. D2 stated that another vehicle came to a stop abruptly, and D1 slammed on it's brakes. D2 stated that she then noticed that D1 started to back up. D2 stated that she then felt the impact of D1 colliding her her vehicle. D2 stated that she didn't notice any damage to her vehicle until 9:00pm. Due to D1 unsafe backing, V1 struck V2."
903455143,ISP BLOOMINGTON 33,2.019E+11,MONROE,INDIAN CREEK,BLOOMINGTON,9/18/2019,21:03 M,3,,1,0,0,,I-69,,,,,,,,109.2,,N,,0,S,39.07183837,-86.62467275,INTERSTATE,,,,RURAL,N,N,N,,DARK (NOT LIGHTED),CLEAR,DRY,,NO JUNCTION INVOLVED,,ASPHALT,OTHER (DRIVER) - EXPLAIN IN NARRATIVE,$25001 TO $50000,OTHER - EXPLAIN IN NARRATIVE,2106,2132,Y,Y,,0,,"Primary Cause- Driver- Other- Vehicle#1 was stopped perpendicular in the roadway at the time of the crash. Driver#1 had previously crashed (Crash number 201900328606) into the guardrail and was stationary at the time of this crash. Vehicle#2 was unable to to avoid striking Vehicle#1 in the roadway. Vehicle#3 struck debris in the roadway.Interstate 69 is a multi-lane road that has two lanes of travel going north and two lanes of travel going south in Monroe County. The roadway is straight in the area of the 109.2 mile marker southbound and is divided with a center grass median and guardrails. The roadway has no grade and is marked with center lines and fog lines. The crash scene was dark with no ambient light from street lights or nearby residences. At the time of the crash the weather was clear and the roadway was dry.Vehicle#1 (Red 2006 Lexis) was stopped perpendicular (facing east) in the southbound lanes of Interstate 69 near the 109.2 mile marker. Driver#1 had previously crashed into a guardrail and came to final rest in the middle of Interstate 69. Vehicle#2 (2002 Pink Peterbilt) was traveling southbound in the right lane and struck Vehicle#1 in the driver's side rear. This action caused Vehicle#1 to rotate counterclockwise and come to a final rest against the median side guardrail, facing north. Vehicle#2 lost control and continued southbound, leaving tire marks on the roadway in the right lane. Vehicle#2 traveled to the left and struck the median guardrail at the Harmony Road overpass. Vehicle#2 continued through the median in a southeasterly direction and struck the northbound side guardrail median. Vehicle#2 then crossed the northbound lanes of Interstate 69, overturned and traveled down an embankment and came to final rest on its passenger's side off the roadway, facing southeast. Vehicle#3 (White 2015 Kenworth) was southbound in the right lane behind Vehicle#2 and struck debris from Vehicle#1 causing damage to the front left bumper. Vehicle#3 came to a controlled stop on the the southbound shoulder near the 109 mile marker. Vehicle#1 and Vehicle#2 were towed from the scene by Ken's West Side Towing. Vehicle#3 was released from the scene.Driver#1 could not remember many details of the crash. She stated that she went out for a drive and did not have a specific destination in mind. Driver#1 stated she was traveling southbound on Interstate 69. She became sleepy and woke up after she struck a guardrail. She did not remember being stopped in the middle of Interstate 69 or Vehicle#2 striking her vehicle. Driver#1 stated that she had on her seat belt at the time of the crash, and she was not using her mobile phone. Driver#2 ( Keith A. Williamson) stated that he was traveling southbound in the right lane on Interstate 69 near the 109.2 mile marker traveling around 65-70 miles per hour. Driver#2 stated he heard the front of his truck strike something in the roadway and believed that he struck a deer but was not sure. After striking the object, he stated that he saw ""red dust"" and believed that he struck a deer. He lost steering and crossed the center median and flipped over. Driver#3 ( Brad Allen) stated that he was a safe distance behind Vehicle#2 (approximately 300 feet) and saw Vehicle#2 cross the median and did not witness anything else.I arrived on scene and observed Vehicle#2 flipped on its right side partially in the northbound lane. Vehicle#2 had heavy damage to the front left side consistent with striking Vehicle#1. Vehicle#2 was loaded with multiple metal coils, weighting approximately 30,000 pounds total. Most of the metal coils fell off as a result of the crash. Vehicle#3 had a dent in the front left bumper and a cracked hood. This was consistent with striking debris in the roadway after Vehicle#2 struck Vehicle#1. Crash reconstruction was performed by Sgt. Eric Russell and is documented under case number 19ISPC011161."
903449485,MONROE SD,M19A30882,MONROE,WASHINGTON,BLOOMINGTON,9/18/2019,6:09 AM,1,0,0,0,0,,SIMPSON CHAPEL,RD,,,,SIMPSON CHAPEL,BURMA,,,,N,,,,39.27243958,-86.54356948,LOCAL/CITY ROAD,,N,N,RURAL,N,N,N,,DARK (NOT LIGHTED),CLEAR,DRY,,NO JUNCTION INVOLVED,CURVE/LEVEL,ASPHALT,RAN OFF ROAD RIGHT,$1001 TO $2500,RAN OFF ROAD,613,619,Y,N,BURMARDSIMPSONCHAPELRD,0,NONE,D1 STATED THAT HE WAS TRAVELING SOUTH ON BURMA ROAD WHEN HE DIDN'T NOTICE THAT HE WAS ALREADY AT THE TURN ON TO SIMPSON CHAPEL ROAD. D1 STATED THAT HE VEERED TO THE RIGHT DRIVING THROUGH THE DITCH COLLIDING WITH A ROCK THAT WAS IN A DITCH. THE COLLISION CAUSED HIM TO HAVE A FLAT TIRE AND MINOR DAMAGE TO THE DRIVER'S SIDE OF THE TRUCK BED. NO INJURIES AND THE VEHICLE WAS NOT TOWED.
903449219,MONROE SD,M19A30993,MONROE,VAN BUREN,BLOOMINGTON,9/18/2019,9:04 PM,2,0,0,0,0,,,,SR45W,,,SR45W,AIRPORT,,,,N,,,,39.136848,-86.593792,STATE ROAD,Y,N,N,RURAL,N,N,N,,DARK (NOT LIGHTED),CLEAR,DRY,,T-INTERSECTION,STRAIGHT/GRADE,ASPHALT,FOLLOWING TOO CLOSELY,$2501 TO $5000,REAR END,915,918,Y,N,AIRPORTRDSR45W,0,TRAFFIC CONTROL SIGNAL,D1 stated that she was stopped at the stop light behind V2 when her foot slipped off of the brake pedal. D1 advised that sandals she was wearing are very slick on the bottom and are hard to stay on the pedals.D2 stated that she was stopped at the stop light when she was hit from behind by V1.
903447936,INDIANA UNIV BLOOMINGTON PD,192016,MONROE,BLOOMINGTON,BLOOMINGTON,9/18/2019,12:00 PM,2,0,0,0,0,1051,17TH,ST,,,,E 17TH,,,,,Y,,,,39.17895463,-86.52073632,UNKNOWN,,N,Y,URBAN,N,N,N,,DAYLIGHT,CLEAR,DRY,,NO JUNCTION INVOLVED,STRAIGHT/LEVEL,ASPHALT,OTHER (DRIVER) - EXPLAIN IN NARRATIVE,$2501 TO $5000,OTHER - EXPLAIN IN NARRATIVE,231,241,Y,Y,E17THST,0,NONE,Explain in Narrative:Other Location of Investigation: The driver of the vehicle did not know the exact location as to where the crash occurred but believed the location in the report is where the crash occurred (Just South of 1051 E 17th Street in the Blue Lot. There is no official address for the Blue Lot). Primary cause of crash: It is unknown what the primary cause of the crash is.Type of crash: It is unknown what type of crash occurred. Driver Factors V2: It is unknown what or if any driver factors contributed to D2 since they left the scene.Vehicle Factors V2: It is unknown what or if any vehicle factors contributed to V2 since they left the scene. Environmental Factors V2: It is unknown what or if any environmental factors contributed to V2 since they left the scene.V1 was parked in the west side of the Blue Lot facing south. It is unknown which direction or position V2 was in.D1 stated that he had parked his vehicle in the Blue Lot at approximately 1050 hours. D1 then returned to his vehicle at approximately 1315 hours. D1 did not notice any damage until approximately 1425 hours. There was white paint transfer on the front bumper and front driver side quarter panel. There was also visible damage to the front bumper as well. D1 stated that there was no identifying information as to who drove the other car on or near his vehicle. D1 also stated he was missing his front license plate as a result of the crash. There are no known suspects. The only identifying information is that the other motor vehicle is white due to the paint transfer.
903453038,ISP BLOOMINGTON 33,2019328606,MONROE,INDIAN CREEK,BLOOMINGTON,9/18/2019,21:01 M,1,,1,0,0,,I-69,,,,,,,,109.2,,N,,581,E,39.07200083,-86.62645775,INTERSTATE,,,,RURAL,N,N,N,,DARK (NOT LIGHTED),CLEAR,DRY,,NO JUNCTION INVOLVED,,ASPHALT,,$5001 TO $10000,RAN OFF ROAD,2120,2130,Y,N,,0,,"Interstate 69 is a multi-lane road that has two lanes of travel going north and two lanes of travel going south in Monroe County. The roadway is straight in the area of the 109.2 mile marker southbound and is divided with a center grass median and guardrails. The roadway has no grade and is marked with center lines and fog lines. The crash scene was dark with no ambient light from street lights or nearby residences. At the time of the crash the weather was clear and the roadway was dry.Vehicle#1 (2006 Red Lexis GSG) was traveling southbound on Interstate 69 in the left lane near the 109.2 mile marker. Vehicle#1 was unable to maintain its lane and drifted out of the left lane onto the east shoulder and ran off the roadway and struck the end of the guardrail. Vehicle#1 came to a final rest perpendicular (facing east) to the roadway in the right lane. Driver#1 (Dan Lynh Nguyen) stated that she was going out for a drive and did not have a specific destination in mind. She began traveling southbound on Interstate 69 and remembered going south of Bloomington. Driver#1 stated that her headlights and taillights were working at the time of the crash. Driver#1 also stated that she did have on her seat belt at the time of the crash and she was not on her cell phone, or texting. Driver#1 stated that she does not remember how fast she was going at the time of the crash. All she remembered is going southbound and being sleepy and waking up when she struck the guardrail.After the crash, Vehicle#1 came to final rest facing east in the right lane of Interstate 69. Vehicle#1 was then involved in another crash that is documented under 2019327592. This second crash was reconstructed and is documented under Indiana State Police case number 19ISPC011161."
903448056,INDIANA UNIV BLOOMINGTON PD,192022,MONROE,PERRY,BLOOMINGTON,9/18/2019,7:15 PM,2,0,0,0,0,925,ATWATER,AVE,,,,ATWATER,,,,,Y,,,,,,UNKNOWN,,N,N,URBAN,N,N,N,,DAYLIGHT,CLEAR,DRY,,NO JUNCTION INVOLVED,STRAIGHT/GRADE,CONCRETE,UNSAFE BACKING,$2501 TO $5000,BACKING CRASH,714,722,Y,N,ATWATERAVE,0,NONE,V1 was facing south backing out of a parking stall. V2 was traveling west going straight. V1 did not noticed V2 approaching. V1 backed into V2. There was minimal damage to the rear bumper of V1. There was moderate damage to the driver side fender of V2. D1 stated that he was attempting to back out of the parking stall and could not see around the vehicle parked next to him. D1 stated that he continued to back out and did not notice V2 approaching. D1 stated V1 then backed into V2. D2 stated that he was traveling straight when V1 backed out of a parking stall quickly. D2 stated that V1 then backed into V2 before V2 had time to avoid the collision. There were no injuries and no vehicles had to be towed from the scene.
903448027,BLOOMINGTON PD,B1939574,MONROE,BLOOMINGTON,BLOOMINGTON,9/18/2019,6:00 PM,2,0,0,0,0,,COUNTRY CLUB,DR,,,,WEST COUNTRY CLUB,MADISON,,,,Y,,,,0,0,LOCAL/CITY ROAD,,N,N,URBAN,N,N,N,,DAYLIGHT,CLEAR,DRY,,T-INTERSECTION,STRAIGHT/LEVEL,CONCRETE,FAILURE TO YIELD RIGHT OF WAY,$5001 TO $10000,LEFT TURN,608,622,Y,N,SOUTHMADISONSTWESTCOUNTRYCLUBDR,0,NONE,"D1 STATED HE WAS TURNING EASTBOUND ONTO WEST COUNTRY CLUB DR WHEN V2 COLLIDED WITH V1 IN THE INTERSECTION.D2 STATED HE ENTERED THE CENTER TURN LANE, DRIVING WESTBOUND ON WEST COUNTRY CLUB DR WHEN V1 PULLED INTO THE INTERSECTION AND HE COULD NOT STOP AND V2 COLLIDED WITH V1.NO INJURIES REPORTED.V2 WAS TOWED DUE TO DISABLING DAMAGE."
903447872,INDIANA UNIV BLOOMINGTON PD,192013,MONROE,BLOOMINGTON,BLOOMINGTON,9/18/2019,11:21 AM,2,0,0,0,0,,THIRD,ST,,,,THIRD,JORDAN,,,,Y,,117,W,,,LOCAL/CITY ROAD,,N,N,URBAN,N,N,N,,DAYLIGHT,CLEAR,DRY,,NO JUNCTION INVOLVED,STRAIGHT/LEVEL,ASPHALT,UNSAFE LANE MOVEMENT,$5001 TO $10000,SAME DIRECTION SIDESWIPE,1122,1129,Y,N,JORDANAVETHIRDST,0,LANE CONTROL,"D1 advised that she pulled over to the side of the road east of the bus stop on East 3rd Street just west of the intersection with North Jordan Avenue. D1 stated that when she went to pull back into traffic into the right lane she did not realize that V2 had just turned right (west) onto East 3rd Street from South Jordan Avenue. V2, which was driving west in the right lane of East 3rd, was struck near the trailing edge the front passenger side wheel well by the front driver side bumper of V1. V2 continued westbound, causing scrapes and damage to V2 down the passenger side to the rear quarter panel from V1's bumper. V1's front driver side bumper was also dented and scraped from the collision.Both vehicles pulled onto South Highland Avenue off of East 3rd Street and called IUPD for a police report. I examined both vehicles and spoke with the drivers at that location."
903447762,BLOOMINGTON PD,B1939511,MONROE,PERRY,BLOOMINGTON,9/18/2019,11:14 AM,2,0,0,0,0,3140,WHITEHALL CROSSING,BLVD,,,,WHITEHALL CROSSING,,,,,Y,,,,,,UNKNOWN,,N,N,URBAN,N,N,N,,DAYLIGHT,CLEAR,DRY,,NO JUNCTION INVOLVED,STRAIGHT/LEVEL,ASPHALT,UNSAFE BACKING,$1001 TO $2500,BACKING CRASH,1114,1125,Y,N,WHITEHALLCROSSINGBLVD,0,NONE,"D1 STATED HE HAD BACKED FROM A SOUTH FACING SPACE AND PLACED HIS VEHICLE IN DRIVE. D1 SAID BEFORE HE COULD PULL AWAY HE WAS STRUCK FROM BEHIND BY V2. D2 STATED SHE WAS BACKING FROM A NORTH FACING SPACE AND PLACED HER VEHICLE IN DRIVE. D2 STATED SHE WAS STRUCK FROM BEHIND BY V1. DUE TO THE CIRCUMSTANCE OF THE ACCIDENT AND STATEMENTS PROVIDED BY BOTH DRIVERS, I WAS UNABLE TO DETERMINE FAULT."
903448144,BLOOMINGTON PD,B1939592,MONROE,VAN BUREN,BLOOMINGTON,9/18/2019,9:00 PM,2,0,1,0,0,,LEONARD SPRINGS,RD,,,,LEONARD SPRINGS,WOODHAVEN,,,,Y,,,,39.128368,-86.58256,LOCAL/CITY ROAD,,N,N,URBAN,N,N,N,,DARK (NOT LIGHTED),CLEAR,DRY,,NO JUNCTION INVOLVED,STRAIGHT/LEVEL,ASPHALT,FAILURE TO YIELD RIGHT OF WAY,$5001 TO $10000,RIGHT ANGLE,906,930,Y,Y,LEONARDSPRINGSRDWOODHAVENDR,0,STOP SIGN,"V1 WAS TURNING SOUTH ON LEONARD SPRINGS RD FROM WOODHAVEN DRV2 WAS TRAVELING NORTH ON LEONARD SPRINGS RDV1 FAILED TO YEILD RIGHT OF WAYV2 STRUCK V1. DRIVER OF V1 WAS THROWN FROM MOPED AND SUSTAINED INJURIES TO HIS HEAD, NECK, AND RIBS. DRIVER OF V2 DID NOT SUSTAIN ANY INJURIES. DRIVER OF V2 STATED HE DID NOT SEE V1 PRIOR TO HITTING HIM. DRIVER OF V1 STATED HE DID NOT SEE V2."
903447990,BLOOMINGTON PD,B1939558,MONROE,BLOOMINGTON,BLOOMINGTON,9/18/2019,4:22 PM,2,0,0,0,0,,N WASHINGTON,ST,,,,N WASHINGTON,E 7TH,,,,Y,,,,39.16864,-86.5324,LOCAL/CITY ROAD,,N,N,URBAN,N,N,N,,DAYLIGHT,CLEAR,DRY,,FOUR-WAY INTERSECTION,STRAIGHT/LEVEL,ASPHALT,DISREGARD SIGNAL/REG SIGN,$1001 TO $2500,OTHER - EXPLAIN IN NARRATIVE,422,430,Y,N,E7THSTNWASHINGTONST,0,STOP SIGN,"V1 was traveling E/B on W 7th ST. V2 was traveling S/B on N Washington ST. V1 struck V2 causing damage.D1 advised that he was traveling E/B on W 7th ST. D1 advised that he came to a complete stop at the intersection, and proceeded through the intersection. D1 advised that he then collided with V2. D1 advised that he did not see any vehicles at the intersection when he proceeded E/B. D1 was not injured. D2 advised that he was traveling S/B on N Washington ST. D2 advised that he came to a complete stop at the intersection, when a unknown vehicle traveling E/B proceeded through the intersection. D2 advised that when he had the right of way he proceeded through the intersection when he saw V1 at the stop sign on W 7th ST. D2 advised that he started to honk his horn in the middle of the intersection when he saw V1. D2 advised that V1 and V2 collided with each other. D2 advised that he was not injured. It should be noted that D1 and D2 gave conflicting stories. Due to the information received received and no witness around, I could not determine who was at fault."
903447542,BLOOMINGTON PD,B1939495,MONROE,BLOOMINGTON,BLOOMINGTON,9/18/2019,8:35 AM,2,0,0,0,0,,HENDERSON,ST,,,,S HENDERSON,UNIVERSITY,,,,,,,,39.159855,-86.52716498,,,N,Y,,N,N,N,,DAYLIGHT,CLEAR,DRY,,FOUR-WAY INTERSECTION,STRAIGHT/LEVEL,ASPHALT,DISREGARD SIGNAL/REG SIGN,$1001 TO $2500,RIGHT ANGLE,915,915,Y,Y,EUNIVERSITYSTSHENDERSONST,0,STOP SIGN,"D2 CAME INTO THE LOBBY TO REPORT THAT SHE HAD STRUCK A VEHICLE AT THE INTERSECTION OF S HENDERSON ST. AND E UNIVERSITY ST. SHE SAID THAT AFTER THE ACCIDENT D1 LEFT THE SCENE.D2 SAID THAT SHE WAS DRIVING NORTH ON S. HENDERSON ST. AND BELIEVES THAT D1 DID NOT SEE THE STOP SIGN. V1 DISREGARDED THE STOP SIGN AND V2 STRUCK V1 IN THE MIDDLE OF THE INTERSECTION. V1 STOPPED, BUT REFUSED TO GIVE ANY IDENTIFYING INFORMATION. D2 DID NOT GET ANY PLATE INFORMATION. D2 SAID THAT V1 WAS A 2010'S MODEL HONDA ACCORD GRAY IN COLOR.V2 HAD DAMAGE ALL ACROSS THE FRONT BUMPER.PHOTOGRAPHS OF V2 WERE UPLOADED INTO EVIDENCE."
903449021,INDIANA UNIV BLOOMINGTON PD,192029,MONROE,BLOOMINGTON,BLOOMINGTON,9/19/2019,9:15 AM,2,0,0,0,0,,7TH,ST,,,,E 7TH,FORREST,,,,Y,,50,S,39.16318226,-86.52109,LOCAL/CITY ROAD,,N,N,URBAN,N,N,N,,DAYLIGHT,CLEAR,DRY,,T-INTERSECTION,STRAIGHT/LEVEL,ASPHALT,IMPROPER PASSING,UNDER $1001,RIGHT ANGLE,1007,1007,Y,Y,E7THSTNFORRESTAVE,0,NONE,"V1 was driving on the sidewalk south of Woodburn hall attempting to turn on N Forrest ave. V2 was parked on the sidewalk unloading.D1 stated that V2 was blocking most of the pathway for him to get by, but he thought that he had enough room. D1 stated that he didn't even realize that he had made contact with V2.W1 stated he was standing on the sidewalk when V1 passed through the edge of the sidewalk and V2, and struck V2 on the rear gate as V1 passed by.There was very minor damage to V2, which was photographed.I was unable to determine which damage was new on V1, so no photos were taken, as there were several scratches and dents on that area of the vehicle."
903448460,BLOOMINGTON PD,B1939659,MONROE,BLOOMINGTON,BLOOMINGTON,9/19/2019,12:07 PM,2,0,0,0,0,,,,US69S,,,US69S,3RD,,,,Y,,500,S,0,0,US ROUTE,,N,Y,URBAN,N,N,N,,DAYLIGHT,CLEAR,DRY,,NO JUNCTION INVOLVED,STRAIGHT/LEVEL,ASPHALT,UNSAFE LANE MOVEMENT,$1001 TO $2500,SAME DIRECTION SIDESWIPE,1207,1215,Y,N,US69SW3RDST,0,LANE CONTROL,"DRIVER OF VEHICLE 1 STATED SHE WAS SOUTH BOUND ON I 69, BETWEEN W 3RD AND W 2ND ST. AS V1 TRAVELLED SOUTH, A SEMI TRACTOR TRAILER OVER TOOK V1 ON THE PASSENGER SIDE. AS THE SEMI WAS PASSING, THE REAR OF THE TRAILER ENTERED V1S LANE AND COLLIDED WITH THE PASSENGER SIDE. THE SEMI CONTINUED SOUTH BOUND FROM THE SCENE AND V1 PULLED TO THE SHOULDER."