Master Record Number,Agency,Local Code,County,Township,City,Collision Date,Collision Time,Vehicles Involved,Trailers Involved,Number Injured,Number Dead,Number Deer,House Number,Roadway Name,Roadway Suffix,Roadway Number,Roadway Interchange,Roadway Ramp,Roadway Id,Intersecting Road,Intersecting Road Number,Mile Marker,Interchange,Corporate Limits?,Property Type,Feet From,Direction,Latitude,Longitude,Roadway Class,Traffic Control Devices?,Aggressive Driving?,Hit and Run?,Locality,School Zone?,Rumble Strips?,Construction?,Construction Type,Light Condition,Weather Conditions,Surface Condition,Type of Median,Roadway Junction Type,Road Character,Roadway Surface,Primary Factor,Damage Estimate,Manner of Collision,Time Notified,Time Arrived,Investigation Complete?,Photos Taken?,Unique Location Id,State Property Damage?,Traffic Control,NARRATIVE
903448559,BLOOMINGTON PD,B1939660,MONROE,PERRY,BLOOMINGTON,9/19/2019,12:25 PM,2,0,0,0,0,310,S COLLEGE,AVE,,,,S COLLEGE,,,,,Y,,,,39.16446694,-86.53481763,UNKNOWN,,N,N,URBAN,N,N,N,,DAYLIGHT,CLEAR,DRY,,NO JUNCTION INVOLVED,STRAIGHT/LEVEL,ASPHALT,IMPROPER TURNING,$2501 TO $5000,OPPOSITE DIRECTION SIDESWIPE,1230,1234,Y,N,SCOLLEGEAVE,0,NONE,"V1 and V2 were in the southwest parking lot of the Courtyard Marriott when V1 struck V2 which was parked and unoccupied. V1/D1 stated she was attempting to exit her parking stall with the vehicle when she struck V2. D1 stated she thought she had enough clearance to turn out of the stall, however, vehicle clearance was tight due to the close proximity of other vehicles within the parking lot. V2/D2 was parked and unoccupied. V1 sustained no visible damage. V2 sustained significant damage to the left, drivers side area of the vehicle. V2 owner was unable to be located after several attempts to do so."
903448406,BLOOMINGTON PD,B1939639,MONROE,PERRY,BLOOMINGTON,9/19/2019,9:11 AM,2,0,0,0,0,,COUNTRY CLUB,DR,,,,COUNTRY CLUB,MADISON,,,,Y,,,,39.136048,-86.536992,LOCAL/CITY ROAD,,N,N,URBAN,N,N,N,,DAYLIGHT,CLEAR,DRY,,T-INTERSECTION,STRAIGHT/GRADE,ASPHALT,FOLLOWING TOO CLOSELY,$1001 TO $2500,REAR END,912,923,Y,N,COUNTRYCLUBDRMADISONST,0,LANE CONTROL,"BOTH VEHICLES WERE EAST BOUND ON COUNTRY CLUB DRIVE, BY MADISON ST. IN BACKED UP TRAFFIC.D1 SAID HE LOOKED DOWN FOR A SECOND AND REAR ENDED V2.D2 SAID V2 WAS STOPPED WHEN REAR ENDED BY V1.NO INJURIES REPORTED."
903448744,INDIANA UNIV BLOOMINGTON PD,192038,MONROE,BLOOMINGTON,BLOOMINGTON,9/19/2019,7:15 PM,2,0,0,0,0,,,,SR45,,,SR45,,SR46,,,Y,,,,,,LOCAL/CITY ROAD,Y,N,N,URBAN,N,N,N,,DAYLIGHT,CLEAR,DRY,,FOUR-WAY INTERSECTION,STRAIGHT/LEVEL,ASPHALT,FOLLOWING TOO CLOSELY,UNDER $1001,REAR END,722,726,Y,N,SR45SR46,0,TRAFFIC CONTROL SIGNAL,Both vehicles were facing west on 10th Street at the intersection of State Road 45/46 Bypass. Both vehicles were on the east side of the intersection in the turn lane for turning north on the Bypass. V2 was in front of V1. D1's foot slipped off the brake and V1 rolled into V2. D1 stated while waiting at the intersection he was attempting to see the traffic light. D1 stated the glare form the sun was making it difficult to see the light. D1 believes while he was moving around to see the light his foot slipped off the brake and his car rolled into V2 at low speeds. V1 had no damage. D2 stated he was also sitting at the light attempting to see the light. D2 stated the glare from the sun was obstruction his view also. D2 stated while he was trying to see the light V1 rolled into the back of him. V2 had no damage. D2 did state he felt some pressure on his back when he was hit but was uninjured at the moment and did not require an ambulance. Neither vehicle had damage but D2 insisted a report be done in case his vehicle experienced problems on the way home or his back pain become more apparent.
903448850,INDIANA UNIV BLOOMINGTON PD,192036,MONROE,BLOOMINGTON,BLOOMINGTON,9/19/2019,6:00 PM,2,0,0,0,0,709,N FEE,LN,,,,N FEE,,,,,Y,,,,39.17281455,-86.51879273,UNKNOWN,,N,N,URBAN,N,N,N,,DAYLIGHT,CLEAR,DRY,,NO JUNCTION INVOLVED,STRAIGHT/GRADE,ASPHALT,OTHER (DRIVER) - EXPLAIN IN NARRATIVE,UNDER $1001,BACKING CRASH,610,616,Y,N,NFEELN,0,NONE,V1 was parked facing south in the Fee Lane parking garage. V2 was also parked facing south in a parking spot behind V1.The emergency brake on V1 was not engaged properly when the driver parked the vehicle. It appeared that the vehicle rolled backwards with nobody in it and then struck the front bumper of V2.V2 was parked behind V1 and there was nobody in the vehicle when it was struck.
903448789,BLOOMINGTON PD,B1939730,MONROE,PERRY,BLOOMINGTON,9/19/2019,7:00 PM,2,0,0,0,0,,E 3RD,ST,,,,E 3RD,S OVERHILL,,,,Y,,50,E,39.164272,-86.501488,LOCAL/CITY ROAD,,N,N,URBAN,N,N,N,,DAYLIGHT,CLEAR,DRY,,NO JUNCTION INVOLVED,STRAIGHT/GRADE,ASPHALT,FOLLOWING TOO CLOSELY,$1001 TO $2500,REAR END,705,714,Y,N,E3RDSTSOVERHILLDR,0,NONE,"D1 stated they were traveling westbound on E 3rd St, near the intersection with S Overhill Dr, in the southern-most lane. D1 stated that they observed V2 rapidly decelerate in front of them, at which point D1 quickly braked, but was not able to respond in time from striking the rear of V2 with the front of V1. D1 stated that V1 does not have good brakes. D2 stated that they were traveling westbound on E 3rd St, near the intersection with S Overhill Dr, in the southern-most lane. D2 stated that the vehicle in front of them quickly decelerated, at which point D2 had to respond by quickly decelerating as well. It was at this point that D2 stated they felt V1 strike the rear of V2."
903448795,BLOOMINGTON PD,B1939710,MONROE,BLOOMINGTON,BLOOMINGTON,9/19/2019,4:30 PM,2,0,0,0,0,,NORTH KINSER,PIKE,,,,NORTH KINSER,SKYLINE,,,,Y,,,,39.190544,-86.537712,LOCAL/CITY ROAD,,Y,N,URBAN,N,N,N,,DAYLIGHT,CLEAR,DRY,,NO JUNCTION INVOLVED,STRAIGHT/LEVEL,ASPHALT,UNSAFE SPEED,$2501 TO $5000,REAR END,436,446,Y,Y,NORTHKINSERPIKESKYLINEDR,0,NONE,"DRIVER ONE STATED HE WAS DRIVING NORTH ON KINSER PIKE WHEN HE NOTICED VEHICLE 2 STOPPING TO TURN LEFT ONTO SKYLINE DRIVE. HE ADVISED HE TRIED TO BRAKE, HOWEVER HE COULD NOT BRAKE HARD ENOUGH IN TIME TO STOP. TO AVOID A SEVERE CRASH, DRIVER 1 SWERVED INTO THE GUARDRAIL ON THE RIGHT SIDE OF THE ROAD AND IN DOING SO, HE COLLIDED WITH THE REAR BUMPER OF VEHICLE 2.DRIVER 2 STATED SHE WAS STOPPED IN TRAFFIC WAITING TO TURN ON TO SKYLINE DRIVE WHEN SHE SAW VEHICLE 1 SPEEDING TOWARDS HER IN HER REVIEW MIRROR. VEHICLE 1 THEN COLLIDED WITH VEHICLE 2'S REAR BUMPER.NO INJURIES."
903448778,ELLETTSVILLE PD,E1905191,MONROE,RICHLAND,ELLETTSVILLE,9/19/2019,5:30 PM,2,0,0,0,0,,SOUTH SALE,ST,,,,SOUTH SALE,NORTH THOMAS,,,,Y,,,,39.231152,-86.6308,LOCAL/CITY ROAD,,Y,N,URBAN,N,N,N,,DAYLIGHT,CLEAR,DRY,,T-INTERSECTION,STRAIGHT/LEVEL,ASPHALT,FOLLOWING TOO CLOSELY,$5001 TO $10000,REAR END,538,540,Y,Y,NORTHTHOMASRDSOUTHSALEST,0,STOP SIGN,D2 STATED THAT V1 HAD BEEN FOLLOWING HER REALLY CLOSE FOR QUITE SOMETIME. AS THEY APPROACHED THE INTERSECTION OF SALE/REEVES AND THOMAS D2 ATTEMPTED TO PULL OVER SO D1 COULD GO AROUND. D1 STATED THAT SHE THOUGHT D2 HAD PROCEEDED THROUGH THE INTERSECTION BECASUE SHE SAW HER INITALLY TAKE OFF. D1 STATED SHE LOOKED BOTH WAYS AND AS SHE TOOK OFF SHE REAR ENDED D2. D1 WAS VERY ADAMANT THAT SHE WAS NOT AT FAULT AND THAT THE LADY THAT ATTEMPTED TO PULL OFF THE SIDE OF THE ROAD WAS AS FAULT. D2 WAS VERY UPSET AT THE WAY D1 WAS ACCUSING HER OF THE ACCIDENT.
903448425,INDIANA UNIV BLOOMINGTON PD,192028,MONROE,BLOOMINGTON,BLOOMINGTON,9/19/2019,9:32 AM,2,0,1,0,0,,KIRKWOOD,AVE,,,,E KIRKWOOD,BALLANTINE,,,,Y,,75,E,0,0,LOCAL/CITY ROAD,,N,N,URBAN,N,N,N,,DAYLIGHT,CLEAR,DRY,,NO JUNCTION INVOLVED,STRAIGHT/LEVEL,ASPHALT,IMPROPER LANE USAGE,$2501 TO $5000,RIGHT ANGLE,935,939,Y,N,EKIRKWOODAVESBALLANTINERD,0,NONE,"No other officer assisted with the accident investigationUnit Type (unknown) - Electric scooterVehicle Use (other - Explain in narrative) - Lime electrical scooterV1 was traveling westbound on E Kirkwood approaching S Ballantine Road behind V2; however, in the wrong lane of travel.V2 was traveling westbound on E Kirkwood approaching S Ballantine Road. V1 then began making a left hand turn into a parking space.As V2 was making a left hand turn into a parking stall, V1, traveling in the wrong lane of travel, collided into the rear, drivers side door of V2.D1 stated he was late for class and was traveling at quick rate of speed on the scooter. He stated V2 then turned into his path of travel and he was unable to stop in time. D2 stated that as she was making her turn into the parking stall, she did not see V1 approach over her left shoulder. She then felt the impact of V1 into her vehicle.D1 stated he had complaint of pain to his right hand; however, he refused medical attention. V1 did not appear to have any damage. V2 had damage to the rear, drivers side door."
903448560,INDIANA UNIV BLOOMINGTON PD,192031,MONROE,BLOOMINGTON,BLOOMINGTON,9/19/2019,1:33 PM,1,0,1,0,0,,JORDAN,AVE,,,,JORDAN,ATWATER,,,,Y,,,,39.1631,-86.5164,LOCAL/CITY ROAD,Y,N,N,URBAN,N,N,N,,DAYLIGHT,CLEAR,DRY,,FOUR-WAY INTERSECTION,STRAIGHT/LEVEL,ASPHALT,DISREGARD SIGNAL/REG SIGN,UNDER $1001,OTHER - EXPLAIN IN NARRATIVE,156,206,Y,N,ATWATERAVEJORDANAVE,1,TRAFFIC CONTROL SIGNAL,Pedacycle is described as a Lime Scooter and is labeled as P1 in the narrative. The Serial number is 181A1AMFS8110803563 and the IMEI number is 869307032486234. V1 was traveling South on Jordan Avenue. P1 was traveling East on Atwater Ave. D1 stated that he had a green light and was going through the intersection when P1 collided with the passenger side of his vehicle. P1 stated that she thought no one was coming on Jordan Avenue and went ahead and proceeded in to the intersection. P1 stated that she was on the road riding the Lime Scooter. P1 stated multiple times that it was her fault. P1 had multiple abrasions on her left leg. P1 also complained of pain to her left thigh area. P1 was asked multiple times if she wanted an ambulance to come and check her out and refused every time.
903450203,MONROE SD,M19A31142,MONROE,VAN BUREN,BLOOMINGTON,9/19/2019,5:43 PM,2,0,0,0,0,,,,SR46W,,,SR46W,N CURRY,,,,N,OTHER,,,39.142048,-86.582592,STATE ROAD,,N,N,URBAN,N,Y,Y,X-OVER/LANE SHIFT,DAYLIGHT,CLEAR,DRY,DRIVABLE,FOUR-WAY INTERSECTION,STRAIGHT/LEVEL,ASPHALT,DRIVER DISTRACTED - EXPLAIN IN NARRATIVE,$5001 TO $10000,REAR END,541,543,Y,N,NCURRYPIKESR46W,0,LANE CONTROL,D-1 STATED SHE WAS TRAVELING EAST ON W STATE ROAD 46 GOING THROUGH THE INTERSECTION OF N CURRY PIKE WHEN SHE STATED THAT SHE LOOKED AWAY FOR A SECOND AND THEN NOTICED THAT TRAFFIC HAD SLOWED. SHE STATED THAT SHE TRIED TO BREAK AND AVOID THE COLLISION BUY SWERVING TO THE LEFT HOWEVER WAS UNABLE TO AVOID COLLIDING WITH V-2 WHO WAS IN FRONT OF HER. D-2 STATEMENT WAS THE SAME AS D-1.
903449212,MONROE SD,M19A31158,MONROE,BENTON,BLOOMINGTON,9/19/2019,9:17 PM,1,0,0,0,1,,,,SR45E,,,SR45E,BRUMMETTS CREEK,,,,N,,150,S,39.23046517,-86.41948008,STATE ROAD,,N,N,RURAL,N,N,N,,DARK (NOT LIGHTED),CLEAR,DRY,,NO JUNCTION INVOLVED,CURVE/GRADE,ASPHALT,ANIMAL/OBJECT IN ROADWAY,$1001 TO $2500,COLLISION WITH DEER,917,934,Y,N,BRUMMETTSCREEKRDSR45E,0,NONE,V1 was south bound on E SR 45 approximately 150 feet south of Brummetts Creek when a deer entered D1's path of travel and resulted in a collision. V1 sustained damage to the left front 1/4 panel and hood.
903448554,BLOOMINGTON PD,B1939634,MONROE,BLOOMINGTON,BLOOMINGTON,9/19/2019,7:35 AM,2,0,1,0,0,,W 17TH,ST,,,,W 17TH,KINSER,,,,Y,,,,39.178992,-86.537792,LOCAL/CITY ROAD,,N,N,URBAN,N,N,N,,DAYLIGHT,CLEAR,DRY,,NO JUNCTION INVOLVED,STRAIGHT/GRADE,ASPHALT,UNSAFE LANE MOVEMENT,$1001 TO $2500,LEFT TURN,737,747,Y,Y,KINSERPKWYW17THST,0,NONE,"V1 was pulling out of the gas station (facing North) located at the intersection of W 17th and Kinser Pike. While pulling out, V1 pulled out in-front of a uninvolved vehicle, causing that vehicle to make a quick stop, no collision occurred. V1 continued into the eastbound lane with the intent to make a left hand turn on 17th street when V1 struck V2 causing damage to V1's front bumper. V2 was traveling eastbound on 17th street just west of the intersection, when V1 pulled out in front of v2, failing to yield the right of way. V1 struck V2 with the front bumper causing damage to v2's front right and middle bumper. D1 received a misdemeanor citation for operating a vehicle without ever receiving a license and Operating without proof of financial responsibility. EMS was called to the scene due to D1 having a compliant of pain in the neck."
903451902,ISP BLOOMINGTON 33,2.019E+11,MONROE,BLOOMINGTON,BLOOMINGTON,9/19/2019,12:10 M,1,,0,0,0,,I-69,,,,,,,,120.5,,Y,,686,N,39.19563697,-86.55424409,INTERSTATE,,,,URBAN,N,N,N,,DAYLIGHT,CLEAR,DRY,,NO JUNCTION INVOLVED,,ASPHALT,ANIMAL/OBJECT IN ROADWAY,$1001 TO $2500,COLLISION WITH OBJECT IN ROAD,1215,1222,Y,N,,0,,"On Thursday, September 19, 2019 at 12:10, Mark Clephane responded to a crash on I69 northbound near the 120.5 mile marker. At the time of the crash, the weather was clear and the road surface was dry.Vehicle 1, a black 2012 Dodge bearing 2020 IN IU Plate WE3148 was being driven by Heidi Murphy on I-69 North at the 120.5 mile marker. As V-1 traveled north behind another vehicle in the far right (driving lane) the vehicle in front of V-1 swerved to miss a hay bale in the roadway. D-1 attempted to miss the hay bale, but she could not, and the front right of V-1 struck the hay bale causing damage to V-1.Heidi Murphy said that she was traveling north on I-69 behind a vehicle and that vehicle swerved to miss a bale of hay in the road. Murphy stated that she tried to swerve, but could not miss hitting the hay bale. Murphy told this unit that her son had been taken to Riley Children's Hospital in Indianapolis and she was on her way there. The cause of this crash is the hay bale in the traveled portion of the interstate"
903448787,BLOOMINGTON PD,B1939743,MONROE,PERRY,BLOOMINGTON,9/19/2019,8:30 PM,2,0,0,0,0,,S ROGERS,ST,,,,S ROGERS,W GRAHAM,,,,Y,,200,S,39.13992,-86.538416,LOCAL/CITY ROAD,,N,Y,URBAN,N,N,N,,DARK (NOT LIGHTED),CLEAR,DRY,,T-INTERSECTION,STRAIGHT/LEVEL,ASPHALT,,$5001 TO $10000,OPPOSITE DIRECTION SIDESWIPE,832,841,Y,Y,SROGERSSTWGRAHAMDR,0,NONE,D1 is unknown.D2 stated she was traveling north on S. Rogers St. D2 stated as she was traveling north V1 was traveling south. D2 stated V1 crossed the center line causing her to swerve in an attempt to miss. D2 stated she was unable to swerve far enough and V1 collided with the front driver side part of her car. D2 stated V1 maintained contact all the way down the driver side of her car.
903528371,ELLETTSVILLE PD,E1905187,MONROE,RICHLAND,ELLETTSVILLE,9/19/2019,2:30 PM,2,0,0,0,0,,EDGEWOOD,DR,,,,EDGEWOOD,EDGEWOOD,,,,Y,,,,39.236288,-86.628336,UNKNOWN,,N,N,URBAN,Y,N,N,,DAYLIGHT,CLEAR,DRY,,T-INTERSECTION,STRAIGHT/GRADE,ASPHALT,FAILURE TO YIELD RIGHT OF WAY,$2501 TO $5000,OTHER - EXPLAIN IN NARRATIVE,230,232,Y,N,EDGEWOODDREDGEWOODDR,0,YIELD SIGN,V-2 was approaching the intersection of Edgewood Dr & Edgewood Dr. V-1 did not see V-2 coming and collided with driver side of V-2. V-2 had the right of way.
903448447,BLOOMINGTON PD,B1939648,MONROE,PERRY,BLOOMINGTON,9/19/2019,10:15 AM,2,0,0,0,0,1011,W 2ND,ST,,,,W 2ND,,,,,Y,,,,39.16162667,-86.54486933,UNKNOWN,,N,N,URBAN,N,N,N,,DAYLIGHT,CLEAR,DRY,,NO JUNCTION INVOLVED,STRAIGHT/GRADE,ASPHALT,FAILURE TO YIELD RIGHT OF WAY,$1001 TO $2500,LEFT TURN,1028,1032,Y,N,W2NDST,0,NONE,"BOTH VEHICLES WERE IN THE PARKING LOT AT 1011 W. 2ND ST., THE EYE CENTER OF SOUTHERN INDIANA.D1 SAID HE TURNED LEFT FROM ONE AISLE TOWARD THE EXIT AND DID NOT SEE V2, WHICH WAS NORTH BOUND TOWARD THE EXIT. V1 STRUCK V2 CAUSING DAMAGE TO BOTH VEHICLES.NO INJURIES REPORTED."
903451550,BLOOMINGTON PD,B1939911,MONROE,BLOOMINGTON,BLOOMINGTON,9/20/2019,8:31 PM,1,0,0,0,0,1950,MAXWELL,ST,,,,SOUTH MAXWELL,,,,,Y,,,,39.14425,-86.51539,UNKNOWN,,Y,Y,URBAN,N,N,N,,UNKNOWN,CLEAR,DRY,,NO JUNCTION INVOLVED,STRAIGHT/LEVEL,CONCRETE,UNSAFE BACKING,UNDER $1001,OTHER - EXPLAIN IN NARRATIVE,831,850,N,Y,SOUTHMAXWELLST,0,NONE,"I RESPONDED TO A 911 CALL AT THIS RESIDENCE. THE WITNESS INFORMED ME THAT A WHITE PICKUP TRUCK BELONGING TO A ""JEREMY CHINN"" (NO FURTHER INFORMATION ON VEHICLE OR DRIVER) HAD AGGRESSIVELY BACKED UP INTO FENCING ALONG THE DRIVEWAY AND HAD KNOCKED IT LOOSE, CAUSING DAMAGE TO THE FENCE. ADDITIONALLY, VEHICLE ONE DID LEAVE TIRE MARKS ON THE PAVED DRIVEWAY. PHOTOS WERE TAKEN AND THE PROPERTY OWNER DOES WISH TO PURSUE CHARGES FOR THE DAMAGES, SHOULD ""JEREMY CHINN"" BE LOCATED."
903449371,MONROE SD,M19A31298,MONROE,BEAN BLOSSOM,BLOOMINGTON,9/20/2019,5:52 PM,2,0,0,0,0,,,,SR46W,,,SR46W,HEDRICK,,,,N,,150,E,39.27762,-86.677343,STATE ROAD,,N,N,RURAL,N,N,N,,DAYLIGHT,CLOUDY,DRY,,NO JUNCTION INVOLVED,STRAIGHT/GRADE,CONCRETE,FOLLOWING TOO CLOSELY,$2501 TO $5000,REAR END,552,614,Y,N,SR46WWHEDRICKRD,0,NONE,V1 AND V2 BOTH TRAVELING EB ON W SR 46. D1 STATED HE SAW V2 SLOWING DOWN ALMOST COMING TO A STOP ON W 46. V1 WAS UNABLE TO STOP AND RAN INTO THE BACK OF V2
903448925,MONROE SD,M19A31212,MONROE,RICHLAND,BLOOMINGTON,9/20/2019,5:41 AM,1,0,0,0,0,750,DANIELS,WAY,,,,N DANIELS,,,,,N,PRIVATE,,,39.17061,-86.59684,UNKNOWN,,N,N,URBAN,N,N,N,,DARK (LIGHTED),CLEAR,DRY,,NO JUNCTION INVOLVED,CURVE/GRADE,ASPHALT,DRIVER ILLNESS,$2501 TO $5000,RAN OFF ROAD,544,550,Y,N,NDANIELSWAY,0,NONE,"When I arrived on scene I observed V1 off the east side of the driveway into a wall and a tree. There was significant damage to the front of V1 and the tree. I spoke to D1 and he had poor balance, slurred speech, and poor dexterity.D1 seemed to have a hard time concentrating on my requests for documents. I asked D1 if he had been drinking and he stated no. I did not detect the odor of alcohol. I looked at D1's eyes and didn't see any Nystagmus and pupils looked normal. I asked D1 if he was on any medications and he said a lot of them. I asked for his phone number and he seemed confused and gave me a partial number including letters. D1 was asked who his supervisor was at the factory and he couldn't remember. Due to D1 being confused I asked if he was diabetic and he stated he was. I requested an ambulance to check D1. I spoke to D1 about what happened and he stated he was traveling east in the parking lot and turning a corner to travel north and ran off the east side of the roadway. I observed marks in the grass consistent with V1 leaving the roadway. V1 was towed due to disabling damage. I spoke to the EMT's and they advised that D1 may have suffered a stroke causing the crash. D1 was transported BY UNIT 212 for treatment."
903448874,BLOOMINGTON PD,B1939765,MONROE,BLOOMINGTON,BLOOMINGTON,9/20/2019,1:19 AM,2,0,0,0,0,,ROGERS,ST,,,,ROGERS,8TH,,,,Y,,,,39.169584,-86.538576,LOCAL/CITY ROAD,,N,N,URBAN,N,N,N,,DARK (LIGHTED),CLEAR,DRY,,NO JUNCTION INVOLVED,STRAIGHT/GRADE,ASPHALT,FAILURE TO YIELD RIGHT OF WAY,$2501 TO $5000,RIGHT ANGLE,119,110,Y,N,8THSTROGERSST,0,STOP SIGN,"V1 WAS TRAVELING EAST ON 8TH STREET WHEN HE FAILED TO YIELD TO THE RIGHT OF WAY TO V2. D1 ADVISED THAT HE LOOKED DOWN TO CHANGE HIS MUSIC WHEN HE THOUGHT THE INTERSECTION AT 8TH AND ROGERS STREET WAS A FOUR WAY STOP INTERSECTION. AS D1 ENTERED THE INTERSECTION OF 8TH AND ROGERS STREET, V1 COLLIDED WITH V2. V2 WAS TRAVELING NORTH ON ROGERS STREET PRIOR TO THE ACCIDENT."
903449356,MONROE SD,M19A31312,MONROE,PERRY,BLOOMINGTON,9/20/2019,9:04 PM,1,0,0,0,1,,HARRELL,RD,,,,HARRELL,MOFFETT,,,,N,,1000,N,39.20526919,-86.49847,LOCAL/CITY ROAD,,N,N,RURAL,N,N,N,,DARK (NOT LIGHTED),CLEAR,DRY,,NO JUNCTION INVOLVED,STRAIGHT/GRADE,ASPHALT,ANIMAL/OBJECT IN ROADWAY,$2501 TO $5000,COLLISION WITH DEER,904,918,Y,N,HARRELLRDMOFFETTLN,0,NONE,"V1 was on Harrell Road approximately 1000 feet north of Moffett Lane when a deer entered D1's path of travel. As a result, V1 sustained damage to the left 1/4 panel."
903488529,MONROE SD,M19A31271,MONROE,VAN BUREN,BLOOMINGTON,9/20/2019,2:01 PM,2,0,0,0,0,,S CURRY,PIKE,,,,S CURRY,DOYLE,,,,N,,,,39.158352,-86.582752,LOCAL/CITY ROAD,Y,N,N,URBAN,N,N,N,,DAYLIGHT,CLOUDY,DRY,,T-INTERSECTION,STRAIGHT/LEVEL,ASPHALT,FOLLOWING TOO CLOSELY,$5001 TO $10000,REAR END,201,209,Y,N,DOYLEAVESCURRYPIKE,0,TRAFFIC CONTROL SIGNAL,V2 WAS STOPPED AT TRAFFIC LIGHT AND V1 DID NOT STOP IN TIME STRIKING V2 IN REAR BUMPER CAUSING SLIGHT DAMAGE
903449373,MONROE SD,M19A31314,MONROE,VAN BUREN,BLOOMINGTON,9/20/2019,9:26 PM,1,0,0,0,1,,,,SR45W,,,SR45W,HINES,,,,N,,500,W,39.08989,-86.66622666,STATE ROAD,,N,N,RURAL,N,N,N,,DARK (NOT LIGHTED),CLEAR,DRY,,NO JUNCTION INVOLVED,CURVE/GRADE,ASPHALT,ANIMAL/OBJECT IN ROADWAY,$2501 TO $5000,COLLISION WITH DEER,931,945,Y,N,HINESRDSR45W,0,NONE,Driver was west bound on State Road 45 when a deer entered the roadway in front of him. The driver was unable to avoid hitting the deer with the right front of his vehicle causing damage.
903449136,BLOOMINGTON PD,B1939795,MONROE,BLOOMINGTON,BLOOMINGTON,9/20/2019,9:59 AM,2,0,0,0,0,,ROGERS,ST,,,,S ROGERS,2ND,,,,Y,,,,39.16139,-86.5387,LOCAL/CITY ROAD,Y,N,N,URBAN,N,N,N,,DAYLIGHT,CLEAR,DRY,,FOUR-WAY INTERSECTION,STRAIGHT/LEVEL,ASPHALT,FAILURE TO YIELD RIGHT OF WAY,$5001 TO $10000,RIGHT ANGLE,900,912,Y,N,SROGERSSTW2NDST,0,TRAFFIC CONTROL SIGNAL,"DRIVER OF VEHICLE 1 STATED SHE WAS NORTH BOUND ON ROGERS ST, IN THE LANE TO TURN WEST ONTO W 2ND ST. THERE WAS A CITY TRANSIT BUS IN FRONT OF VEHICLE 1. THE LIGHT FOR NORTH BOUND TRAFFIC WAS GREEN, BUT THERE WAS NO GREEN ARROW LIGHTED. AFTER THE TRANSIT BUS TURNED, D1 DID NOT SEE V2 APPROACHING FROM THE NORTH. D1 STARTED TO TURN THROUGH THE INTERSECTION AND WAS STRUCK BY V2. DRIVER OF VEHICLE 2 STATED SHE WAS SOUTH BOUND ON ROGERS ST APPROACHING THE INTERESECTION WITH W 2ND ST. D2 OBSERVED THE TRANSIT BUS TURN AND SAW V1 IN THE TURN LANE. AS V2 ENTERED THE INTERSECTION, V1 TURNED ACROSS THE SOUTH BOUND LANE. V2 STRUCK V1. THE LIGHT FOR SOUTH BOUND TRAFFIC WAS GREEN."
903449179,INDIANA UNIV BLOOMINGTON PD,192045,MONROE,BLOOMINGTON,BLOOMINGTON,9/20/2019,11:55 AM,2,1,0,0,0,,,,SR4546E,,,SR4546E,E 10TH,,,,Y,,150,N,39.176848,-86.478192,STATE ROAD,Y,N,N,URBAN,N,N,N,,DAYLIGHT,CLEAR,DRY,,FOUR-WAY INTERSECTION,STRAIGHT/LEVEL,ASPHALT,FOLLOWING TOO CLOSELY,$5001 TO $10000,SAME DIRECTION SIDESWIPE,1155,1155,Y,N,E10THSTSR4546E,0,TRAFFIC CONTROL SIGNAL,"V1 was travelling in the #1 lane on the E SR 45/46 bypass approaching E 10th street. V2 was travelling in the #2 lane on the E SR 45/46 bypass approaching E 10th street. D1 advised that she realized too late that vehicles were stopped in front of her, and instead of rear ending the vehicle in front of her at high speed, she made an abrupt lane change, which caused the passenger side rear door to strike the front driver side bumper of V2. D2 advised that he was driving on the bypass approaching E 10th street when V1 merged quickly into the #2 lane, striking V2 with V1.Damage to V1 consisted of a deep dent in the rear passenger side door.Damage to V2 consisted of the front bumper being cracked and bent.Both vehicles were driven from the scene and there were no injuries reported."
903449345,INDIANA UNIV BLOOMINGTON PD,192050,MONROE,BLOOMINGTON,BLOOMINGTON,9/20/2019,5:15 PM,1,0,0,0,0,701,,,SR46,,,SR46,MILO B SAMPSON LN,,,,Y,PRIVATE,,,39.18631801,-86.52648191,UNKNOWN,,N,N,URBAN,N,N,N,,DAYLIGHT,CLEAR,DRY,,NO JUNCTION INVOLVED,CURVE/GRADE,ASPHALT,IMPROPER TURNING,$2501 TO $5000,OTHER - EXPLAIN IN NARRATIVE,553,556,Y,Y,E17THST,0,NONE,"Vehicle 1 was turning south off the the pavement into the grass area of the RV Parking Lot at 701 E 17th Street. Witness 1 was traveling south through the grass area of the RV Parking Lot at 701 E 17th Street in a golf cart just south of Vehicle 1.Driver 1 stated he was waiting in the lot behind vehicles in the lot when he spoke with an ESG employee assisting with parking, Witness 1. Driver 1 stated he asked Witness 1 if he could turn right into the grass area to the south. He stated that Witness 1 told him to back up and then follow him. Driver 1 stated the male then got on the golf cart and began heading through the lot. Driver 1 stated he backed up a short ways and then turned right. He stated as he turned into the grass he immediately struck a red concrete and metal pole. Driver 1 stated that he believed he was backing up to get around the vehicle in front of him, and not to miss the pole. Driver 1 advised he never saw the pole.Witness 1 stated he told Driver 1 to back up and then follow him through the grass lot to an area he could park. Witness 1 stated he got on a golf cart and began traveling south through the lot when Vehicle 1 backed up and began turning into the grass, striking the pole.No one involved complained of any injuries.There was a large amount of damage to the front of Vehicle 1. The pole had came out of the ground and was laid on its side but did not appear to have any other damage.Photographs were taken of the damage."
903454004,BLOOMINGTON PD,B1939911,MONROE,BLOOMINGTON,BLOOMINGTON,9/20/2019,8:31 PM,1,0,0,0,0,1950,MAXWELL,ST,,,,S MAXWELL,,,,,Y,,,,39.14425,-86.51539,UNKNOWN,,Y,Y,URBAN,N,N,N,,DARK (NOT LIGHTED),CLEAR,DRY,,NO JUNCTION INVOLVED,STRAIGHT/LEVEL,CONCRETE,UNSAFE BACKING,$1001 TO $2500,OTHER - EXPLAIN IN NARRATIVE,835,850,N,Y,SMAXWELLST,0,NONE,"WITNESS STATED DRIVER OF VEHICLE 1 BECAME IRATE WHEN THE PROPERTY OWNER ADVISED HIM THAT ITEMS HE WAS HOPING TO BUY FROM HER HAD BEEN SOLD. DRIVER 1 THEN BACKED HIS VEHICLE INTO THE DRIVEWAY OF THIS RESIDENCE AND HIT A FENCE ON THE SIDE OF THE DRIVEWAY. THE DRIVER PULLED FORWARD THEN BACKED AGAIN, LEAVING TIRE MARKS, DAMAGING THE DRIVEWAY. INVESTIGATION IS PENDING THE DRIVER OF VEHICLE 1 IS LOCATED."