Master Record Number,Agency,Local Code,County,Township,City,Collision Date,Collision Time,Vehicles Involved,Trailers Involved,Number Injured,Number Dead,Number Deer,House Number,Roadway Name,Roadway Suffix,Roadway Number,Roadway Interchange,Roadway Ramp,Roadway Id,Intersecting Road,Intersecting Road Number,Mile Marker,Interchange,Corporate Limits?,Property Type,Feet From,Direction,Latitude,Longitude,Roadway Class,Traffic Control Devices?,Aggressive Driving?,Hit and Run?,Locality,School Zone?,Rumble Strips?,Construction?,Construction Type,Light Condition,Weather Conditions,Surface Condition,Type of Median,Roadway Junction Type,Road Character,Roadway Surface,Primary Factor,Damage Estimate,Manner of Collision,Time Notified,Time Arrived,Investigation Complete?,Photos Taken?,Unique Location Id,State Property Damage?,Traffic Control,NARRATIVE
903453768,MONROE SD,M19A32220,MONROE,PERRY,BLOOMINGTON,9/28/2019,12:29 AM,1,0,1,0,1,,,,SR37S,,,SR37S,FAIRFAX,,,,N,,1000,N,39.2128496,-86.53149,STATE ROAD,,N,N,RURAL,N,N,N,,DARK (NOT LIGHTED),CLEAR,DRY,,FOUR-WAY INTERSECTION,STRAIGHT/GRADE,ASPHALT,ANIMAL/OBJECT IN ROADWAY,$5001 TO $10000,COLLISION WITH DEER,1231,1233,Y,Y,FAIRFAXRDSR37S,0,NONE,"ON 09/28/2019 UNIT 1, A MOTORCYCLE DRIVEN BY DRIVER 1 IDENTIFIED AS MIGUEL MAGNO-CHAVEZ WAS TRAVELING SOUTH BOUND ON OLD STATE ROAD 37 SOUTH WHEN A DEER RAN OUT IN THE ROADWAY. UNIT STRUCK THE DEER CAUSINH UNIT 1 TO RUN OFF THE ROADWAY. MR. MAGNO-CHAVEZ WAS EJECTED FROM THE MOTORCYCLE AND CAME TO A REST IN A NEARBY DITCH. THE DEER WAS NOT LOCATED AT THE SCENE."
903459448,ISP BLOOMINGTON 33,2.019E+11,MONROE,PERRY,BLOOMINGTON,9/28/2019,16:05 M,1,,1,0,0,,I-69,,,,,,,,117.5,,Y,,0,S,39.15821924,-86.5729816,INTERSTATE,,,,URBAN,N,N,N,,DAYLIGHT,CLEAR,DRY,,NO JUNCTION INVOLVED,,ASPHALT,DRIVER ILLNESS,$2501 TO $5000,SAME DIRECTION SIDESWIPE,1609,1611,Y,N,,0,,"Interstate 69, is a multi-lane interstate with a concrete wall divider, is straight and level in this portion of Bloomington, Indiana. Vehicle 1 (white 2008 Honda) was traveling north on Interstate 69, approaching the 117.5 mile marker, in the far left lane. Vehicle 1 left the driving lane to the left and struck the concrete wall divider, continuing north for approximately 1/2 mile, still striking the wall, before coming to a rest.Driver 1(Thla Hlei) was unconscious upon my arrival to the scene. Medical personnel were able to get Driver 1 conscious and exit the vehicle. Driver 1 had no visible injuries, however had suffered a medical episode and would not speak. I was advised by medical personnel, that Driver 1 had suffered a stroke. They also advised there were no signs of drug or alcohol use. Driver 1 was transported to Bloomington Hospital for evaluation. Witness 1 (Tara Langley) was traveling north on Interstate 69, in the middle lane, approaching the 117.5 mile marker. Witness 1 stated that she observed Vehicle 1 abruptly go left and strike the concrete wall. Witness 1 stated she pulled over and exited her car to assist Driver 1. Witness 1 stated that Driver 1 was unconscious upon her arrival to Vehicle 1 and Driver 1 had blood coming from his mouth. Primary cause of this crash was driver illness."
903453955,BLOOMINGTON PD,B1941084,MONROE,BLOOMINGTON,BLOOMINGTON,9/28/2019,2:15 PM,2,0,0,0,0,401,HOOSIER COURT,AVE,,,,W HOOSIER COURT,,,,,Y,,,,39.18448804,-86.53791816,UNKNOWN,,N,N,URBAN,N,N,N,,DAYLIGHT,CLEAR,DRY,,NO JUNCTION INVOLVED,STRAIGHT/GRADE,ASPHALT,UNSAFE BACKING,$2501 TO $5000,BACKING CRASH,224,228,Y,N,WHOOSIERCOURTAVE,0,NONE,"D1 STATED HE WAS BACKING OUT OF SPOT IN THE PRIVATE LOT OF 401 W HOOSIER COURT, HOOSIER COURT APARTMENTS TRAVELING WEST AND V2 STRUCK HIM WHILE HE WAS BACKING OUT.D2 STATED WAS DRIVING NORTH IN PARKING LOT OF PRIVATE LOT OF 401 W HOOSIER COURT AVENUE, HOOSIER COURT APARTMENTS AND V1 BACKED OUT INTO HIM. D2 STATED HE WAS DRIVING ABOUT 10 MILES PER HOUR.NO INJURIES.*SUPP 10/2/2019. DIRECTION OF TRAVEL FOR BOTH VEHICLES IN NARRATIVE AND LOCATION OF ACCIDENT IN NARRATIVE FOR EACH. *"
903453982,MONROE SD,M19A32255,MONROE,POLK,BLOOMINGTON,9/28/2019,9:55 AM,1,0,1,0,0,,,,SR46E,,,SR46E,LOWER BIRDIE GALYAN,,,,N,,,,39.16269,-86.41335,STATE ROAD,,N,N,RURAL,N,N,N,,DAYLIGHT,CLEAR,DRY,,T-INTERSECTION,CURVE/GRADE,ASPHALT,RAN OFF ROAD RIGHT,$5001 TO $10000,RAN OFF ROAD,955,1010,Y,Y,NLOWERBIRDIEGALYANRDSR46E,0,NONE,"V1 WAS TRAVELLING WEST ON ST RD 46 E. V1 LEFT THE ROADWAY TO THE NORTH AND ENTERED THE DITCH. V1 CONYINUED IN THE DITCH UNTIL STRIKING THE EMBANKMENT, AT WHICH RIME THE VEHICLE APPERED TO GET AIRBORNE OVER LOWER BIRDIE GALYAN RD AND LANDED ACROSS LOWER BIRDIE GALYAN RD TO THE WEST, NOSE DOWN IN THE DITCH."
903453790,INDIANA UNIV BLOOMINGTON PD,192139,MONROE,BLOOMINGTON,BLOOMINGTON,9/28/2019,10:15 PM,3,0,2,0,0,,,,SR46,,,SR46,FEE,,,,Y,,2000,E,39.18596,-86.51983304,STATE ROAD,,N,N,URBAN,N,N,N,,DARK (NOT LIGHTED),CLEAR,DRY,,NO JUNCTION INVOLVED,CURVE/LEVEL,ASPHALT,OBSTRUCTION NOT MARKED,$50001 TO $100000,REAR END,1019,1022,Y,Y,FEELNSR46,0,LANE CONTROL,"D1 Driver Factors ""other explain in narrative"" - V1 experienced engine failure and would no longer move. As a result, D1 had turned V1 off in order to try and restart it. During this process, V1 was left in the roadway without any lights on.D3 Driver Factors ""other explain in narrative"" - D3 was traveling behind V2 and the roadway was curved and not lighted. V2 stopped very suddenly as a result of striking V1. D3 was then given little time to react or avoid colliding with V2 due to the dark lighting condition, curved roadway, and speed limit of 45mph. D3 was also driving alone on an expired Illinois Instruction Permit.Prior to the crash, V1 was stopped in the right lane for southeast traffic on SR 45/46 Bypass as a result of engine failure. V2 was driving southeast in the right lane approaching V1. V3 was driving southeast in the right behind V2. D1 said he was driving southeast in the right lane on SR 45/46 Bypass when he experienced engine failure and came to a stop. D1 said his headlights and tail lights were on, but he then turned V1 off and tried to restart it. During this process, the lights may have turned off. Before D1 could get V1 started again, it was struck from the rear by V2. D2 said she was driving southeast on SR 45/46 Bypass at approximately 45mph. As D2 drove through the curve in the road she quickly came up behind V1 stopped in the roadway. D2 said she did not see any tail lights on, and did not see V1 with enough time to react. D2 struck the rear of V1. D3 said he was driving southeast on SR 45/46 Bypass at approximately 45mph behind V2. D3 said V2 came to an extremely abrupt stop and he was unable to avoid colliding with V2. The front passenger side corner of V3 struck the rear driver side corner of V2 as D3 tried to swerve and avoid the collision. Immediately following the collision with V2, D3 exited V3 and did not put V3 in park. V3 then rolled away unoccupied. V3 drove over the curb raised median with a grass center, across the northwest lanes of travel, over another curb and off the roadway. Once off the roadway, V3 rolled down a steep hill into a ditch lined with rocks, through approximately 130 feet of grass, into bushes, and finally struck the IU Foundation building (1500 State Rd 46).V1 sustained damage across the rear bumper. V2 sustained heavy front end damage and damage across the rear. V3 sustained heavy front end damage and damage to the underbody. All three vehicles were towed by Bland's Wrecker Service due to disabling damage. After leaving the roadway, V3 ran over multiple small bushes in front of the IU Foundation. When I arrived on scene there was approximately one inch between the front of V3 and the building. There was a small black scuff and thin crack in the outside limestone wall directly in front of the bumper. D2 sustained injuries to her nose and jaw, complaining of extreme pain and believing her nose was broken. D2 was transported to IU Health Bloomington Hospital by Bloomington Hospital Ambulance Service for treatment. D3 complained of pain in his left wrist and right knee. D3 was treated on scene by Bloomington Hospital Ambulance Service and refused transportation to the hospital.Photographs of the scene and vehicles involved were taken."
903454641,MONROE SD,M19A32273,MONROE,PERRY,BLOOMINGTON,9/28/2019,1:37 PM,2,0,0,0,0,315,W GORDON,PIKE,,,,W GORDON,,,,,N,,,,39.12154418,-86.53386009,UNKNOWN,,N,Y,URBAN,N,N,N,,UNKNOWN,CLEAR,DRY,,NO JUNCTION INVOLVED,STRAIGHT/GRADE,ASPHALT,RAN OFF ROAD RIGHT,$5001 TO $10000,RIGHT ANGLE,142,217,N,Y,WGORDONPIKE,0,NONE,"D1 reported his vehicle has been parked for the past three days. D1 discovered his vehicle had been damaged. V1 stated there was no note left on his vehicle of who was responsible. D1 also stated no one has contacted his claiming responsibility.A Honda emblem was stuck to D1's vehicle, it is suspected vehicle two is a Honda passenger car.**********SUPPLEMENT*****************11/06/2019The suspect driver, D2, was located on 11/06/2019. His vehicle was observed to have front end damage consistent with colliding with D1. D2 stated he has a medical condition that affects his memory. D2 stated he does not remember colliding with D1 however acknowledged it was possible he was involved. D2 stated he remembers striking another vehicle approximately 1 month prior however he thought it was at the Kroger south parking lot (approx. 1/4 mile down the road from where the collision occurred). D2 thought he struck a the tire of a truck, got out, looked at his vehicle, and left because he did not observe any damage. D2 did not contact law enforcement at the time of the collision."
903454315,INDIANA UNIV BLOOMINGTON PD,192163,MONROE,BLOOMINGTON,BLOOMINGTON,9/29/2019,1:55 PM,2,0,0,0,0,,HIGHLAND,AVE,,,,HIGHLAND,THIRD,,,,Y,,,,39.16427,-86.51772,LOCAL/CITY ROAD,,N,N,URBAN,N,N,N,,DAYLIGHT,CLEAR,DRY,,T-INTERSECTION,STRAIGHT/LEVEL,ASPHALT,IMPROPER TURNING,$5001 TO $10000,LEFT TURN,201,203,Y,N,HIGHLANDAVETHIRDST,0,NONE,D1 was in the north most lane of 3rd Street traveling westbound attempting to turn left to travel south on Highland Avenue. D2 was in the south most lane of 3rd Street traveling westbound attempting to continue traveling westbound. D1 stated that he was traveling westbound on 3rd street in the north most lane attempting to make a left turn to begin traveling south on Highland Avenue. D1 stated he had his turn signal on and was turning left from the north most lane (far right lane) when he crossed over the south most lane (left lane) and was struck by D2. D2 had damage to his rear driver side door as well as his rear quarter panel. D2 did not complain of injury and his vehicle was not towed. D1 stated he was going approximately 5 miles per hour at the time of the collision.D2 stated he was in the south most lane traveling westbound on 3rd Street going straight. D2 stated D1 then turned from the north most lane into his lane which caused D2 to strike D1 with his front bumper. D2 stated he was going approximately 15-20 miles per hour at the time of the collision. D2 had significant damage to his front passenger side bumper and was missing a part to his front bumper on the driver side. D2 did not complain of injury. D2's vehicle was towed due to fluid leaking from his vehicle.
903454472,BLOOMINGTON PD,B1941286,MONROE,BLOOMINGTON,BLOOMINGTON,9/29/2019,9:20 PM,2,0,1,0,0,,W 17TH,ST,,,,W 17TH,N WILLIS,,,,Y,,,,39.179104,-86.544016,LOCAL/CITY ROAD,,N,N,URBAN,N,N,N,,DARK (NOT LIGHTED),CLEAR,DRY,,T-INTERSECTION,STRAIGHT/HILLCREST,ASPHALT,FOLLOWING TOO CLOSELY,$2501 TO $5000,REAR END,926,920,Y,Y,NWILLISDRW17THST,0,NONE,"V1 WAS TRAVELLING E/B ON W 17TH ST DIRECTLY BEHIND V2. AS V2 SLOWED DOWN TO TURN LEFT ONTO N WILLIS DRIVE, V1 CONTINUED FORWARD, STRIKING V2 ON THE PASSENGER SIDE REAR BUMPER. D1 ADMITTED FAULT OF THE ACCIDENT AND STATED SHE DIDN'T SEE THAT V2 WAS TURNING."
903454461,MONROE SD,M19A32436,MONROE,WASHINGTON,BLOOMINGTON,9/29/2019,9:50 PM,1,0,0,0,1,,,,I69,,,I69S,,,130,,N,,300,N,41.38017958,-85.07445188,INTERSTATE,,N,N,RURAL,N,N,N,,DARK (NOT LIGHTED),CLEAR,DRY,,NO JUNCTION INVOLVED,STRAIGHT/GRADE,ASPHALT,ANIMAL/OBJECT IN ROADWAY,$5001 TO $10000,COLLISION WITH DEER,958,1018,Y,N,I69S130,0,NONE,"D1 STATED THAT SHE WAS TRAVELINNG SOUTH BOUND ON I69 NEAR MILEMARKER 130 WHEN A DEER RAN IN FRONT OF HER VEHICLE. D1 STATED THAT SHE COULD NOT AVOID COLLISION WITH DEER. HEAVY FRONT END DAMAGE AND BUSTED RADIATOR. VEHICLE NEEDED TOWED. D1 HAD MINOR BLEEDING ON FOREARM, BUT REFUSED MEDICAL ATTENTION."
903454358,BLOOMINGTON PD,B1941250,MONROE,BLOOMINGTON,BLOOMINGTON,9/29/2019,4:40 PM,2,0,0,0,0,396,VARSITY,LN,,,,E VARSITY,,,,,Y,,,,39.182976,-86.528416,UNKNOWN,,N,Y,URBAN,N,N,N,,UNKNOWN,CLEAR,DRY,,NO JUNCTION INVOLVED,STRAIGHT/LEVEL,ASPHALT,,$1001 TO $2500,BACKING CRASH,454,459,Y,Y,EVARSITYLN,0,NONE,D1 is uknownOwner of vehicle 2 stated his vehicle was parked outside his apartment on 396 E. Varsity Ln. Owner of vehicle 2 stated he last used his car at 8:30P on 9/28/2019. Owner of vehicle 2 stated he was walking his dog on 9/29/2019 at 3:30P and noticed the damage to the rear of his vehicle.
903454296,BLOOMINGTON PD,B19-41221,MONROE,BLOOMINGTON,BLOOMINGTON,9/29/2019,12:53 PM,2,0,0,0,0,,TAPP,RD,,,,W TAPP,ROCKPORT,,,,Y,,,,39.13635,-86.54875,LOCAL/CITY ROAD,,N,N,URBAN,N,N,N,,DAYLIGHT,CLEAR,DRY,,FOUR-WAY INTERSECTION,STRAIGHT/GRADE,ASPHALT,FOLLOWING TOO CLOSELY,$1001 TO $2500,REAR END,1255,102,Y,N,SROCKPORTRDWTAPPRD,0,NONE,Driver one stated she was driving west on W Tapp Road when she looked down and then the vehicle in front of her stopped and she hit the rear of vehicle two with the front right corner of her vehicle. Driver two stated he was stopped due to traffic in front of him and while he was stopped he was his from behind by vehicle one.
903454394,BLOOMINGTON PD,B1941243,MONROE,BLOOMINGTON,BLOOMINGTON,9/29/2019,4:30 PM,2,1,0,0,0,601,2ND,ST,,,,W 2ND,,,,,Y,,,,39.16025,-86.54012,UNKNOWN,,N,N,URBAN,N,N,N,,DAYLIGHT,CLEAR,DRY,,NO JUNCTION INVOLVED,STRAIGHT/LEVEL,ASPHALT,IMPROPER TURNING,$1001 TO $2500,LEFT TURN,430,435,Y,N,W2NDST,0,NONE,"Vehicle 2 was parked on the south side of the parking lot located on the west side of 601 W 2nd St., west of the emergency department facing east. Vehicle 1 was traveling east and turning north attempting to make a left turn around vehicle 2. Driver of vehicle 1 was having chest pains and was very dizzy and was trying to get parked and into the emergency department for treatment. Because of this illness driver 1 made an improper turn failing to turn wide enough for his trailer to miss vehicle 2. Trailer 1 struck the front passenger side of vehicle 2. Driver of vehicle 1 then parked and went into the hospital to get medical treatment and notified hospital security of the accident. Trailer 1 had significant damage to the wheel well. Vehicle 2 has significant damage to the front of the vehicle. No injuries were reported from the accident. Owner of vehicle 2 was unsure if she needed her vehicle towed at the time and stated she would call for a wrecker if needed."
903454965,BLOOMINGTON PD,B1941344,MONROE,BLOOMINGTON,BLOOMINGTON,9/30/2019,9:54 AM,2,0,0,0,0,,EAST 3RD,ST,,,,EAST 3RD,SOUTH DUNN,,,,Y,,,,39.164448,-86.528096,LOCAL/CITY ROAD,Y,N,N,URBAN,N,N,N,,DAYLIGHT,CLEAR,DRY,,FOUR-WAY INTERSECTION,STRAIGHT/HILLCREST,ASPHALT,FAILURE TO YIELD RIGHT OF WAY,$10001 TO $25000,RIGHT ANGLE,954,957,Y,Y,EAST3RDSTSOUTHDUNNST,0,TRAFFIC CONTROL SIGNAL,"D1 STATED THAT SHE WAS DRIVING SOUTH ON DUNN STREET AND THAT SHE WAS APPROACHING THE INTERSECTION OF EAST 3RD STREET. D1 EXPLAINED THAT SHE DID HAVE THE GREEN LIGHT AND SHE WAS IN THE LEFT LANE.AS D1 WAS IN THE INTERSECTION TRAVELING SOUTH, THE FRONT OF V2 DID MAKE CONTACT WITH THE DRIVER'S SIDE OF V1.BOTH VEHICLES DID SUSTAIN DAMAGE BUT WERE ABLE TO BE DRIVEN TO A NEARBY PARKING LOT.D2 STATED THAT HE WAS TRAVELING WEST ON 3RD STREET, APPROACHING THE INTERSECTION OF SOUTH DUNN.D2 ALSO STATED THAT HE HAD THE GREEN LIGHT AND THAT V1 NEVER STOPPED AT THE THE INTERSECTION.D2 DID CONTINUE DRIVING THROUGH THE INTERSECTION UNTIL THE FRONT OF V2 DID MAKE CONTACT WITH THE DRIVER'S SIDE OF V1.I DID THEN SPEAK WITH A WITNESS, IDENTIFIED AS TIMOTHY PFEIFER.TIMOTHY STATED THAT HE WAS STANDING NORTH OF THE INTERSECTION WORKING ON LANDSCAPING WHEN HE DID HEAR THE ACCIDENT OCCUR. TIMOTHY MENTIONED THAT HE DID IMMEDIATELY LOOK UP AND DID SEE THAT THE LIGHTS, FACING NORTH, WHICH ARE THE LIGHT THAT D1 WOULD HAVE SEEN, WERE RED.TIMOTHY EXPLAINED THAT HE DOES THINK THAT D2 HAD THE GREEN LIGHT AND THAT V1 DID HAVE THE RED LIGHT."
903456240,ELLETTSVILLE PD,E1905385,MONROE,RICHLAND,ELLETTSVILLE,9/30/2019,1:45 PM,2,0,1,0,0,4629,RICHLAND PLAZA,DR,,,,RICHLAND PLAZA,,,,,Y,,,,39.217538,-86.593831,UNKNOWN,,N,N,URBAN,N,N,N,,DAYLIGHT,CLEAR,DRY,,NO JUNCTION INVOLVED,STRAIGHT/LEVEL,ASPHALT,FAILURE TO YIELD RIGHT OF WAY,$10001 TO $25000,RIGHT ANGLE,145,149,Y,Y,RICHLANDPLAZADR,0,LANE CONTROL,"Narrative By Chief Deputy, William Jay HumphreySeptember 30th 2019Case E19-05385Driver 1 HulenDriver 2 AllenDriver #1 was pulling out of Parking Spot Richland Plaza Drive. Vehicle #1 struck right side Vehicle #2 which caused Vehicle #2 to spin around on the left side after collision. Vehicle #2 was going East Bound.Driver of Vehicle #1 Did Not Yield Right Away."
903455125,BLOOMINGTON PD,B1941426,MONROE,PERRY,BLOOMINGTON,9/30/2019,12:00 PM,2,0,0,0,0,3201,PICCADILLY,ST,,,,SOUTH PICCADILLY,,,,,Y,,,,39.13423,-86.52366,LOCAL/CITY ROAD,,N,Y,URBAN,N,N,N,,DAYLIGHT,CLEAR,DRY,,NO JUNCTION INVOLVED,STRAIGHT/LEVEL,ASPHALT,IMPROPER TURNING,$1001 TO $2500,LEFT/RIGHT TURN,704,716,Y,Y,SOUTHPICCADILLYST,0,NONE,"THE OWNER OF V2 STATED THAT SHE HAD PARKED HER VEHICLE IN THE DRIVEWAY OF HER RESIDENCE, LOCATED AT 3201 SOUTH PICCADILLY STREET, FACING EAST.THE OWNER OF V2 STATED THAT SHE LATER RETURNED TO HER VEHICLE AND SAW THAT THE PASSENGER SIDE REAR DOOR HAD BEEN STRUCK BY ANOTHER VEHICLE AND APPEARED TO HAVE SEVERAL SCRATCHES AND TWO SCUFF MARKS.THE OWNER OF V2 STATED SHE DID NOT SEE THE DAMAGE TO HER VEHICLE UNTIL 7:00 PM BUT SHE DOES NOT REMEMBER SEEING ANY DAMAGE TO THE PASSENGER SIDE OF V2 THIS MORNING WHEN SHE HAD RETURNED HOME AT 5:00 AM.THE OWNER OF V2 STATED, AND IT APPEARS BASED ON THE DAMAGE TO V2, THAT ANOTHER VEHICLE HAD ATTEMPTED TO TURN LEFT/RIGHT AND HAD LIGHTLY STRUCK THE REAR PASSENGER DOOR OF V2."
903454834,BLOOMINGTON PD,B1941362,MONROE,BLOOMINGTON,BLOOMINGTON,9/30/2019,12:07 PM,2,0,0,0,0,,ADAMS,ST,,,,ADAMS,PATTERSON,,,,Y,,100,N,39.17498939,-86.55188,LOCAL/CITY ROAD,,N,N,URBAN,N,N,N,,DAYLIGHT,CLEAR,DRY,,NO JUNCTION INVOLVED,CURVE/GRADE,ASPHALT,FAILURE TO YIELD RIGHT OF WAY,$1001 TO $2500,LEFT TURN,1209,1215,Y,N,ADAMSSTPATTERSONDR,0,LANE CONTROL,"BOTH VEHICLES WERE ON ADAMS ST, JUST NORTH OF PATTERSON DR.D1 SAID SHE WAS TRYING TO TURN LEFT INTO THE GAS STATION PARKING LOT, AND WAS SIGNALLING HER TURN. SHE SAID SHE DID NOT SEE V2 COMING EAST BOUND.D2 SAID SHE WAS IN THE RIGHT LANE, WHEN V1 SUDDENLY TURNED LEFT IN FRONT OF HER. D2 SAID SHE SAW V1 SIGNALLING THE TURN, AND THOUGHT V1 WAS GOING TO STOP.D2 SAID IT WAS HER SISTER'S CAR, AND WAS NOT SURE ON THE INSURANCE. THOUGHT IT WAS ESURANCE, BUT WE COULD NOT REACH THE SISTER OUT OF STATE.NO INJURIES REPORTED"
903454828,BLOOMINGTON PD,B1941364,MONROE,BLOOMINGTON,BLOOMINGTON,9/30/2019,12:20 PM,2,0,1,0,0,,3RD,ST,,,,E 3RD,PATTERSON,,,,Y,,,,0,0,LOCAL/CITY ROAD,Y,N,N,URBAN,N,N,N,,DAYLIGHT,CLEAR,DRY,,T-INTERSECTION,STRAIGHT/LEVEL,ASPHALT,FOLLOWING TOO CLOSELY,$2501 TO $5000,REAR END,1220,1220,Y,N,E3RDSTSPATTERSONDR,0,TRAFFIC CONTROL SIGNAL,"Vehicle 2 stopped in traffic. Vehicle 1 slowing and stopping in traffic, approached Vehicle 2, experienced brake fade, struck the rear of Vehicle 2."
903455007,MONROE SD,M19A32553,MONROE,PERRY,BLOOMINGTON,9/30/2019,3:53 PM,2,0,0,0,0,,,,SR37S,,,SR37S,OLD STATE ROAD 37,,,,N,,,,39.085632,-86.542304,STATE ROAD,Y,N,N,RURAL,N,N,N,,DAYLIGHT,CLEAR,DRY,,FOUR-WAY INTERSECTION,STRAIGHT/GRADE,ASPHALT,FOLLOWING TOO CLOSELY,$5001 TO $10000,REAR END,353,409,Y,N,OLDSTATEROAD37RDSR37S,0,TRAFFIC CONTROL SIGNAL,V2 was southbound on Old State Road 37 at SR 37 slowing or stopping for traffic when V1 rear ended V2. Both drivers had their seat belts on. D2 stated the light was changing and stopped for the light while D1 thought D2 was going to proceed through the light.
903454643,BLOOMINGTON PD,B1941330,MONROE,BLOOMINGTON,BLOOMINGTON,9/30/2019,8:38 AM,2,0,0,0,0,,HENDERSON,ST,,,,HENDERSON,HILLSIDE,,,,Y,,,,39.15056,-86.52693,LOCAL/CITY ROAD,,N,N,URBAN,N,N,N,,DAYLIGHT,CLEAR,DRY,,FOUR-WAY INTERSECTION,STRAIGHT/GRADE,ASPHALT,UNSAFE LANE MOVEMENT,UNDER $1001,SAME DIRECTION SIDESWIPE,840,846,Y,Y,HENDERSONSTHILLSIDEDR,0,LANE CONTROL,"Driver 1 stated she was south on Henderson St just past Hillside Dr. Vehicle 2 was parked on the west side of Henderson St facing south, just south of Hillside Dr. Driver 1 stated traffic was filling up both northbound lanes of Henderson St and she had to squeeze the bus between that traffic and vehicle 2. Driver 1 stated her bus hit the mirror of vehicle 2 as it passed."
903455123,BLOOMINGTON PD,B1941416,MONROE,BLOOMINGTON,BLOOMINGTON,9/30/2019,5:40 PM,2,0,0,0,0,,WALNUT,ST,,,,SOUTH WALNUT,COUNTRY CLUB,,,,Y,,,,39.13597,-86.53111,LOCAL/CITY ROAD,Y,N,N,URBAN,N,N,N,,DAYLIGHT,CLEAR,DRY,,FOUR-WAY INTERSECTION,STRAIGHT/LEVEL,ASPHALT,FAILURE TO YIELD RIGHT OF WAY,$2501 TO $5000,HEAD ON BETWEEN TWO MOTOR VEHICLES,440,450,Y,Y,COUNTRYCLUBDRSOUTHWALNUTST,0,TRAFFIC CONTROL SIGNAL,DRIVER 2 STATED SHE WAS ON WALNUT IN THE SOUTHBOUND LANES AND HAD A GREEN LIGHT AND ACCELERATED FORWARD WHEN VEHICLE 1 TURNED LEFT FROM THE NORTHBOUND LANES OF WALNUT ONTO COUNTRY CLUB IN FRONT OF HER VEHICLE WHICH CAUSED A HEAD ON COLLISION WHEN DRIVER 2 COULD NOT STOP HER VEHICLE IN TIME. DRIVER 1 STATED SHE WAS TURNING LEFT FROM WALNUT ONTO COUNTRY CLUB WHEN VEHICLE 2 CAME HEAD ON AT HER FROM THE SOUTHBOUND LANES.
903455750,BLOOMINGTON PD,B1941425,MONROE,BLOOMINGTON,BLOOMINGTON,9/30/2019,6:57 PM,1,0,0,0,0,130,GRIMES,LN,,,,W GRIMES,,,,,Y,PRIVATE,,,39.15434533,-86.5360335,LOCAL/CITY ROAD,,N,N,URBAN,N,N,N,,DAYLIGHT,CLEAR,DRY,,T-INTERSECTION,STRAIGHT/LEVEL,CONCRETE,IMPROPER TURNING,$1001 TO $2500,OTHER - EXPLAIN IN NARRATIVE,659,701,Y,N,WGRIMESLN,0,NONE,"D1 stated he was travelling westbound on W. Grimes Lane. D1 stated he went to make a right hand turn into the lot of 130 W. Grimes Lane, and while doing so side swiped a power line pole. I did observe damage along the passenger side of the bus. No injuries were reported. Utilities was advised of the damage to the power line."
903456089,MONROE SD,M19A32552,MONROE,CLEAR CREEK,BLOOMINGTON,9/30/2019,3:47 PM,2,0,0,0,0,,CLEAR CREEK,DR,,,,W 300 CLEAR CREEK,MADISON,,,,N,,50,W,39.111785,-86.53652467,LOCAL/CITY ROAD,,N,N,RURAL,Y,N,N,,DAYLIGHT,CLEAR,DRY,,NO JUNCTION INVOLVED,STRAIGHT/LEVEL,ASPHALT,UNSAFE BACKING,$2501 TO $5000,BACKING CRASH,349,348,Y,N,SMADISONSTW300CLEARCREEKDR,0,NONE,"UNIT 1 WAS PULLING INTO THE PARKING LOT OF CLEAR CREEK ELEMENTARY SCHOOL ON CLEAR CREEK DRIVE THE SAME TIME ANOTHER SCHOOL BUS WAS ATEMPTING TO EXIT THE PARKING LOT. UNIT 1 THEN PROCEEDED TO BACK OUT TO ALLOW THE OTHER BUS TO EXIT. WHILE BACKING, UNIT 1 DID NOT SEE UNIT 2 AND BACKED INTO THE DRIVER DOOR."
903462569,ISP BLOOMINGTON 33,2.019E+11,MONROE,POLK,BLOOMINGTON,9/30/2019,18:00 M,1,,0,0,0,,TOWER RIDGE RD,,,,,,,,,,N,,0,S,39.0125116,-86.37835211,COUNTY ROAD,,,,RURAL,N,N,N,,DAYLIGHT,CLEAR,LOOSE MATERIAL ON ROAD,,NO JUNCTION INVOLVED,,GRAVEL,,$2501 TO $5000,RAN OFF ROAD,1832,1908,Y,Y,,0,,"On Monday, September 30, 2019 at 18:32, Ryan Miller responded to a crash on Tower Ridge Rd. Tower Ridge Rd is a narrow two lane gravel roadway that runs primarily east to west. The area of this collision occurred at the exit of a right hand curve in a slight downward grade.V1, red GMC, was traveling west on Tower Ridge Road. V1 traveled off the south side of the roadway and began to rotate in a clockwise direction. V1 continued to rotate and travel west along the south side of the roadway. V1 struck a tree along the driver's side just behind the cab. V1 then changed rotation and began to rotate in a counterclockwise direction as it continued west. V1 came to final rest along the south side of the roadway parallel to a dry creek bed facing to the north. I arrived on scene to find V1 abandoned with the doors locked. I observed significant damage to the bed along the driver's side just behind the cab. The rear axle was broken with both rear tires deflated. The front passenger tire was deflated. The front driver's tire was the only tire inflated. The driveshaft was lying along the south side of the roadway near the front of V1. The tailgate from V1 was lying along the south side of the roadway west of the dry creek bed. I walked to the east of V1 and observed what appeared to be the area of impact involving a tree along the south side of the roadway. I observed yaw marks in the gravel leading to the tree. I observed fresh scrape marks on the tree consistent with an impact by V1. I observed a single GMC center cap lying just behind the tree with the scrape marks. V1 had the same center caps. The driver's side rear wheel was the only wheel missing a center cap. D1, Mitchell, arrived as I was photographing the scene. D1 stated he had been traveling west on Tower Ridge Rd. D1 stated he believed the front passenger tire went flat which caused him to lose control of V1. D1 stated he began to slide on the gravel before striking a tree. D1 stated he obtained a ride after the collision due to poor cell signal and returned with his father. V1 was occupied by a single passenger who as also present with D1. The passenger identified himself with an Arizona Driver's license as August Nicholas Acosta, DOB 10-13-1997, OLN D10878338. Neither D1 nor Acosta complained of injury. Evidence shows significant damage to the front driver's side portion of the cargo bed consistent with the area of impact involving the tree. Evidence shows D1 failed to maintain lane and traveled off the south side of the roadway before striking the tree. It is not clear if the front passenger tire became deflated prior to the collision with the tree or after impact. V1 traveled approximately 62 feet west from the area of impact to final rest. The tailgate was approximately123 feet west of the area of impact. Evidence shows the odor of an alcoholic beverage coming from D1's person during the accident investigation. D1 indicated he consumed alcoholic beverages prior to the collision. A PBT was administered at approximately 1930 hours with a positive result of .074% BrAC."