Master Record Number,Agency,Local Code,County,Township,City,Collision Date,Collision Time,Vehicles Involved,Trailers Involved,Number Injured,Number Dead,Number Deer,House Number,Roadway Name,Roadway Suffix,Roadway Number,Roadway Interchange,Roadway Ramp,Roadway Id,Intersecting Road,Intersecting Road Number,Mile Marker,Interchange,Corporate Limits?,Property Type,Feet From,Direction,Latitude,Longitude,Roadway Class,Traffic Control Devices?,Aggressive Driving?,Hit and Run?,Locality,School Zone?,Rumble Strips?,Construction?,Construction Type,Light Condition,Weather Conditions,Surface Condition,Type of Median,Roadway Junction Type,Road Character,Roadway Surface,Primary Factor,Damage Estimate,Manner of Collision,Time Notified,Time Arrived,Investigation Complete?,Photos Taken?,Unique Location Id,State Property Damage?,Traffic Control,NARRATIVE
903455030,BLOOMINGTON PD,B1941385,MONROE,BLOOMINGTON,BLOOMINGTON,9/30/2019,2:29 PM,2,0,0,0,0,,E 10TH,ST,,,,E 10TH,N LINCOLN,,,,Y,,,,39.171712,-86.530992,LOCAL/CITY ROAD,,N,N,URBAN,N,N,N,,DAYLIGHT,CLEAR,DRY,,FOUR-WAY INTERSECTION,STRAIGHT/LEVEL,ASPHALT,FAILURE TO YIELD RIGHT OF WAY,$5001 TO $10000,RIGHT ANGLE,229,245,Y,N,E10THSTNLINCOLNST,0,STOP SIGN,"It should be noted that the on-scene investigation for this accident was conducted by IUPD Officer Line (D588). All information henceforth, including scene diagram, was provided by Officer Line to be entered into ARIES:D1 stated she was traveling northbound on N. Lincoln St. When she stopped at the traffic control sign posted on the south side of the intersection of E. 10th St. D1 stated that she thought the intersection was clear, and proceeded through northbound, when she struck D2 on the rear driver side.D2 stated he was traveling westbound on 10th St, through the intersection of 10th and N. Lincoln, when he was struck by D1.Based on statements from D1/D2, and damage observed at the scene, Officer Line's investigation has yielded that D1 failed to yield to oncoming traffic, attempting to cross E. 10th St., and struck D2 on the rear driver side of his vehicle."
903455133,INDIANA UNIV BLOOMINGTON PD,192177,MONROE,BLOOMINGTON,BLOOMINGTON,9/30/2019,6:35 PM,2,1,1,0,0,,,,SR46,,,SR46,MATLOCK,,,,Y,,,,39.1863,-86.53191,STATE ROAD,Y,N,N,URBAN,N,N,N,,DAYLIGHT,CLEAR,DRY,,FOUR-WAY INTERSECTION,STRAIGHT/LEVEL,ASPHALT,BRAKE FAILURE OR DEFECTIVE,$5001 TO $10000,REAR END,638,645,Y,N,MATLOCKRDSR46,0,TRAFFIC CONTROL SIGNAL,"Both vehicles were facing east on State Road 45/46 Bypass. V2 was sitting at the Fee Lane traffic light. V1 was slowing behind V2. V1 rear ended V2. V1 was also pulling an empty trailer. D1 stated as he tried to slow V1 down, V1 started to lose power. D1 stated V1's power brakes went out and effected his stopping distance. V1 rear ended V2. V1 had front end damage along the entire front of the vehicle. D1's head struck the visor which caused a scratch on his forehead and minor bleeding. He denied any medical attention. D2 could not provide any information besides that he was completely stopped at the Fee Lane intersection in traffic when he was rear ended. D2 denied any medical attention.I looked at the brakes of V1 but could not visually identify any malfunctions. D1 stated if his vehicle started he would have power brakes and be able to move from the roadway. V1 was able to start and it was driven around a corner to a parking lot. I followed V1 to make sure he got to the parking lot safely. The brakes appeared to be working as he drove to the parking lot. D1 stated he was going to call people to give him a ride home and a wrecker for V1."
903455067,INDIANA UNIV BLOOMINGTON PD,192173,MONROE,BLOOMINGTON,BLOOMINGTON,9/30/2019,2:40 PM,2,0,0,0,0,,JORDAN,AVE,,,,JORDAN,THIRD,,,,Y,,,,39.16426,-86.51642,LOCAL/CITY ROAD,,Y,Y,URBAN,N,N,N,,DAYLIGHT,CLEAR,DRY,,NO JUNCTION INVOLVED,STRAIGHT/LEVEL,ASPHALT,IMPROPER LANE USAGE,UNDER $1001,SAME DIRECTION SIDESWIPE,247,254,Y,Y,JORDANAVETHIRDST,0,NONE,"V1 and v2 were traveling westbound on 3rd street. V1 and v2 went through the intersection of 3rd and Jordan Ave. V1 was in the right lane, and V2 was in the left lane. A bus was stopped in the right lane just ahead of both vehicles. V1 made an aggressive lane change to avoid the bus, and move into the left lane. V1 sideswiped V2 in the process, and kept driving. D2 stated after she was sideswiped by V1 she continued following V1 down 3rd street. D2 was able to get license plate information of V1. D2 eventually lost sight of V1 and stopped to call the police.There was slight damage to the passenger side front fender of V2. Photographs were taken and added to the case."
903455892,BLOOMINGTON PD,B1941542,MONROE,BLOOMINGTON,BLOOMINGTON,10/1/2019,3:15 PM,3,0,0,0,0,,WALNUT,ST,,,,S WALNUT,SOUTHERN,,,,Y,,,,39.14977,-86.5335,LOCAL/CITY ROAD,,N,N,URBAN,N,N,N,,DAYLIGHT,CLEAR,DRY,,FOUR-WAY INTERSECTION,STRAIGHT/LEVEL,CONCRETE,FOLLOWING TOO CLOSELY,$2501 TO $5000,REAR END,320,330,Y,N,ESOUTHERNDRSWALNUTST,0,STOP SIGN,"D1 stated she was travelling southbound on S. Walnut Street in the left hand lane. D1 stated she thought she was rear ended by an unknown vehicle, which caused her to rear end V2 which was stopped in the roadway. After looking at D1's vehicle and speaking with her it was determined she was not rear ended. D2 stated she was travelling southbound on S. Walnut Street in the left lane when she noticed V1 stopped in the roadway. D2 stated she came to a stop. D2 advised she was suddenly rear ended by V1 which caused her to go forward and rear end V3. D3 advised she was stopped behind an uninvolved vehicle preparing to make a left turn. D3 stated she was facing southbound in the left lane. D3 advised while stopped in traffic she was rear ended by V2. No injuries were reported at this time."
903455752,BLOOMINGTON PD,B1941536,MONROE,RICHLAND,BLOOMINGTON,10/1/2019,2:25 PM,2,0,1,0,0,,JONATHAN,DR,,,,W JONATHAN,GATES,,,,Y,,,,39.16876,-86.57642,LOCAL/CITY ROAD,,N,N,URBAN,N,N,N,,DAYLIGHT,CLEAR,DRY,,FOUR-WAY INTERSECTION,STRAIGHT/LEVEL,CONCRETE,FOLLOWING TOO CLOSELY,UNDER $1001,REAR END,228,232,Y,Y,WGATESDRWJONATHANDR,0,STOP SIGN,D1 stated she was waiting behind V2 at a four way stop facing eastbound. D1 advised she though V2 was going so she accelerated and rear ended V2. D2 advised she was facing east at a four way stop. Just as she began to let off the brake to go forward she was rear ended by D1. D2 did have a complaint of pain in her neck and back. D2 was transported from the scene by EMS.
903455530,BLOOMINGTON PD,B1941513,MONROE,BLOOMINGTON,BLOOMINGTON,10/1/2019,11:42 AM,2,0,1,0,0,,N PETE ELLIS,DR,,,,N PETE ELLIS,E LONGVIEW,,,,Y,,,,39.166944,-86.495056,LOCAL/CITY ROAD,,N,N,URBAN,N,N,N,,DAYLIGHT,CLEAR,DRY,,FOUR-WAY INTERSECTION,STRAIGHT/LEVEL,ASPHALT,FAILURE TO YIELD RIGHT OF WAY,$5001 TO $10000,RIGHT ANGLE,1143,1145,Y,N,ELONGVIEWAVENPETEELLISDR,0,STOP SIGN,"D1/V1 STATED ""I WAS NORTHBOUND ON S. PETE ELLIS DRIVE. I DID NOT SEE V2. I ENTERED THE INTERSECTION OF PETE ELLIS AND LONGVIEW AND COLLIDED WITH V2 ON THE PASSENGER SIDE DOOR PANEL"".D2/V2 STATED ""I WAS STOPPED AT THE STOP SIGN EASTBOUND ON E. LONGVIEW DRIVE. NORTH AND SOUTH LANES OF TRAVEL WENT THROUGH AND IT WAS NOW EAST/WEST BOUND TURN TO ENTER THE INTERSECTION. AS I ENTERED THE INTERSECTION OF S. PETE ELLIS, V1 RAN THE STOP SIGN AND COLLIDED WITH MY VEHICLE. V1 NEVER STOPPED AT THE STOP SIGN."""
903455598,BLOOMINGTON PD,B1941514,MONROE,BLOOMINGTON,BLOOMINGTON,10/1/2019,11:41 AM,2,0,0,0,0,,N WALNUT,ST,,,,N WALNUT,W 11TH,,,,Y,,,,39.173248,-86.533488,LOCAL/CITY ROAD,,Y,Y,URBAN,N,N,N,,DAYLIGHT,CLEAR,DRY,,T-INTERSECTION,STRAIGHT/HILLCREST,ASPHALT,UNSAFE LANE MOVEMENT,$10001 TO $25000,SAME DIRECTION SIDESWIPE,1141,1141,N,Y,NWALNUTSTW11THST,0,NONE,"Vehicle 1 sideswiped Vehicle 2 as he was passing Vehicle 2 northbound, same direction.A witness called in and gave the plate number of the violator vehicle.Reporting officer got a BMV return on the plate number given. Matched vehicle description and physical description of driver given by the witness. Reporting officer attempted to locate the offending vehicle with information given. Unable to locate as of the time of this report."
903455456,INDIANA UNIV BLOOMINGTON PD,192182,MONROE,BLOOMINGTON,BLOOMINGTON,10/1/2019,10:00 AM,1,0,0,0,0,,17TH,ST,,,,EAST 17TH,INDIANA,,,,Y,,,,39.179024,-86.5272,LOCAL/CITY ROAD,,N,N,URBAN,N,N,N,,DAYLIGHT,CLEAR,DRY,,NO JUNCTION INVOLVED,STRAIGHT/GRADE,OTHER - EXPLAIN IN NARRATIVE,IMPROPER TURNING,UNDER $1001,COLLISION WITH OBJECT IN ROAD,1023,1032,Y,Y,EAST17THSTINDIANAAVE,0,NONE,At 1000 hours on 10/1/2019 V1 collided with a fence post that had been dug out and laid on the ground near the west entrance to the tailgating fields southeast of 17th Street and Indiana Avenue. D1 stated that as he was pulling into the lot the front of the truck obscured his view of the object laying in the road. He advised that the driver side running board had collided with the fence post and damaged the running board. There was a large crack running down the middle of the running board and no other damage to the vehicle. Photographs are attached.
903455920,BLOOMINGTON PD,B1941504,MONROE,PERRY,BLOOMINGTON,10/1/2019,11:01 AM,2,0,0,0,0,,ROGERS,ST,,,,SOUTH ROGERS,PATTERSON,,,,Y,,,,39.15381,-86.53874,LOCAL/CITY ROAD,,N,N,URBAN,N,N,N,,DAYLIGHT,CLEAR,DRY,,FOUR-WAY INTERSECTION,STRAIGHT/LEVEL,ASPHALT,IMPROPER TURNING,$5001 TO $10000,LEFT TURN,1101,1105,Y,N,SOUTHROGERSSTWESTPATTERSONDR,0,NONE,"D1 EXPLAINED THAT HE WAS DRIVING NORTH ON SOUTH ROGERS STREET AND WAS THEN ATTEMPTING TO TURN LEFT ON TO WEST PATTERSON DRIVE TO HEAD WEST ON PATTERSON.D1 EXPLAINED THAT AS HE WAS TURNING LEFT THAT HE DID NOT REALIZE THERE WAS A TURN LANE, TO TURN NORTH ON ROGERS STREET, FROM PATTERSON.AS D1 TURNED LEFT ON TO PATTERSON THE FRONT DRIVER'S CORNER OF V1 MADE CONTACT WITH THE FRONT DRIVER'S CORNER OF V2 RESUTLING IN DAMAGE TO BOTH VEHICLES.D2 THEN STATED THAT HE WAS STOPPED IN THE TURN LANE ON PATTERSON, FACING EAST, WHEN V1 ATTEMPTED TO TURN LEFT ON TO PATTERSON FROM SOUTH ROGERS STREET.D2 EXPLAINED THAT THE FRONT DRIVER'S CORNER OF V1 MADE CONTACT WITH THE FRONT DRIVER'S CORNER OF V2 RESULTING IN DAMAGE TO BOTH VEHICLES."
903456082,MONROE SD,M19A32699,MONROE,PERRY,BLOOMINGTON,10/1/2019,5:26 PM,2,0,0,0,0,,FAIRFAX,RD,,,,S FAIRFAX,WALNUT,,,,N,,,,39.10719,-86.52648,COUNTY ROAD,,N,N,RURAL,N,N,N,,DAYLIGHT,CLEAR,DRY,,T-INTERSECTION,STRAIGHT/LEVEL,ASPHALT,IMPROPER TURNING,$5001 TO $10000,LEFT TURN,530,538,Y,N,SFAIRFAXRDSWALNUTSTREETPIKE,0,STOP SIGN,V1 was stopped at the stop sign on S. Walnut Street Pike at the intersection with S. Fairfax Rd. yielding to east and west bound traffic on S. Fairfax Rd. which does not have a stop sign. V2 was pulling out of the driveway of 5152 S. Fairfax Rd. which is directly across the street from S. Walnut Street Pike. V2 pulled out of the driveway to proceed straight on S. Walnut Street Pike. D1 stated that he looked both left and right as both directions were clear he proceeded to turn left onto S. Fairfax Road however D1 did not see V2 pulling out of the driveway to proceed straight. V1 crashed into V2 in the intersection. V1 sustained minor damage on the front drivers side and V2 sustained disabling damage on the rear drivers side.
903457368,BLOOMINGTON PD,B1941879,MONROE,BLOOMINGTON,BLOOMINGTON,10/1/2019,7:00 PM,1,0,1,0,0,,W 1ST,ST,,,,W 1ST,S COLLEGE,,,,Y,,,,39.17688,-86.534736,LOCAL/CITY ROAD,Y,N,N,URBAN,N,N,N,,DAYLIGHT,CLEAR,DRY,,NO JUNCTION INVOLVED,STRAIGHT/LEVEL,ASPHALT,FAILURE TO YIELD RIGHT OF WAY,UNDER $1001,LEFT TURN,522,526,Y,N,SCOLLEGEAVEW1STST,1,TRAFFIC CONTROL SIGNAL,"PEDACYCLIST WAS TRAVELING EB ON W 1ST ST, D1 WAS TRAVELING WB ON W 1ST ST. AT THE INTERSECTION OF S COLLEGE AVE, THE LIGHT WAS GREEN FOR EB AND WB. PEDACYCLIST ADVISED THERE WERE TWO VEHS IN FRONT OF THEM TRAVELING EB AND THEY FOLLOWED. ONCE THE TWO VEHS CLEARED, D1 TURNED SB ON S COLLEGE AVE. PEDACYLIST ADIVSED THEY SAW D1 ACTIONS AND ATTEMPTED TO AVOID THE COLLISION BY TURNING SB. PEDACYCLIST AND D1 COLLIDED ON THE PASSENGER SIDE OF V1. PEDACYCLIST FELL OFF BIKE AND GOT BACK UP. V1 LEFT. PEDACYCLIST ADVISED THEY LATER WENT TO THE HOSPITAL FOR A BROKEN CLAVICAL. ON THE WAY TO THE HOSP, PEDACYCLIST LOCATED V1 AND LATER FILED THE REPORT WITH POLICE. WAS ABLE TO LOCATE D1. D1 ADVISED HE DID NOT BELIEVE THE ACCIDENT CAUSED DAMAGE OR INJURY SO THEY DID NOT STOP. INSURANCE INFORMATION WAS THEN OBTAINED FROM D1. NO CRIME."
903456017,MONROE SD,M19A32693,MONROE,VAN BUREN,BLOOMINGTON,10/1/2019,4:24 PM,2,0,0,0,0,2510,S LEONARD SPRINGS,RD,,,,S LEONARD SPRINGS,,,,,N,,,,39.14187494,-86.58259037,UNKNOWN,,N,Y,URBAN,N,N,N,,DAYLIGHT,CLEAR,DRY,,NO JUNCTION INVOLVED,STRAIGHT/LEVEL,CONCRETE,UNSAFE SPEED,$1001 TO $2500,OPPOSITE DIRECTION SIDESWIPE,428,435,N,Y,SLEONARDSPRINGSRD,0,NONE,"D2 was sitting in her vehicle at the fuel pump when V1 pulled in and collided with V2. D2 then stated she spoke with D1 for brief minute and recognized him from prior involvements as Mr. Lacomb. D1 attempted to give D2 a false name until D2 stated she knew who he was. D1 then gave D2 an insurance card and the vehicle owners phone number and asked D2 not to call the police. D1 then left the scene, traveling south on S Leonard Springs Rd.I later located the vehicle (V1) at the address on the registration and noticed damage consistent with the crash. I attempted to speak with Mr. Lacomb but they would not answer the door. A copy of the drivers exchange form was left under the windshield wiper of V1. At this time, D1 or the owner of V1 have called in to discuss the accident."
903455999,INDIANA UNIV BLOOMINGTON PD,192187,MONROE,BLOOMINGTON,BLOOMINGTON,10/1/2019,4:00 PM,2,0,0,0,0,900,E 7TH,ST,,,,E 7TH,,,,,Y,,,,39.168752,-86.5436,UNKNOWN,,N,Y,URBAN,N,N,N,,DAYLIGHT,CLEAR,DRY,,NO JUNCTION INVOLVED,STRAIGHT/LEVEL,ASPHALT,UNSAFE BACKING,$1001 TO $2500,SAME DIRECTION SIDESWIPE,730,736,Y,Y,E7THST,0,NONE,V1 is unknown. V2 was parked facing east in the Indiana Memorial Union parking lot #1.The owner of V2 stated he parked the vehicle at 4:00 PM and then came out at 7:30 PM and saw damage to his driver's side rear bumper.There were no witnesses. Pictures were taken of the damage and turned in with the report.
903456519,INDIANA UNIV BLOOMINGTON PD,192189,MONROE,PERRY,BLOOMINGTON,10/1/2019,12:53 PM,2,0,0,0,0,928,3RD,ST,,,,E 3RD,,,,,Y,,,,39.164352,-86.52216229,UNKNOWN,,N,Y,URBAN,N,N,N,,DAYLIGHT,CLEAR,DRY,,NO JUNCTION INVOLVED,STRAIGHT/LEVEL,ASPHALT,UNSAFE BACKING,$5001 TO $10000,BACKING CRASH,1012,1014,Y,Y,E3RDST,0,NONE,"See Narrative- Other Location of Investigation: I met with D2 on scene of the accident. I met with D1 at IUPD at 1469 E. 17th Street, Bloomington, IN. D1 was backing up going south attempting to begin traveling north in the parking lot. V2 was parked stationary in the south side of the parking lot facing south.D2 stated that her vehicle was parked in the south side of the parking lot facing south. D2 stated that on 10/01/2019 at approximately 1600 hours, she noticed her vehicle had heavy damage to the bumper on the passenger side. D2 stated she was not in the car at the time of the accident. I viewed camera footage provided by a resident of 928 E. 3rd Street that showed D1 backing into V2 traveling south. The footage showed V2 leaving the scene of the crash headed north in the parking lot. That footage will be attached to the case. I met with D1 on station and through my investigation determined that D1 did not know he was involved in a crash. D1 stated he had backed up in the parking lot but did not realize that he had hit V2. I looked at V1 and did not notice any damage to the vehicle. Because D1 did not realize he had been in a crash, he did not know what happened. I am not seeking enforcement actions on D1 due to him having no malicious or criminal intent. There were no reported injuries. Neither car was towed."
903456808,MONROE SD,M19A32617,MONROE,PERRY,BLOOMINGTON,10/1/2019,6:36 AM,4,0,0,0,0,1141,ADAMS,,,,,SOUTH ADAMS,,,,,N,,,,39.164544,-86.552192,UNKNOWN,,N,Y,URBAN,N,N,B,,DARK (LIGHTED),CLEAR,DRY,,NO JUNCTION INVOLVED,STRAIGHT/GRADE,ASPHALT,UNSAFE BACKING,$10001 TO $25000,BACKING CRASH,701,709,Y,Y,SOUTHADAMS,0,NONE,"WHILE BACKING IN THE SOUTHWEST DIRECTION IN FRONT OF 1141 SOUTH ADAMS STREETVEHICLE 1 STRUCK VEHICLES 2,3, AND 4. VEHICLES 2,3, AND 4 WERE FACING IN THE NORTHWEST DIECTION AND WERE PARKED IN FRONT OF 1141 SOUTH ADAMS STREET.VEHICLE 1 LEFT THE SCENE AND DROVE TO A SPOT IN FRONT OF 1331 SOUTH ADAMS STREET AND PARKED.DRIVER 1 WAS UNINJURED AND REFUSED MEDICAL TREATMENT. DRIVER 1 WAS TESTED ON PORTABLE BREATHALYZER TESTING .021 AND WAS ALSO TRANSPORTED TO IU HEALTH BLOOMINGTON FOR A BLOOD DRAW.ALL VEHICLES WERE DRIVABLE AND LEFT AT THE SCENE."
903456439,BLOOMINGTON PD,B1941641,MONROE,BLOOMINGTON,BLOOMINGTON,10/2/2019,7:45 AM,2,0,0,0,0,,ROGERS,ST,,,,ROGERS,PROSPECT,,,,Y,,,,39.16373,-86.5387,LOCAL/CITY ROAD,,N,N,URBAN,N,N,N,,DAYLIGHT,CLOUDY,DRY,,FOUR-WAY INTERSECTION,STRAIGHT/GRADE,ASPHALT,FOLLOWING TOO CLOSELY,$1001 TO $2500,REAR END,745,747,Y,N,PROSPECTSTROGERSST,0,LANE CONTROL,V1 WAS NORTHBOUND ON ROGERS STREET APPROACHING PROSPECT ST.V2 WAS DIRECTLY IN FRONT OF V1 AND WAS STOPPED IN TRAFFIC.D1 SAID WHEN HE SAW V2 SLOW DOWN TO STOP HE WAS NOT ABLE TO GET STOPPED BEFORE COLLIDING WITH V2.D2 SAID AS HE SAT IN TRAFFIC AND V1 HIT HIM FROM BEHIND.
903456689,BLOOMINGTON PD,B1941753,MONROE,VAN BUREN,BLOOMINGTON,10/2/2019,8:30 PM,2,0,1,0,0,,S CURRY,PIKE,,,,S CURRY,,,,,Y,,150,N,39.142048,-86.582592,LOCAL/CITY ROAD,,N,N,URBAN,N,N,N,,DARK (NOT LIGHTED),CLEAR,DRY,,NO JUNCTION INVOLVED,STRAIGHT/GRADE,ASPHALT,FOLLOWING TOO CLOSELY,$2501 TO $5000,REAR END,838,847,Y,Y,SCURRYPIKESR45W,0,NONE,"D1 STATED SHE WAS DRIVING SOUTH ON S CURRY PIKE APPROACHING W SR 45. D1 STATED SHE DID NOT REALIZE CARS WERE BEGINNING TO STOP AND BY THE TIME SHE DID IT WAS TOO LATE AND STRUCK V2 IN THE REAR.D2 STATED HE WAS DRIVING SOUTH ON S CURRY PIKE APPROACHING W SR 45. D2 STATED HE STOPPED IN TRAFFIC WHEN V1 REAR ENDED HIM.**SUPPLEMENT 10/7/19. NO AMBULANCE RESPONDED TO THIS SCENE. D1 STATED SHE DID NOT WISH TO BE SEEN AND THERE WERE NO INJURIES IN V2. NO MEDICAL RESPONSE. ALSO ON ""INJURY/LICENSE UNIT 1"" SCREEN ADDED AIRBAG DEPLOYMENT FOR APPROPRIATE FIELD**"
903456640,BLOOMINGTON PD,B1941705,MONROE,VAN BUREN,BLOOMINGTON,10/2/2019,3:35 PM,2,0,0,0,0,2035,S LIBERTY,DR,,,,S LIBERTY,,,,,Y,,,,39.145264,-86.577616,UNKNOWN,,N,N,URBAN,N,N,N,,DAYLIGHT,CLEAR,DRY,,NO JUNCTION INVOLVED,STRAIGHT/GRADE,ASPHALT,UNSAFE BACKING,$2501 TO $5000,BACKING CRASH,401,416,Y,N,SLIBERTYDR,0,NONE,"VEHICLE 1 IS A SKID STEER CONSTRUCTION IMPLEMENT. V2 WAS FORCED TO GO AROUND INTO LEFT LANE JUST BEFORE COLLISION.D1 STATED HE WAS OPERATING SKID STEER IN PRIVATE LOT OF ALDI 2035 S LIBERTY DRIVE BACKING THE SKID STEER GOING SOUTH WHILE FACING NORTH. D1 STATED HE WAS FACING NORTH WHEN HE WAS BACKING AND THE ""BEEP"" OF THE BACKING TONE WAS SOUNDING. D1 STATED HE THEN STRUCK V2 AND DID NOT SEE HIM.D2 STATED HE WAS TRYING TO EXIT LOT OF 2035 S LIBERTY DRIVE; ALDI BY USING THE ONLY EXIT DRIVING WEST. D2 STATED HE TURNED AROUND IN THE LOT WHERE D1 SHOULD HAVE SEEN HIM. D2 STATED HE THEN WENT INTO THE LEFT LANE DUE TO RIGHT LANE BEING CLOSED. D2 STATED HE WAS WAITING FOR TRAFFIC TO CLEAR ON S LIBERTY DRIVE WHEN V1 BACKED INTO HIM.D2 STATED THAT THERE WAS SUPPOSED TO BE A ""SPOTTER"" WATCHING THE REAR OF THE SKID STEER FOR THESE SUCH EVENTS. D2 CLAIMS THERE WAS NOT A ""SPOTTER"" AT THE TIME OF THE ACCIDENT. NO PICTURES."
903456712,MONROE SD,M19A32832,MONROE,RICHLAND,BLOOMINGTON,10/2/2019,3:01 PM,2,0,0,0,0,3585,,,SR46W,,,SR46W,,,,,N,,,,39.2512,-86.652504,STATE ROAD,,N,N,RURAL,N,N,N,,DAYLIGHT,CLEAR,DRY,,NO JUNCTION INVOLVED,STRAIGHT/GRADE,ASPHALT,FAILURE TO YIELD RIGHT OF WAY,$1001 TO $2500,SAME DIRECTION SIDESWIPE,306,315,Y,N,SR46W,0,NONE,D1 stated that she was driving through the gas station parking in between 2 other vehicles. When she passed V2 she caught her right front bumper on the left rear of V2 causing damage to her vehicle. Vehicle owner of V2 stated he was not in the vehicle and that there was only a small scratch on the left rear of his vehicle.
903456476,MONROE SD,M19A32795,MONROE,VAN BUREN,BLOOMINGTON,10/2/2019,10:34 AM,2,0,0,0,0,3585,,,SR45,,,W ST RD 45,,,,,N,,,,39.125312,-86.610496,UNKNOWN,,,Y,RURAL,N,N,N,,DAYLIGHT,CLEAR,DRY,,NO JUNCTION INVOLVED,STRAIGHT/GRADE,ASPHALT,UNSAFE BACKING,UNDER $1001,BACKING CRASH,1055,1114,Y,N,WSTRD45HWY,0,LANE CONTROL,"V1 WAS FACING WEST AND BACKING EASTBOUND OUT OF A PARKING SPACE AT 3585 W. ST. RD. 45 (WALMART). V2 WAS FACING EAST AND BEGAN BACKING WESTBOUND OUT OF A PARKING SPACE AT 3585 W. ST. RD. 45 (WALMART). D1 STATED SHE WAS STOPPED IN THE ISLE GETTING READY TO DRIVE AWAY WHEN V2 BACKED QUICKLY OUT OF HIS SPACE AND STRUCK THE REAR PASSENGER SIDE OF V1.D2 GOT OUT OF HIS VEHICLE LOOKED AT THE DAMAGE, GOT BACK INTO HIS VEHICLE AND TOLD D1 THAT HE HAD TO LEAVE TO GO TO WORK AND D2 LEFT THE SCENE WITHOUT PROVIDING ANY INFORMATION."
903456168,MONROE SD,M19A32731,MONROE,PERRY,BLOOMINGTON,10/2/2019,12:16 AM,1,0,1,0,0,,SOUTH WALNUT,ST,,,,SOUTH WALNUT,SOUTH WALNUT STREET,,,,Y,PRIVATE,500,S,39.107344,-86.5264,LOCAL/CITY ROAD,,Y,N,URBAN,N,N,N,,DARK (LIGHTED),CLEAR,DRY,,NO JUNCTION INVOLVED,CURVE/GRADE,ASPHALT,UNSAFE SPEED,$10001 TO $25000,RAN OFF ROAD,1216,1216,Y,Y,SOUTHWALNUTSTREETPIKESOUTHWALNUTST,0,NONE,"Sergeant Don Teague was patrolling northbound on South Walnut Street at South Drive in Bloomington, Monroe County, Indiana when we observed vehicle 1 traveling at approximately 80+ MPH in the 30 MPH speed zone. Sergeant Teague began to turn around on the vehicle at which time it attempted to turn into the Lucky's Grocery store at 2424 South Walnut Street. While still traveling at a high rate of speed, the Malibu was unable to make the sharp curve into the southern entrance for the Walnut Park shopping center where Lucky's is located and traveled through/over the square, concrete curbing near the entrance. The force of the collision with the curb caused extensive damage to vehicle 1. Specifically vehicle 1's front bumper was ripped off and became stuck underneath the frame once stopped, the vehicle's radiator was severely damaged from striking the curb while entering and exiting the landscaped area of the southern entrance to the complex.Front passenger complained of pain to his right rear thigh area and was seen by EMS personnel at his request. No immediate medical concerns were located and the passenger was released form the scene. Sergeant Teague conducted an OWI investigation with driver 1 and additional information regarding those tests and results can be obtained from the Monroe County Sheriff's Office records division."
903456629,BLOOMINGTON PD,B1941709,MONROE,BLOOMINGTON,BLOOMINGTON,10/2/2019,4:19 PM,3,0,1,0,0,,GRIMES,LN,,,,WEST GRIMES,MORTON,,,,Y,,250,E,39.15337,-86.53639163,LOCAL/CITY ROAD,,N,N,URBAN,N,N,N,,DAYLIGHT,CLEAR,DRY,,NO JUNCTION INVOLVED,STRAIGHT/LEVEL,ASPHALT,FOLLOWING TOO CLOSELY,$2501 TO $5000,REAR END,419,421,Y,Y,SOUTHMORTONSTWESTGRIMESLN,0,LANE CONTROL,"DRIVER 1 STATED HE WAS EN ROUTE TO A POLICE MATTER AND LOOKING FOR THE LOCATION OF THE SCENE WHILE GOING STRAIGHT, AS HE WAS DOING THIS TRAFFIC CAME TO A STOP AND HE COULD NOT BRAKE IN TIME TO AVOID A COLLISION WITH VEHICLE 2. THE COLLISION WITH VEHICLE 2 CAUSED VEHICLE 2 TO COLLIDE WITH VEHICLE 3 CAUSING A SIMULTANEOUS COLLISION.DRIVER 2 STATED TRAFFIC HAD COME TO A STOP AND SHE WAS REAR ENDED BY VEHICLE 1 WHICH CAUSED HER VEHICLE TO COLLIDE WITH VEHICLE 3. REAR PASSENGER OF VEHICLE 2 HAD A COMPLAINT OF PAIN IN HER NECK, HOWEVER SHE DID REFUSE MEDICAL TREATMENT ON SCENE.DRIVER 3 STATED HE WAS IN TRAFFIC AND WAS REAR ENDED BY VEHICLE 2."