Master Record Number,Agency,Local Code,County,Township,City,Collision Date,Collision Time,Vehicles Involved,Trailers Involved,Number Injured,Number Dead,Number Deer,House Number,Roadway Name,Roadway Suffix,Roadway Number,Roadway Interchange,Roadway Ramp,Roadway Id,Intersecting Road,Intersecting Road Number,Mile Marker,Interchange,Corporate Limits?,Property Type,Feet From,Direction,Latitude,Longitude,Roadway Class,Traffic Control Devices?,Aggressive Driving?,Hit and Run?,Locality,School Zone?,Rumble Strips?,Construction?,Construction Type,Light Condition,Weather Conditions,Surface Condition,Type of Median,Roadway Junction Type,Road Character,Roadway Surface,Primary Factor,Damage Estimate,Manner of Collision,Time Notified,Time Arrived,Investigation Complete?,Photos Taken?,Unique Location Id,State Property Damage?,Traffic Control,NARRATIVE
903457165,INDIANA UNIV BLOOMINGTON PD,192203,MONROE,BLOOMINGTON,BLOOMINGTON,10/3/2019,3:13 PM,2,0,0,0,0,1320,E 10TH,ST,,,,E 10TH,,,,,Y,,,,39.17157747,-86.51808392,UNKNOWN,,N,N,URBAN,N,N,N,,DAYLIGHT,CLEAR,DRY,,NO JUNCTION INVOLVED,STRAIGHT/LEVEL,ASPHALT,UNSAFE BACKING,$5001 TO $10000,BACKING CRASH,314,318,Y,N,E10THST,0,NONE,"D1 advised he was backing up V1 north bound in the parking lot of Wells Library. D1 advised while backing up, V1 crashed into V2. D1 advised he looked in the side mirror on the passenger side did not see V2. D1 advised he look in the side mirror on the driver side and saw V2 just prior to the crash.D2 advised he was driving V2 east bound in the parking lot of Wells Library. D2 advised while V2 was east bound, V1 backed up and crashed into V2."
903459371,BLOOMINGTON PD,B1941976,MONROE,BLOOMINGTON,BLOOMINGTON,10/4/2019,11:00 AM,2,0,0,0,0,,WINSLOW,RD,,,,E WINSLOW,WALNUT,,,,Y,,,,39.13599,-86.52881,LOCAL/CITY ROAD,,N,N,URBAN,N,N,Y,WORK ON SHOULDER,DAYLIGHT,CLEAR,DRY,,FOUR-WAY INTERSECTION,STRAIGHT/GRADE,ASPHALT,DISREGARD SIGNAL/REG SIGN,$5001 TO $10000,RIGHT ANGLE,1105,1120,Y,N,EWINSLOWRDSWALNUTSTREETPIKE,0,STOP SIGN,"V1 was traveling southbound on S. Walnut Street Pk when approaching the intersection of S. Walnut Street Pk and Winslow Rd. V2 was traveling eastbound on Winslow Rd when approaching the same intersection. V1 failed to stop at the stop sign posted on S. Walnut Street Pk and continued southbound, crossing Winslow Rd. V2, unable to stop, struck V1 as a result of V1's action.V2 struck V1 in the passenger side. Both vehicles came to a stop in the southbound lane of S. Walnut Street Pk, just south of Winslow Rd. V1 sustained heavy damage to the passenger side. V2 sustained minor damage to the front end. V1 was towed due to disabling damage."
903458290,BLOOMINGTON PD,B1942218,MONROE,BLOOMINGTON,BLOOMINGTON,10/4/2019,12:30 PM,2,0,0,0,0,1825,N KINSER,PIKE,,,,N KINSER,,,,,Y,,,,39.222752,-86.550096,UNKNOWN,,N,Y,URBAN,N,N,N,,DAYLIGHT,CLEAR,DRY,,NO JUNCTION INVOLVED,STRAIGHT/LEVEL,ASPHALT,IMPROPER TURNING,UNDER $1001,SAME DIRECTION SIDESWIPE,613,618,Y,Y,NKINSERPIKE,0,NONE,"V2 WAS PARKED IN A PARKING SPOT FACING SOUTH IN THE PARKING LOT OF KROGER NORTH, UNOCCUPIED. V2 WAS STRUCK ON THE PASSENGER SIDE REAR BUMPER BY AN UNKNOWN V1.BASED ON DAMAGED TO V2, IT APPEARS V1 WAS ATTEMPTING TO PULL INTO A PARKING SPOT ON THE PASSENGER SIDE OF V2 AND STRUCK V2 WITH THE FRONT DRIVER'S SIDE BUMPER. V1 LEFT THE SCENE."
903458341,MONROE SD,M19A33116,MONROE,POLK,BLOOMINGTON,10/4/2019,7:10 PM,1,0,0,0,0,,TOWER RIDGE,RD,,,,E TOWER RIDGE,HUNTERS CREEK,,,,N,,6000,W,39.02982,-86.32548204,LOCAL/CITY ROAD,,N,N,RURAL,N,N,N,,DAWN/DUSK,CLEAR,DRY,,NO JUNCTION INVOLVED,CURVE/GRADE,GRAVEL,UNSAFE SPEED,$5001 TO $10000,RAN OFF ROAD,714,807,Y,N,ETOWERRIDGERDSHUNTERSCREEKRD,0,NONE,"WHILE UNIT 1 WAS TRAVELING WEST ON TOWER RIDGE RD, THE UNIT RAN OFF THE ORADWAY AND STRUCK A TREE. AFTER STRIKING A TREE, UNIT 1 THEN SPUN AROUND AND CAME TO REST ON ANOTHER TREE."
903458456,MONROE SD,M19A33087,MONROE,BLOOMINGTON,BLOOMINGTON,10/4/2019,1:00 PM,1,0,0,0,0,1285,S LIBERTY,DR,,,,S LIBERTY,,,,,N,,,,39.189248,-86.531472,UNKNOWN,,N,Y,URBAN,N,N,N,,DAYLIGHT,CLEAR,DRY,,NO JUNCTION INVOLVED,STRAIGHT/LEVEL,ASPHALT,OTHER (DRIVER) - EXPLAIN IN NARRATIVE,UNDER $1001,OTHER - EXPLAIN IN NARRATIVE,120,133,Y,Y,SLIBERTYDR,0,NONE,MS ROGERS PARKED HER VEHICLE IN A HANDICAPPED PARKING SPACE IN THE EAST END OF THE MENARDS STORE AT 1285 S LIBERTY DRIVE. MS ROGERS WAS SHOPPING IN THE STORE FOR APPROX 2 HOURS. WHEN SHE RETURNED TO HER VEHICLE SHE DISCOVERED SOMEONE HAD STRUCK HER VEHICLE WHILE IT WAS PARKED. THE DAMAGE WAS ON THE FRONT FENDER AND THERE WAS VISIBLE PAINT TRANSFER.
903457841,INDIANA UNIV BLOOMINGTON PD,192213,MONROE,BLOOMINGTON,BLOOMINGTON,10/4/2019,2:55 PM,2,0,0,0,0,702,WALNUT,GRV,,,,NORTH WALNUT,,,,,Y,,,,39.17329,-86.53317,UNKNOWN,,N,N,URBAN,N,N,N,,DAYLIGHT,CLEAR,DRY,,NO JUNCTION INVOLVED,STRAIGHT/LEVEL,ASPHALT,UNSAFE BACKING,$1001 TO $2500,BACKING CRASH,259,304,Y,N,NORTHWALNUTGRV,0,NONE,"D1 was backing V1 out of a parking space in the lot near the Multidisciplinary Science Building 2. V2 was parked in parking space behind V1.D1 stated he was backing V1 northwest out of his parking space in the Multidisciplinary Science Building 2 parking lot. He stated that as he was backing, he collided into the front driver side bumper of V2 with the rear of his vehicle.There was minor damage to the front driver side bumper of V2. There was no damage to V1. There were no injuries."
903458457,MONROE SD,M19A33046,MONROE,VAN BUREN,BLOOMINGTON,10/4/2019,6:47 AM,2,0,0,0,0,,S PARK SQUARE,DR,,,,S PARK SQUARE,W GIFFORD,,,,N,,450,N,39.154448,-86.591696,LOCAL/CITY ROAD,,N,N,URBAN,Y,N,N,,DARK (LIGHTED),CLEAR,DRY,,T-INTERSECTION,STRAIGHT/LEVEL,ASPHALT,OBSTRUCTION NOT MARKED,$5001 TO $10000,SAME DIRECTION SIDESWIPE,654,659,Y,N,SPARKSQUAREDRWGIFFORDRD,0,NONE,DRIVER 1 WAS NB ON S PARK SQUARE DRIVE N OF THE INTERSECTION WITH S PARK SQUARE DRIVE AND W GIFFORD RD. VEHICLE 2 WAS DISABLED AND BEING PUSHED DOWN THE ROADWAY. DRIVER 1 DID NOT SEE VEHICLE 2 AND WAS UNABLE TO AVOID A COLLISON WITH VEHICLE 2.VEHICLE 2 WAS NB ON S PARK SQUARE DRIVE N OF THE INTERSECTION WITH S PARK SQUARE DRIVE AND W GIFFORD RD. VEHICLE 2 HAD EXPERIENCED AN EQUIPMENT MALFUNCTION AND WAS BEING PUSHED DOWN THE ROAD TO GET IT OFF THE ROAD SURFACE. IT SHOULD BE NOTED THE LIGHTS ON VEHICLE 2 WERE NOT WORKING AT THE TIME OF THE COLLISON. VEHICLE 2 WAS UNABLE TO MOVE OUT OF THE WAY OF VEHICLE 1 AND WAS STRUCK.
903457963,INDIANA UNIV BLOOMINGTON PD,192217,MONROE,BLOOMINGTON,BLOOMINGTON,10/4/2019,9:30 AM,2,0,0,0,0,880,FEE LN,,,,,FEE LN,LAW LN,,,,Y,,,,39.17432067,-86.51889091,UNKNOWN,,N,Y,URBAN,N,N,N,,DAYLIGHT,CLEAR,DRY,,NO JUNCTION INVOLVED,STRAIGHT/LEVEL,ASPHALT,IMPROPER TURNING,UNDER $1001,LEFT TURN,539,553,Y,Y,NWALNUTGROVEAVE,0,NONE,"Vehicle 1 appeared to be heading east through the south part of the parking lot at 880 N Walnut Grove Avenue. Vehicle 2 was parked facing north on the east end in the south part of the parking lot at 880 N Walnut Grove Avenue.Driver 1 left the scene of the accident.It appeared that Driver 1 attempted to turn left into the parking spot directly west of Vehicle 2. It appears that Vehicle 1 completed an improper turn striking the rear driver's side bumper of Vehicle 2 with the front passenger side bumper of Vehicle 1.Owner of Vehicle 2 stated she parked her vehicle around 9:30 AM and returned around 5:39 PM. She stated that when she returned to her vehicle she found that it had been struck on the back driver's side of the bumper. There are no known injuries as Vehicle 1 left the scene.The damage to Vehicle 1 is unknown. Vehicle 2 had damage to the rear driver's side bumper.Photographs were taken of the damage and placed into evidence. There are no cameras, leads, or suspects at this time."
903458340,MONROE SD,M19A33109,MONROE,BLOOMINGTON,BLOOMINGTON,10/4/2019,5:00 PM,2,1,0,0,0,,,,I69,,,I69S,,,114,,N,,100,S,41.15424437,-85.11144414,INTERSTATE,,N,N,RURAL,N,N,B,,DAYLIGHT,CLEAR,DRY,,NO JUNCTION INVOLVED,STRAIGHT/LEVEL,ASPHALT,UNSAFE LANE MOVEMENT,$2501 TO $5000,SAME DIRECTION SIDESWIPE,507,521,Y,N,I69S114,0,NONE,"BOTH UNITS WERE TRAVELING SOUTHBOUND ON INTERSTATE 69. UNIT 2 WAS IN SLOWED TRAFFIC DUE TO CONSTRUCTION. UNIT 1 REALIZED THAT THEY NEEDED TO ENTER THE LANE UNIT 2 WAS IN DUE TO A DIVIDE IN THE HIGHWAY. UNIT 1 FOUND SPACE IN FRONT OF UNIT 2. UNIT 2 THEN TRIED TO GO AROUND UNIT 1, BUT REALIZED THERE WAS A SEMI APPROACHING, AND QUICKLY GOT BACK IN FRONT OF UNIT 1. WHILE DOING SO, UNIT 2'S TRAILER STRUCK THE PASSENGER SIDE OF UNIT 1, LEAVING A DENT, AND SCRATCHES ALL ALONG THE PASSENGER SIDE. BOTH UNIT CONTINUED ON FROM THE SCENE. UNIT 1 STATED SHE THOUGHT UNIT 2 WAS TRYING TO PULL OFF THE HIGHWAY TO A SAFE LOCATION TO EXCHANGE INFO. AFTER TRAVELING A COUPLE MILES, SHE DECIDED TO STOP, AND HER HUSBAND CONTACTED DISPATCH.;UNIT 2 WAS LATER DISCOVERED AT HIS RESIDENCE, AND STATED HE DID NOT THINK THERE WAS AN ACCIDENT, BUT WAS ABOUT TO CALL DISPATCH WHEN I ARRIVED. UNIT 2 WAS VERY COOPERATIVE."
903457982,BLOOMINGTON PD,B1942081,MONROE,PERRY,BLOOMINGTON,10/4/2019,10:20 PM,2,0,0,0,0,,SMITH,AVE,,,,SMITH,GRANT,,,,Y,,150,E,39.162848,-86.52921479,LOCAL/CITY ROAD,,N,N,URBAN,N,N,N,,DARK (NOT LIGHTED),CLEAR,DRY,,NO JUNCTION INVOLVED,STRAIGHT/GRADE,ASPHALT,OTHER (DRIVER) - EXPLAIN IN NARRATIVE,$1001 TO $2500,SAME DIRECTION SIDESWIPE,1024,1024,Y,N,GRANTSTSMITHAVE,0,NONE,V1 WAS TRAVELING WESTBOUND ON SMITH AVE AND STRUCK V2.V2 WAS PARKED ON SMITH AVE. IT WAS PARKED ON THE NORTH SIDE OF SMITH AVE FACING TO THE WEST. D1 STATES DUE TO THE BUS BEING WIDE AND THE STREET BEING NARROW HE WAS TRYING TO GET OVER FOR ONCOMING CARS AND HE STRUCK V2.V1 IS A PRIVATELY OWNED SHUTTLE BUS FOR AN APARTMENT COMPLEX.
903457861,BLOOMINGTON PD,B1942049,MONROE,BLOOMINGTON,BLOOMINGTON,10/4/2019,10:00 AM,2,0,0,0,0,114,N MADISON,ST,,,,N MADISON,,,,,Y,,,,39.1668,-86.537296,LOCAL/CITY ROAD,,N,Y,URBAN,N,N,N,,DAYLIGHT,CLEAR,DRY,,NO JUNCTION INVOLVED,STRAIGHT/LEVEL,ASPHALT,,UNDER $1001,SAME DIRECTION SIDESWIPE,417,427,Y,Y,NMADISONST,0,NONE,"On 10/4/2019, at 4:17PM, I, Officer Lucas, was dispatched to a call referencing V2 being struck at some point between 8:30AM and 4:15PM, by an unknown V1. While on scene, I did observe damage consistent with a same-direction sideswipe to the rear driver side of V2. I spoke with the owner of V2, who informed me that she parked her vehicle in the lot of 114 N. Madison St., at 8:30AM, in a parking stall facing southbound. The owner of V2 advised that when she returned to her vehicle at 4:10PM, she observed the damage to V2.Based on the damage and statements from the owner of V2, my investigation has yielded that a parked V2 was struck by an unknown V1/D1, at some point between 8:30AM and 4:10PM, at which time, and unknown V1/D1 then left the scene without attempting to contact the owner of V2."
903457409,MONROE SD,M19A33041,MONROE,PERRY,BLOOMINGTON,10/4/2019,2:09 AM,1,0,0,0,1,,S SNODDY,RD,,,,S SNODDY,E RHORER,,,,N,,1050,N,39.121584,-86.489744,LOCAL/CITY ROAD,,N,N,RURAL,N,N,N,,DARK (NOT LIGHTED),CLEAR,DRY,,NO JUNCTION INVOLVED,STRAIGHT/GRADE,ASPHALT,ANIMAL/OBJECT IN ROADWAY,$2501 TO $5000,COLLISION WITH DEER,209,219,Y,N,ERHORERRDSSNODDYRD,0,NO PASSING ZONE,"D1 WAS TRAVELING SB ON S SNODDY RD. D1 SAID A DEER JUMPED OUT IN FRONT OF HIM NEAR THE 3500 BLOCK OF S SNODDY RD. D1'S VEHICLE COLLIDED WITH THE DEER, CAUSING DAMAGE TO THE FRONT LEFT SIDE OF THE VEHICLE AND HEADLIGHT FIXTURE. D1 SAID IT WAS ALSO SOMEWHAT DIFFICULT TO OPEN THE DRIVER DOOR DUE TO THE DAMAGE.D1 DID NOT REQUEST MEDICAL ATTENTION.I LOCATED THE DEER, WHO WAS CRITICALLY INJURED AND HAD TO BE PUT DOWN. IT WAS MOVED OUT OF THE ROADWAY. D1 SAID HIS VEHICLE WAS DRIVABLE, AND WAS NOT TOWED."
903458028,BLOOMINGTON PD,B1942080,MONROE,PERRY,BLOOMINGTON,10/4/2019,10:15 PM,2,0,1,0,0,,E 3RD,ST,,,,E 3RD,S DUNN,,,,Y,,,,39.164448,-86.528096,LOCAL/CITY ROAD,Y,N,N,URBAN,N,N,N,,DARK (LIGHTED),CLEAR,DRY,,FOUR-WAY INTERSECTION,CURVE/LEVEL,ASPHALT,FOLLOWING TOO CLOSELY,$5001 TO $10000,REAR END,1015,1019,Y,Y,E3RDSTSDUNNST,0,TRAFFIC CONTROL SIGNAL,"V2 WAS E/B ON E 3RD ST APPROACHING S DUNN ST AND SLOWED TO A STOP WHEN THE TRAFFIC LIGHT TURNED RED. V1 WAS E/B BEHIND V2 AND STRUCK THE REAR END OF V2, CAUSING D2 TO FALL BACK ONTO V1, THEN TO THE GROUND.D1 STATED THAT SHE THOUGHT V2 WAS GOING TO PROCEED THROUGH THE INTERSECTION AND DID NOT STOP BEFORE STRIKING V2.D2 STATED THAT HE STOPPED WHEN THE LIGHT TURNED RED, AND WAS THEN STRUCK BY V1.WITNESS 1 STATED THAT SHE WAS BEHIND V1, AND SAW V2 STOP AT THE RED LIGHT. WITNESS 1 STATED THAT V1 THEN STRUCK THE REAR END OF V2.WITNESS 2 WAS STOPPED FACING S ON S DUNN ST AT THE INTERSECTION OF E 3RD ST. WITNESS 2 STATED THAT V1 SLOWED DOWN, BUT DID NOT STOP IN TIME TO AVOID COLLIDING WITH V2.D2 WAS TRANSPORTED TO THE HOSPITAL BY LAW ENFORCEMENT AND NOT BY AMBULANCE."
903457733,BLOOMINGTON PD,B1941977,MONROE,BLOOMINGTON,BLOOMINGTON,10/4/2019,11:19 AM,2,0,0,0,0,,3RD,ST,,,,W 3RD,GATES,,,,Y,,,,39.16459,-86.5762,LOCAL/CITY ROAD,Y,N,N,URBAN,N,N,N,,DAYLIGHT,CLEAR,DRY,,FOUR-WAY INTERSECTION,CURVE/LEVEL,ASPHALT,UNSAFE LANE MOVEMENT,$2501 TO $5000,SAME DIRECTION SIDESWIPE,1119,1135,Y,N,SGATESDRW3RDST,0,TRAFFIC CONTROL SIGNAL,"D1 stated that he was in the east left turn lane on S Gates Drive turning eastbound onto W 3rd Street. D1 stated that while making the left turn, he believed that the lane to his right was clear, and he moved into it. D1 stated that he then sideswiped V2, which he had not seen. D2 stated that he was in the west left turn lane on S Gates Drive turning eastbound onto W 3rd Street. D2 stated that as he was completing the turn, V1 moved into his lane and collided with V2. Neither driver requested medical attention and neither vehicle needed to be towed."
903457685,BLOOMINGTON PD,B1941960,MONROE,BLOOMINGTON,BLOOMINGTON,10/4/2019,8:47 AM,2,0,0,0,0,,ROGERS,ST,,,,ROGERS,RALSTON,,,,Y,,,,39.13839,-86.53852,LOCAL/CITY ROAD,,N,N,URBAN,N,N,N,,DAYLIGHT,CLOUDY,DRY,,FOUR-WAY INTERSECTION,STRAIGHT/GRADE,ASPHALT,OTHER (DRIVER) - EXPLAIN IN NARRATIVE,$2501 TO $5000,OPPOSITE DIRECTION SIDESWIPE,849,855,Y,N,RALSTONDRROGERSST,0,LANE CONTROL,"D1 SAID HE DOES NOT KNOW WHAT HAPPENED.D2 SAID AS SHE DROVE SOUTH ON ROGERS ST BY RALSTON DR V1 WAS IN THE MIDDLE OF THE STREET. SHE SAID HE WAS IN HER LANE AND HIT HER.WITNESS 1,2,3 SAID V1 WAS NORTHBOUND ON ROGERS STREET FROM TAPP RD IN THE TURN LANE. THEY SAID WHEN THE TURN LANE ENDED V1 CONTINUED IN THE CENTER PART OF THE STREET. THEY SAID THEY HONKED THE HORN TRYING TO GET D1'S ATTENTION. THEY SAID V1 WAS IN V2'S LANE AND HIT V2.PRIMARY CAUSE LISTED AS OTHER BECAUSE D1 SAID HE DID NOT KNOW WHAT HAPPENED."
903457784,BLOOMINGTON PD,B1942015,MONROE,PERRY,BLOOMINGTON,10/4/2019,2:45 PM,2,0,0,0,0,935,S MAXWELL,TER,,,,S MAXWELL,,,,,Y,,,,39.15733616,-86.51166269,UNKNOWN,,N,Y,URBAN,N,N,N,,DAYLIGHT,CLEAR,DRY,,NO JUNCTION INVOLVED,STRAIGHT/LEVEL,ASPHALT,,$1001 TO $2500,,248,306,Y,Y,SMAXWELLTER,0,NONE,"D1 is unknown.D2 stated her vehicle was parked facing west in the parking lot of 935 S. Maxwell Terrace. D2 stated when she exited her apartment she noticed her vehicle had been hit. D2 stated she did not have any suspects and had already checked with management regarding video footage, but there are no cameras."
903457950,MONROE SD,M19A33117,MONROE,VAN BUREN,BLOOMINGTON,10/4/2019,7:12 PM,2,0,0,0,0,3585,,,SR45,,,W STATE ROAD 45,,,,,N,,,,39.125312,-86.610496,UNKNOWN,,N,N,RURAL,N,N,N,,DAYLIGHT,CLEAR,DRY,,NO JUNCTION INVOLVED,STRAIGHT/LEVEL,ASPHALT,IMPROPER TURNING,$1001 TO $2500,SAME DIRECTION SIDESWIPE,712,718,Y,N,WSTATEROAD45RD,0,OTHER,"Driver 1 was going to park, and struck driver 2 vehicle when it was parked. Driver 1 stated that he was unaware he struck driver 2 parked vehicle until he came outside from Walmart. Vehicle one sustained damage in the front right. Vehicle 2 sustained damage from back left to left middle."
903458094,INDIANA UNIV BLOOMINGTON PD,192226,MONROE,BLOOMINGTON,BLOOMINGTON,10/5/2019,6:50 AM,1,0,0,0,0,101,JORDAN,AVE,,,,N JORDAN,,,,,Y,PRIVATE,,,39.16693117,-86.51793767,UNKNOWN,,N,N,URBAN,N,N,N,,DARK (LIGHTED),CLEAR,DRY,,NO JUNCTION INVOLVED,CURVE/LEVEL,ASPHALT,OTHER (DRIVER) - EXPLAIN IN NARRATIVE,$2501 TO $5000,OTHER - EXPLAIN IN NARRATIVE,719,725,Y,Y,NJORDANAVE,0,NONE,"V1 was parked stationary in the circle drive for the Music Arts Center. V1 had damage to the driver side and passenger side of the attached enclosed box trailer. The over hang to Music Art Center also had damage with broken bulbs and the concrete over hang had scuff marks.Primary Cause, Type of Crash, and Property Damage- explain in narrative: D1 thought when turning around with V1 using the circle drive of Music Art Center had enough room for clearance. D1 said he was traveling northbound in V1 on Jordan Avenue and missed his turn due to his GPS and construction. D1 said he turned into the Music Arts Center circle drive located on the east side of the building to turn around to go back south on Jordan Avenue. D1 said it was dark outside and when he went to go under the over hang in V1 for the Music Art Center thought he had enough clearance to make it under. D1 said V1 was not able to clear the over hang striking the north side of the over hang. The enclosed box trailer accrued damage on the driver and passenger side. The over hang had scuff marks on the concrete and broken light bulbs. Photos were taken of the scene and damage. IUPD Dispatch was notified to contact IU Work order Control to report the incident."
903458036,INDIANA UNIV BLOOMINGTON PD,192223,MONROE,BLOOMINGTON,BLOOMINGTON,10/5/2019,2:16 AM,1,0,0,0,0,,INDIANA,AVE,,,,INDIANA,SIXTH,,,,Y,PRIVATE,,,39.16752,-86.52695,LOCAL/CITY ROAD,,N,N,URBAN,N,N,N,,DARK (LIGHTED),CLEAR,DRY,,T-INTERSECTION,STRAIGHT/LEVEL,ASPHALT,UNSAFE SPEED,$2501 TO $5000,RAN OFF ROAD,216,216,Y,Y,INDIANAAVESIXTHST,0,OTHER,"I was driving northbound on Indiana Avenue from 4th Street and witnessed the collision.V1 was driving southbound on Indiana (the wrong way) and turned right (west, the wrong way again) onto 6th Street at a high rate of speed. V1 lost control and left the roadway during the turn, running over the curb and ultimately entering the parking lot north of the Von Lee building. Once in the lot, V1 then collided with a metal fence surrounding some dumpsters. The collision caused disabling damage to V1 as well as damage to the fence.D1 told me that he was working for Jimmy John's and was making a trip between two of their stores, when he mistakenly turned the wrong way on Indiana. He said that when he realized he was going the wrong way, he tried to quickly turn off before getting into a head-on collision with northbound traffic, but took his turn onto 6th too fast and lost control of V1. He explained that he was very tired from working all night and just was not paying enough attention to any of his driving.D1 was cited for Driving the Wrong Way on a One-Way Road. Since V1 was out of the roadway, he made his own towing arrangements. The fence he struck and damaged is property of the Indiana University Foundation. I took photographs of the scene."
903458164,ELLETTSVILLE PD,E1905492,MONROE,RICHLAND,ELLETTSVILLE,10/5/2019,12:39 PM,2,0,0,0,0,,,,SR46W,,,SR46W,SALE,,,,Y,,,,39.23384,-86.624704,STATE ROAD,Y,N,N,URBAN,N,N,N,,DAYLIGHT,CLEAR,DRY,,NO JUNCTION INVOLVED,STRAIGHT/LEVEL,ASPHALT,UNSAFE LANE MOVEMENT,$1001 TO $2500,SAME DIRECTION SIDESWIPE,1241,1243,Y,Y,SALESTSR46W,0,TRAFFIC CONTROL SIGNAL,"Driver 1, who was eastbound on SR 46 W ( Temperance street) when he decided to change lanes near the intersection Sale Street. Driver 1 did not see Driver 2 and sideswiped the passenger side of the car with his driver's side of his front bumper.Vehicles moved prior to officers arrival no diagram."
903462722,MONROE SD,M19A34085,MONROE,BLOOMINGTON,BLOOMINGTON,10/5/2019,4:00 AM,1,0,0,0,0,301,COLLEGE,AVE,,,,NORTH COLLEGE,,,,,Y,,,,39.168656,-86.534784,LOCAL/CITY ROAD,,N,Y,URBAN,N,N,N,,UNKNOWN,CLEAR,DRY,,NO JUNCTION INVOLVED,STRAIGHT/LEVEL,OTHER - EXPLAIN IN NARRATIVE,OTHER (ENVIRONMENTAL) - EXPLAIN IN NARR,UNDER $1001,OTHER - EXPLAIN IN NARRATIVE,400,400,Y,Y,NORTHCOLLEGEAVE,0,NONE,On 10/05/2019 Deputy Trent Walls advised me that he notice a scratch on the front passenger side fender on his department issued patrol vehicle (unit 1). Deputy Walls does not know how this scratch was caused but can confirm that it did not happen when he was operating the vehicle. Deputy Walls also does not know where the location of where the incident causing the scratch occurred.
903458342,MONROE SD,M19A33232,MONROE,BENTON,BLOOMINGTON,10/5/2019,7:06 PM,1,0,0,0,0,,,,SR46E,,,SR46E,E TRAILWAY,,,,N,,300,E,39.16441196,-86.42800093,STATE ROAD,,N,N,RURAL,N,N,N,,DAYLIGHT,CLEAR,DRY,,NO JUNCTION INVOLVED,CURVE/GRADE,ASPHALT,RAN OFF ROAD RIGHT,$5001 TO $10000,RAN OFF ROAD,708,715,Y,N,ETRAILWAYRDSR46E,0,NONE,"WHILE UNIT 1 WAS TRAVELING WEST ON SR 46, THE DRIVER CHECKED HIS PHONE FOR DIRECTIONS. THE VEHICLE THEN LEFT THE ROADWAY ON THE NORTH SIDE OF THE ROAD, AND WENT INTO THE DITCH. THE VEHCILE CAME TO REST OVER THE DITCH, WITH TIRES THE DRIVER'S SIDE TIRES THE ROADWAY AND THE PASSENGER SIDE TIRES ON THE EMBANKMENT OF THE DITCH."
903458327,BLOOMINGTON PD,B1942185,MONROE,RICHLAND,BLOOMINGTON,10/5/2019,2:20 PM,3,0,0,0,0,,,,SR46E,,,SR46E,,I69S,,,Y,,,,39.1635607,-86.42617616,STATE ROAD,,N,N,URBAN,N,N,Y,X-OVER/LANE SHIFT,DAYLIGHT,CLEAR,DRY,,NO JUNCTION INVOLVED,STRAIGHT/GRADE,CONCRETE,FOLLOWING TOO CLOSELY,$5001 TO $10000,REAR END,224,230,Y,Y,I69SSR46E,0,NONE,"WHILE ATTEMPTING TO MERGE WESTBOUND FROM THE OFF RAMP OF SR 37 ON TO SR 45/46 BYPASS, V1 COLLIDED WITH V2 CAUSING V2 TO REAR END V3. WHILE DRIVING WESTBOUND ON SR 45/46 BYPASS, V2 WAS REAR ENDED BY V1. THIS PUSHED V2 INTO V3.WHILE DRIVING WESTBOUND ON SR/45/46 BYPASS, V3 WAS REAR ENDED BY V2.D1 STATED THAT WHILE ATTEMPTING TO MERGE, THE CAR BEHIND HIM ATTEMPTED TO PASS HIM AND THEREFORE HE SPED UP TO PREVENT IT. HE THEN COLLIDED WITH V2 CAUSING V2 TO REAR END V3. D2 STATED THAT WHILE DRIVING WESTBOUND ON SR 45/46 BYPASS, HE WAS REAR ENDED BY V1 PUSHING HIM INTO THE BACK OF V3. D3 STATED THAT WHILE DRIVING WESTBOUND ON SR 45/46 BYPASS, SHE WAS REAR ENDED BY V2."
903458000,MONROE SD,M19A33134,MONROE,RICHLAND,BLOOMINGTON,10/5/2019,11:27 PM,1,0,0,0,0,,W WOODYARD,RD,,,,W WOODYARD,N LOESCH,,,,N,,,,39.193872,-86.590784,LOCAL/CITY ROAD,,N,N,RURAL,N,N,N,,DARK (NOT LIGHTED),CLEAR,DRY,,T-INTERSECTION,CURVE/LEVEL,ASPHALT,RAN OFF ROAD RIGHT,$2501 TO $5000,RAN OFF ROAD,1127,1131,Y,N,NLOESCHRDWWOODYARDRD,0,LANE CONTROL,"DEPUTIES WERE CALLED TO THE REPORT OF A SUSPICIOUS VEHICLE PARKED IN THE ROADWAY NEAR 4675 W WOODYARD RD. UPON MY ARRIVAL, I OBSERVED V1 IN THE ROADWAY, AND D1 ENTERING ANOTHER VEHICLE DRIVEN BY HIS MOTHER. D1 STATED HE WAS DRIVING EB ON W WOODYARD ROAD. D1 SAID HE TOOK THE CURVE NEAR THE INTERSECTION OF W WOODYARD RD AND N LOESCH RD WHEN FRONT PASSENGER SIDE TIRE POPPED.UPON FURTHER INVESTIGATION, TIRE TRACKS AND MARKS ON THE PAVEMENT INDICATED THAT D1 HAD LEFT THE ROADWAY WHILE ENTERING THE INTERSECTION, AND HIT A CULVERT ON THE RIGHT SIDE OF THE ROAD. THE VEHICLE THEN DRAGGED THE DAMAGED TIRE ALONG THE ROADWAY, BEFORE COMING TO A STOP IN FRONT OF 4675 W WOODYARD RD.D1 DID NOT REQUEST MEDICAL ATTENTION. D1'S MOTHER ADVISED ME THAT D1 HAD BEEN WORKING SINCE 4 AM AND WAS VERY FATIGUED.IT SHOULD BE NOTED THERE THERE WAS EVIDENCE OF A PREVIOU CRASH. THE PASSENGER SIDE MIRROR WAS NOT PRESENT, AND THERE WAS A LARGE DENT IN THE FRONT RIGHT SIDE OF THE VEHICLE, AS WELL AS A WHITE SCRATCH. D1'S MOTHER TOLD ME THAT CRASH WAS NOT REPORTED. IT SHOULD ALSO BE NOTED THAT A BLACK GREASE/OIL-LIKE MATERIAL WAS FOUND ON THE GROUND UNDER V1, AND APPEARED TO HAVE LEAKED FROM THE VEHICLE."
903462077,ELLETTSVILLE PD,E1905502,MONROE,RICHLAND,ELLETTSVILLE,10/5/2019,7:54 AM,2,0,0,0,0,,,,SR46W,,,SR46W,RICHLAND,,,,Y,,,,39.21641,-86.59532,STATE ROAD,,N,N,URBAN,N,N,N,,DARK (NOT LIGHTED),CLEAR,DRY,,T-INTERSECTION,STRAIGHT/LEVEL,ASPHALT,FOLLOWING TOO CLOSELY,$2501 TO $5000,REAR END,757,803,Y,Y,RICHLANDPLZSR46W,0,NONE,D2 SAID HE WAS TURNING LEFT FROM W STATE ROAD 46 ONTO RICHLAND PLAZA AS HE WAS TURNING LEFT V1 STRUCK THE REAR OF V2. D1 SAID THAT V2 WAS TURNING AND MAY HAVE STARTED TO TURN BUT IT LOOKED AS IF V2 HAD NOT ENTERED TURN LANE. D1 THEN SAID SHE DID NOT STOP FAST ENOUGH AND STRUCK THE REAR OF V2.
903458413,INDIANA UNIV BLOOMINGTON PD,192233,MONROE,BLOOMINGTON,BLOOMINGTON,10/5/2019,11:25 PM,2,0,0,0,0,,EAST 17TH,ST,,,,EAST 17TH,COLLEGE,,,,Y,,,,,,LOCAL/CITY ROAD,Y,N,N,URBAN,N,N,N,,DARK (LIGHTED),CLEAR,DRY,,FOUR-WAY INTERSECTION,STRAIGHT/LEVEL,ASPHALT,WRONG WAY ON ONE WAY,$1001 TO $2500,OPPOSITE DIRECTION SIDESWIPE,1127,1127,Y,N,COLLEGEAVEEAST17THST,0,TRAFFIC CONTROL SIGNAL,"V2 was facing south on College Avenue, at the 17th Street traffic light. V1 turned north on College Avenue. College Avenue is a one way south. V1 attempted to pass V2 by driving over the curb on the east side of the street. In doing so, V1 sideswiped V2,D1 was under the influence and unable to remember what happened. D1 was investigated for Operating While Intoxicated and determined to be under the influence of a Central Nervous System Depressant and Cannabis following a DRE evaluation by Sgt. Moulden. V1 had damage along the driver's side of the vehicle. D2 stated he looked up from his phone while stopped at the light and noticed V1 driving at him. D2 stated V1 tried to go around him by driving up the curb but side swiped his vehicle. V2 had damage to the front bumper and rear quarter panel on the driver's side. Both denied medical attention.NMS Labs tested D1's blood and detected THC was present."