Master Record Number,Agency,Local Code,County,Township,City,Collision Date,Collision Time,Vehicles Involved,Trailers Involved,Number Injured,Number Dead,Number Deer,House Number,Roadway Name,Roadway Suffix,Roadway Number,Roadway Interchange,Roadway Ramp,Roadway Id,Intersecting Road,Intersecting Road Number,Mile Marker,Interchange,Corporate Limits?,Property Type,Feet From,Direction,Latitude,Longitude,Roadway Class,Traffic Control Devices?,Aggressive Driving?,Hit and Run?,Locality,School Zone?,Rumble Strips?,Construction?,Construction Type,Light Condition,Weather Conditions,Surface Condition,Type of Median,Roadway Junction Type,Road Character,Roadway Surface,Primary Factor,Damage Estimate,Manner of Collision,Time Notified,Time Arrived,Investigation Complete?,Photos Taken?,Unique Location Id,State Property Damage?,Traffic Control,NARRATIVE
903459849,BLOOMINGTON PD,B1942546,MONROE,PERRY,BLOOMINGTON,10/8/2019,6:45 AM,1,0,1,0,0,,WALNUT,ST,,,,WALNUT,HILLSIDE,,,,Y,,,,39.150544,-86.5336,LOCAL/CITY ROAD,Y,N,N,URBAN,N,N,N,,DARK (LIGHTED),CLEAR,DRY,,FOUR-WAY INTERSECTION,STRAIGHT/LEVEL,ASPHALT,PEDESTRIAN ACTION,UNDER $1001,LEFT TURN,754,804,Y,N,HILLSIDEDRWALNUTST,1,TRAFFIC CONTROL SIGNAL,"D1 SAID HE WAS SOUTH BOUND ON WALNUT ST, THEN TRYING TO TURN LEFT (EAST) ONTO HILLSIDE DR. HE WAS AT THE TRAFFIC LIGHT, AND PROCEEDED TO TURN LEFT ON THE GREEN LEFT ARROW. AS HE MADE THE TURN, HE DID NOT SEE PEDESTRIAN ERLER, WHO HAD ENTERED THE INTERSECTION SOUTH BOUND WITHOUT THE WALK SIGN. D1 SAID AS HE TURNED TOWARD PEDESTRIAN ERLER, ERLER THROUGH HIS ARM UP, AND V1 STRUCK ERLER WITH THE DRIVERS SIDE MIRROR. NO DAMAGE TO V1. ERLER HAD A COMPLAINT OF PAIN AND SWELLING TO HIS RIGHT HAND. D1 DROVE ERLER TO THE IU HEALTH HOSPITAL TO CHECK OUT HIS HAND. REPORTED APPROXIMATELY 1 HOUR AFTER IT OCCURRED."
903461090,BLOOMINGTON PD,B1942559,MONROE,PERRY,BLOOMINGTON,10/8/2019,9:15 AM,2,0,0,0,0,,WASHINGTON,ST,,,,WASHINGTON,SMITH,,,,Y,,200,S,39.16229869,-86.5324,LOCAL/CITY ROAD,,N,N,URBAN,N,N,N,,DAYLIGHT,CLEAR,DRY,,NO JUNCTION INVOLVED,STRAIGHT/GRADE,ASPHALT,IMPROPER LANE USAGE,$5001 TO $10000,LEFT TURN,920,925,Y,N,SMITHAVEWASHINGTONST,0,NONE,"D1 stated that she was heading South on Washington Street. D1 advised that she was going to turn into the parking lot of 415 S Washington StreetD1 stated that she did not have her turn signal on and made a wide turn to turn left into the parking lot.D1 stated as she started to turn left she struck V2.D2 stated he was heading South on Washington Street behind V1. D2 stated that V1 went to the right side of the road which appeared she was going to park in the parallel parking spots.D2 stated that V1 did not have its turn signal on.D2 stated as he started to go around V1 on the left, V1 turned back into the lane and struck the passenger side of his vehicle."
903459771,MONROE SD,M19A33494,MONROE,RICHLAND,BLOOMINGTON,10/8/2019,6:46 AM,2,0,0,0,0,,S CURRY,PIKE,,,,S CURRY,W BROADWAY,,,,N,,,,39.16584,-86.582992,LOCAL/CITY ROAD,,N,N,URBAN,N,N,N,,DARK (LIGHTED),CLEAR,DRY,,T-INTERSECTION,STRAIGHT/LEVEL,ASPHALT,IMPROPER LANE USAGE,$5001 TO $10000,SAME DIRECTION SIDESWIPE,649,703,Y,N,SCURRYPIKEWBROADWAYAVE,0,NONE,DRIVER 1 ADVISED SHE WAS SB ON S CURRY PIKE NEAR THE INTERSECTION OF S CURRY PIKE AND W BROADWAY AVE. DRIVER 1 ADVISED SHE WAS CHANGING FROM THE LEFT LANE TO THE RIGHT LANE AND DID NOT SEE VEHICLE 2 IN HER BLIND SPOT.DRIVER 2 ADVISED HE WAS TRAVELING SB ON S CURRY PIKE NEAR THE INTERSECTION OF S CURRY PIKE AND W BROADWAY AVE. DRIVER 2 ADVISED HE WAS IN THE RIGHT LANE WHEN VEHICLE 1 MERGED OVER INTO HIS LANE STRKING HIS VEHICLE.
903459778,BLOOMINGTON PD,B1942545,MONROE,BLOOMINGTON,BLOOMINGTON,10/8/2019,7:42 AM,2,0,0,0,0,,LEONARD SPRINGS,RD,,,,S LEONARD SPRINGS,WOODHAVEN,,,,Y,,,,39.12826,-86.58253,LOCAL/CITY ROAD,,N,N,URBAN,N,N,N,,DAYLIGHT,CLEAR,DRY,,T-INTERSECTION,STRAIGHT/HILLCREST,ASPHALT,FAILURE TO YIELD RIGHT OF WAY,$5001 TO $10000,RIGHT ANGLE,742,752,Y,N,SLEONARDSPRINGSRDWWOODHAVENDR,0,STOP SIGN,"DRIVER OF VEHICLE 1 STATED SHE WAS ON WOODHAVE DRIVE, PREPARING TO TURN LEFT/NORTH, ONTO LEONARD SPRINGS. DRIVER 1 DID NOT SEE VEHICLE 2 APPROACHING FROM THE SOUTH. AS VEHICLE 1 STARTED TO TURN, V1 COLLIDED WITH V2.DRIVER OF VEHICLE 2 STATED HE WAS NORTH BOUND ON LEONARD SPRINGS RD APPROACHING WOODHAVE DRIVE. D2 OBSERVED V1 ""INCHING""FORWARD AS IT PREPARED TO PULL OUT. D2 SHIFTED TO THE LEFT SIDE OF THE LANE, BUT COULD NOT AVOID V1 AS IT PULLED OUT."
903463623,BLOOMINGTON PD,B1942570,MONROE,BLOOMINGTON,BLOOMINGTON,10/8/2019,10:45 AM,2,0,0,0,0,105,WINSLOW,RD,,,,E WINSLOW,,,,,Y,,,,39.136448,-86.52987,UNKNOWN,,N,Y,URBAN,N,N,N,,DAYLIGHT,CLEAR,DRY,,NO JUNCTION INVOLVED,NON-ROADWAY CRASH,ASPHALT,OTHER (ENVIRONMENTAL) - EXPLAIN IN NARR,$1001 TO $2500,OTHER - EXPLAIN IN NARRATIVE,1056,1110,N,Y,EWINSLOWRD,0,NONE,"V2 was unoccupied and parked in the parking lot of IU Credit Union. D2 left in V2 and discovered that V2 sustained minor damage to the front driver side quarter panel.D2 returned to the business to inquire about video surveillance, and was directed to law enforcement. D2 received no contact, vehicle, or insurance information for V1 as it did not remain on scene."
903460340,MONROE SD,M19A33589,MONROE,RICHLAND,ELLETTSVILLE,10/8/2019,7:51 PM,1,0,0,0,1,,THOMAS,RD,,,,N THOMAS,RATLIFF,,,,N,,3000,S,38.89884635,-86.6304,LOCAL/CITY ROAD,,N,N,RURAL,N,N,N,,DARK (NOT LIGHTED),CLEAR,DRY,,NO JUNCTION INVOLVED,STRAIGHT/LEVEL,ASPHALT,ANIMAL/OBJECT IN ROADWAY,$5001 TO $10000,COLLISION WITH DEER,753,804,Y,N,NTHOMASRDWRATLIFFRD,0,NONE,D1 STATED HE WAS NORTHBOUND ON THOMAS ROAD WHEN A DEER STARTED CROSSING IN FRONT OF THE VEHICLE FROM THE WEST. HE THEN BEGAN TO SLOW THE VEHICLE WHEN A SECOND DEER JUMPED INTO THE VEHICLE FROM THE WEST SIDE OF THE ROADWAY.
903460070,INDIANA UNIV BLOOMINGTON PD,192264,MONROE,BLOOMINGTON,BLOOMINGTON,10/8/2019,12:35 PM,2,0,0,0,0,,UNION,ST,,,,UNION,TENTH,,,,Y,,400,S,39.1292647,-86.50945,LOCAL/CITY ROAD,,N,N,URBAN,N,N,N,,DAYLIGHT,CLEAR,DRY,,NO JUNCTION INVOLVED,STRAIGHT/GRADE,ASPHALT,FOLLOWING TOO CLOSELY,$2501 TO $5000,REAR END,1243,1248,Y,N,TENTHSTUNIONST,0,NONE,"No other officers assisted with the accident investigation.V2 was stopped on Union Street attempting to make a left hand turn in order to pick up a passenger. V2 could not make the turn due to incoming traffic.V1 was approaching V2 and was unable to stop in time. V1 then collided with V2.D1 stated she knew V2 was attempting to turn and acknowledged V2 had their turn signal on. D1 stated she thought V2 had turned and did not realize they were still stopped. D1 then collided into the back of V2. It is unclear as to why D1 thought V2 had turned when they were actually still stopped in the roadway.D2 stated he works for Uber and was attempting to pick up a passenger. He was attempting to make a left turn and had his turn signal on. As he was waiting for oncoming traffic to pass, V1 collided into the back of his vehicle.There were no injuries reported on scene. Neither vehicle needed towed as it appeared both could be safely operable."
903459809,INDIANA UNIV BLOOMINGTON PD,192260,MONROE,BLOOMINGTON,BLOOMINGTON,10/8/2019,7:50 AM,2,0,1,0,0,,,,SR46,,,SR46,DUNN,,,,Y,,,,39.18629,-86.52841,STATE ROAD,,N,N,URBAN,N,N,N,,DAYLIGHT,CLEAR,DRY,,FOUR-WAY INTERSECTION,STRAIGHT/LEVEL,ASPHALT,FOLLOWING TOO CLOSELY,$5001 TO $10000,REAR END,748,748,Y,N,DUNNSTSR46,0,NONE,"V1 was travelling eastbound on the 45/46 bypass at Gate 10. V2 was travelling eastbound preparing to turn into Gate 10 from the 45/46 bypass.D1 stated that he was checking the #1 lane to make a lane change and that when he looked back he saw that V2 had its turn signal on and was slowing to turn. D1 stated that he did not have time to avoid a collision and V1 struck V2. D2 stated she used her turn signal to signal the intention to turn into gate 10, and then V1 struck the rear of V2.D1 and the passenger in V1 made no complaint of injuriesD2 made a complaint of pain to her forehead from hitting the steering wheel, but other than that was not hurt. Damage to V1 was to the front end and was significant.Damage to V2 was the rear end and was significant.Photos were taken of each vehicle an added to the case."
903460356,MONROE SD,M19A33557,MONROE,PERRY,BLOOMINGTON,10/8/2019,2:03 PM,2,0,0,0,0,,S OLD STATE ROAD 37,RD,,,,S OLD STATE ROAD 37,W CHURCH,,,,N,,,,39.107248,-86.531392,,Y,N,Y,RURAL,N,N,N,,DAYLIGHT,CLEAR,DRY,,NO JUNCTION INVOLVED,STRAIGHT/LEVEL,ASPHALT,FOLLOWING TOO CLOSELY,$5001 TO $10000,REAR END,208,216,Y,N,SOLDSTATEROAD37RDWCHURCHLN,0,TRAFFIC CONTROL SIGNAL,"Driver of vehicle 1 stated she was in the intersection at S.Old State Road 37 and W. Church Ln when a large white pick up truck rear ended her vehicle. She stated the driver of the pickup truck exited his vehicle, saw the damage to vehicle 1 and that the bumper of his pick up truck was coming off. She stated he pulled his bumper off the truck, threw it in the bed of his truck and left the scene. Vehicle 1 had heavy damage to rear bumper and trunk area."
903460355,BLOOMINGTON PD,B1942597,MONROE,BLOOMINGTON,BLOOMINGTON,10/8/2019,2:00 PM,1,0,0,0,0,,UNKNOWN,,,,,UNKNOWN,UNKNOWN,,,,Y,,,,0,0,LOCAL/CITY ROAD,,,Y,URBAN,N,N,N,,UNKNOWN,CLEAR,DRY,,NO JUNCTION INVOLVED,STRAIGHT/LEVEL,,RAN OFF ROAD RIGHT,$2501 TO $5000,OTHER - EXPLAIN IN NARRATIVE,210,210,N,Y,UNKNOWNUNKNOWN,0,,"V1 WAS LISTED AS A STOLEN VEHICLE. IT WAS RECOVERED IN THE PARKING LOT OF 535 SOUTH WALNUT STREET ON TODAYS DATE.THE OWNER OF THE VEHICLE DID POINT OUT THAT THERE WAS NEW DAMAGE TO THE HEADLIGHTS OF V1, INDICATING TO HIM THAT THE VEHICLE HAD BEEN INVOLVED IN A TRAFFIC ACCIDENT.IT IS UNKNOWN WHO WAS DRIVING V1 WHEN IT WAS INVOLVED INTHE ACCIDENT OR WHERE THE ACCIDENT OCCURRED THAT RESULTED IN THE DAMAGE TO BOTH HEADLIGHTS."
903461447,ISP BLOOMINGTON 33,2.019E+11,MONROE,BLOOMINGTON,BLOOMINGTON,10/8/2019,14:11 M,2,,0,0,0,,I-69,,,,,,,,122,,N,,0,S,39.21847922,-86.55164807,INTERSTATE,,,,RURAL,N,N,N,,DAYLIGHT,CLEAR,DRY,,NO JUNCTION INVOLVED,,ASPHALT,UNSAFE BACKING,UNDER $1001,BACKING CRASH,1412,1430,Y,Y,,0,,"This crash occurred on the shoulder of Interstate 69. Interstate 69 is an interstate that primarily runs north and south. The weather at the time of the crash was sunny and 74F.Vehicle #1 is a white 2010 Dodge Charger fully marked Indiana State Police car. Vehicle #1 was in park and Trooper Julie Deel was exiting the vehicle when vehicle #2 backed into the front of vehicle #1. Trooper Deel had stopped vehicle #2 for a traffic infraction on Interstate 69. Vehicle #2 is a Gray 2016 Ford Focus. Vehicle #2 backed into vehicle #1 on the shoulder of Interstate 69. Trooper Julie Deel who was operating vehicle #1 prior to the traffic stop stated that she had stopped vehicle #2 for speeding. Trooper Deel stated that she put vehicle #1 in park, exited the vehicle and observed vehicle #2 rolling backwards toward her vehicle. Trooper Deel could not get driver #2 attention before vehicle #2 struck vehicle #1. Driver #2, Noah Yazel stated that once he was stopped by Trooper Deel, he placed his vehicle in what he thought was park. Yazel stated that after the crash he looked down and he had placed his vehicle in reverse and not park, causing vehicle #2 to roll into vehicle #1. Minimal damage to both vehicles and both were able to be driven away."
903460272,BLOOMINGTON PD,B1942638,MONROE,BLOOMINGTON,BLOOMINGTON,10/8/2019,5:20 PM,2,0,0,0,0,,HIGH,ST,,,,S HIGH,HUNTER,,,,Y,,,,39.16221,-86.50847,LOCAL/CITY ROAD,,N,N,URBAN,N,N,N,,DAYLIGHT,CLEAR,DRY,,T-INTERSECTION,STRAIGHT/GRADE,ASPHALT,FAILURE TO YIELD RIGHT OF WAY,$2501 TO $5000,RIGHT ANGLE,520,530,Y,N,EHUNTERAVESHIGHST,0,STOP SIGN,"Vehicle 2 was traveling south on S High St. Vehicle 1 was traveling east on E Hunter Ave. At the intersection of Hunter and High, vehicle 1 stopped at the stop sign. The intersection is a one-way stop, therefore north/south traffic on High does not stop. Driver of vehicle 1 stated that after stopping, she looked to the left, then the right and believed both directions were clear and attempted to turn left to travel north on High St. Driver of vehicle 2 did not see vehicle 1 already traveling south on High and failed to yield the right of way. Vehicle 1 struck vehicle 2 in the front passenger side tire causing significant damage to the passenger side of vehicle 2. Vehicle 1 had moderate damage to the front of the vehicle. Vehicle 2 was towed due to disabling damage and vehicle 1 was able to drive from the scene. No injuries were reported from this accident."
903460339,MONROE SD,M19A33561,MONROE,RICHLAND,ELLETTSVILLE,10/8/2019,2:36 PM,2,0,1,0,0,,MATTHEWS,DR,,,,N MATTHEWS,MCNEELY,,,,Y,,,,39.23822,-86.6239,LOCAL/CITY ROAD,,N,N,URBAN,N,N,N,,DAYLIGHT,CLEAR,DRY,,T-INTERSECTION,STRAIGHT/LEVEL,ASPHALT,FAILURE TO YIELD RIGHT OF WAY,$10001 TO $25000,RIGHT ANGLE,240,254,Y,Y,NMATTHEWSDRWMCNEELYST,0,STOP SIGN,"D1 STATED SHE WAS WAITING AT THE STOP SIGN ON MCNEELY ST TO TURN SOUTH ONTO MATTHEWS DR WHEN SHE LOOKED SOUTH AND DID NOT SEE A VEHICLE. SHE THEN LOOKED NORTH AND SAW A VEHICLE GOING SOUTHBOUND. AFTER THAT VEHICLE PASSED SHE PULLED ONTO MATTHEWS DR AND V2 COLLIDED WITH HER VEHICLE.D2 STATED SHE WAS NORTHBOUND ON MATTHEWS APPROXIMATELY 5 CAR LENGTHS BEHIND ANOTHER VEHICLE. AFTER THAT VEHICLE PASSED MCNEELY ST, SHE NOTICED V1 STARTING TO TURN ONTO MATTHEWS DR. SHE THEN ATTEMPTED TO STOP PRIOR TO COLLIDING WITH V1. W1 STATED HE WAS AT THE STOP SIGN BEHIND V1 WHEN HE SAW V1 PULL OUT DIRECTLY IN FRONT OF V2.W2 STATED SHE HAD JUST TURNED ON MCNEELY FROM MATTHEWS DR WHEN SHE SAW V1 PULL OUT IN FRONT OF V2 IN HER REAR-VIEW MIRROR."
903461164,MONROE SD,M19A33703,MONROE,PERRY,BLOOMINGTON,10/9/2019,10:50 AM,2,0,0,0,0,,OLD ST RD 37,RD,,,,SOUTH OLD ST RD 37,,,,,N,,,,0,0,COUNTY ROAD,Y,N,N,URBAN,N,N,N,,DAYLIGHT,CLEAR,DRY,,FOUR-WAY INTERSECTION,STRAIGHT/LEVEL,ASPHALT,UNSAFE BACKING,$2501 TO $5000,BACKING CRASH,1055,1112,Y,Y,SOUTHOLDSTRD37RDSR37S,0,TRAFFIC CONTROL SIGNAL,"WHILE STOPPED SITTING AT A TRAFFIC LIGHT AT THE INTERSECTION OF SOUTH OLD STATE ROAD 37 AND SOUTH STATE ROAD 37, VEHICLE 1 WHILE FACING EAST, BACKED UP WESTBOUND ON SOUTH OLD STATE ROAD 37 INTO VEHICLE 2. VEHICLE 2 WAS STOPPED WAITING FOR TRAFFIC LIGHT FACING EASTBOUND ON SOUTH OLD STATE ROAD 37. DRIVER 1 STATED THAT HE DID NOT REALIZE HE WAS IN THE TURN LANE, AND WAS ATTEMPTING TO BACK UP AND CHANGE LANES. DRIVER 1 ADVISED HE CHECKED HIS MIRRORS. HOWEVER WHEN HE BACKED UP INTO VEHICLE 2.BOTH DRIVERS WERE UNINJURED AND REFUSED ANY MEDICAL ATTENTION.BOTH VEHICLES WERE DRIVABLE AND WERE DRIVEN FROM THE SCENE."
903461113,MONROE SD,M19A33657,MONROE,VAN BUREN,BLOOMINGTON,10/9/2019,7:25 AM,2,0,0,0,0,,TAPP,RD,,,,W TAPP,,,,,N,,,,0,0,COUNTY ROAD,,N,N,RURAL,N,N,N,,DAWN/DUSK,CLEAR,DRY,,TRAFFIC CIRCLE/ROUNDABOUT,CURVE/GRADE,ASPHALT,FAILURE TO YIELD RIGHT OF WAY,$2501 TO $5000,RIGHT ANGLE,728,737,Y,N,I69NWTAPPRD,0,LANE CONTROL,"V1 WAS TRAVELING SB ON I69, EXITED ON THE W TAPP ROAD SB RAMP, ENTERED THE ROUNDABOUT AND STRUCK V2 THAT WAS ALREADY TRAVELING WB THROUGH THE INTERSECTION.D1 CLAIMED THAT V2 DID NOT HAVE ITS LIGHTS ON.D2 STATED THAT HE WAS TRAVELING WB AND WAS STRUCK BY V1.V1 MERGED FROM SB RAMP INTO WB SIDE ROUNDBOUT AND STRUCK V2 THAT WAS TRAVELING WB.V1 DAMAGE FRONT DRIV'ER SIDEV2 DAMAGE PASSENGER SIDE DOOR."
903460492,BLOOMINGTON PD,B1942731,MONROE,PERRY,BLOOMINGTON,10/9/2019,8:20 AM,2,0,0,0,0,,SARE,RD,,,,SARE,RHORER,,,,Y,,,,39.12145,-86.51158,LOCAL/CITY ROAD,,N,N,URBAN,N,N,N,,DAYLIGHT,CLEAR,DRY,,T-INTERSECTION,STRAIGHT/LEVEL,ASPHALT,FOLLOWING TOO CLOSELY,$1001 TO $2500,REAR END,825,835,Y,N,RHORERRDSARERD,0,STOP SIGN,V1 and V2 were traveling south on Sare Rd. V1 and V2 stopped at the stop sign. V2 started to proceed past the sign to make a right turn onto Rhorer Rd and stopped due to an oncoming car. V1 then proceeded forward and struck V2 in the rear.V1 did strike V2 in the rear causing damage to both vehicles.
903460944,BLOOMINGTON PD,B1942816,MONROE,BLOOMINGTON,BLOOMINGTON,10/9/2019,5:50 PM,2,1,2,0,0,,,,SR37N,,,SR37N,CASCADES PARK,,,,Y,,,,0,0,STATE ROAD,Y,N,N,URBAN,N,N,N,,DAYLIGHT,CLEAR,DRY,,FOUR-WAY INTERSECTION,STRAIGHT/GRADE,ASPHALT,FOLLOWING TOO CLOSELY,$5001 TO $10000,OTHER - EXPLAIN IN NARRATIVE,559,602,Y,Y,CASCADESPARKTRLSR37N,0,TRAFFIC CONTROL SIGNAL,D1 STATED WAS DRIVING SOUTH ON N SR 37 BUSINESS APPROACHING W CASCADES PARK TRAIL. D1 STATED LIGHT WAS RED AND HE BEGAN TO PUMP BRAKES BUT THEY WERE NOT EFFECTIVE AS NEEDED. D1 STATED HE THEN REAR ENDED V2. BACK PAIN DECLINED AMBULANCE.D2 STATED WAS DRIVING SOUTH ON N SR 37 BUSINESS STOPPED AT LIGHT AT W CASCADES PARK TRAIL. D2 STATED LIGHT WAS RED AND IT TURNED GREEN AND HE JUST LET OFF BRAKE PEDAL WHEN V1 REAR ENDED HIM. PAIN TO BACK OF HEAD REFUSED AMBULANCE. PICTURES TAKEN.
903460847,MONROE SD,M19A33733,MONROE,VAN BUREN,BLOOMINGTON,10/9/2019,3:24 PM,2,0,0,0,0,,,,SR48W,,,SR48W,HICKORY,,,,Y,,,,39.164832,-86.585856,STATE ROAD,,N,N,URBAN,N,N,N,,DAYLIGHT,CLEAR,DRY,,T-INTERSECTION,STRAIGHT/GRADE,ASPHALT,IMPROPER TURNING,$2501 TO $5000,LEFT TURN,324,328,Y,N,HICKORYDRSR48W,0,NONE,"V1 was west bound on SR 48 @ Hickory Drive, V2 was east bound on SR 48 @ Hickory Drive. V1 was attempting to turn left from SR 48 onto Hickory Drive when V1 made an improper turn and collided with V2. V2 was proceeding straight at the T-intersection."
903461165,MONROE SD,M19A33722,MONROE,SALT CREEK,BLOOMINGTON,10/9/2019,1:23 PM,2,1,0,0,0,,,,SR46E,,,SR46E,SOUTH TRAILWAY,,,,N,,5300,E,39.16118449,-86.41178299,STATE ROAD,,N,N,URBAN,N,N,N,,DAYLIGHT,CLEAR,DRY,,NO JUNCTION INVOLVED,CURVE/GRADE,ASPHALT,LEFT OF CENTER,$10001 TO $25000,OPPOSITE DIRECTION SIDESWIPE,136,149,Y,Y,SOUTHTRAILWAYRDSR46E,0,NONE,"VEHICLE 1 WAS TRAVELING EASTBOUND ON EAST STATE ROAD 46 NEAR THE INTERSECTION OF TRAILWAY ROAD. VEHICLE 1 CROSSED THE CENTER LINE AND STRUCK VEHICLE 2 THAT WAS TRAVELING WESTBOUND ON EAST STATE ROAD 46. AIRBAGS WERE DEPLOYED IN VEHICLE 1. AFTER COLLIDING WITH VEHICLE 1 STRUCK VHICLE 2, VEHICLE 1 SLID DOWN THE HILL COMING TO REST ON THE NORTH SIDE OF EAST STATE ROAD 46. EMS WERE ON THWE SCENE AND CHECKED BOTH DRIVERS. BOTH DRIVERS SIGNED RELEASES FOR EMS AND WERE NOT TRANSPORTED.VEHICLE 1 WAS DISABLED AND WAS TRANSPORTED TO BLANDS TOWING BY BLANDS TOWING. VEHICLE 2 HAD DAMAGE TO TIRES AND WAS SERVICED BY BLANDS. VEHICLE 2 WAS DRIVEN FROM SCENE."
903460871,INDIANA UNIV BLOOMINGTON PD,192276,MONROE,BLOOMINGTON,BLOOMINGTON,10/9/2019,4:33 PM,2,0,0,0,0,,17TH,ST,,,,EAST 17TH,FEE,,,,Y,,200,E,39.17891933,-86.51828632,LOCAL/CITY ROAD,Y,N,N,URBAN,N,N,N,,DAYLIGHT,CLEAR,DRY,,NO JUNCTION INVOLVED,STRAIGHT/GRADE,ASPHALT,FOLLOWING TOO CLOSELY,$2501 TO $5000,REAR END,438,442,Y,N,EAST17THSTFEELN,0,TRAFFIC CONTROL SIGNAL,"No other officers assisted with the accident investigation.Driver Factor (explain in narrative) - D1 stated she was rubbing her eyes and looked down at her lap just prior to the collision.V1 was stopped in traffic at an upcoming red light. V2 was approaching V1 from the rear at a speed less than 25 mph.D1 stated she rubbed her eyes and looked down at her lap for a brief moment. When she looked back up at the road, she noticed V2 was stopped in traffic. D1 hit her brakes but was unable to avoid the collision. D2 stated he was completely stopped in traffic which was stopped at the red light at 17th Street and Fee Lane. He was then rear-ended by V1.There were no reported injuries. Neither vehicle needed a tow."
903460571,BLOOMINGTON PD,B1942742,MONROE,PERRY,BLOOMINGTON,10/9/2019,9:43 AM,2,0,0,0,0,,WALNUT,ST,,,,WALNUT,WINSLOW,,,,Y,,200,N,39.13657739,-86.52912139,LOCAL/CITY ROAD,,N,N,URBAN,N,N,N,,DAYLIGHT,CLEAR,DRY,,T-INTERSECTION,CURVE/GRADE,ASPHALT,FAILURE TO YIELD RIGHT OF WAY,$1001 TO $2500,RIGHT TURN,945,956,Y,N,WALNUTSTWINSLOWRD,0,LANE CONTROL,"V2 WAS SOUTH BOUND ON WALNUT ST, IN THE RIGHT LANE, APPROACHING WINSLOW RD.V1 WAS EXITING THE PARKING LOT JUST NORTH OF THE INTERSECTION. D1 SAID HE DID NOT SEE V2 COMING, STRUCK V2 AT THE ENTRANCE TO THE LOT.DAMAGE TO BOTH VEHICES. NO REPORTED INJURIES."
903461029,INDIANA UNIV BLOOMINGTON PD,192278,MONROE,BLOOMINGTON,BLOOMINGTON,10/9/2019,6:45 PM,2,0,0,0,0,1001,17TH,ST,,,,EAST 17TH,,,,,Y,,,,39.17896,-86.521088,UNKNOWN,,N,N,URBAN,N,N,N,,DAWN/DUSK,CLEAR,DRY,,NO JUNCTION INVOLVED,STRAIGHT/LEVEL,ASPHALT,FAILURE TO YIELD RIGHT OF WAY,$1001 TO $2500,RIGHT TURN,652,702,Y,N,EAST17THST,0,NONE,"V1 was facing west bound in the Assembly Hall parking lot one row north of the southwestern most corner, and was attempting to turn north.V2 was traveling northbound through the western-most lane of the Assembly Hall parking lot. D1 stated as he was turning northbound, he did not see V2 and continued into the lane of travel. D2 stated he was traveling north through the lot when V1 pulled out in front of him.V1 has damage to the driver side front fender and bumper. V2 has damage to the passenger front bumper."
903461304,BLOOMINGTON PD,B1942888,MONROE,BLOOMINGTON,BLOOMINGTON,10/10/2019,8:00 AM,2,0,0,0,0,200,S COLLEGE,AVE,,,,S COLLEGE,,,,,,,,,39.165664,-86.5348,UNKNOWN,,N,Y,,N,N,N,,DAWN/DUSK,CLEAR,DRY,,NO JUNCTION INVOLVED,STRAIGHT/LEVEL,ASPHALT,UNSAFE BACKING,$2501 TO $5000,BACKING CRASH,800,840,N,N,SCOLLEGEAVE,0,NONE,"THE OWNER OF V2 STATED SHE HAD PARKED AT 0730 HRS IN A WEST FACING PARKING SPACE. SHE INDICATED AT AROUND 0800 HRS. W1 CAME INTO HER PLACE OF EMPLOYEMENT AND INDICATED THAT SHE JUST OBSERVED SOMEONE HIT OWNER 2'S VEHICLE AND LEFT THE SCENE. W1 OBTAINED A INDIANA REGISTRATION NUMBER OF 567RKO. SHE ALSO DESCRIBED THE OFFENDING VEHICLE AS AN OLDER SMALL SUV GREEN IN COLOR. W1 ALSO INDICATED THAT A MALE, WHO WAS DESCRIBED AS MID 30'S AND HAVING DARK HAIR, GET INTO THE VEHICLE AND STRUCK V2 AS HE WAS BACKING FROM A WEST FACING SPACE JUST SOUTH OF V2. W1 SAID V1 SPEED OFF NORTH THROUGH THE LOT AND OUT OF SIGHT. THE PROVIDED PLATE NUMBER DID RETURN TO A VEHICLE MATCHING THE DISCRIPTION. I DID GO TO THE ADDRESS THAT WAS PROVIDED BY THE BMV FOR MR. MARSTON AND DISCOVERED IT WAS VACANT."
903461166,MONROE SD,M19A33788,MONROE,RICHLAND,BLOOMINGTON,10/10/2019,8:53 AM,2,0,0,0,0,,NORTH CURRY,PIKE,,,,NORTH CURRY,WEST WOODYARD,,,,N,,,,39.190672,-86.582992,COUNTY ROAD,Y,N,N,URBAN,N,N,N,,DAYLIGHT,CLEAR,DRY,,FOUR-WAY INTERSECTION,CURVE/GRADE,ASPHALT,UNSAFE LANE MOVEMENT,$5001 TO $10000,SAME DIRECTION SIDESWIPE,854,904,Y,Y,NORTHCURRYPIKEWESTWOODYARDRD,0,TRAFFIC CONTROL SIGNAL,"VEHICLE 1 WAS TRAVELING NORTHBOUND ON NORTH CURRY AT THE INTERSECTION OF WEST WOODYARD ROAD. VEHICLE 1 WAS APPROACHING A DISABLED VEHICLE IN LANE 3, AND WHILE ATTEMPTING TO CHANGE LANES VEHICLE 1 STRUCK VEHICLE 2 IN THE LEFT SIDE JUST BEHIND THE DRIVER DOOR. VEHICLE 2 WAS NORTHBOUND ON NORTH CURRY IN LANE 4.ALL PARTIES INVOLVED WER UNINJURED AND REFUSED ANY MEDICAL TREATMENT.BOTH VEHICLES WERE DRIVABLE AND DRIVEN FROM THE SCENE."
903461433,BLOOMINGTON PD,B1942947,MONROE,BLOOMINGTON,BLOOMINGTON,10/10/2019,10:15 AM,2,0,0,0,0,800,BELL TRACE,CT,,,,BELL TRACE,,,,,Y,,,,39.17021,-86.489634,UNKNOWN,,N,Y,URBAN,N,N,N,,DAYLIGHT,CLEAR,DRY,,NO JUNCTION INVOLVED,STRAIGHT/LEVEL,ASPHALT,IMPROPER TURNING,UNDER $1001,SAME DIRECTION SIDESWIPE,316,326,Y,Y,BELLTRACECT,0,NONE,"V2 was parked in a parking stall unoccupied. The damage to V2 is consistent with a side swipe of V1 parking or pulling out of the parking stall and side swiping V2. The damage to V2 is consistent with a side swipe as the black paint transfer on V2 is scratched along the front passenger door to the middle of the rear passenger door. Which appears to have occurred if V1 scraped along side of V2 as V1 was pulling into or out of the parking stall next to V2. The owner of V2 stated that this vehicle is a work vehicle that she only drives at work. The owner of V2 stated that she picked V2 up from her work place and it did not have any damage to the vehicle. The owner of V2 stated that her first stop of the day was at Bell Trace Nursing Home where she parked in the back of the lot. The owner of V2 stated that after leaving Bell Trace Nursing Home she went to the Cascades Golf Course for her second stop and there were no other vehicles in the parking lot. The owner of V2 stated that when she came outside and returned to V2, she noticed the black paint transfer along the passenger side of her vehicle. Therefore with these being the only two stops, the owner of V2 stated that she believed the accident occurred at the Bell Trace Nursing Home."