Master Record Number,Agency,Local Code,County,Township,City,Collision Date,Collision Time,Vehicles Involved,Trailers Involved,Number Injured,Number Dead,Number Deer,House Number,Roadway Name,Roadway Suffix,Roadway Number,Roadway Interchange,Roadway Ramp,Roadway Id,Intersecting Road,Intersecting Road Number,Mile Marker,Interchange,Corporate Limits?,Property Type,Feet From,Direction,Latitude,Longitude,Roadway Class,Traffic Control Devices?,Aggressive Driving?,Hit and Run?,Locality,School Zone?,Rumble Strips?,Construction?,Construction Type,Light Condition,Weather Conditions,Surface Condition,Type of Median,Roadway Junction Type,Road Character,Roadway Surface,Primary Factor,Damage Estimate,Manner of Collision,Time Notified,Time Arrived,Investigation Complete?,Photos Taken?,Unique Location Id,State Property Damage?,Traffic Control,NARRATIVE
903465488,MONROE SD,M19A34460,MONROE,VAN BUREN,BLOOMINGTON,10/16/2019,3:09 PM,2,0,0,0,0,,AIRPORT,RD,,,,AIRPORT,BUNGER,,,,N,,,,39.136848,-86.606,LOCAL/CITY ROAD,,N,N,RURAL,N,N,N,,DAYLIGHT,CLOUDY,DRY,,T-INTERSECTION,STRAIGHT/GRADE,ASPHALT,FAILURE TO YIELD RIGHT OF WAY,$5001 TO $10000,RIGHT ANGLE,309,312,Y,N,AIRPORTRDBUNGERRD,0,NONE,"V1 was east bound on Bunger Road at Airport Road, V2 was southbound on Airport Road at Bunger Road. V1 failed to yield right of way to V2 and resulted in a right angle collision. D1 stated she thought it was a four way stop.W1 was behind V1 and observed V1 fail to yield right of way to V2."
903465460,BLOOMINGTON PD,B19-43878,MONROE,BLOOMINGTON,BLOOMINGTON,10/16/2019,3:31 PM,1,0,0,0,0,,ALEXANDER,DR,,,,W ALEXANDER,PRIVATE DRIVE OF 350 N GATES,,,,Y,OTHER,,,39.169874,-86.574978,LOCAL/CITY ROAD,,N,Y,URBAN,N,N,N,,DAYLIGHT,CLOUDY,DRY,,FOUR-WAY INTERSECTION,STRAIGHT/LEVEL,ASPHALT,RAN OFF ROAD RIGHT,$10001 TO $25000,RAN OFF ROAD,331,340,Y,Y,PRIVATEDRIVEOF350NGATESSTWALEXANDERDR,0,STOP SIGN,"This accident was a one vehicle property damage accident that involved the vehicle striking a tree.Upon arriving on scene, I was able to locate Vehicle 1 (V1). It should be noted that there was no driver in the vehicle and there was also no one around the vehicle. I was able to observe a large amount of damage to the front of the vehicle where it had struck a tree. I was also able to observe that the airbags in the vehicle had deployed. I was unable to locate a driver at the scene. I was able to speak with a witness who advised that he did not witness the accident, but observed a male and female to grab a bag out of the vehicle and walk westbound on W Alexander St and then north on N Gates Dr. The vehicle had to be towed due to incapacitating damage."
903465480,BLOOMINGTON PD,B1943922,MONROE,BLOOMINGTON,BLOOMINGTON,10/16/2019,8:56 PM,3,0,0,0,0,,EAST 1ST,ST,,,,EAST 1ST,SOUTH LINCOLN,,,,Y,,100,W,39.177792,-86.530864,LOCAL/CITY ROAD,,N,Y,URBAN,N,N,N,,DARK (NOT LIGHTED),CLEAR,DRY,,FOUR-WAY INTERSECTION,STRAIGHT/LEVEL,ASPHALT,OTHER (DRIVER) - EXPLAIN IN NARRATIVE,$2501 TO $5000,SAME DIRECTION SIDESWIPE,856,904,N,Y,EAST1STSTSOUTHLINCOLNST,0,NONE,WITNESS STATED SHE WAS BEHIND VEHICLE 1 HEADING EAST ON EAST 1ST STREET WHEN SHE WITNESSED VEHICLE 1 SIDESWIPE VEHICLE 2 AND VEHICLE 3 AND DRIVE AWAY. SHE DID NOTE THAT VEHICLE 1 SEEMED TO BE SWERVING BEFORE AND AFTER SIDE SWIPING THESE VEHICLES. WITNESS ALSO NOTED VEHICLE 1 DROVE PAST THE SCENE OF THE ACCIDENTS SEVERAL TIMES AND DID NOT STOP NOR CALL POLICE.SUPPLEMENT: DRIVER 1 WAS LOCATED AND ADVISED SHE WAS DRIVING EAST ON 1ST STREET AND VEERED OUT OF THE WAY OF AN ONCOMING VEHICLE AND REALIZED SHE HAD HIT SOMETHING. SHE DID NOT HAVE A PHONE TO CALL POLICE AND WAITED TO DO SO WHEN SHE ARRIVED AT HER RESIDENCE. DRIVER 1 DID PROVIDE VEHICLE AND INSURANCE INFORMATION.
903465577,MONROE SD,M19A34401,MONROE,RICHLAND,BLOOMINGTON,10/16/2019,8:56 AM,2,0,0,0,0,,,,SR46W,,,SR46W,N SMITH,,,,N,,,,39.210144,-86.5832,STATE ROAD,Y,N,N,URBAN,N,N,N,,DAYLIGHT,CLEAR,DRY,,FOUR-WAY INTERSECTION,STRAIGHT/LEVEL,ASPHALT,FOLLOWING TOO CLOSELY,$1001 TO $2500,REAR END,859,900,Y,N,NSMITHPIKESR46W,0,TRAFFIC CONTROL SIGNAL,BOTH DRIVERS STATED THEY WERE EB ON W SR 46 ON THE W SIDE OF THE INTERSECTION OF W SR 46 AND N SMITH PK IN THE LEFT LANE OF TRAVEL. DRIVER 1 ADVISED VEHICLE 2 WAS STOPPED AT THE LIGHT DUE TO TRAFFIC AND SHE ACCIDENTLY ROLLED INTO IT. DRIVER 1 ADVISED SHE WAS STOPPED AT THE LIGHT DUE TO TRAFFIC AND VEHICLE 1 STRUCK HER VEHICLE.
903464943,MONROE SD,M19A34402,MONROE,BENTON,BLOOMINGTON,10/16/2019,8:56 AM,1,0,0,0,0,,BEECHWOOD,LN,,,,BEECHWOOD,SOUTHSHORE,,,,N,,400,N,0,0,COUNTY ROAD,,N,N,RURAL,N,N,N,,DAYLIGHT,CLOUDY,WET,,NO JUNCTION INVOLVED,CURVE/GRADE,ASPHALT,ANIMAL/OBJECT IN ROADWAY,$2501 TO $5000,RAN OFF ROAD,856,905,Y,N,BEECHWOODLNSOUTHSHOREDR,0,NONE,Driver # 1 stated he swerved to miss a deer and ran off the roadway and ran into a tree.
903466381,MONROE SD,M19A34403,MONROE,CLEAR CREEK,BLOOMINGTON,10/16/2019,8:59 AM,1,0,0,0,0,,STRAIN RIDGE,RD,,,,S STRAIN RIDGE,DOC MITCHELL,,,,N,,300,N,39.09919472,-86.50785,LOCAL/CITY ROAD,,N,N,RURAL,N,N,N,,DAYLIGHT,CLOUDY,DRY,,NO JUNCTION INVOLVED,STRAIGHT/LEVEL,ASPHALT,RAN OFF ROAD RIGHT,UNDER $1001,RAN OFF ROAD,904,927,Y,Y,EDOCMITCHELLSTSSTRAINRIDGERD,0,NONE,"D1 stated he was traveling south on Strain Ridge Road at approximately 35 MPH. D1 stated he was ""swatting a fly"" which caused him to slightly run off the roadway. D1 collided with the mailbox at 7558 S Strain Ridge Road. D1 continued south and pulled over at 8035 S Strain Ridge Road. Law Enforcement attempted to make contact with the property owner at 7558 S Strain Ridge however no one answered the door."
903465404,INDIANA UNIV BLOOMINGTON PD,192375,MONROE,BLOOMINGTON,BLOOMINGTON,10/16/2019,5:13 PM,2,0,0,0,0,,UNION,ST,,,,UNION,THIRD,,,,Y,,,,39.16427,-86.50939,LOCAL/CITY ROAD,,N,Y,URBAN,N,N,N,,DAYLIGHT,CLOUDY,DRY,,T-INTERSECTION,STRAIGHT/LEVEL,ASPHALT,IMPROPER TURNING,$2501 TO $5000,LEFT TURN,520,530,Y,Y,THIRDSTUNIONST,0,STOP SIGN,"Explain in Narrative:Other Location of Investigation: D2 pulled off on to the circle drive of Forest Quad (which is just north of 3rd Street) to allow traffic on Union Street and 3rd Street to run smoothly. This is where I met with her to discuss the incident.Unit 1 Vehicle Factors: It is unknown what or if any vehicle factors contributed to the crash as D1 left the scene.Unit 1 Environmental Factors: It is unknown what or if any environmental factors contributed to the crash as D1 left the scene.D2 was stopped at the stop sign of Union Street at the intersection of Union Street and 3rd Street facing south. D1 was traveling on 3rd Street headed east making a left hand turn to begin traveling north on Union Street. D2 stated she was stopped at the stop sign of Union Street facing south attempting to turn right to begin traveling west on 3rd Street. D2 stated she was waiting for traffic to clear so she could turn right. D2 stated D1 was driving what she believed was a Kia Soul traveling on 3rd street. D2 stated D1 was driving east to begin to attempt to make a left turn to begin traveling north on Union Street. D2 stated D1 then turned into her vehicle, striking V2's driver side bumper with V1's driver side front door. D2 stated that D1 then left the scene in a hurry and never exited their vehicle to exchange information. D2 stated D1 was a male. I observed white paint transfer on V2's front bumper. V2 had a broken light on the front bumper that was falling out. D2 was not injured and her vehicle was not towed. Pictures of the damage to V2 were taken and are attached to the case."
903464801,BLOOMINGTON PD,B19-43812,MONROE,PERRY,BLOOMINGTON,10/16/2019,12:05 AM,1,0,0,0,0,,BASSWOOD,DR,,,,S BASSWOOD,MULLER,,,,Y,OTHER,100,S,39.1534849,-86.56333493,LOCAL/CITY ROAD,,N,N,URBAN,N,N,N,,DARK (NOT LIGHTED),CLOUDY,WET,,NO JUNCTION INVOLVED,CURVE/GRADE,ASPHALT,ANIMAL/OBJECT IN ROADWAY,$5001 TO $10000,RAN OFF ROAD,1210,1218,Y,Y,MULLERPKWYSBASSWOODDR,0,NONE,"Driver of V1 stated that he was driving south on S. Basswood drive, while a rabbit jumped in front of his vehicle. According to Driver 1, he tried to swerve out in order to save the rabbit, and his vehicle struck the curb, then struck the bus stop shelter located by the sidewalk, and went off road. The front end of the vehicle went into the wood line, before coming to a complete stop."
903465329,ELLETTSVILLE PD,E1905698,MONROE,RICHLAND,ELLETTSVILLE,10/16/2019,2:27 PM,2,0,0,0,0,601,EDGEWOOD S,DR,,,,EDGEWOOD S,,,,,Y,,,,39.2364,-86.631248,UNKNOWN,,N,N,URBAN,Y,N,N,,DAYLIGHT,CLOUDY,DRY,,NO JUNCTION INVOLVED,STRAIGHT/LEVEL,ASPHALT,UNSAFE BACKING,$1001 TO $2500,BACKING CRASH,227,243,Y,Y,EDGEWOODSDR,0,NONE,"Vehicle 1 was parked in a line of cars waiting for a passenger at a high school parking lot.Driver 2, in vehicle 2, was backing from a parked position and struck vehicle 1, not seeing it parked in the drive."
903465868,BLOOMINGTON PD,B1943855,MONROE,BLOOMINGTON,BLOOMINGTON,10/16/2019,1:25 PM,2,0,0,0,0,,CURRY,PIKE,,,,S CURRY,INDUSTRIAL,,,,Y,,,,39.14393,-86.58262,LOCAL/CITY ROAD,,N,Y,URBAN,N,N,N,,DAYLIGHT,CLOUDY,DRY,,T-INTERSECTION,STRAIGHT/GRADE,ASPHALT,UNSAFE BACKING,UNDER $1001,BACKING CRASH,141,202,Y,Y,SCURRYPIKEWINDUSTRIALBLVD,0,STOP SIGN,"D1 was headed W/B on W Industrial Dr., approaching the intersection of S Curry Pike. D2 was also headed W/B on W Industrial Dr., directly behind V1. D1 then struck a vehicle parked at the stop sign of the intersection, however the impact did not cause any damage. D1 then went to back away from the scene, at which point she struck V2 on the front bumper, causing damage. D1 then left the scene of the accident, however D1/V1 was located shortly after. D1 stated she was headed W/B on W Industrial Dr., approaching the intersection of S Curry Pike. D2 stated she then struck a vehicle parked at the stop sign of the intersection. D1 stated that she then attempted to back away from the other vehicle and did not realize V2 was behind her, at which point V1 struck V2. D2 stated that she was headed W/B on W Industrial Dr., approaching the intersection of S Curry Pike, directly behind V1.D2 stated that V1 first struck a vehicle at the stop sign of the intersection, and then backed into V2 as she left the scene."
903465895,MONROE SD,M19A34580,MONROE,BEAN BLOSSOM,ELLETTSVILLE,10/17/2019,3:31 PM,2,0,0,0,0,,COUNTY LINE,RD,,,,N COUNTY LINE,FLATWOODS,,,,N,,,,39.25257,-86.68432,LOCAL/CITY ROAD,,N,N,RURAL,N,N,N,,DAYLIGHT,CLEAR,DRY,,FOUR-WAY INTERSECTION,STRAIGHT/LEVEL,OTHER - EXPLAIN IN NARRATIVE,FAILURE TO YIELD RIGHT OF WAY,$5001 TO $10000,RIGHT ANGLE,332,345,Y,N,NCOUNTYLINERDWFLATWOODSRD,0,STOP SIGN,"D1 STATED SHE STOPPED AND THE STOP SIGN ON W FLATWOODS RD AT N COUNTY LINE RD AND SAW V2 APPROACHING FROM THE SOUTH. SHE THOUGHT THE INTERSECTION WAS A 4-WAY STOP AND CONTINUED THROUGH, IN THE PATH OF V2.D2 STATED HE WAS DRIVING ON THE GRAVEL PORTION OF THE ROAD AND ATTEMPTED TO STOP WHEN HE NOTICED V1 PULLING OUT IN FRONT OF HIM BUT WAS UNABLE TO STOP BEFORE THE COLLISION.N COUNTY LINE ROAD IS GRAVEL STARTING AT, AND SOUTH OF, W FLATWOODS RD. PART OF THE GRAVEL HAS SPILLED INTO THE INTERSECTION WITH ASPHALT UNDERNEATH."
903466041,BLOOMINGTON PD,B1944017,MONROE,BLOOMINGTON,BLOOMINGTON,10/17/2019,2:55 PM,2,0,0,0,0,2966,3RD,ST,,,,EAST 3RD,,,,,Y,,,,39.16470933,-86.57183467,UNKNOWN,,N,Y,URBAN,N,N,N,,DAYLIGHT,CLEAR,DRY,,NO JUNCTION INVOLVED,STRAIGHT/LEVEL,ASPHALT,IMPROPER TURNING,$1001 TO $2500,SAME DIRECTION SIDESWIPE,255,320,N,Y,EAST3RDST,0,NONE,"OWNER OF VEHICLE 2 STATED SHE WENT INSIDE THE BUSINESS TO SHOP AND WHEN SHE RETURNED VEHICLE 2 HAD BEEN DAMAGED AND A NOTE HAD BEEN LEFT ON THE WINDSHIELD WITH A CONTACT NUMBER. THE PHONE NUMBER WAS NOT WRITTEN DOWN CORRECTLY AS THE NUMBER CALLED WAS NOT TO A PERSON INVOLVED IN AN ACCIDENT.TARGET CAMERAS DID CAPTURE VEHICLE 1 PULL INTO A PARKING STALL PARALLEL TO VEHICLE 2 THEN TURN RIGHT AND SIDESWIPE THE LEFT SIDE OF VEHICLE 2. VIDEO SHOWS DRIVER 1 EXIT VEHICLE 1, LEAVE A NOTE AND DRIVE AWAY.OWNER OF VEHICLE 2 DOES WISH TO PURSUE CHARGES PENDING SUSPECT VEHICLE AND DRIVER ARE LOCATED."
903466585,INDIANA UNIV BLOOMINGTON PD,192398,MONROE,BLOOMINGTON,BLOOMINGTON,10/17/2019,3:45 PM,1,0,1,0,0,,THIRD,ST,,,,THIRD,MITCHELL,,,,Y,,75,E,39.16425,-86.51423648,LOCAL/CITY ROAD,,N,N,URBAN,N,N,N,,DAYLIGHT,CLEAR,DRY,,T-INTERSECTION,STRAIGHT/GRADE,ASPHALT,FAILURE TO YIELD RIGHT OF WAY,$2501 TO $5000,RIGHT ANGLE,553,553,Y,N,MITCHELLSTTHIRDST,1,STOP SIGN,"No other officers assisted with the accident investigation.Location of Investigation (see narrative): The investigation was conducted at IUPD headquarters (1469 E 17th Street) where I spoke with B1 (unit 2). I would speak with D1 (unit 1) over the telephone approximately 30 minutes later. D1 had went home for the weekend and was about 1 hour away.B1 was traveling westbound on 3rd Street approaching an unnamed private drive about 75 feet east of Mitchell Street. The drive is on the north side of 3rd Street.D1 was exiting the drive and attempted to make an eastbound turn. B1 stated the accident took place at around 1545 hours on 3rd Street. He stated he was riding in the designated bicycle lane and traveling approximately 10-15 mph. As he approached the private drive, V1 exited the drive and into his path. B1 believes V1 did stop at the posted stop sign. B1 stated he was unable to stop in time and collided with the front, driver side quarter panel of V1. The impact caused him to go up onto the hood of V1. B1 and D1 talked briefly and exchanged basic information. B1 stated that his lower right leg became sore after the collision and he went to the hospital for X-Rays. B1 also stated that his bicycle is badly damaged, and along with the medical expenses, wanted to make a report.I then contacted D1 over the telephone who stated he had left Bloomington and would not be back for several days. D1 stated that he was attempting to turn out of the drive and turn eastbound onto 3rd Street. He stated he looked both ways, but did not see B1 approaching from the east. He then pulled from the drive where B1 collided with his vehicle.Neither the bicycle nor the vehicle were present during the time of the report. A crash diagram was attempted to the best of my understanding."
903465645,INDIANA UNIV BLOOMINGTON PD,192381,MONROE,BLOOMINGTON,BLOOMINGTON,10/17/2019,8:15 AM,2,0,0,0,0,,E 3RD,ST,,,,E 3RD,S FACULTY,,,,Y,,,,39.164352,-86.521088,LOCAL/CITY ROAD,,N,N,URBAN,N,N,N,,DAYLIGHT,CLEAR,DRY,,T-INTERSECTION,STRAIGHT/LEVEL,ASPHALT,FAILURE TO YIELD RIGHT OF WAY,$1001 TO $2500,RIGHT ANGLE,820,830,Y,N,E3RDSTSFACULTYAVE,0,STOP SIGN,V1 was travelling northbound on S. Faculty avenue attempting to make a turn westbound onto E 3rd. Street. V2 was travelling westbound on E 3rd street at S. Faculty avenue.D1 stated that he did not see V2 when he got ready to turn onto E 3rd street. D1 attempted to turn V1 and at that time the front of V1 struck the rear driver side tire of V2. V1 is a 2 seater 4x4 Kubota with a dump bed. V1 is an orange Kubota used by Landcsape services by Indiana University and was being driven on the roadway. The front attachment for a snow plow is what struck V2.D2 stated he was driving V2 westbound on E 3rd street when V1 struck V2.There was no damage to V1.There was a scratch to the rear driver side tire and hubcap of V2.There were no reported injuries.
903466766,MONROE SD,M19A34590,MONROE,RICHLAND,BLOOMINGTON,10/17/2019,5:31 PM,2,0,1,0,0,,N CURRY,PIKE,,,,N CURRY,W VERNAL,,,,N,,1200,S,39.179248,-86.5832,LOCAL/CITY ROAD,,N,N,URBAN,N,N,N,,DAYLIGHT,CLEAR,DRY,,NO JUNCTION INVOLVED,STRAIGHT/LEVEL,ASPHALT,FAILURE TO YIELD RIGHT OF WAY,$10001 TO $25000,RIGHT ANGLE,533,537,Y,N,NCURRYPIKEWVERNALPIKE,0,NONE,"D1 STATED SHE WAS WAITING TO TURN SOUTHBOUND ONTO CURRY PIKE FROM A PRIVATE DRIVE ON THE WEST SIDE OF THE ROADWAY. SHE NOTICED NO VEHICLES IN THE SOUTHBOUND LANES BUT DID NOTICE A LINE OF TRAFFIC IN THE RIGHT LANE OF THE NORTHBOUND LANES. SHE STATED THAT SHE BELIEVED SHE HAD ENOUGH TIME TO PULL OUT IN FRONT OF THE VEHICLES SAFELY TO CROSS THE NORTHBOUND LANES AND DRIVE SOUTH ON CURRY PIKE. SHE THEN PULLED OUT ONTO CURRY PIKE AND COLLIDED WITH V1 THAT WAS IN THE LEFT LANE GOING NORTHBOUND ON CURRY PIKE.D2 JUST STATED SHE WAS NORTHBOUND ON CURRY PIKE WHEN V1 PULLED OUT IN ATTEMPT TO CROSS THE NORTHBOUND LANES DIRCELTY IN THE PATH OF HER VEHICLE (V2). SHE ATTEMPTED TO SWERVE TO AVOID THE COLLISION BUT WAS STRUCK IN THE PASSENGER SIDE OF THE VEHICLE. AFTER THE COLLISION, V2 RAN OFF THE WEST SIDE OF THE ROADWAY AND STRUCK A ROAD CONTRUCTION SIGN. A JUVENILE WAS IN V2 AND HAD COMPLAINTS OF HEAD AND NECK PAIN AND WAS CHECKED ON SCENE BY EMS BUT NOT TRANSPORTED BY AMBULANCE TO THE HOSPITAL.W1 STATED HE WAS NORTHBOUND ON CURRY PIKE A COUPLE OF VEHICLES BEHIND V2 WHEN HE NOTICED V1 PULL OUT IN FRONT OF MULTIPLE VEHICLES CAUSING THEM TO BRAKE OR SLOW DOWN PRIOR TO V1 HITTING V2. W1 ALSO STATED V1 DID SWERVE LEFT IN ATTEMPT TO AVOID THE COLLISION. W2 STATED SHE WAS BEHIND V1 IN THE PRIVATE DRIVE ALSO WAITING TO PULL OUT AND DID NOT SEE V2 IN THE LEFT LANE WHEN V1 STARTED TO ENTER THE ROADWAY.AT THIS TIME, I DO NOT HAVE THE INJURED JUVENILES NAME OR POLICY NUMBER FOR V2.On 10/24/2019. I was able to get the injured juveniles name. The juvenile was treated at scene and taken to the hospital by a family member after the crash.Both vehicles insurance information has been updated."
903465771,BLOOMINGTON PD,B1943987,MONROE,PERRY,BLOOMINGTON,10/17/2019,9:15 AM,2,0,0,0,0,639,S WALKER,ST,,,,S WALKER,,,,,Y,,,,39.160352,-86.546048,UNKNOWN,,N,Y,URBAN,N,N,N,,DAYLIGHT,CLEAR,DRY,,NO JUNCTION INVOLVED,STRAIGHT/LEVEL,ASPHALT,IMPROPER TURNING,UNDER $1001,RIGHT TURN,1021,1025,Y,Y,SWALKERST,0,NONE,"OWNER OF D2 PARKED AT 639 S. WALKER ST AT APPROXIMATELY 815 AM. WHEN SHE RETURNED AT APPROXIMATELY 1005 AM SHE FOUND NEW DAMAGE TO THE PASSENGER REAR CORNER OF V2. SHE ALSO FOUND MATCHING DAMAGE TO THE CAR PARKED NEXT TO HER (V1) ON THE DRIVER'S SIDE FRONT CORNER, AT A CONSISTENT HEIGHT AND LOCATION TO SOMONE TURNING RIGHT INTO THE PARKING SPACE NEXT TO HER.I LATER LOCATED THE OWNER OF V1 INSIDE THE BUSINESS. HE DENIED STRIKING V2, BUT COULD NOT PROVIDE A CLEAR PICTURE OF WHEN THE DAMAGE OCCURRED TO V1. NO REPORTED INJURIES."
903465638,MONROE SD,M19A34533,MONROE,BENTON,BLOOMINGTON,10/17/2019,8:14 AM,2,0,0,0,0,,,,SR46W,,,SR46W,FOSTER FISCUS,,,,N,,,,39.28011,-86.67979,STATE ROAD,,N,N,RURAL,N,N,N,,DAYLIGHT,CLOUDY,DRY,,T-INTERSECTION,CURVE/LEVEL,ASPHALT,IMPROPER PASSING,$1001 TO $2500,SAME DIRECTION SIDESWIPE,819,845,Y,N,FOSTERFISCUSRDSR46W,0,NONE,"V2 WAS TURNING OFF SR 46 ONTO FOSTER FISCUS WHILE V1, WHO WAS CONTINUING EAST ON SR 46, STRUCK V2'S LEFT TAILLIGHT WITH V1'S DRIVERSIDE SIDEVIEW MIRROR AS V1 WAS TRYING TO PASS V2 ON THE SHOULDER."
903469395,ISP BLOOMINGTON 33,2.019E+11,MONROE,SALT CREEK,BLOOMINGTON,10/17/2019,18:27 M,1,,0,0,0,,STATE RD 46,,,,,,,,,,N,,634,E,39.16203566,-86.41217827,STATE ROAD,,,,RURAL,N,N,N,,DAYLIGHT,CLEAR,DRY,,NO JUNCTION INVOLVED,,ASPHALT,,$1001 TO $2500,RAN OFF ROAD,1827,1919,Y,Y,,0,,"Contributing factor- Other Participant #1: (2006 dark blue Dodge Durango) was east bound on SR 46. Other Participant #1 started to cross the centerline. As Other Participant #1 cross the centerline it traveled all the way into the oncoming lane of the highway. Other Participant # 1 swerved back into its lane as travel before being struck by Vehicle #1. SR 46 is a State Highway that runs in an eastern and western direction through Monroe County, Indiana. SR 46 in that areai s curvy with hills. There are fog and centerlines on SR 46. On this day it was sunny and the roadway was dry. The crash scene was in a rural area.Vehicle #1 (2010 silver Kia Soul) was west bound on SR 46. Vehicle #1 swerved to the right and drove partially off the roadway to avoid striking an oncoming vehicle (Other Participant #1) who was left of center. Vehicle #1 came back on the roadway and went across the centerline. Vehicle #1 then over corrected and went back off the roadway on the right side of the roadway. Vehicle #1, after leaving the roadway, was in the grass on the north side of SR 46 and tried to get back on SR 46. While trying to re-enter SR 46 Vehicle #1 hit a ditch with the front end. Vehicle #1 was stopped by the ditch. Other Participant #1 (Jerry D. Bell) stated he was traveling eastbound on SR 46. Other Participant #1 stated that he crossed the centerline as he was going around the curve. Other Participant #1 stated that as he was coming back to his lane of travel, Vehicle #2 was starting to go off the roadway to avoid hitting him. Other Participant #1 stated that he noticed Vehicle #1 stopped off the roadway and turned around to come back and check on him. Other Participant #1 stated the he was travelling approximately the speed limit of 45 mph.Driver #1 (Christopher J. Driver) stated that he was traveling westbound on SR 46. Driver #1 stated that he noticed Other Participant #1 crossing the centerline almost all the way into his lane of travel. As Other Participant #1 started to go back into its lane Driver #1 went off the right side of the roadway to avoid hitting Other Participant #1. Driver #1 stated that once Other Participant #1 passed he tried to come back onto the road and over corrected. Driver #1 stated he started to cross the centerline himself and over corrected again causing him to run off the roadway, on the north side of SR 46. Driver #1 stated that after leaving the roadway he tried to re-enter SR 46 and struck a ditch that he could not see causing his vehicle to get stuck.Witness #1 (Ricky L. Crouch) stated that he was traveling east bound on SR 46 behind Other Participant #1. Witness #1 stated that he had been behind Other Participant #1 for approximately 3.4 miles and in that distance Other Participant #1 had crossed the centerline approximately 10 times. Witness #1 stated that Other Participant #1 crossed the centerline and Vehicle #1 got off the roadway to avoid hitting Other Participant #1. Witness #1 stated that after passing Vehicle #1, Other Participant #1 keep driving east and turned around to come back.I arrived and observed Vehicle #1 at its final rest point. Vehicle #1 was sitting with the front end against an embankment in the ditch. Witness #1 was parked to the east and Other Participant #1 was behind him, both off the roadway. I observed tire tracks in the tall grass were Vehicle #1 had driven off the roadway."
903466415,BLOOMINGTON PD,B1944153,MONROE,BLOOMINGTON,BLOOMINGTON,10/17/2019,12:00 AM,1,0,0,0,0,,17TH,ST,,,,17TH,WALNUT,,,,Y,PRIVATE,300,E,39.17902207,-86.53233811,LOCAL/CITY ROAD,,N,Y,URBAN,N,N,N,,DAYLIGHT,,,,NO JUNCTION INVOLVED,STRAIGHT/GRADE,ASPHALT,RAN OFF ROAD RIGHT,UNDER $1001,RAN OFF ROAD,1218,1241,Y,Y,17THSTWALNUTST,0,NONE,"An unknown vehicle was traveling west on 17th St and ran off of the road on the north side of the road, colliding with the sign for 1410 N Walnut St. The vehicle left the scene without stopping."
903465947,BLOOMINGTON PD,B1944031,MONROE,BLOOMINGTON,BLOOMINGTON,10/17/2019,4:16 PM,3,0,0,0,0,,S CURRY,PIKE,,,,S CURRY,W 3RD,,,,Y,,,,39.164544,-86.560096,LOCAL/CITY ROAD,Y,N,N,URBAN,N,N,N,,DAYLIGHT,CLEAR,DRY,,FOUR-WAY INTERSECTION,STRAIGHT/LEVEL,ASPHALT,DRIVER DISTRACTED - EXPLAIN IN NARRATIVE,$5001 TO $10000,REAR END,416,436,Y,N,SCURRYPIKEW3RDST,0,TRAFFIC CONTROL SIGNAL,"D1, D2 and D3 were all headed E/B on W 3rd St, approaching the intersection of S Curry Pike. D2 and D3 were stopped at the red traffic light at the intersection. D1 attempted to merge from the left lane of the E/B roadway into the right lane, at which point V1 struck the rear of V2. V2 was then pushed forward and struck the rear of V3. D1 stated that she was headed E/B on W 3rd St in the left hand lane, approaching the intersection of S Curry Pike. D1 stated that as she approached the intersection she attempted to make a lane change into the right lane. D1 stated that as she merged lanes she looked behind her to check for vehicles. D1 stated that she did not see vehicles in front of her in the right lane when she merged. V1 then struck V2 in the rear of the vehicle. D2 stated that he was headed E/B on W 3rd St in the right hand lane, approaching the intersection of S Curry Pike. D2 stated that he then stopped in traffic at the intersection. D2 stated that as he waited for the traffic light to turn green V2 was struck from the rear by V1, which caused V2 to strike V3 in the rear. D3 stated that she was headed E/B on W 3rd St in the right hand lane, approaching the intersection of S Curry Pike. D3 stated that she then stopped in traffic at the intersection. D3 stated that as she waited for the traffic signal to turn green she looked into her rear view mirror and saw V1 strike V2, which then caused V2 to strike V3."