Master Record Number,Agency,Local Code,County,Township,City,Collision Date,Collision Time,Vehicles Involved,Trailers Involved,Number Injured,Number Dead,Number Deer,House Number,Roadway Name,Roadway Suffix,Roadway Number,Roadway Interchange,Roadway Ramp,Roadway Id,Intersecting Road,Intersecting Road Number,Mile Marker,Interchange,Corporate Limits?,Property Type,Feet From,Direction,Latitude,Longitude,Roadway Class,Traffic Control Devices?,Aggressive Driving?,Hit and Run?,Locality,School Zone?,Rumble Strips?,Construction?,Construction Type,Light Condition,Weather Conditions,Surface Condition,Type of Median,Roadway Junction Type,Road Character,Roadway Surface,Primary Factor,Damage Estimate,Manner of Collision,Time Notified,Time Arrived,Investigation Complete?,Photos Taken?,Unique Location Id,State Property Damage?,Traffic Control,NARRATIVE
903466000,BLOOMINGTON PD,B19-44047,MONROE,BLOOMINGTON,BLOOMINGTON,10/17/2019,5:20 PM,2,0,0,0,0,,HIGH,ST,,,,S HIGH,ROCK CREEK,,,,Y,,700,S,39.06574593,-86.50823,LOCAL/CITY ROAD,,N,N,URBAN,Y,N,N,,DAYLIGHT,CLEAR,DRY,,FOUR-WAY INTERSECTION,STRAIGHT/GRADE,ASPHALT,FAILURE TO YIELD RIGHT OF WAY,$1001 TO $2500,LEFT TURN,529,540,Y,N,EROCKCREEKDRSHIGHST,0,NONE,Driver one stated she was turning left from the parking lot of 2211 S High Street onto S High Street when she didn't see vehicle 2 driving south and she hit the driver side of vehicle 2. Driver 1 stated it was her fault.Driver 2 stated she was driving south on S High Street when she was hit by vehicle 1 on the driver side.
903470964,INDIANA UNIV BLOOMINGTON PD,192474,MONROE,BLOOMINGTON,BLOOMINGTON,10/17/2019,11:15 AM,2,0,0,0,0,,E 10TH,ST,,,,E 10TH,N JORDAN,,,,Y,,,,39.171552,-86.515728,LOCAL/CITY ROAD,Y,N,N,URBAN,N,N,N,,DAYLIGHT,CLEAR,DRY,,FOUR-WAY INTERSECTION,STRAIGHT/GRADE,ASPHALT,FOLLOWING TOO CLOSELY,UNDER $1001,REAR END,1124,1134,Y,N,E10THSTNJORDANAVE,0,TRAFFIC CONTROL SIGNAL,"V1 was travelling southbound on N Jordan Avenue approaching E 10th street. V2 was stopped in traffic, also travelling southbound on Jordan at E 10th street.D1 stated that she did not see that V2 was stopped, and bumped V1 into V2.D2 stated that she was stopped in traffic waiting to go southbound on Jordan avenue, when V1 bumped into V2.There was some minor scratches and a dent to the front bumper of V1.Damage to V2 was not readily visible, except for a scratch on the trailer hitch and the rear bumper above the hitch was slightly bent. At the time, both drivers agreed to an information exchange. D2 requested a report several days later, which is why the report was not completed until 10/25/2019There were no reported injuries."
903465550,MONROE SD,M19A34526,MONROE,PERRY,BLOOMINGTON,10/17/2019,4:22 AM,1,0,0,0,0,,,,SR37S,,,SR37S,W VICTOR,,,,N,,50,N,39.10564609,-86.55123239,STATE ROAD,,N,N,RURAL,N,N,Y,INTERMITTENT OR MOVING WORK,DARK (LIGHTED),CLEAR,DRY,,NO JUNCTION INVOLVED,STRAIGHT/GRADE,ASPHALT,DRIVER ASLEEP OR FATIGUED,$5001 TO $10000,RAN OFF ROAD,423,427,Y,Y,SR37SWVICTORPIKE,0,LANE CONTROL,"When I arrived on scene I spoke to D1 who stated he was the only occupant of V1 during the crash. D1 appeared to have an injury to the back of his head D1 stated V1 was traveling south on S SR 37 and approaching the intersection of S SR 37 & S Victor Pk when he fell asleep and V1 ran off the east side of the roadway and across thee grass median. D1 stated V1 then rolled over and into the north bound lanes of S SR 37. I observed tire marks on the south bound side of the roadway that lead up to where the vehicle crossed the grass median. I also observed V1 inverted at the end of the tire marks consistent with D1's statement. Deputy T Reynolds spoke to a witness, Keith Martin, who confirmed the same account of events relayed by D1. D1 refused treatment and V1 was towed due to disabling damage."
903467644,MONROE SD,M19A34726,MONROE,RICHLAND,ELLETTSVILLE,10/18/2019,4:45 PM,2,0,0,0,0,,N UNION VALLEY,RD,,,,N UNION VALLEY,W LYNWEST,,,,N,,,,39.21584,-86.5928,LOCAL/CITY ROAD,,N,N,RURAL,N,N,N,,DAYLIGHT,CLEAR,DRY,,T-INTERSECTION,STRAIGHT/LEVEL,ASPHALT,FAILURE TO YIELD RIGHT OF WAY,$5001 TO $10000,RIGHT ANGLE,445,454,Y,N,NUNIONVALLEYRDWLYNWESTDR,0,STOP SIGN,"UNIT 1 WAS TRAVELING WEST ON LYNWEST DRIVE. AFTER STOPPING, UNIT 1 PROCEEDED TO TURN SOUTH ONTO UNION VALLEY. UNIT 1 ENTERED THE ROAD WAY IN THE PATH OF UNIT 2, WHO WAS UNABLE TO STOP IN TIME. THERE WAS LIGHT DAMAGE TO UNIT 1 DRIVER SIDE FRONT BUMPER. UNIT 2 HAD LIGHT DAMAGE TO THE PASSENGER SIDE HEADLIGHT. AN OFF DUTY LAW ENFORCEMENT OFFICER STOPPED TO INFORM ME THAT UNIT 2 HAD BEEN DRIVING WRECKLESSLY. HE STATED THAT UNIT 2 WAS TRAVELING AT A HIGH RATE OF SPEED AND MADE SEVERAL UNSAFE LANE MOVEMENTS. THE OFFICER STATED THERE WERE ALSO OTHER INDIVIDUALS THAT STOPPED AND SAID THE SAME THING ABOUT THE DRIVING BEHAVIOR. THE DRIVER OF UNIT 1 ALSO STATED UNIT 2 WAS TRAVELING AT A HIGH RATE OF SPEED. I DID NOT OBSERVE ANY DRIVING BEHAVIOR, BUT WAS INFORMED OF IT."
903467106,BLOOMINGTON PD,B1944174,MONROE,BLOOMINGTON,BLOOMINGTON,10/18/2019,3:00 AM,1,0,1,0,0,,PEACHTREE,LN,,,,SOUTH PEACHTREE,ALLEN,,,,Y,,300,N,39.1876463,-86.55583,LOCAL/CITY ROAD,,Y,N,URBAN,N,N,N,,UNKNOWN,CLEAR,DRY,,NO JUNCTION INVOLVED,STRAIGHT/LEVEL,ASPHALT,UNSAFE SPEED,$5001 TO $10000,OTHER - EXPLAIN IN NARRATIVE,302,331,Y,N,SOUTHPEACHTREELNWESTALLENST,0,NONE,"PASSENGER OF VEHICLE 1 CALLED POLICE AT 1500 TO REPORT AN ACCIDENT SHE WAS INVOLVED IN AT 0300 THAT HAD NOT BEEN REPORTED TO POLICE. SHE ADVISED DRIVER 1 WAS SPEEDING AND DRIVING ERRATICALLY ON PEACHTREE LANE WHEN HE LOST CONTROL OF THE VEHICLE AND STRUCK A TREE HEAD ON. PASSENGER DID HAVE A COMPLAINT OF PAIN TO HER BACK AND BRUISING ON ARMS AND LEGS.IT SHOULD BE NOTED, VEHICLE 1 IS NOT CURRENTLY PLATED AS THE OWNER OF THE VEHICLE JUST RECENTLY PURCHASED THIS VEHICLE FROM ITS PREVIOUS OWNER.DRIVER 1 WAS ISSUED A CITATION FOR DRIVING WHILE NEVER BEEN LICENSED."
903466887,MONROE SD,M19A34698,MONROE,CLEAR CREEK,BLOOMINGTON,10/18/2019,12:49 PM,2,0,0,0,0,4025,S OLD STATE 37,RD,,,,S OLD STATE 37,,,,,N,,,,39.064288,-86.541328,COUNTY ROAD,,N,N,RURAL,N,N,N,,DAYLIGHT,CLEAR,DRY,,NO JUNCTION INVOLVED,STRAIGHT/GRADE,ASPHALT,UNSAFE BACKING,$1001 TO $2500,BACKING CRASH,1258,112,Y,N,SOLDSTATE37RD,0,LANE CONTROL,"V1 was backing NB out of a parking space at 4025 S Old State Road 37 when it backed into V2 that was traveling EB through the parking lot.D1 stated that she back into V2, D2 stated the V1 backed into his vehicle.Both vehicles moved to parking spaces after the collision, therefore no diagram."
903472634,ISP BLOOMINGTON 33,2019-00361368,MONROE,INDIAN CREEK,BLOOMINGTON,10/18/2019,07:15 M,1,,0,0,1,,I-69,,,,,,,,111.5,,N,,0,S,39.07820521,-86.58378787,INTERSTATE,,,,RURAL,N,N,N,,DARK (NOT LIGHTED),CLEAR,DRY,,NO JUNCTION INVOLVED,,CONCRETE,ANIMAL/OBJECT IN ROADWAY,$2501 TO $5000,COLLISION WITH DEER,717,739,Y,N,,0,,Interstate 69 near the 111.5 mile marker is a rural four-lane interstate with a grass median. The roadway primarily runs in a northeast-southwest direction and the speed limit is 70 miles per hour. Vehicle # 1 was traveling southwest on Interstate 69 rounding a sweeping curve to the right. Vehicle # 1 struck a deer head-on before coming to a controlled stop off the right shoulder. The deer came to rest on the shoulder near the fog line. Driver # 1 said she was traveling in the right lane and did not see the deer until too late. Driver # 1 said the deer ran in front of her left to right. Driver # 1 was unable to take any evasive action prior to the crash.
903466687,BLOOMINGTON PD,B1944211,MONROE,PERRY,BLOOMINGTON,10/18/2019,7:15 PM,2,0,0,0,0,,EAST ATWATER,AVE,,,,EAST ATWATER,SOUTH SWAIN,,,,Y,,,,39.163152,-86.515168,LOCAL/CITY ROAD,,N,N,URBAN,N,N,N,,DARK (NOT LIGHTED),CLEAR,DRY,,T-INTERSECTION,STRAIGHT/LEVEL,ASPHALT,DISREGARD SIGNAL/REG SIGN,$2501 TO $5000,RIGHT ANGLE,717,726,Y,N,EASTATWATERAVESOUTHSWAINAVE,0,STOP SIGN,"D1 EXPLAINED THAT SHE WAS TRAVELING SOUTH ON SWAIN, APPROACHING THE INTERSECTION OF SWAIN AND EAST ATWATER.D1 STATED THAT SHE COULD NOT REMEMBER EXACTLY WHAT HAPPENED BUT THAT SHE WAS DRIVING ACROSS ATWATER, ON SWAIN, AND THE PASSENGER SIDE OF V1 WAS STRUCK BY THE FRONT DRIVER'S CORNER OF V2.D2 EXPLAINED THAT HE WAS DRIVING EAST ON ATWATER IN THE RIGHT LANE, APPROACHING THE INTERSECTION OF SOUTH SWAIN.D2 STATED THAT D1 DID GO THROUGH THE STOP SIGN AT SWAIN RESULTING IN THE FRONT OF V2 MAKING CONTACT WITH THE PASSENGER SIDE OF V1.IT SHOULD BE NOTED THAT THERE IS NO STOP SIGN ON ATWATER, ONLY ONE ON SOUTH SWAIN."
903466627,BLOOMINGTON PD,B1944188,MONROE,BLOOMINGTON,BLOOMINGTON,10/18/2019,4:30 PM,2,0,0,0,0,,N WALNUT,ST,,,,N WALNUT,E 10TH,,,,Y,,,,39.171744,-86.53352,LOCAL/CITY ROAD,Y,N,Y,URBAN,N,N,N,,DARK (LIGHTED),CLEAR,DRY,,FOUR-WAY INTERSECTION,STRAIGHT/LEVEL,ASPHALT,IMPROPER LANE USAGE,$1001 TO $2500,BACKING CRASH,430,440,Y,Y,E10THSTNWALNUTST,0,TRAFFIC CONTROL SIGNAL,"V1 was traveling N/B on Walnut ST in the turning lane. V2 was traveling N/B on Walnut in the center lane, attempting to turn E/B on E10th ST. D1 left the scene of the accident. D2 was traveling N/B on N Walnut ST in the center lane, attempting to turn E/B on E 10th ST. D2 stated that while attempting to turn from the center lane, she noticed V1 a in the turning lane on Walnut ST. Ulyssea stated that V1 reversed and went around V2. D2 stated that V1 then reversed again and struck the driver side door of her vehicle. D2 advised that she observed V1 to be a red Jeep. Ulyssea mentioned that she was not able to get a good description of the driver or license plate information."
903466420,BLOOMINGTON PD,B1944147,MONROE,BLOOMINGTON,BLOOMINGTON,10/18/2019,11:25 AM,2,1,0,0,0,,,,SR46E,,,SR46E,MONROE,,,,Y,,300,W,39.18699904,-86.54785641,STATE ROAD,,N,N,URBAN,N,N,Y,X-OVER/LANE SHIFT,DAYLIGHT,CLEAR,DRY,,NO JUNCTION INVOLVED,STRAIGHT/LEVEL,CONCRETE,IMPROPER TURNING,$5001 TO $10000,LEFT TURN,1127,1138,Y,N,MONROESTSR46E,0,LANE CONTROL,"V2 WAS EAST BOUND ON SR 45/46 BYPASS, JUST WEST OF MONROE ST.V1 WAS EAST BOUND ON SR 45/46 BYPASS, BUT HAD TURNED INTO THE MEDIAN TO TURN AROUND TO GO BACK WEST ON THE BYPASS.D2 SAID AS HE WAS PASSING V1, V1 PULLED FORWARD AND STRUCK V2'S TRAILER.D1 SAID HE WAS LOOKING FOR WEST BOUND TRAFFIC AND PULLED TOO FAR FORWARD.NO INJURIES REPORTED."
903466621,BLOOMINGTON PD,B1944172,MONROE,PERRY,BLOOMINGTON,10/18/2019,2:40 PM,1,0,1,0,0,,BENNINGTON,BLVD,,,,E BENNINGTON,ROMANS,,,,Y,OTHER,100,E,39.15981,-86.47926864,LOCAL/CITY ROAD,,N,N,URBAN,N,N,N,,DAYLIGHT,CLEAR,DRY,,NO JUNCTION INVOLVED,CURVE/LEVEL,ASPHALT,RAN OFF ROAD RIGHT,$5001 TO $10000,RAN OFF ROAD,243,258,Y,Y,EBENNINGTONBLVDSOUTHROMANSCT,0,NONE,"D1 STATED THAT HE WAS DRIVING WEST ON EAST BENNINGTON BOULEVARD WHEN HE STARTED AROUND A CURVE IN THE ROADWAY.D1 EXPLAINED THAT AS HE WAS PROCEEDING WEST THAT HE DID RUN OFF THE ROAD NEAR 4013 E BENNINGTON BOULEVARD, HIT THE CURB AND THEN STRIKE A BLACK LIGHT POLE.THE POLE, WHICH DID NOT HAVE A NUMBER LOCATED ON IT, WAS NOCKED TO THE GROUND AND V1 SUSTAINED DAMAGE TO THE FRONT OF THE VEHICLE AND THE WINDSHIELF."
903466836,BLOOMINGTON PD,B1944158,MONROE,BLOOMINGTON,BLOOMINGTON,10/18/2019,12:50 PM,2,0,0,0,0,,,,SR46E,,,SR46E,MONROE,,,,Y,,200,E,39.18691229,-86.54609567,STATE ROAD,,N,N,URBAN,N,N,Y,LANE CLOSURE,DAYLIGHT,CLEAR,DRY,,NO JUNCTION INVOLVED,STRAIGHT/LEVEL,ASPHALT,FAILURE TO YIELD RIGHT OF WAY,UNDER $1001,SAME DIRECTION SIDESWIPE,1250,108,Y,N,MONROESTSR46E,0,LANE CONTROL,"V1 and V2 were traveling westbound on SR 46 in construction. V1 did strike V2 as it attempted to merge into the lane V2 was traveling in.D1 stated that she was in the left lane attempting to merge into the right lane due to construction. She stated as she did so V2 did speed up striking her in the right rear. She advised V1 rammed her twice. She was scared and kept driving and was going to inspect her vehicle for damage and call police after she arrived at work.D2 stated that he was driving in the right lane and thought V1 was going to merge behind him as the vehicle immediately behind him had left room for V1 to do so. As he looked forward, V1 sped up to go around him and then attempted to merge into his lane, striking his left front bumper.V1 did fail to yield to V2 causing damage."
903466923,MONROE SD,M19A34808,MONROE,PERRY,BLOOMINGTON,10/18/2019,12:39 PM,2,0,0,0,0,1285,LIBERTY,DR,,,,SOUTH LIBERTY,,,,,N,,,,39.158491,-86.57527,UNKNOWN,,N,N,URBAN,N,N,N,,DAYLIGHT,CLEAR,DRY,,NO JUNCTION INVOLVED,CURVE/LEVEL,ASPHALT,FAILURE TO YIELD RIGHT OF WAY,$1001 TO $2500,LEFT TURN,1242,1254,Y,N,SOUTHLIBERTYDR,0,NONE,VEHICLE 1 WAS TRAVELING SOUTHBOUND OUT OF PARKING LOT OF 1285 SOUTH LIBERTY DRIVE ATTEMPTING A LEFT TURN WHEN IT STRUCK VEHICLE 2 IN THE RIGHT REAR QUARTER PANEL. VEHICLE 2 WAS TRAVELING EASTBOUND ATTEMPTING TO AMKE A LEFT TURN INTO PARKING LOT OF 1285 SOUTH LIBERTY. DRIVER 1 STATED THAT HE DID NOT SEE VEHICLE 2 AND PROCEEDED TO MAKE A LEFT TURNALL OCCUPANTS INVOLVED WERE UNINJURED AND REFUSED ANY MEDICAL ATTENTION.BOTH VEHICLES WERE DRIVABLE AND WERE DRIVEN FROM SCENE.
903469916,BLOOMINGTON PD,B1944150,MONROE,PERRY,BLOOMINGTON,10/18/2019,12:00 PM,2,0,0,0,0,,LINCOLN,ST,,,,LINCOLN,4TH,,,,Y,,,,39.16558,-86.53109,LOCAL/CITY ROAD,,N,N,URBAN,N,N,N,,DAYLIGHT,CLEAR,DRY,,FOUR-WAY INTERSECTION,STRAIGHT/LEVEL,ASPHALT,FAILURE TO YIELD RIGHT OF WAY,$10001 TO $25000,RIGHT ANGLE,1203,1205,Y,N,4THSTLINCOLNST,0,STOP SIGN,V1 WAS TRAVELING EAST ON 4TH STREET GOING THROUGH THE INTERSECTION AT LINCOLN STREET.V2 WAS TRAVELING NORTH ON LINCOLN STREET GOING THROUGH THE INTERSECTION AT FOURTH STREET.D1 ADVISED THAT SHE HAD A LARGE GLARE FROM THE SUN AS SHE WAS GOING THROUGH THE INTERSECTION AND COULD NOT SEE WELL.V1 FAILED TO YIELD THE RIGHT OF WAY TO V2 AS THE FRONT OF V1 STRUCK THE REAR DRIVER'S SIDE OF V2.
903467643,MONROE SD,M19A34716,MONROE,RICHLAND,BLOOMINGTON,10/18/2019,3:20 PM,2,0,1,0,0,,W REEVES,RD,,,,W REEVES,N STARNES,,,,N,,,,39.231536,-86.6588,LOCAL/CITY ROAD,,N,N,RURAL,N,N,N,,DAYLIGHT,CLEAR,DRY,,FOUR-WAY INTERSECTION,STRAIGHT/LEVEL,ASPHALT,FAILURE TO YIELD RIGHT OF WAY,$10001 TO $25000,RIGHT ANGLE,322,330,Y,N,NSTARNESRDWREEVESRD,0,STOP SIGN,"UNIT 1 ENTERED THE INTERSECTION OF N STARNES RD AND W REEVES RD, UNIT 2 WAS ALSO ENTERING THE INTERSECTION. UNIT 1 HAD A STOP SIGN AND UNIT 2 DID NOT. UNIT 2 STATED THEY DID NOT HAVE ENOUGH TIME TO STOP TO AVOID UNIT 1, AND STRUCK THE REAR PASSENGER SIDE OF THE VEHICLE. THE DRIVER OF UNIT 1 STATED SHE HAD A SLIGHT COMPLAINT OF PAIN, BUT DID NOT GET TRANSPORTED FROM THE SCENE BY EMTS."
903467516,MONROE SD,M19A34721,MONROE,BLOOMINGTON,BLOOMINGTON,10/18/2019,3:49 PM,2,0,0,0,0,,W 17TH,ST,,,,W 17TH,N WILLIS,,,,N,,100,W,39.179104,-86.544016,LOCAL/CITY ROAD,,N,N,URBAN,N,N,N,,DAYLIGHT,CLEAR,DRY,,T-INTERSECTION,STRAIGHT/LEVEL,ASPHALT,FOLLOWING TOO CLOSELY,$5001 TO $10000,REAR END,349,349,Y,N,NWILLISDRW17THST,0,NONE,V2 was stopped in traffic on W 17th St. V1 was traveling behind V2 and D1 stated that she was unable to stop in time before rear ending V2. Neither vehicle sustained disabling damage. D1 was unable to provide proof of insurance at the time of the crash and has not provided proof of insurance to this date.
903467068,MONROE SD,M19A34724,MONROE,RICHLAND,BLOOMINGTON,10/18/2019,4:17 PM,2,0,0,0,0,,,,SR48,,,SR48,PROFILE,,,,N,,,,39.16474,-86.59259,STATE ROAD,Y,N,N,RURAL,N,N,N,,DAYLIGHT,CLEAR,DRY,,FOUR-WAY INTERSECTION,STRAIGHT/LEVEL,ASPHALT,FAILURE TO YIELD RIGHT OF WAY,$5001 TO $10000,RIGHT ANGLE,417,427,Y,N,PROFILEPKWYSR48,0,TRAFFIC CONTROL SIGNAL,"Driver 1 was traveling westbound on West State Road 48 approaching the intersection of West Profile Parkway. Driver 1 stated that the traffic light turned yellow, as it did he continued traveling westbound through it. Driver 1 stated Driver 2 also continued through the yellow light turning onto West Profile Parkway which he collided with the rear of Driver 2. Driver 2 stated she was in the turn lane for West Profile Parkway facing eastbound on West State Road 48. Driver 2 stated the light turn yellow and she proceeded to turn and was collided by Driver 1. Driver 2 stated that Driver 1 accelerated through the intersection, was ""flying"" and ran the red light. Witness on scene advised she stopped at the traffic light while in the right hand lane of westbound West State Road 48. Vehicle 1 sustained heavy front right damage and Vehicle 2 sustained heavy rear end damage. Both driver's declined medical personnel. Both vehicles were towed by Bland's wrecker service and were transported to Pritchard's tow yard."
903467645,MONROE SD,M19A34737,MONROE,BLOOMINGTON,BLOOMINGTON,10/18/2019,6:43 PM,2,0,0,0,0,,LADD,AVE,,,,665 W LADD,CUFFERS,,,,N,,300,E,0,0,LOCAL/CITY ROAD,,N,N,RURAL,N,N,N,,DAYLIGHT,CLEAR,DRY,,NO JUNCTION INVOLVED,STRAIGHT/LEVEL,ASPHALT,UNSAFE BACKING,$1001 TO $2500,BACKING CRASH,648,652,Y,N,665WLADDAVESCUFFERSDR,0,NONE,"UNIT 1 WAS BACKING UP TO RETURN TO A HOUSE TO DROP OFF A PACKAGE. UNIT 1 IS A USPS POSTAL TRUCK. UNIT 1 THEN BACKED INTO UNIT 2, WHICH WAS PARKED ON WEST LADD AVE."
903466707,BLOOMINGTON PD,B1944194,MONROE,PERRY,BLOOMINGTON,10/18/2019,4:49 PM,2,0,4,0,0,,S COLLEGE MALL,RD,,,,S COLLEGE MALL,E BUICK CADILLAC,,,,Y,,,,39.15816,-86.497792,LOCAL/CITY ROAD,Y,N,N,URBAN,N,N,N,,DAYLIGHT,CLEAR,DRY,,FOUR-WAY INTERSECTION,STRAIGHT/GRADE,ASPHALT,UNSAFE LANE MOVEMENT,$10001 TO $25000,HEAD ON BETWEEN TWO MOTOR VEHICLES,449,449,Y,Y,EBUICKCADILLACBLVDSCOLLEGEMALLRD,0,TRAFFIC CONTROL SIGNAL,"D1 STATED THAT THEY WERE TRAVELING WESTBOUND ON E BUICK CADILLAC BLVD WHEN OFFICERS WERE ATTEMPTING TO PULL THE VEHICLE OVER. D1 THEN TURNED NORTHBOUND ON TO S COLLEGE MALL RD, WHERE D1 CONTINUED TO DRIVE NORTH FOR A SHORT DISTANCE, AT WHICH POINT D1 CROSSED THE MEDIAN AND ENTERED THE SOUTHBOUND LANES, HITTING V2 HEAD ON. D1 STATED THAT THEY CROSSED THE MEDIAN DUE TO BEING CHASED BY LAW ENFORCEMENT. D2 STATED THEY WERE TRAVELING SOUTHBOUND ON S COLLEGE MALL RD IN THE EASTERN MOST LANE WHEN THEY OBSEREVD V1 CROSS THE MEDIAN AND THEN STRIKE V2 HEAD ON."
903466903,MONROE SD,M19A34650,MONROE,RICHLAND,ELLETTSVILLE,10/18/2019,7:28 AM,1,0,0,0,0,,N STARNES,RD,,,,N STARNES,W MALLORY,,,,N,PRIVATE,900,N,39.202144,-86.658608,LOCAL/CITY ROAD,,N,N,RURAL,N,N,N,,DAWN/DUSK,CLEAR,DRY,,NO JUNCTION INVOLVED,STRAIGHT/GRADE,ASPHALT,DRIVER DISTRACTED - EXPLAIN IN NARRATIVE,$5001 TO $10000,RAN OFF ROAD,731,745,Y,N,NSTARNESRDWMALLORYRD,0,NONE,"D1 stated he was traveling north on Starnes Road at approximately 35 MPH. D1 stated he looked away from the roadway to turn on the defrost on his vehicle. When he looked up, D1 was heading off the roadway. D1 described over correcting by turning from one side of the roadway to the opposite side then finally running off the roadway and colliding with a utility pole in the front yard of 3770 Starnes Road. The property owner for the address 3750 Starnes Road called in and stated the power line running from the damaged pole to her residence had been damaged. Specifically the cable anchor attaching the line to her residence had been ripped from the side of the house. The power line was now laying on the ground."
903467518,MONROE SD,M19A34738,MONROE,PERRY,BLOOMINGTON,10/18/2019,7:24 PM,1,0,0,0,1,,,,SR37S,,,SR37S,S VICTOR,,,,N,,300,S,39.10487224,-86.55050631,STATE ROAD,,N,N,RURAL,N,N,N,,DARK (NOT LIGHTED),CLEAR,DRY,,FOUR-WAY INTERSECTION,STRAIGHT/LEVEL,ASPHALT,ANIMAL/OBJECT IN ROADWAY,$5001 TO $10000,COLLISION WITH DEER,731,738,Y,N,SVICTORPIKESR37S,0,NONE,V1 was traveling southbound on S State Road 37 just south of S. Victor Pike. D1 stated that a deer ran in front of him in the roadway and he was unable to avoid hitting it. V1 was towed from the scene due to disabling damage.
903466096,INDIANA UNIV BLOOMINGTON PD,192402,MONROE,BLOOMINGTON,BLOOMINGTON,10/18/2019,12:35 AM,1,0,0,0,0,,10TH,ST,,,,10TH,JEFFERSON,,,,Y,PRIVATE,100,E,39.17164801,-86.50673515,LOCAL/CITY ROAD,,N,N,URBAN,N,N,N,,DARK (NOT LIGHTED),CLEAR,DRY,,NO JUNCTION INVOLVED,CURVE/LEVEL,ASPHALT,UNSAFE SPEED,$5001 TO $10000,RAN OFF ROAD,1235,1238,Y,Y,10THSTJEFFERSONST,0,NONE,Vehicle #1 was traveling west on 10th just east of Jefferson.Vehicle #1 was traveling west 10th when Driver #1 entered the curve at an unreasonable speed. Vehicle #1 left the roadway striking the railroad overpass structure head on. Driver #1stated he was unfamiliar with the road in the area and was unable to make the curve.Further investigation at the scene showed that the Driver was impaired. The driver was treated at the scene after complaining of chest pain. He was later transported to IU Health Bloomington for a blood draw to determine his alcohol level. Those results are pending.
903467107,BLOOMINGTON PD,B1944316,MONROE,BLOOMINGTON,BLOOMINGTON,10/19/2019,3:15 PM,2,0,1,0,0,,NORTH WALNUT,ST,,,,NORTH WALNUT,BLUE RIDGE,,,,Y,,50,S,39.196848,-86.5344,LOCAL/CITY ROAD,,N,N,URBAN,N,N,N,,DAYLIGHT,CLEAR,DRY,,T-INTERSECTION,STRAIGHT/LEVEL,ASPHALT,UNSAFE SPEED,$5001 TO $10000,OTHER - EXPLAIN IN NARRATIVE,315,319,Y,Y,BLUERIDGEDRNORTHWALNUTST,0,LANE CONTROL,"WITNESSES STATED THEY WERE INSIDE THEIR VEHICLE WEST ON BLUE RIDGE, WAITING TO TURN ON TO WALNUT WHEN THEY SAW VEHICLE 2 HEADING NORTH ON NORTH WALNUT MOVING SLOWLY AND VEHICLE 1 MOVING EXTREMELY FAST NORTH ON NORTH WALNUT. THEY ADVISED VEHICLE 1 ATTEMPTED TO SWERVE AROUNDTHE RIGHT SIDE OF VEHICLE 2, HIT THE REAR RIGHT BUMPER OF VEHICLE 2, THEN LOST CONTROL OF THE VEHICLE AND CRASHED INTO A FENCE THEN STRUCK TREE OFF TO THE RIGHT SIDE OF NORTH WALNUT. UPON HITTING THE TREE VEHICLE 1 BECAME AIRBORNE AND OVERTURNED.THE OWNER OF THE FENCE WAS NOTIFIED OF THE DAMAGE AND EMAILED A COPY OF THE CRASH REPORT.DRIVER 2 STATED SHE WAS GOING NORTH ON NORTH WALNUT WHEN SHE HEARD A SERIES OF LOUD NOISES AND FELT HER VEHICLE MOVE, AND REALIZED SHE HAD BEEN REAR ENDED BY VEHICLE 1.DRIVER 1 STATED SHE WAS COMING FROM THE DOWNTOWN BLOOMINGTON AREA AND HEADED TOWARDS SPENCER, WHEN SHE WAS DRIVING NORTH ON NORTH WALNUT AND WENT TO ROLL DOWN HER WINDOW WHEN SHE SUDDENLY CRASHED. THESE EVENTS WERE THE LAST SHE CAN RECALL. DRIVER 1 DOES HAVE A DIAGNOSED SEIZURE DISORDER. EMS STATED DRIVER 1 HAD POSSIBLY HAD A SEIZURE WHICH CAUSED THE COLLISION."
903466842,BLOOMINGTON PD,B1944281,MONROE,PERRY,BLOOMINGTON,10/19/2019,8:19 AM,1,0,0,0,1,,TAPP,RD,,,,TAPP,DEBORAH,,,,Y,,,,39.13666,-86.56784,LOCAL/CITY ROAD,,N,N,URBAN,N,N,N,,DAYLIGHT,CLEAR,DRY,,FOUR-WAY INTERSECTION,STRAIGHT/GRADE,ASPHALT,ANIMAL/OBJECT IN ROADWAY,$2501 TO $5000,COLLISION WITH DEER,825,831,Y,N,DEBORAHDRTAPPRD,0,NONE,"Vehicle 1 was traveling Westbound on Tapp Road at the intersection of Deborah Drive. A deer ran into the roadway in front of Vehicle 1. Vehicle 1 struck the deer, causing damage to the vehicle."
903467249,BLOOMINGTON PD,B1944354,MONROE,BLOOMINGTON,BLOOMINGTON,10/19/2019,9:30 PM,1,0,1,0,0,,WEST 17TH,ST,,,,WEST 17TH,NORTH JACKSON,,,,Y,,,,39.179024,-86.539616,LOCAL/CITY ROAD,,N,Y,URBAN,N,N,N,,DARK (LIGHTED),CLEAR,DRY,,FOUR-WAY INTERSECTION,STRAIGHT/GRADE,ASPHALT,DISREGARD SIGNAL/REG SIGN,UNDER $1001,RIGHT ANGLE,930,945,N,Y,NORTHJACKSONSTWEST17THST,1,STOP SIGN,V1 was traveling South from the Jackson Heights Apartment entrance across W. 17th Street towards N. Jackson Street. V2 was traveling West on W. 17th Street on a scooter in the bike lane. V1 disregarded the stop sign and failed to yield the right of way to V2. V1 entered the intersection and collided with V2. The rider of V2 was able to get off the scooter in time to avoid being struck directly by V1. The rider collided with the driver side of V1 causing damage to the driver side mirror. V1 continued traveling South without stopping. The rider of V2 was transported by EMS to IU Health for a complaint of pain to his chest.
903467111,BLOOMINGTON PD,B1944348,MONROE,BLOOMINGTON,BLOOMINGTON,10/19/2019,7:00 PM,2,0,0,0,0,601,2ND,ST,,,,W 2ND,,,,,Y,,,,39.16025,-86.54012,LOCAL/CITY ROAD,,N,Y,URBAN,N,N,N,,DARK (LIGHTED),CLEAR,DRY,,NO JUNCTION INVOLVED,STRAIGHT/LEVEL,CONCRETE,UNSAFE BACKING,UNDER $1001,BACKING CRASH,733,807,Y,Y,W2NDST,0,NONE,"Gretchen Anderson, a witness, stated that D1 began backing out of her parking spot in the IU Health Bloomington Hospital parking garage, when V1 hit V2 as she was backing out of her parking spot. Gretchen stated that D1 pulled back into her parking spot, sat there for a minute, and then pulled out of the parking spot again and left the scene. The driver's side rear fender and bumper area of V2 had silver scrape marks on it from V1."
903466918,BLOOMINGTON PD,B1944302,MONROE,PERRY,BLOOMINGTON,10/19/2019,12:29 PM,2,0,1,0,0,,E HILLSIDE,DR,,,,E HILLSIDE,S CLIFTON,,,,Y,,,,39.150544,-86.5096,LOCAL/CITY ROAD,,N,N,URBAN,N,N,N,,DAYLIGHT,CLEAR,DRY,,NO JUNCTION INVOLVED,STRAIGHT/GRADE,ASPHALT,FAILURE TO YIELD RIGHT OF WAY,UNDER $1001,REAR END,1233,1247,Y,N,EHILLSIDEDRSCLIFTONAVE,0,LANE CONTROL,V1 was EB on E Hillside drive and was slowing for traffic near Clifton avenue. V2 was in front of V1 and was already stopped in traffic. V1 failed to get stopped and struck V2 in the rear bumper. D1 stated that she saw traffic stopped and wasn't real sure why she didn't get stopped. She said she hit V2 in the rear.D2 stated that she was stopped in traffic and she looked in her rear view mirror and saw that D1 was not looking at the road and saw her hit her in the rear.
903467117,ELLETTSVILLE PD,E1905754,MONROE,RICHLAND,ELLETTSVILLE,10/19/2019,3:13 PM,2,0,0,0,0,,UNIONVALLEY,RD,,,,UNIONVALLEY,,SR46,,,Y,,,,39.215152,-86.5928,LOCAL/CITY ROAD,,N,N,URBAN,N,N,N,,DAYLIGHT,CLEAR,DRY,,FOUR-WAY INTERSECTION,STRAIGHT/LEVEL,ASPHALT,FAILURE TO YIELD RIGHT OF WAY,$5001 TO $10000,RIGHT TURN,317,327,Y,Y,STATEROAD46WRDUNIONVALLEYRD,0,STOP SIGN,D1 STATED HE WAS TURNING RIGHT ONTO UIONVALLY RD FROM CVS PARKING LOT AND DID NOT SEE ANY VEHICLES COMING AS D1 PULLED OUT HE STRUCK V2 AND THOUGHT IT MAY HAVE COME FROM THE THE WEST. D2 STATED HE HAD DROVE STRAIGHT (NORTH) FROM THE LIGHT AT STATE ROAD 46 ONTO UNIONVALLY RD AND WAS STRUCK ON THE FRONT PASSENGERSIDE. V2 WAS TOWED FROM THE SCENE.