Master Record Number,Agency,Local Code,County,Township,City,Collision Date,Collision Time,Vehicles Involved,Trailers Involved,Number Injured,Number Dead,Number Deer,House Number,Roadway Name,Roadway Suffix,Roadway Number,Roadway Interchange,Roadway Ramp,Roadway Id,Intersecting Road,Intersecting Road Number,Mile Marker,Interchange,Corporate Limits?,Property Type,Feet From,Direction,Latitude,Longitude,Roadway Class,Traffic Control Devices?,Aggressive Driving?,Hit and Run?,Locality,School Zone?,Rumble Strips?,Construction?,Construction Type,Light Condition,Weather Conditions,Surface Condition,Type of Median,Roadway Junction Type,Road Character,Roadway Surface,Primary Factor,Damage Estimate,Manner of Collision,Time Notified,Time Arrived,Investigation Complete?,Photos Taken?,Unique Location Id,State Property Damage?,Traffic Control,NARRATIVE
903468568,MONROE SD,M19A34869,MONROE,BLOOMINGTON,BLOOMINGTON,10/19/2019,10:32 PM,1,0,1,0,0,,WAYPORT,RD,,,,N WAYPORT,ELLIS,,,,N,,300,S,39.22862068,-86.52276286,COUNTY ROAD,,N,N,RURAL,N,N,N,,DARK (NOT LIGHTED),CLEAR,DRY,,T-INTERSECTION,STRAIGHT/LEVEL,ASPHALT,RAN OFF ROAD RIGHT,$10001 TO $25000,RAN OFF ROAD,1035,1041,Y,Y,EELLISRDNWAYPORTRD,0,NONE,"V1 was traveling southbound on N Wayport Rd south of E Ellis Rd. N Wayport Rd comes to an end approximately 300 feet south of E Ellis Rd. V1 continued straight and went through a fence, down an embankment and came to a stop in a culvert. D1 was taken from the scene for immediate medical attention. I was able to speak with D1 the next day about the crash. D1 stated that the last thing he remembers is traveling south on N Wayport Rd and does not remember the crash. D1 stated that he does not have any pre existing medical conditions that he knows of. To this date, D1 has been unable to provide proof of insurance for either the pickup truck nor the trailer."
903467592,BLOOMINGTON PD,B1944442,MONROE,PERRY,BLOOMINGTON,10/20/2019,7:25 PM,1,0,0,0,1,,EAST HILLSIDE,DR,,,,EAST HILLSIDE,SOUTH HUNTINGTON,,,,Y,,,,39.150688,-86.520896,LOCAL/CITY ROAD,,N,N,URBAN,N,N,N,,DARK (NOT LIGHTED),CLEAR,DRY,,T-INTERSECTION,STRAIGHT/LEVEL,ASPHALT,ANIMAL/OBJECT IN ROADWAY,$2501 TO $5000,COLLISION WITH DEER,727,744,Y,Y,EASTHILLSIDEDRSOUTHHUNTINGTONDR,0,NONE,"D1 STATED THAT HE WAS DRIVING WEST ON EAST HILLSIDE NEAR THE INTERSECTION OF EAST HILLSIDE AND SOUTH HUNTINGTON WHEN A DEER DID RUN INTO THE ROAD WAY, COMING FROM THE SOUTH SIDE OF HILLSIDE.D1 EXPLAINED THAT HE COULD NOT STOP IN TIME AND THAT THE FRONT OF V1 DID MAKE CONTACT WITH THE DEER, RESULTING IN THE FRONT OF V1 SUSTAINING DAMAGE."
903467375,MONROE SD,M19A34918,MONROE,PERRY,BLOOMINGTON,10/20/2019,11:18 AM,1,0,0,0,0,,SOUTH OLD STATE ROAD 37,RD,,,,SOUTH OLD STATE ROAD 37,WEST CHURCH,,,,N,PRIVATE,,,39.107248,-86.531392,COUNTY ROAD,Y,N,N,URBAN,N,N,N,,DAYLIGHT,CLEAR,DRY,,FOUR-WAY INTERSECTION,STRAIGHT/GRADE,ASPHALT,RAN OFF ROAD RIGHT,$5001 TO $10000,RAN OFF ROAD,1121,1127,Y,N,SOUTHOLDSTATEROAD37RDWESTCHURCHLN,0,TRAFFIC CONTROL SIGNAL,VEHICLE 1 WAS ATTEMPTING A LEFT TURN FROM WEST CHURCH LANE AT THE INTERSECTION OF SOUTH OLD STATE ROAD 37. VEHICLE 1 ENTERED THE TURN TO QUICKLY AND RAN OFF THE ROAD STRIKING A SIGN AT 5337 SOUTH OLD STATE ROAD 37.DRIVER 1 WAS TRANSPORT BY AMBULANCE TO IU HEALTH FOR NECK PAIN.VEHICLE 1 WAS DISABLED AND TRANSPORTED TO KENS WESTSIDE BY KENS WESTSIDE.
903467593,BLOOMINGTON PD,B144438,MONROE,PERRY,BLOOMINGTON,10/20/2019,6:25 PM,2,0,0,0,0,1500,E 3RD,ST,,,,E 3RD,,,,,Y,,,,39.16424,-86.5152,LOCAL/CITY ROAD,,N,Y,URBAN,N,N,N,,DAWN/DUSK,CLEAR,DRY,,T-INTERSECTION,STRAIGHT/LEVEL,ASPHALT,IMPROPER TURNING,$1001 TO $2500,LEFT/RIGHT TURN,627,644,Y,Y,E3RDST,0,NONE,"THE OWNER OF V2 STATED THAT SHE HAD PARKED V2 IN THE PARKING LOT OF 1500 E 3RD STREET, FACING EAST.THE OWNER OF V2 EXPLAINED THAT WHEN SHE CAME BACK OUT TO V2 AFTER EATING SHE DID SEE THAT ANOTHER VEHICLE HAD STRUCK THE PASSENGER SIDE OF V2.THE DAMAGE CONSISTED OF SCRATCHES AND WHITE PAINT TRANSFER ALONG THE ENTIRE PASSENGER SIDE OF V2.THERE IS NO INFORMATION IN REGARDS TO V1 OR D1."
903467495,MONROE SD,M19A34931,MONROE,PERRY,BLOOMINGTON,10/20/2019,3:00 PM,2,0,0,0,0,4025,SR OLD 37,RD,,,,SR OLD 37,,,,,Y,,,,38.97084181,-86.55034366,UNKNOWN,,N,N,URBAN,N,N,N,,DAYLIGHT,CLEAR,DRY,,T-INTERSECTION,STRAIGHT/LEVEL,ASPHALT,IMPROPER TURNING,$2501 TO $5000,OTHER - EXPLAIN IN NARRATIVE,306,310,Y,N,SROLD37RD,0,NONE,Driver of V-1 stated she was trying to park in a parking spot at Kroger grocery store and struck the back left side bumper of V-2 while it was parked causing damage to both V-1 and V-2.
903468212,BLOOMINGTON PD,B194445,MONROE,BLOOMINGTON,BLOOMINGTON,10/20/2019,7:42 PM,2,0,0,0,0,,N WALNUT,ST,,,,N WALNUT,N FRITZ,,,,Y,,1000,N,39.191248,-86.532896,LOCAL/CITY ROAD,,N,N,URBAN,N,N,N,,DARK (LIGHTED),CLEAR,DRY,,NO JUNCTION INVOLVED,STRAIGHT/LEVEL,ASPHALT,FOLLOWING TOO CLOSELY,$2501 TO $5000,REAR END,742,748,Y,N,NFRITZDRNWALNUTST,0,NONE,"D1 stated that she was driving south on N Walnut Street, and that the traffic was congested. D1 stated that traffic in front of her began accelerating, so she accelerated as well. D1 stated that the vehicle in front of her, V2, began braking, and D1 thought she was going to accelerate instead of brake. D1 stated that she was turning down her radio when V2 began braking, and D1 stated that she began braking, but could not stop in time, and rear ended V2.D2, who was driving a rental car from Enterprise, stated that she was driving south on N Walnut Street, and that the traffic was congested. D2 stated that she was slowly moving forward due to the traffic, when she was suddenly rear ended by V1. D2 did purchase insurance through Enterprise when she rented the vehicle."
903467570,BLOOMINGTON PD,B1944441,MONROE,BLOOMINGTON,BLOOMINGTON,10/20/2019,6:00 PM,2,0,0,0,0,500,S LIBERTY,DR,,,,S LIBERTY,,,,,Y,,,,39.189248,-86.531472,LOCAL/CITY ROAD,,N,Y,URBAN,N,N,N,,DAWN/DUSK,CLEAR,DRY,,NO JUNCTION INVOLVED,STRAIGHT/GRADE,ASPHALT,IMPROPER TURNING,UNDER $1001,,705,713,N,Y,SLIBERTYDR,0,NONE,Owner 1 stated he parked her vehicle in the front handicap parking space around 1800 hours and went inside to shop with her mother. Owner 1 stated she returned to her vehicle around 1830 hours and located damage to her rear passenger side corner. I observed the damage and from the paint transfer on the vehicle I believe the suspect vehicle to be red. Also from the damage and location of the vehicle 2 I believe that vehicle 1 was turning north in the parking lot and hit the rear corner of vehicle 2 with the passenger side of their vehicle.
903467449,INDIANA UNIV BLOOMINGTON PD,192420,MONROE,BLOOMINGTON,BLOOMINGTON,10/20/2019,12:55 PM,2,0,0,0,0,,LAW,LN,,,,E LAW,TENTH,,,,Y,,,,39.17603496,-86.47981496,,,N,Y,URBAN,N,N,N,,DAYLIGHT,CLEAR,DRY,,NO JUNCTION INVOLVED,STRAIGHT/LEVEL,ASPHALT,UNSAFE BACKING,$1001 TO $2500,BACKING CRASH,107,128,Y,N,ELAWLNTENTHST,0,NONE,"At approximately 1255 hours on 10/20/2019 a crash occurred between V1 and V2 in the 10th Street parking lot. V1 was parked and V2 backed and sideswiped V1. There was paint transfer and scraping to the driver side rear bumper of V1.W1 advised that she heard scraping noises while walking toward the SRSC. She looked and witnessed a black Dodge Nitro, V2, back into V1. She stated that the vehicle moved toward 10th and the driver got out, checked his car, and then left and headed east on 10th.V2 was unable to be located."
903471736,MONROE SD,M19A34924,MONROE,BLOOMINGTON,BLOOMINGTON,10/20/2019,1:50 PM,2,0,0,0,0,6280,OLD STATE ROAD 37,HWY,,,,OLD STATE ROAD 37,,,,,N,,,,39.24148245,-86.49912327,UNKNOWN,,N,N,URBAN,N,N,N,,DAYLIGHT,CLEAR,DRY,,T-INTERSECTION,STRAIGHT/LEVEL,ASPHALT,FAILURE TO YIELD RIGHT OF WAY,$2501 TO $5000,RIGHT ANGLE,153,205,Y,N,OLDSTATEROAD37HWY,0,LANE CONTROL,"D1 stated they were traveling north on Old State Road 37, making a left hand turn into the private drive of 6280 S Old State Road 37, Mays Green House. D2 stated that she was waiting at the exit only drive of 6280 S Old State Road 37 getting ready to turn onto Old State Road 37. D2 states that she does not recall if she began to pull out onto the roadway before or after the collision. Unsure of if the collision occurred within the roadway or on the private drive. Unable to establish fault with pulling into an exit only on a private drive or failing to yield right of way from D2 for the entering vehicle."
903467429,MONROE SD,M19A34897,MONROE,PERRY,BLOOMINGTON,10/20/2019,7:29 AM,1,0,0,0,0,,,,SR69,,,SR69S,,,122.5,,N,,0,S,0,0,STATE ROAD,,N,N,RURAL,N,N,N,,DARK (NOT LIGHTED),CLEAR,DRY,,NO JUNCTION INVOLVED,STRAIGHT/HILLCREST,ASPHALT,ANIMAL/OBJECT IN ROADWAY,$1001 TO $2500,COLLISION WITH OBJECT IN ROAD,732,745,Y,N,SR69S122.5,0,NONE,"Unit 1 was travelling Southbound on I69, approaching mile marker 122.5. Unit 1 was in the right hand lane, and while travelling on this stretch of road, which is not lighted, struck an object that was in the roadway. Unit 1 sustained damage to the front bumper on the passenger side. Upon investigation, the object was identified as a tree stand, used for deer hunting."
903468028,BLOOMINGTON PD,B1944488,MONROE,PERRY,BLOOMINGTON,10/21/2019,10:50 AM,2,0,0,0,0,,HENDERSON,ST,,,,HENDERSON,GRAHAM,,,,Y,,,,39.139584,-86.526768,LOCAL/CITY ROAD,,N,N,URBAN,N,N,N,,DAYLIGHT,RAIN,WET,,FOUR-WAY INTERSECTION,STRAIGHT/GRADE,ASPHALT,FAILURE TO YIELD RIGHT OF WAY,$2501 TO $5000,RIGHT ANGLE,1050,1055,Y,N,GRAHAMDRHENDERSONST,0,STOP SIGN,"V1 was traveling westbound on Graham Dr. V2 was traveling northbound on Henderson St. V1 pulled out in front of V2, striking V2,D1 stated that she did not see V2 and that she pulled out onto Henderson St and Struck V2. She did state it was her fault.D2 stated that she saw V1 starting to pull out in front of her and attempted to stop but could not avoid being struck by V1.V1 did fail to yield to V2, causing damage to both vehicles."
903468544,BLOOMINGTON PD,B1944538,MONROE,BLOOMINGTON,BLOOMINGTON,10/21/2019,4:51 PM,2,0,1,0,0,,,,SR45W,,,SR45W,N MONROE,,,,Y,,,,39.186944,-86.5468,STATE ROAD,,N,N,URBAN,N,N,N,,DAYLIGHT,CLEAR,DRY,,FOUR-WAY INTERSECTION,STRAIGHT/GRADE,ASPHALT,FAILURE TO YIELD RIGHT OF WAY,$2501 TO $5000,RIGHT ANGLE,454,458,Y,Y,NMONROESTSR45W,0,STOP SIGN,"D1 STATED THEY WERE STOPPED AT THE STOP SIGN ON N MONROE ST AND W STATE RD 45. D1 STATED THEY WERE ATTEMPTING TO ENTER TRAFFIC AND CROSS TRAFFIC LANES IN ORDER TO DRIVE WESTBOUND ON W STATE RD 45.D1 STATED THEY ENTERED THE EASTBOUND LANES OF W STATE RD 45 AT AND ALMOST MADE IT TO THE MEDIAN TURN AREA AT WHICH POINT V2 STRUCK THE REAR DRIVERS SIDE OF V1.D2 STATED THAT THEY WERE TRAVELING EASTBOUND ON W STATE RD 45, NEAR THE INTERSECTION WITH N MONROE ST, WHEN D2 OBSERVED V1 ENTER INTO TRAFFIC FROM THE SOUTH. D2 STATED THEY PUSHED DOWN THEIR BRAKES, BUT WAS UNABLE TO AVOID STRIKING V1."
903468154,INDIANA UNIV BLOOMINGTON PD,192423,MONROE,BLOOMINGTON,BLOOMINGTON,10/21/2019,9:30 AM,2,0,3,0,0,,17TH,ST,,,,EAST 17TH,,,,,Y,PRIVATE,,,0,0,STATE ROAD,Y,N,N,URBAN,N,N,N,,DAYLIGHT,RAIN,WET,,T-INTERSECTION,STRAIGHT/LEVEL,ASPHALT,FAILURE TO YIELD RIGHT OF WAY,$25001 TO $50000,LEFT TURN,931,937,Y,Y,EAST17THSTSR46,0,TRAFFIC CONTROL SIGNAL,"Officer Smolen assisted with information gathering, administering breath tests, and traffic control.Officer Khan assisted with information gathering, photographs, and traffic control.V1 was traveling northbound on SR46 and waiting at the 17th Street intersection to make a left turn.V2 was traveling southbound on SR46 and proceeding through the 17th Street intersection.D1 stated that he was waiting to make a left turn onto westbound 17th Street from the SR46 bypass. D1 stated that his light was yellow when he began his turn. D1 stated that V2 may have been traveling quickly as he did not see V2 approaching until it was too late. V2 then collided into V1. This caused V1 to spin almost 180 degrees and pushed V1 onto a concrete median. It is unclear if V1's headlights were illuminated as both headlights were broken upon my arrival. D1 complained of hip pain upon my arrival and was unable to walk without assistance. He was eventually transported via ambulance to IU Health hospital. D1 stated he was wearing his seatbelt and his airbags deployed. The vehicle sustained heavy front-end damage and had to be towed by Kens Westside due to disabling damage.D2 stated that he was traveling southbound on SR46 approaching the 17th Street intersection. D2 stated he had a yellow light as he was approaching the intersection. D2 did not know how fast he was traveling and did not see V1 pull into his lane of travel due to the heavy rain. V2 then collided with V1 which sent V2 past the southeast corner of the intersection and into a metal fence. V2's airbags deployed and both occupants stated they were wearing their seatbelt. D2 complained of chest pain upon my arrival and was eventually transported to IU Health hospital. V2's front passenger, P2, was also transported due to chest and back pain. V2 was towed to Kens Westside due to disabling damage.D2 has been living in the United States for approximately 20 years. D2 does not have a drivers license. He was issued a misdemeanor citation for Operating a Vehicle Without Ever Receiving a License. Refer to the IUPD ARMS report under the same case number for more info.At the end of the collision, V2 struck an Indiana University owned fence. Pictures of the accident, along with pictures of the fence, have been attached to the case."
903467934,ELLETTSVILLE PD,E1905791,MONROE,RICHLAND,ELLETTSVILLE,10/21/2019,7:43 AM,2,0,0,0,0,,,,SR46W,,,SR46W,SMITH,,,,Y,,,,39.210144,-86.5832,STATE ROAD,Y,N,N,URBAN,N,N,N,,DARK (LIGHTED),CLOUDY,WET,,NO JUNCTION INVOLVED,STRAIGHT/LEVEL,ASPHALT,FOLLOWING TOO CLOSELY,$1001 TO $2500,RAN OFF ROAD,743,749,Y,Y,SMITHPIKESR46W,0,TRAFFIC CONTROL SIGNAL,"The driver of vehicle one was eastbound on Indiana State Road 46, approaching the Smith Pike intersection. When he decided to change lanes, drive one did not notice that cars were coming to a stop, and he rear-ended driver two, causing minor damage."
903468166,BLOOMINGTON PD,B1944496,MONROE,PERRY,BLOOMINGTON,10/21/2019,12:10 PM,3,0,0,0,0,,LINCOLN,ST,,,,LINCOLN,4TH,,,,Y,,,,39.16558,-86.53109,LOCAL/CITY ROAD,,N,N,URBAN,N,N,N,,DAYLIGHT,RAIN,WATER (STANDING OR MOVING),,T-INTERSECTION,STRAIGHT/GRADE,ASPHALT,FAILURE TO YIELD RIGHT OF WAY,$5001 TO $10000,RIGHT ANGLE,1215,1220,Y,N,4THSTLINCOLNST,0,STOP SIGN,"D1 stated that she was heading North on Lincoln Street approaching 4th Street. D1 stated that she momentarily stopped at the stop sign and did not see V2.D1 stated she proceeded through the intersection and was struck by V2.D1 stated due to her not seeing V2 she was unsure if it was her turn to go through the interection or V2's. D2 stated that he was heading West on 4th Street approaching Lincoln Street.D2 stated that he stopped at the stop sign and noticed V1 approaching the stop sign heading North on Lincoln. D2 stated that it appeared that V1 was going to stop so he proceeded through the intersection. D2 stated he was also trying to make a phone call at the time and he was unsure if V1 actually stopped at the stop sign. D2 stated as he proceeded through the intersection he struck V1 on the passenger side. After V1 was struck by V2, D1 lost control of the vehicle which spun around and struck V3 which was parallel parked on the West side of Lincoln Street just North of 4th Street."
903468389,INDIANA UNIV BLOOMINGTON PD,192427,MONROE,BLOOMINGTON,BLOOMINGTON,10/21/2019,1:30 PM,1,0,1,0,0,,10TH,ST,,,,10TH,JEFFERSON,,,,Y,,200,E,39.17141,-86.5072173,LOCAL/CITY ROAD,,N,N,URBAN,N,N,N,,DAYLIGHT,CLOUDY,WET,,NO JUNCTION INVOLVED,CURVE/LEVEL,ASPHALT,SPEED TOO FAST FOR WEATHER CONDITIONS,$5001 TO $10000,RAN OFF ROAD,132,137,Y,N,10THSTJEFFERSONST,0,NONE,"No other officers assisted with the accident investigation.V1 was traveling westbound on 10th Street approaching an ""S"" turn just before reaching Jefferson Street. V1 was traveling approximately 40 mph in a 30 mph zone on wet roads.D1 stated that his girlfriend and he were running late for class which caused him to travel faster than he usually would. He stated he was traveling about 40 mph before he realized that he had a sharp turn ahead. He stated he hit his brakes and began to slide on the asphalt. He then went off the roadway and collided with a metal barricade meant to stop cars from traveling onto the sidewalk. V1 went partially under the barricade and caused the vehicle to become wedged. The passenger, P1, complained of back and neck pain. An ambulance arrived on scene and checked out P1. P1 ultimately declined a hospital visit and was released from scene. V1 had to be towed due to disabling damage by Blands towing.There was no damage to metal barricade."
903468666,MONROE SD,M19A35020,MONROE,PERRY,BLOOMINGTON,10/21/2019,1:04 PM,2,0,0,0,0,,,,SR37S,,,SR37S,ROGERS,,,,N,,2500,S,38.83538966,-86.5379,STATE ROAD,,N,N,URBAN,N,N,N,,DAYLIGHT,RAIN,WET,,T-INTERSECTION,STRAIGHT/LEVEL,ASPHALT,FOLLOWING TOO CLOSELY,$5001 TO $10000,REAR END,106,126,Y,N,ROGERSSTSR37S,0,NONE,"V2 WAS SLOWED TO ALLOW A VEHICLE TO TURN WHEN V1 STRUCK V2 IN THE REAR. D1 ADVISED THAT HE ATTEMPTED TO STOP BUT WITH THE WET ROADS HE WAS UNABLE TO STOP IN TIME. BOTH DRIVERS WERE ASKED IF THEY WERE INJURED AND DENIED INJURY. D2 STATED SHE BELIEVED SHE HAD ""WHIPLASH"" HOWEVER WAS UNDER THE CARE OF A CHIROPRACTOR AND WOULD SEEK TREATMENT LATER IF REQUIRED."
903468438,BLOOMINGTON PD,B1944523,MONROE,BLOOMINGTON,BLOOMINGTON,10/21/2019,3:44 PM,2,0,0,0,0,,N LINCOLN,ST,,,,N LINCOLN,E 16TH,,,,Y,,,,39.177792,-86.530864,LOCAL/CITY ROAD,,N,N,URBAN,N,N,N,,DAYLIGHT,RAIN,WET,,NO JUNCTION INVOLVED,STRAIGHT/LEVEL,ASPHALT,FAILURE TO YIELD RIGHT OF WAY,$2501 TO $5000,OTHER - EXPLAIN IN NARRATIVE,344,402,Y,N,E16THSTNLINCOLNST,0,NONE,"D1 stated that she was driving south on N Lincoln Street, and came to a stop at the stop sign at the intersection of E 16th Street. D1 stated that she looked and could not see any traffic coming from either direction, and stated that the parked vehicles on the street hindered her ability to see down the street. D1 stated that she thought she was clear to drive through the intersection, and was then struck by V2. The front end of V2 collided with the front passenger side bumper, and scraped down the passenger side front and rear doors.D2 stated that he was driving east on E 16th Street, and as he was approaching the intersection of N Lincoln Street, he observed V1 sitting at the stop sign. D2 stated that D1 pulled out into the intersection, and he hit his brakes to avoid hitting V1, but could not stop in time, and collided with V1."
903468432,INDIANA UNIV BLOOMINGTON PD,192430,MONROE,BLOOMINGTON,BLOOMINGTON,10/21/2019,2:45 PM,2,0,0,0,0,,JORDAN,AVE,,,,JORDAN,UNIVERSITY,,,,Y,,150,N,39.18293126,-86.51599035,LOCAL/CITY ROAD,,N,N,URBAN,N,N,N,,DAYLIGHT,RAIN,WET,,FOUR-WAY INTERSECTION,STRAIGHT/LEVEL,ASPHALT,FAILURE TO YIELD RIGHT OF WAY,$5001 TO $10000,LEFT TURN,353,412,Y,N,JORDANAVEUNIVERSITYAVE,0,STOP SIGN,"Explain in Narrative:Other Location of Investigation: The crash occurred on Jordan Avenue, but both parties drove to IUPD to make the report. D1 was facing west in the parking lot just west of Read Hall attempting to make a left turn on Jordan Avenue to begin traveling southbound on Jordan Avenue. D2 was driving northbound on Jordan Avenue attempting to continue to drive northbound on Jordan Avenue. D1 stated he was attempting to exit the parking lot just west of Read Hall. D1 stated he looked both ways before trying to turn left. D1 stated that he then realized that D2 was coming and tried to get out of D2's way but was struck by V2. V1 had damage to the front driver side door and damage to the front bumper on the driver side including the driver side headlight. D1 did not complain of injury. V1 was not towed. D2 stated he was driving north on Jordan Avenue going approximately 30 miles per hour. D2 stated V1 then pulled out in front of him and V2 struck V1. D2 stated he attempted to swerve to avoid hitting D1, but struck V1 with V2's front bumper. V2 had damage to his front bumper on the passenger side. D1 did not complain of injury. V2 was not towed."
903469926,MONROE SD,M19A35065,MONROE,RICHLAND,ELLETTSVILLE,10/21/2019,8:26 PM,1,0,0,0,0,,MCNEELY,RD,,,,W MCNEELY,UNION VALLEY,,,,N,,,,39.2375,-86.59278,LOCAL/CITY ROAD,,N,N,RURAL,N,N,N,,DARK (NOT LIGHTED),CLOUDY,WET,,T-INTERSECTION,STRAIGHT/HILLCREST,ASPHALT,SPEED TOO FAST FOR WEATHER CONDITIONS,$5001 TO $10000,RAN OFF ROAD,828,834,Y,N,NUNIONVALLEYRDWMCNEELYRD,0,STOP SIGN,"THE DRIVER OF UNIT 1 STATED THAT SHE WAS TRAVELING EAST ON MCNEELY ST WHEN SHE APPROACHED THE INTERSECTION AT UNION VALLEY RD. THERE IS A HILL JUST PRIOR TO THE INTERSECTION. THE DRIVER STATED THAT WHILE APPLYING HER BRAKES, SHE BEGAN TO LOSE TRACTION. MCNEELY ST IS A T-INTERSECTION WITH N UNION VALLEY. AFTER UNIT 1 WAS UNABLE TO STOP, UNIT 1 LEFT THE ROADWAY AND STRUCK 2 GATES AND A FENCE POST. ALSO STRUCK WAS A BURIED FIBER OPTIC CABLE MARKER. THE VEHICLE WAS ABLE TO DRIVE OUT OF THE FIELD AND DID NOT NEED TOWED. THE PROPERTY OWNER IS MR. COURTLAND STIMSON WHO RESIDES AT 5920 N UNION VALLEY RD. HE WAS MADE AWARE OF THE DAMAGES AND GIVEN THE CRASH REPORT NUMBER."
903469269,INDIANA UNIV BLOOMINGTON PD,192441,MONROE,BLOOMINGTON,BLOOMINGTON,10/21/2019,8:30 PM,2,0,0,0,0,,,,SR45W,,,SR45W,DUNN,,,,Y,,,,39.186352,-86.528496,STATE ROAD,Y,N,N,URBAN,N,N,N,,DARK (NOT LIGHTED),CLEAR,DRY,,FOUR-WAY INTERSECTION,STRAIGHT/LEVEL,ASPHALT,OTHER (DRIVER) - EXPLAIN IN NARRATIVE,$1001 TO $2500,REAR END,439,446,Y,N,DUNNSTSR45W,0,TRAFFIC CONTROL SIGNAL,"D1 was not present for the report, I called D1 and got her information. The accident happened on 10/21/2019 at approximately 2030 hours. D2 came to station to report the accident without D1 present. D2 stated that she attempted to report the accident last night when it happened but was told she had to go to station to make the report by central dispatch. D2 stated that she was on the 45 Bypass facing West waiting to turn left on to Dunn Street when she was rear ended. D2 stated that she had been sitting there a while when she was rear ended. D2 stated that she pulled in to the parking lot of the church on the corner of Dunn Street and the 45 Bypass. D2 stated that D1 eventually stopped and gave her all of the information she needed to make a report. I called D1 and asked her if she was able to come to station to let me see her vehicle since D2 wanted to make a report. D1 stated that there was no damage to her vehicle and that she gave D2 all of her information. I asked D1 what had happened and D1 stated that she thought her foot was on the brake when she realized it wasn't she rear ended D2. I looked at V2 and there were cracks all along the bumper. D1 stated that there was absolutely no damage to V1."
903468219,BLOOMINGTON PD,B1944503,MONROE,PERRY,BLOOMINGTON,10/21/2019,1:14 PM,2,0,0,0,0,,COLLEGE MALL,RD,,,,S COLLEGE MALL,EASTLAND PLAZA,,,,Y,,,,0,0,LOCAL/CITY ROAD,Y,N,N,URBAN,N,N,N,,DAYLIGHT,RAIN,WET,,FOUR-WAY INTERSECTION,STRAIGHT/LEVEL,ASPHALT,DISREGARD SIGNAL/REG SIGN,$2501 TO $5000,RIGHT ANGLE,119,126,Y,N,EASTLANDPLAZADRSCOLLEGEMALLRD,0,TRAFFIC CONTROL SIGNAL,"V1 was NB on S College Mall road in the right lane and was approaching the traffic light at Eastland Plaza. V2 was in the College Mall and was stopped at traffic light at College Mall road. V2 got a green light and V1 failed to stop at the red light. V1 hit V2 in the driver side front with the passenger side front of her vehicle causing damage to both vehicles.D1 stated that she just didn't see the red light and she drove into V2. D2 stated he was stopped and then got a green light to turn left onto College Mall road. He stated as he pulled into the intersection, he was struck by V1.W1 was behind V1 and she stated that she saw the light turn red and she backed off from V1 because she saw that she was not going to stop. She said V1 ran the red light and struck V2."
903468025,BLOOMINGTON PD,B1944476,MONROE,PERRY,BLOOMINGTON,10/21/2019,7:50 AM,2,0,0,0,0,1965,S WALNUT,ST,,,,S WALNUT,,,,,Y,,,,39.142555,-86.531238,UNKNOWN,,N,Y,URBAN,Y,N,N,,DARK (LIGHTED),RAIN,WET,,T-INTERSECTION,CURVE/GRADE,ASPHALT,DISREGARD SIGNAL/REG SIGN,$1001 TO $2500,RIGHT ANGLE,854,914,Y,Y,SWALNUTST,0,STOP SIGN,V1 was WB on South drive and was approaching a stop sign. V2 was NB on South drive and was pulling on the west side of Bloomington South high school. V1 disregarded the stop sign and struck V2 in the passenger side rear of the bus with the front passenger side bumper of his vehicle. V1 then left the area.D1 later stated that he did stop at the stop sign but then started forward not realizing that he bus in front of him had not cleared from being in front of him. He then told me he wasn't 100% sure he had hit the bus so he left. He also told me that his drivers license was suspended. D2 stated he was driving toward the school and he saw V1 coming toward him. He stated he felt V1 hit him and he thinks that there was no way V1 could have stopped at the stop sign.