Master Record Number,Agency,Local Code,County,Township,City,Collision Date,Collision Time,Vehicles Involved,Trailers Involved,Number Injured,Number Dead,Number Deer,House Number,Roadway Name,Roadway Suffix,Roadway Number,Roadway Interchange,Roadway Ramp,Roadway Id,Intersecting Road,Intersecting Road Number,Mile Marker,Interchange,Corporate Limits?,Property Type,Feet From,Direction,Latitude,Longitude,Roadway Class,Traffic Control Devices?,Aggressive Driving?,Hit and Run?,Locality,School Zone?,Rumble Strips?,Construction?,Construction Type,Light Condition,Weather Conditions,Surface Condition,Type of Median,Roadway Junction Type,Road Character,Roadway Surface,Primary Factor,Damage Estimate,Manner of Collision,Time Notified,Time Arrived,Investigation Complete?,Photos Taken?,Unique Location Id,State Property Damage?,Traffic Control,NARRATIVE
903470059,ELLETTSVILLE PD,E1905850,MONROE,RICHLAND,ELLETTSVILLE,10/23/2019,2:48 PM,2,0,0,0,0,,W MAIN,ST,,,,W MAIN,S SALE,,,,Y,,,,39.234944,-86.623392,LOCAL/CITY ROAD,Y,N,N,URBAN,N,N,N,,DAYLIGHT,CLEAR,DRY,,FOUR-WAY INTERSECTION,STRAIGHT/LEVEL,ASPHALT,DRIVER DISTRACTED - EXPLAIN IN NARRATIVE,$5001 TO $10000,REAR END,252,255,Y,Y,SSALESTWMAINST,0,TRAFFIC CONTROL SIGNAL,"D2 WAS STOPPED AT THE RED LIGHT AT SALE ST AND MAIN ST WHEN HE WAS REAR ENDED BY V1. D1 STATED THAT HE LOOKED UP AND KNEW HE WAS GOING TO REAR END THE SEPTIC TANK TRUCK IN FRONT OF HIM SO HE SLAMMED ON THE BRAKES AND RAN UP ON THE CURB HITTING THE TRUCK IN THE RIGHT REAR. D1 WAS UNABLE TO PROVIDE PROOF OF INSURANCE ON THAT SPECIFIC TRUCK, HE STATED HE HAD JUST BOUGHT IT TWO WEEKS PRIOR. THE TRUCK WAS ALSO NOT PLATED, HE HAD A PLATE ON IT FROM ANOTHER VEHICLE. D1 WAS GIVEN TWO CITATONS AND HIS VEHICLE WAS TOWED FROM THE SCENE DUE TO NOT BEING ABLE TO DRIVE IT ANYMORE ALONG WITH A POLICE HOLD PLACED ON IT."
903469889,INDIANA UNIV BLOOMINGTON PD,192449,MONROE,BLOOMINGTON,BLOOMINGTON,10/23/2019,9:50 AM,2,0,0,0,0,150,JORDAN,AVE,,,,N JORDAN,,,,,Y,,,,39.16557833,-86.51795333,UNKNOWN,,N,N,URBAN,N,N,N,,DARK (LIGHTED),CLEAR,DRY,,NO JUNCTION INVOLVED,STRAIGHT/LEVEL,CONCRETE,IMPROPER TURNING,$1001 TO $2500,LEFT TURN,1115,1115,Y,Y,NJORDANAVE,0,NONE,"Vehicle 1 was attempting to park and V2 was parked stationary.D1 said she was going to park in a parking space in the Jordan Avenue Parking Garage in the lower level in V1. D1 said she was turning left to park in a parking space in V1. D1 said when she turned she struck V2 on the front passenger lower bumper area with the front passenger side lower bumper area of V1. V2 was parked stationary in a proper parking space backed in, and was unattended at the time of the accident. Both V1 and V2 had minor damage. D1 said she took pictures of the vehicle. All information was left on V2 front windshield for when the driver returns."
903469785,BLOOMINGTON PD,B1944773,MONROE,BLOOMINGTON,BLOOMINGTON,10/23/2019,9:58 AM,2,0,2,0,0,,,,SR4546W,,,SR4546W,N MONROE,,,,Y,,,,39.186944,-86.5468,STATE ROAD,,N,N,URBAN,N,N,Y,X-OVER/LANE SHIFT,DAYLIGHT,CLEAR,DRY,,FOUR-WAY INTERSECTION,STRAIGHT/LEVEL,ASPHALT,OTHER (DRIVER) - EXPLAIN IN NARRATIVE,$10001 TO $25000,REAR END,959,1004,Y,Y,NMONROESTSR4546W,0,LANE CONTROL,"V1/D1 STATED ""I WAS EASTBOUND ON W. SR 45/46 BYPASS, BEHIND V2 IN THE NORTHERN MOST LANE OF TRAVEL. AS I CAME THROUGH THE CONSTRUCTION ZONE, I GLANCED AT MY RIGHT SIDE MIRROR TO MERGE TO THE RIGHT LANE, ALL OF THE SUDDEN I HEARD MY WIFE LINDA YELL, ALL OF THE SUDDEN V2 WAS STOPPED IN THE ROADWAY"".V2/D2 STATED ""I WAS EASTBOUND ON W. SR 45/46 IN THE NORTHERN MOST LANE OF TRAVEL. AS I APPROACHED MONROE STREET, ALL OF THE SUDDEN THE VEHICLES IN FRONT OF ME CAME TO A SUDDEN STOP. I SLAMMED ON MY BRAKES. AN UNKNOWN VEHICLE WAS STOPPED 2 CARS INFRONT OF ME, IN THE LEFT LANE ATTEMPTING TO MAKE A RIGHT HAND TURN ON TO N. MONROE ST. THAT UNKNOWN VEHICLE TURNED SOUTH ON MONROE ST, AND I WAS REAR ENDED BY V2."" W1 STATED ""I WAS BEHIND V1, WHEN ALL OF THE SUDDEN AN UNKNOWN VEHICLE INFRONT OF V2 CAME A TO A STOP, AND WAS TRYING TO MAKE A RIGHT HAND TURN FROM THE LEFT LANE. V2 SUDDENLY SLAMMED ON THEIR BRAKES AND V1 REAR ENDED V2. THE UNKNOWN VEHICLE LEFT THE SCENE ON N. MONROE ST.""W2 STATED ""I WAS BEHIND W1, ALL OF THE SUDDEN V2 SLAMMED ON THEIR BRAKES DUE TO TRAFFIC SUDDENLY STOPPING IN THE ROADWAY. V1 REAR ENDED V2.""INJURIED V1 LINDA TINCHER STATED ""I WAS IN THE PASSENGER SIDE FRONT SEAT OF OUR CAR. I WAS LOOKING DOWN AT MY PHONE, WHEN I BACK UP, I NOTICE TRAFFIC WAS SLAMMING ON THEIR BRAKES INFRONT OF US. I YELLED AT MY HUSBAND BUT IT WAS TOO LATE, WE COLLIDED WITH V2""."
903471208,MONROE SD,M19A35356,MONROE,CLEAR CREEK,BLOOMINGTON,10/24/2019,11:40 AM,2,0,0,0,0,,,,SR37S,,,SR37S,E SMITHVILLE,,,,N,,,,39.071056,-86.5356,STATE ROAD,,N,N,RURAL,N,N,N,,DAYLIGHT,CLEAR,DRY,,FOUR-WAY INTERSECTION,STRAIGHT/LEVEL,ASPHALT,FOLLOWING TOO CLOSELY,$1001 TO $2500,REAR END,1144,1202,Y,N,ESMITHVILLERDSR37S,0,NONE,D1 stated he was traveling east on Smithville Road. D2 was in front of D1 at the intersection with SR 37 S. D2 had pulled forward and D1 thought that D2 had entered traffic. D1 then proceeded forward and did not realize that D2 had actually stopped. D1 rear ended D2. D2 stated he was traveling east on Smithville Road. D2 approached the intersection with SR 37 S. D2 stated he began to enter the intersection however observed more traffic therefore he stropped. D1 was then rear ended by D2.
903470285,BLOOMINGTON PD,B1944914,MONROE,PERRY,BLOOMINGTON,10/24/2019,7:35 AM,1,0,0,0,1,,S ROGERS,ST,,,,S ROGERS,W HAYS,,,,Y,,100,N,39.12504,-86.5388,LOCAL/CITY ROAD,,N,N,URBAN,N,N,N,,DARK (NOT LIGHTED),CLEAR,DRY,,NO JUNCTION INVOLVED,STRAIGHT/LEVEL,ASPHALT,ANIMAL/OBJECT IN ROADWAY,$1001 TO $2500,COLLISION WITH DEER,739,743,Y,Y,SROGERSSTWHAYSCT,0,NONE,"D1 stated that he was traveling south on S Rogers Street from the intersection of S Rogers Street and S Rockport Road. D1 stated that he was traveling southbound approximately 20-25mph, about 100 feet north of W Hays Court, when a deer walked eastbound out into the roadway from the west. D1 stated that he did not notice the deer until the front passenger side of V1 had already collided with it. D1 stated that after the collision the deer limped back out of the roadway to the west. D1 stated that he was not injured and did not require any medical attention. V1 sustained damage to the front passenger side including the headlight. The vehicle did not need to be towed and was able to be driven from the scene. Photographs of the scene and damage were taken and submitted."
903470635,BLOOMINGTON PD,B1944959,MONROE,PERRY,BLOOMINGTON,10/24/2019,1:43 PM,3,0,0,0,0,,W 3RD,ST,,,,W 3RD,S CORY,,,,Y,,,,39.164544,-86.560096,LOCAL/CITY ROAD,Y,N,N,URBAN,N,N,N,,DAYLIGHT,CLEAR,DRY,,FOUR-WAY INTERSECTION,STRAIGHT/LEVEL,ASPHALT,DRIVER DISTRACTED - EXPLAIN IN NARRATIVE,$2501 TO $5000,REAR END,145,148,Y,Y,SCORYLNW3RDST,0,TRAFFIC CONTROL SIGNAL,"D1, D2, and D3 were all headed E/B on W 3rd St, approaching the intersection of S Cory Ln. D2 and D3 then stopped in traffic at the intersection. D1 looked down at her cell phone to check her GPS and did not see the stopped traffic in front of her. V1 then struck V2 in the rear, causing V2 to strike V3 in the rear. D1 stated that she was headed E/B on W 3rd St, approaching the intersection of S Cory Ln. D1 stated that as she approached the intersection she looked down at her cell phone to check her GPS. D1 stated that she did not realize that traffic had stopped in front of her. V1 then struck V2 in the rear, which then caused V2 to strike V3 in the rear. D2 and D3 stated that they were headed E/B on W 3rd St, apporaching the intersection of S Cory Ln. D2 and D3 stated that they were stopped in traffic and waiting for the green traffic signal. D2 stated that he looked in his rear view mirror and saw that V1 was going to strike V2, at which point it did. The collision then caused V2 to strike V3 in the rear."
903472016,BLOOMINGTON PD,B1945224,MONROE,BLOOMINGTON,BLOOMINGTON,10/24/2019,10:00 PM,2,0,0,0,0,,FESS,AVE,,,,S FESS,UNIVERSITY,,,,Y,,,,39.16037,-86.52594,LOCAL/CITY ROAD,,N,Y,URBAN,N,N,N,,UNKNOWN,CLEAR,DRY,,NO JUNCTION INVOLVED,STRAIGHT/LEVEL,ASPHALT,OTHER (DRIVER) - EXPLAIN IN NARRATIVE,$2501 TO $5000,SAME DIRECTION SIDESWIPE,1108,1114,N,Y,EUNIVERSITYSTSFESSAVE,0,NONE,"It was reported to police on 10/26/2019 that V2 was parked on S Fess Avenue, facing southbound, on the west side of the road just north of E University Street. The complainant stated that V2 was parked on the evening of 10/24/2019 and the damage was located on the afternoon of 10/25/2019. The complainant received a note from W1 on V2, stating that W1 witnessed the incident. At the time of this report I have been unable to contact W1. Complainant was told by W1 that a truck pulling a trailer hit V2 and left the scene. V2 has significant damage and could not be driven from the scene. The owner of V2 was not present as it was in possession of her brother, Jayce Boatwright. This incident is still being investigated as W1 still needs to be interviewed."
903470724,INDIANA UNIV BLOOMINGTON PD,192469,MONROE,BLOOMINGTON,BLOOMINGTON,10/24/2019,6:30 PM,2,0,0,0,0,,TENTH,ST,,,,TENTH,SUNRISE,,,,Y,,150,W,39.17158,-86.51246702,LOCAL/CITY ROAD,,N,N,URBAN,N,N,N,,DAWN/DUSK,CLEAR,WET,,NO JUNCTION INVOLVED,STRAIGHT/GRADE,ASPHALT,FOLLOWING TOO CLOSELY,$5001 TO $10000,REAR END,634,634,Y,N,NSUNRISEDRTENTHST,0,LANE CONTROL,"V1 and V2 were traveling westbound on East 10th Street at 30mph in congested traffic. D2 stated that she came to a stop in traffic when she was struck in the rear bumper by V1. D1 advised me that she was looking at her phone for directions to the Bloomington Hospital. She stated that when she looked up to the roadway from her phone V2 had come to a complete stop. D1 stated that she did not have enough time to come to a complete stop before striking the rear of V2. D1 said that she attempted to stop however, due to wet roadway conditions her vehicle slid before impacting V2."
903470915,MONROE SD,M19A35426,MONROE,VAN BUREN,BLOOMINGTON,10/24/2019,11:58 PM,1,0,1,0,0,,GARRISON CHAPEL,RD,,,,GARRISON CHAPEL,AIRPORT,,,,N,PRIVATE,100,S,39.13676535,-86.64283504,COUNTY ROAD,,N,N,RURAL,N,N,N,,DARK (NOT LIGHTED),CLEAR,DRY,,FOUR-WAY INTERSECTION,STRAIGHT/GRADE,ASPHALT,RAN OFF ROAD RIGHT,$5001 TO $10000,RAN OFF ROAD,1158,1214,Y,Y,AIRPORTRDGARRISONCHAPELRD,0,NONE,THE WITNESS STATED THAT D1 WAS TRAVELING SB ON GARRISON CHAPEL AT A HIGH RATE OF SPEED.HE STATED THAT THE DRIVER LOST CONTROL OF THE VEHICLE AND LEFT THE ROADWAY GOING INTO THE WOODS. THE WITNESS ESTIMATED THE VEHICLE TO BE TRAVELING AT A SPEED OF AROUND 70MPH. UPON MY ARRIVAL ON SCENE THE VEHICLE WAS ON ITS SIDE AND APPEARED TO HAVE ROLLED.D1 WAS TRAPPED INSIDE OF THE VEHICLE. MY INVESTIGATION OF THE SCENE SHOWED THAT D1 LEFT THE ROADWAY ON THE WEST SIDE OF THE ROAD HITTING A SMALL TREE AT 3110 S. GARRISON CHAPEL RD. THE VEHICLE THEN RETURNED TO THE ROADWAY THEN RAN OFF THE ROAD ON THE EAST SIDE OF THE ROADWAY STRIKING SEVERAL TREES AT 3139 S. GARRISON CHAPEL RD AND APPEARED TO HAVE ROLLED FINALLY COMING TO A STOP ON ITS SIDE. D1 DID NOT KNOW WHERE HE WAS AND DID NOT KNOW HE HAD CRASHED HIS VEHICLE. D1 WAS TRANSPORTED TO THE HOSPITAL FOR TREATMENT.
903470814,MONROE SD,M19A35412,MONROE,PERRY,BLOOMINGTON,10/24/2019,5:46 PM,2,0,2,0,0,,,,SR37S,,,SR37S,SMITHVILLE,,,,N,,,,39.16424,-86.480688,STATE ROAD,,N,N,RURAL,N,N,N,,DAWN/DUSK,CLOUDY,WET,,FOUR-WAY INTERSECTION,STRAIGHT/GRADE,ASPHALT,FAILURE TO YIELD RIGHT OF WAY,$25001 TO $50000,RIGHT ANGLE,546,554,Y,Y,SMITHVILLERDSR37S,0,NONE,"D1 east bound from SR 37 onto Smithville Road, D2 north bound on SR 37 @ Smithville Road. D1 failed to yield right of way to D2 resutling in a right angle collision. D1 suffered complaint of pain to the head and was wearing seatbelt with air bag deployment. D2 suffered a contusion and abrasion to left eye as well as complaint of pain. D2 was wearing seatbelt and air bag deployment."
903470477,INDIANA UNIV BLOOMINGTON PD,192464,MONROE,BLOOMINGTON,BLOOMINGTON,10/24/2019,10:55 AM,2,0,0,0,0,,JORDAN,AVE,,,,N JORDAN,BALFOUR,,,,Y,,,,39.18241,-86.5126,LOCAL/CITY ROAD,,N,N,URBAN,N,N,N,,DAYLIGHT,CLOUDY,DRY,,T-INTERSECTION,CURVE/GRADE,ASPHALT,UNSAFE SPEED,$5001 TO $10000,RIGHT ANGLE,1104,1141,Y,N,EBALFOURSTNJORDANAVE,0,NONE,"At approximately 1055 hours on 10/24/2019 a collision occurred between V1 and V2 at the entrance to 1414 N Jordan. V2 began to pull out of 1414 N Jordan, turning south, when V1 collided with them.D1 advised that he had been driving north on Jordan when V2 pulled out in front of them. He stated that he was driving no more than 5 miles an hour above the speed limit, but did not have time to brake and prevent the collision. There was damage to the driver side front tire well and surrounding areas.D2 advised that she had been attempting to pull out, heading south, on Jordan when V1 struck her vehicle. She stated that initially D1 claimed responsibility and was very hesitant about calling the police. D2 stated that she was inching forward, checked both directions and saw no cars, and began to pull out. She stated that V1 was approaching so quickly that she had no time to get out of the way. There was significant damage to the driver side rear tire well and surrounding areas, rendering the vehicle inoperable. D2 had the vehicle moved via a private tow.Neither party complained of injury or requested medical aid.On 10/28/2019 D1 met with me in the IUPD lobby to advise that he had remembered that D2 was taking a phone call while pulling out of the drive."
903470495,INDIANA UNIV BLOOMINGTON PD,192466,MONROE,BLOOMINGTON,BLOOMINGTON,10/24/2019,11:30 AM,2,0,0,0,0,,SWAIN,AVE,,,,SWAIN,THIRD,,,,Y,,,,39.16425,-86.51526,LOCAL/CITY ROAD,,N,N,URBAN,N,N,N,,DAYLIGHT,CLOUDY,DRY,,T-INTERSECTION,STRAIGHT/GRADE,ASPHALT,UNSAFE LANE MOVEMENT,$5001 TO $10000,RIGHT ANGLE,1132,1140,Y,N,SWAINAVETHIRDST,0,LANE CONTROL,"No other officers assisted with the accident investigation.D1 stated that he was in the northmost lane of travel on 3rd Street and had switched to the southmost lane of travel in order to make a left, southbound turn onto Swain Avenue. As he was making his turn, D1 alleges V2 struck his bumper on the rear, driver-side corner. D1 stated he was going approximately 10 mph prior to the collision. D1 was adamant he did not make an unsafe lane change and that D2 actually made the unsafe lane change. D1 also stated that he believes D2 was also trying to turn south onto Swain Avenue and did so at a speed of nearly 30 mph.D2 stated he was traveling westbound on 3rd Street in the southmost lane. D2 stated that he was attempting to turn southbound onto Swain Avenue. D2 stated that V1 was in the northmost lane and made a sudden lane change into his path of travel. D2 was unable to stop in time and collided with V1 with his front, right part of his vehicle. D2 stated he was not sure how fast he was going, but estimated his speed around 15 or 20 mph prior to the collision.EMS was not requested or needed during my investigation. Both vehicles were able to be driven from scene."
903470602,BLOOMINGTON PD,B1944973,MONROE,BLOOMINGTON,BLOOMINGTON,10/24/2019,2:52 PM,2,0,0,0,0,,N ROGERS,ST,,,,N ROGERS,W KIRKWOOD,,,,Y,,75,W,39.166672,-86.538608,LOCAL/CITY ROAD,,N,N,URBAN,N,N,N,,DAYLIGHT,CLEAR,DRY,,NO JUNCTION INVOLVED,STRAIGHT/LEVEL,ASPHALT,FAILURE TO YIELD RIGHT OF WAY,$1001 TO $2500,OTHER - EXPLAIN IN NARRATIVE,252,335,Y,N,NROGERSSTWKIRKWOODAVE,0,NONE,"D1 stated that she was in the parking lot of the Circle K gas station at the intersection of N Rogers and W Kirkwood. D1 stated that as she pulled out of the parking lot of the gas station to head west on Kirkwood, she did not look to see if any vehicles were coming from the east. D1 stated that she pulled out onto Kirkwood, and hit V2, who was coming from the east and traveling west on Kirkwood. The front of V1 collided with the rear driver's side fender area of V2.D2 stated that he was driving west on Kirkwood, when V1 suddenly pulled out of the parking lot of the gas station and collided with his vehicle."
903470418,INDIANA UNIV BLOOMINGTON PD,192463,MONROE,BLOOMINGTON,BLOOMINGTON,10/24/2019,9:40 AM,3,0,0,0,0,,THIRD,ST,,,,THIRD,JORDAN,,,,Y,,,,39.16426,-86.51642,LOCAL/CITY ROAD,Y,N,N,URBAN,N,N,N,,DAYLIGHT,CLOUDY,DRY,,FOUR-WAY INTERSECTION,STRAIGHT/LEVEL,ASPHALT,FOLLOWING TOO CLOSELY,$2501 TO $5000,REAR END,945,951,Y,N,JORDANAVETHIRDST,0,TRAFFIC CONTROL SIGNAL,"No other officers assisted with the accident investigation.-V3 was traveling westbound on 3rd street and had come to a stop attempting to make a left, southbound turn onto Jordan Avenue. V3 had to yield to pedestrians that had the right-of-way.-V2 was traveling behind V3 and had stopped behind V3-V1 was traveling behind V2 and did not realize V2 had stopped.D3 stated the traffic signal had just turned green and they wanted to make a left, southbound turn onto Jordan Avenue. However, D3 was unable to make his turn because a pedestrian had right-of-way and was crossing the street. D3 was a complete stop. He was then hit by V2 into the rear of his vehicle. D2 stated he had come to a stop behind V3. While stopped behind V3, he was rear-ended by V1 which propelled him into the back of V3.D1 stated she was stopped behind V2 at the red light and the light turned green. The vehicles began to proceed forward. She stated she thought all vehicles proceeded westbound and she hit the accelerator. When she realized the vehicles in front of her only moved a few feet it was too late to stop. She then collided into the back of V2 which caused V2 to collide into V3.There were no reported injuries during the time of investigation. None of the vehicles needed a tow."
903470359,BLOOMINGTON PD,B1944930,MONROE,BLOOMINGTON,BLOOMINGTON,10/24/2019,9:45 AM,2,0,0,0,0,,LIBERTY,DR,,,,500 BLK OF SOUTH LIBERTY,ENTRANCE TO JO ANNE FABRIC,,,,Y,,,,0,0,LOCAL/CITY ROAD,,N,N,URBAN,N,N,N,,DAYLIGHT,CLOUDY,DRY,,T-INTERSECTION,STRAIGHT/LEVEL,ASPHALT,FAILURE TO YIELD RIGHT OF WAY,$2501 TO $5000,RIGHT ANGLE,945,954,Y,N,500BLKOFSOUTHLIBERTYDRENTRANCETOJOANNEFABRICST,0,STOP SIGN,"V1/D1 STATED ""I WAS LEAVING JO ANNE FABRIC STORE, I STARTED TO PULL OUT ONTO S. LIBERTY DR TO MAKE A LEFT HAND TURN, I DID NOT KNOW I HIT THAT BUS, ONCE THE BUS TURNED I PROCEEDED TO MAKE A RIGHT HAND TURN AND HEAD HOME. IF I WOULDVE KNOWN I HAD HIT THE BUS, I WOULD HAVE STAYED.""V2/D2 STATED ""I WAS SOUTHBOUND IN THE 500 BLK OF S. LIBERTY DRIVE. AS I WAS MAKING A LEFT HAND TURN INTO JO ANNE FABRIC COMPLEX, I WAS STRUCK ALONG THE DRIVER SIDE PANEL OF THE BUS BY V1 WHICH WAS TRYING TO MAKE A LEFT HAND TURN, THE ELDERLY LADY THEN MADE A RIGHT HAND TURN AND WENT NORTH ON LIBERTY DRIVE AND WEST ON 3RD ST. PASSERBY WAS ABLE TO OBTAIN THE PLATE INFORMATION. STATE REPORT ONLY, NO LSA."
903470690,BLOOMINGTON PD,B19-44984,MONROE,BLOOMINGTON,BLOOMINGTON,10/24/2019,4:00 PM,2,0,0,0,0,,,,SR46E,,,SR46E,N KINSER,,,,Y,,500,E,39.18643792,-86.53612866,STATE ROAD,,N,N,URBAN,N,N,N,,DAYLIGHT,CLOUDY,WET,,NO JUNCTION INVOLVED,STRAIGHT/GRADE,ASPHALT,FOLLOWING TOO CLOSELY,$1001 TO $2500,REAR END,405,424,Y,N,NKINSERPIKESR46E,0,LANE CONTROL,"V2 WAS TRAVELING EASTBOUND ON STATE RD 46 FROM N. KINSER PIKE WHEN APPROACHING THE INTERSECTION OF STATE RD 46 AND N WALNUT ST. V2 CAME TO A STOP, AND V1 STRUCK V2 IN THE REAR.V1 WAS TRAVELING EASTBOUND ON STATE RD 46 FROM N. KINSER PIKE AND STRUCK V2 IN THE REAR.BOTH VEHICLES SUTAINED MINOR DAMAGE."
903470791,MONROE SD,M19A35415,MONROE,BEAN BLOSSOM,BLOOMINGTON,10/24/2019,7:59 PM,2,0,1,0,0,,MATTHEWS,RD,,,,N MATTHEWS,MT TABOR,,,,N,,500,N,39.29832121,-86.62053,LOCAL/CITY ROAD,,Y,N,RURAL,N,N,N,,DARK (NOT LIGHTED),RAIN,WET,,T-INTERSECTION,CURVE/GRADE,ASPHALT,SPEED TOO FAST FOR WEATHER CONDITIONS,$5001 TO $10000,OPPOSITE DIRECTION SIDESWIPE,802,807,Y,Y,MTTABORRDNMATTHEWSRD,0,NONE,Driver of vehicle 1 stated she was traveling north on N. Matthews Rd when she came to a curve and crossed left of center side swiping Vehicle 2. The driver of vehicle 2 stated she was traveling south on N Matthews when vehicle 1 struck the side of her vehicle. Vehicle 1 had damage to the driver side front and had to be towed from the scene. Vehicle 2 had damage all along the driver side of the vehicle from the drivers door to the rear bumper. Vehicle 2 was driveable but the driver of vehicle 2 complained of severe neck pain and was transported to IU Health Bloomington for evaluation.Witness Stephanie Powell stated she saw vehicle 1 pass her on a double yellow at N Matthews just north of Maple Grove traveling at a high rate of speed. The witness did not see the accident but came upon it.
903470719,BLOOMINGTON PD,B1944983,MONROE,PERRY,BLOOMINGTON,10/24/2019,4:13 PM,3,0,1,0,0,,2ND,ST,,,,W 2ND,PATTERSON,,,,Y,,,,0,0,LOCAL/CITY ROAD,N,N,N,URBAN,N,N,N,,DAYLIGHT,CLEAR,DRY,,FOUR-WAY INTERSECTION,STRAIGHT/LEVEL,ASPHALT,DRIVER ASLEEP OR FATIGUED,$2501 TO $5000,OPPOSITE DIRECTION SIDESWIPE,412,413,Y,Y,SPATTERSONDRW2NDST,0,TRAFFIC CONTROL SIGNAL,"V1 was traveling S/B on Patterson DR. V2 and V3 were stopped at the traffic control signal facing E/B at the intersection of 2nd St & Patterson Dr. V1 struck V2 and V3 causing damage to all three vehicles. D1 advised that she was driving W/B on 2nd ST stopped at the intersection mentioned above. D2 advised that when the traffic control signal turned green she proceeded through the intersection. D1 advised that she blacked out and could not recall what happened after that. D1 advised that she believed she had a stroke or seizure while driving. V1 traveling into W/B traffic colliding with V2 and V3 while stopped E/B on 2nd ST.D1 advised that she had a complaint of pain to her left knee and was transported to IU Health Bloomington for further treatment. D2 advised that he was driving E/B on 2nd ST. He advised that while stopped at the above mentioned intersection he was struck by V1. D2 advised that he was not injured. D3 advised he was driving E/B on 2nd St. He advised that while stopped at the above mentioned intersection he observed V1 collide with V2 and then struck V3. D3 advised that he was not injured.Due to the fact that V1 had a health related issue that caused her to blackout and enter E/B traffic on 2nd ST, V1 struck V2 and then struck and V3."
903470612,ELLETTSVILLE PD,E1905870,MONROE,RICHLAND,ELLETTSVILLE,10/24/2019,2:39 PM,2,0,0,0,0,601,EDGEWOOD,DR,,,,SOUTH EDGEWOOD,,,,,Y,,,,39.2364,-86.631248,UNKNOWN,,N,N,URBAN,Y,N,N,,DAYLIGHT,CLEAR,DRY,,NO JUNCTION INVOLVED,STRAIGHT/LEVEL,ASPHALT,FOLLOWING TOO CLOSELY,$5001 TO $10000,REAR END,242,252,Y,Y,SOUTHEDGEWOODDR,0,NONE,V1 AND V2 WERE ATTEMPTING TO LEAVE THE HIGH SCHOOL PARKING LOT AND WERE LINED UP. D1 STATED SHE PRESSED ON THE GAS TOO HARD AS THEY STARTED TO MOVE AND REAR ENDED D2.VEHICLES WERE MOVED PRIOR TO MY ARRIVAL
903471348,BLOOMINGTON PD,B1945119,MONROE,BLOOMINGTON,BLOOMINGTON,10/25/2019,4:15 PM,2,0,0,0,0,,CORY,LN,,,,S CORY,BLOOMFIELD,,,,Y,,,,39.1571,-86.55969,LOCAL/CITY ROAD,,N,N,URBAN,N,N,N,,DAYLIGHT,CLEAR,DRY,,T-INTERSECTION,STRAIGHT/GRADE,ASPHALT,FOLLOWING TOO CLOSELY,$1001 TO $2500,REAR END,416,429,Y,Y,SCORYLNWBLOOMFIELDRD,0,NONE,"D1 stated she was traveling on S. Cory Ln. D1 stated a school bus was traveling north with the blinking lights on indicating it was soon to stop. D1 stated she was watching the bus for the stop arm to extend when she collided with the rear of V2 causing damage to both vehicles.D2 stated he was traveling south on S. Cory Ln. Approaching W. Bloomfield Rd. D2 stated he was stopped at the intersection waiting for traffic to clear when V1 collided with the rear of his car causing damage to both vehicles. D2 refused EMS, but stated his neck did feel ""stiff"" following the accident."
903471301,BLOOMINGTON PD,B1945053,MONROE,PERRY,BLOOMINGTON,10/25/2019,8:19 AM,2,0,0,0,0,,,,I69,117,1,I69N,,,,,Y,,,,0,0,INTERSTATE,,N,N,URBAN,N,N,N,,DAYLIGHT,CLOUDY,DRY,,RAMP,CURVE/GRADE,ASPHALT,IMPROPER LANE USAGE,$1001 TO $2500,SAME DIRECTION SIDESWIPE,820,830,Y,N,I69N,0,OTHER,"BOTH VEHICLES WERE NORTH BOUND FROM BLOOMFIELD RD, ONTO I-69 NORTH BOUND. FROM THE INTERSECTION, V1 WAS IN THE LEFT LANE, AND V2 WAS IN THE RIGHT LANE. WITNESS WAS DIRECTLY IN FRONT OF THEM.ON THE RAMP, THE LEFT LANE ENDS AND MERGES WITH THE RIGHT LANE, THEN ONTO I-69. D1 SAID HE WAS TRYING TO MERGE INTO THE RIGHT LANE BY PASSING V2, WHO WOULD NOT LET HIM IN.D2 SAID SHE WAS GOING STRAIGHT WHEN V1 CAME INTO THE RIGHT LANE, STRIKING HER ON THE DRIVER'S SIDE, AND THEN SENT HER INTO THE GUARDRAIL ON THE PASSENGER SIDE OF V2.D1 SAID HE THOUGHT THE WITNESS WAS BRAKE CHECKING HIM AS HE TRIED TO MERGE RIGHT, BUT WITNESS SAID HE WAS MERGING HIMSELF BEHIND ANOTHER VEHICLE.BOTH V1 AND V2 REACHED THE END OF THE LANES AND TRIED TO ENTER THE SINGLE LANE.NO INJURIES REPORTED."