Master Record Number,Agency,Local Code,County,Township,City,Collision Date,Collision Time,Vehicles Involved,Trailers Involved,Number Injured,Number Dead,Number Deer,House Number,Roadway Name,Roadway Suffix,Roadway Number,Roadway Interchange,Roadway Ramp,Roadway Id,Intersecting Road,Intersecting Road Number,Mile Marker,Interchange,Corporate Limits?,Property Type,Feet From,Direction,Latitude,Longitude,Roadway Class,Traffic Control Devices?,Aggressive Driving?,Hit and Run?,Locality,School Zone?,Rumble Strips?,Construction?,Construction Type,Light Condition,Weather Conditions,Surface Condition,Type of Median,Roadway Junction Type,Road Character,Roadway Surface,Primary Factor,Damage Estimate,Manner of Collision,Time Notified,Time Arrived,Investigation Complete?,Photos Taken?,Unique Location Id,State Property Damage?,Traffic Control,NARRATIVE
903473968,INDIANA UNIV BLOOMINGTON PD,192519,MONROE,BLOOMINGTON,BLOOMINGTON,10/28/2019,8:10 PM,2,0,0,0,0,1025,7TH,ST,,,,E 7TH,,,,,Y,,,,39.16862958,-86.52294205,LOCAL/CITY ROAD,,N,N,URBAN,N,N,N,,DARK (LIGHTED),CLEAR,DRY,,NO JUNCTION INVOLVED,STRAIGHT/LEVEL,ASPHALT,UNSAFE BACKING,$1001 TO $2500,BACKING CRASH,813,818,Y,N,E7THST,0,NONE,V1 was backing out of a parking stall traveling south west. V2 was stopped waiting for a parking stall to open facing north. D1 stated she looked out the right side of her vehicle and thought it was safe to back up. D1 stated she was backing slowly until she struck V2.D2 stated she was stopped waiting for another vehicle to leave when suddenly she was struck by D1.V1 has damage to the rear driver side bumper.V2 has damage to the rear passenger side bumper.
903473625,INDIANA UNIV BLOOMINGTON PD,192513,MONROE,BLOOMINGTON,BLOOMINGTON,10/28/2019,3:00 PM,1,0,0,0,0,,TWELVETH,ST,,,,TWELVETH,INDIANA,,,,Y,,,,39.17435,-86.52699,LOCAL/CITY ROAD,,N,N,URBAN,N,N,N,,DAYLIGHT,CLEAR,DRY,,NO JUNCTION INVOLVED,STRAIGHT/GRADE,ASPHALT,OTHER (DRIVER) - EXPLAIN IN NARRATIVE,$2501 TO $5000,OTHER - EXPLAIN IN NARRATIVE,324,324,Y,Y,INDIANAAVETWELVETHST,0,NONE,"Officer Weitkamp and I were traveling southbound on Indiana Avenue when we observed a box truck which got stuck under the bridge when traveling northbound on Indiana Avenue near 12th Street. Officers observed damage to the box portion of the vehicle. There were only scrape marks under the bridge where the box truck made contact. D1 said he was traveling northbound on Indiana Avenue, and thought he could make it under the bridge with clearance. D1 said as he proceeded under the bridge he heard the top of V1 box truck make contact with the under portion of the bridge. D1 said he realized V1 was stuck. We made contact with IUPD Dispatch to see if we had a wrecker service who was available to assist. Pritchard's originally was dispatched to the scene, but Blands later arrived on scene since they have a contract with Ryder and was able to get V1 out. Blands then towed the vehicle back to their shop. IUPD Dispatch requested the Indiana Rail Road to come out to check the bridge and foundation due to the box truck making contact to the underneath portion of the bridge. Mark Hiatt with the Indiana Rail Road arrived on scene and checked the area. Mark Hiatt 812-340-4327 said everything looked fine and no damage.D1 was given a crash number.Photos were taken and are available upon request."
903472500,BLOOMINGTON PD,B1945464,MONROE,BLOOMINGTON,BLOOMINGTON,10/28/2019,2:07 AM,1,0,0,0,1,,INTERSTATE 69,FWY,,,,N INTERSTATE 69,,,120.5,,Y,,100,S,0,0,LOCAL/CITY ROAD,,N,N,RURAL,N,N,N,,DARK (NOT LIGHTED),CLEAR,DRY,,NO JUNCTION INVOLVED,STRAIGHT/LEVEL,ASPHALT,ANIMAL/OBJECT IN ROADWAY,$2501 TO $5000,COLLISION WITH DEER,207,212,Y,N,NINTERSTATE69FWY120.5,0,NONE,D1 stated he as traveling north on Intersate 69. He stated he observed a deer jump the concrete median. He state the deer traveled in the path of his vehicle. He stated he was unable to avoid striking the deer.
903473328,BLOOMINGTON PD,B1945576,MONROE,BLOOMINGTON,BLOOMINGTON,10/28/2019,8:03 PM,2,0,0,0,0,,E 8TH,ST,,,,E 8TH,N LINCOLN,,,,Y,,,,39.169552,-86.530992,LOCAL/CITY ROAD,,N,Y,URBAN,N,,N,,UNKNOWN,CLOUDY,DRY,,FOUR-WAY INTERSECTION,STRAIGHT/LEVEL,ASPHALT,IMPROPER LANE USAGE,$1001 TO $2500,SAME DIRECTION SIDESWIPE,803,821,Y,Y,E8THSTNLINCOLNST,0,STOP SIGN,Vehicle 2 (V2) was parked on E 8th Street in the area of N Lincoln Street. The vehicle appeared to be struck on the driver's side side view mirror area. I did not observe there to be any paint transfer or any type of evidence in order to identify Vehicle 1. V2 had been parked since 12:00pm on 10/26/19. The damaged was not observed until the evening of 10/28/19.
903473884,BLOOMINGTON PD,B1945569,MONROE,BLOOMINGTON,BLOOMINGTON,10/28/2019,7:19 PM,2,0,0,0,0,,E 7TH,ST,,,,E 7TH,N JEFFERSON,,,,Y,,,,39.168192,-86.507024,LOCAL/CITY ROAD,,N,N,URBAN,N,N,N,,DARK (NOT LIGHTED),CLEAR,DRY,,FOUR-WAY INTERSECTION,STRAIGHT/GRADE,ASPHALT,FAILURE TO YIELD RIGHT OF WAY,$5001 TO $10000,RIGHT ANGLE,719,735,Y,N,E7THSTNJEFFERSONST,0,STOP SIGN,"V1 WAS STOPPED EB ON 7TH AT JEFFERSON. V2 WAS STOPPED SB ON JEFFERSON AT 7TH. V1 PROCEEDED EB AND V2 PROCEEDED SB. THE FRONT DRIVER SIDE OF V1 AND FRONT PASS SIDE OF V2 COLLIDED IN THE INTERSECTION.D1 STATED SHE WAS EB ON 7TH AT JEFFERSON. D1 STATED THAT SHE STOPPED AT THE STOP SIGN BEFORE PROCEEDING EB INTO THE INTERSECTION WHERE THE FRONT DRIVER SIDE OF V1 COLLIDED WITH THE FRONT PASS SIDE OF V2. D1 STATED THAT SHE DID NOT SEE V2 ENTER THE INTERSECTION.D2 STATED SHE WAS SB ON JEFFERSON AT 7TH. D2 STATED THAT SHE STOPPED AT THE STOP SIGN BEFORE D1. D2 STATED THAT, AFTER D1 STOPPED, SHE PROCEEDED SB THROUGH THE INTERSECTION. D2 STATED THAT, WHILE IN THE INTERSECTION, THE FRONT PASS SIDE OF V2 COLLIDED WITH THE FRONT DRIVER SIDE OF V1."
903473362,BLOOMINGTON PD,B1945587,MONROE,PERRY,BLOOMINGTON,10/28/2019,10:04 PM,1,0,0,0,0,,ROGERS,ST,,,,S ROGERS,CHEROKEE,,,,Y,,,,39.146992,-86.5388,LOCAL/CITY ROAD,,N,N,URBAN,N,N,N,,DARK (NOT LIGHTED),CLEAR,DRY,,T-INTERSECTION,STRAIGHT/GRADE,ASPHALT,OTHER LIGHTS DEFECTIVE,UNDER $1001,REAR END,1005,1010,Y,Y,CHEROKEEDRSROGERSST,1,NONE,"D1 (cyclist) was bicycling south on S Rogers Street in the South lane when D1 was struck in the rear by a motor vehicle also traveling south on S Rogers Street. D1 was knocked to the ground but was alert, conscious, and standing when I arrived on scene. There was substantial damage to the rear of the bicycle. D1 advised they had a complaint of pain to the lower left leg. D1 was not taken to the hospital and did not require treatment. D2 stated they were driving South on S Rogers Street when they rear ended a bicycle traveling South on S Rogers Street. D2 advised they did not see any lights or reflectors on the back of the bicycle. D2 stopped immediately to assist D1. D2 was not injured. I did not observe any lights on the rear of the bicycle which it should have had to operate at night."
903472911,BLOOMINGTON PD,B1945495,MONROE,PERRY,BLOOMINGTON,10/28/2019,12:35 PM,2,0,0,0,0,,W 2ND,ST,,,,W 2ND,S WALNUT,,,,Y,,,,39.16144,-86.5336,LOCAL/CITY ROAD,Y,N,N,URBAN,N,N,N,,DAYLIGHT,CLOUDY,DRY,,FOUR-WAY INTERSECTION,STRAIGHT/LEVEL,ASPHALT,LEFT OF CENTER,UNDER $1001,LEFT TURN,1236,1251,Y,N,SWALNUTSTW2NDST,0,TRAFFIC CONTROL SIGNAL,"V1 was in the left lane on S. Walnut street and was going to turn left onto W. 2nd street. V2 was on W. 2nd street and was in the left turn lane stopped at the traffic light. V1 was turning left and went left of center and struck V2 in the driver side front bumper with the driver side rear area of V1. There didn't appear to be any damage to V1.D1 stated that he was turning left and as he was turning he didn't check his mirror and struck V2. He stated it was his fault and that V2 was stopped in his lane.D2 stated that he was stopped and waiting for the traffic light to turn green. He stated that as V1 was turning, he could tell he might get hit. He stated that he tried to back up to give V1 more room but there was a car behind him preventing him from backing up much. He stated he had stopped when V1 hit him."
903473254,BLOOMINGTON PD,B1945531,MONROE,PERRY,BLOOMINGTON,10/28/2019,3:55 PM,3,0,0,0,0,,COLLEGE,MALL,,,,SOUTH COLLEGE,BUICK CADILLAC,,,,Y,,,,39.15811,-86.49789,LOCAL/CITY ROAD,Y,N,N,URBAN,N,N,N,,DAYLIGHT,CLOUDY,DRY,,FOUR-WAY INTERSECTION,STRAIGHT/LEVEL,ASPHALT,FOLLOWING TOO CLOSELY,$5001 TO $10000,REAR END,355,405,Y,N,EASTBUICKCADILLACBLVDSOUTHCOLLEGEMALL,0,TRAFFIC CONTROL SIGNAL,"D1 EXPLAINED THAT SHE WAS IN THE LEFT LANE TRAVELING SOUTH ON SOUTH COLLEGE MALL ROAD WHEN THE LIGHT AT THE INTERSECTION OF SOUTH COLLEGE MALL AND EAST BUICK CADILLAC BOULEVARD TURNED RED.D1 EXPLAINED THAT THE FRONT OF V1 DID MAKE CONTACT WITH THE REAR OF V2, WHICH WAS SLOWED OR STOPPED IN THE LEFT LANE OF SOUTH BOUND COLLEGE MALL.THE FRONT OF V2 DID THEN MAKE CONTACT WITH THE REAR OF V3, WHICH WAS STOPPED AT THE RED LIGHT AT THE INTERSECTION OF SOUTH COLLEGE MALL AND EAST BUICK CADILLAC BOULEVARD.D2 DID EXPLAIN THAT HE WAS IN THE LEFT LANE TRAVELING SOUTH ON SOUTH COLLEGE MALL APPROACHING THE INTERSECTION OF EAST BUICK CADILLAC BOULEVARD.D2 DID BEGIN TO SLOW DOWN IN TRAFFIC AT THE LIGHT WHEN THE REAR OF V2 WAS STRUCK BY THE FRONT OF V1, RESULTING IN THE FRONT OF V2 THEN MAKING CONTACT WITH THE REAR OF V3.D3 EXPLAINED THAT HE DID STOP AT THE RED LIGHT AT THE INTERSECTION WHEN THE FRONT OF V2 DID MAKE CONTACT WITH THE REAR OF V3."
903474316,MONROE SD,M19A35783,MONROE,SALT CREEK,BLOOMINGTON,10/28/2019,2:16 PM,1,0,0,0,0,,,,SR446S,,,SR446S,OLD RICHARDSON,,,,N,,,,39.1122,-86.43134,STATE ROAD,,N,N,RURAL,N,N,N,,DAYLIGHT,CLEAR,DRY,,INTERCHANGE,CURVE/GRADE,ASPHALT,UNSAFE SPEED,$2501 TO $5000,RAN OFF ROAD,218,233,Y,Y,OLDRICHARDSONRDSR446S,0,LANE CONTROL,"V1 was traveling South on South State Road 446 near Old Richarson Road. V1 while turning in a curve lost control of the vehicle and ran off the road into a ditch. V1 rolled and was inverted. D1 stated he wasn't sure what happened, he thought the road might have been wet. The road was not wet at the time of the crash. D1 was treated at the scene but did not want to be transported to the hospital."
903472501,MONROE SD,M19A35718,MONROE,WASHINGTON,BLOOMINGTON,10/28/2019,1:02 AM,1,0,0,0,0,,SIMPSON CHAPEL,RD,,,,WEST SIMPSON CHAPEL,BURMA,,,,N,PRIVATE,,,39.273255,-86.53008,LOCAL/CITY ROAD,,N,N,RURAL,N,N,N,,DARK (NOT LIGHTED),CLEAR,DRY,,T-INTERSECTION,CURVE/LEVEL,ASPHALT,RAN OFF ROAD RIGHT,$10001 TO $25000,RAN OFF ROAD,108,116,Y,Y,NORTHBURMARDWESTSIMPSONCHAPELRD,0,NONE,"ON 10/28/2019 UNIT 1 DRIVEN BY JAMES DIXON WAS TRAVELING SOUTH ON NORTH BURMA ROAD NEAR THE INTERSECTION OF WEST SIMPSON CHAPEL RD. UNIT 1 RAN OFF THE ROADWAY, THROUGH A DITCH STRICKING AND HANDICAP RAMP AND RAILING BEFORE SKIDDING OFF A LOCAL BUISNESS BY THE NAME OF SCHOLARS INN BAKEHOUSE. UNIT SUFFERED SEVERE FRONT END AND REAR END DAMDGE TO THE VEHICLES FRONT AND REAR BUMPER AS WELL AS THE HOOD COMPARTMENT. UNIT 1 HAD A PASSENGER LOCATED IN THE FRONT RIGHT SEAT. THE PASSENGER INVOLVED LATER IDENTIFIED AS ABDEL-HALIM KAMILLIAH COMPLAINED OF SEVERE LOWER BACK PAIN AND WAS TRANSPORTED TO THE IU HEALTH BLOOMINGTON HOSPITAL FOR MEDICAL TREATMENT AND EVALUATION. TEH BUILDING UNIT 1 STRUCK SUFFERED DAMAGE TO THE HANDICAP ENTRANCE AND RAILING AS WELL AS DAMAGE TO THE OUTER SIDING AND FOUNDATION. MR. DIXON SHOWED SIGNS OF IMAPARMENT AT THE SCENE OF THE ACCIDENT AND WAS DETAINED FOR AN OPERATING WHILE INTOXICATED INVESTIGATION. SHOULD ALSO BE NOTED THE PASSENGER SUFFERED INJURIES CLASSIFIED AS SERIOUS BODILY INJURY AND IS AT A STATUS OF POTENTIONALLY PARAPALEGIC. DRIVER WAS ARRESTED ON OWI SERIOUS BODILY INJURY A LEVEL 5 FELONY."
903474085,INDIANA UNIV BLOOMINGTON PD,192535,MONROE,BLOOMINGTON,BLOOMINGTON,10/29/2019,8:00 PM,2,0,0,0,0,815,JORDAN,AVE,,,,JORDAN,,,,,Y,,,,39.17434,-86.51554,UNKNOWN,,N,N,URBAN,N,N,N,,DARK (NOT LIGHTED),CLEAR,DRY,,NO JUNCTION INVOLVED,STRAIGHT/LEVEL,ASPHALT,IMPROPER TURNING,$1001 TO $2500,RIGHT TURN,1135,1140,Y,N,JORDANAVE,0,NONE,"V1 was facing south in the Sigma Phi Epsilon parking lot attempting to leave parking space #19. V2 was facing south in the parking lot unoccupied in parking space #20. V1 attempted to turn west into the parking lot and did not leave enough space for the vehicle on its right. The rear of V1 then struck the front of V2. V1 had slight damage to the rear passenger side of the vehicle. V2 had moderate damage to the front driver side bumper. D1 stated that he was attempting to leave the parking space and the cars were all parked close together. D1 stated that he was scared he was going to hit the vehicle parking directly in front of him, so he turned to quickly and the rear of V1 hit the front of V2. V2 was parked and unoccupied. There were no injuries at the scene and no vehicles had to be towed."
903473941,INDIANA UNIV BLOOMINGTON PD,192530,MONROE,BLOOMINGTON,BLOOMINGTON,10/29/2019,4:42 PM,2,0,1,0,0,,,,SR46,,,SR46,17TH,,,,Y,,,,39.17984,-86.507088,STATE ROAD,Y,N,N,URBAN,N,N,N,,DAYLIGHT,CLEAR,DRY,,T-INTERSECTION,CURVE/LEVEL,ASPHALT,DRIVER DISTRACTED - EXPLAIN IN NARRATIVE,$2501 TO $5000,REAR END,444,444,Y,N,EAST17THSTSR46,0,TRAFFIC CONTROL SIGNAL,V2 was southbound on State Road 45/46 approaching the 17th Street intersection at a slow pace. V1 was directly behind V2.D1 stated she was stopped facing south behind V2 on State Road 45/46 at the 17th Street intersection. She was driving V1. She stated that traffic began to move forward and she was looking to the east at a separate vehicle crash that had already taken place. D1 stated that she did not notice that V2 had stopped and she collided into the rear of V2.D2 stated she was driving V2 southbound on State Road 45/46 approaching 17th Street at slow pace. She stated that vehicles were slowing due to a crash in the northbound lanes. D2 stated that she stopped in traffic and V1 collided into the rear of her vehicle.There was heavy front end damage to the front driver side of V1. There was damage to the rear passenger side bumper and taillight area of V2. D1 is pregnant and complained of pain in her lower back and was transported to the IU Health Bloomington Hospital. There are no known complications with the pregnancy at this time.V1 was towed by Hawkins Towing due to heavy front end damage.
903474439,ISP BLOOMINGTON 33,2.019E+11,MONROE,PERRY,BLOOMINGTON,10/29/2019,23:17 M,2,,0,0,0,544,S MORTON ST,,,,,,,,,,Y,,317,S,39.16194397,-86.53666608,UNKNOWN,,,,URBAN,N,N,N,,DARK (NOT LIGHTED),CLEAR,DRY,,NO JUNCTION INVOLVED,,ASPHALT,OTHER (DRIVER) - EXPLAIN IN NARRATIVE,$1001 TO $2500,BACKING CRASH,2317,2324,Y,Y,,0,,"On Tuesday, October 29, 2019 at 23:17, I, Richard Klun, responded to a crash in a private parking lot to the northwest of the intersection of W 2nd St and S Morton Ave, Bloomington, Monroe County. At the time of the crash, the weather was clear and the road surface was dry. Vehicle 1, white, Dodge Charger, Indiana State Police Commission # 2990, mileage 129,485, was being operated by Trooper Samuel Wagner. Trooper Wagner's emergency lighting was activated at the time of the crash. V1 was attempting to conduct a traffic stop on V2 and V2 was failing to stop.Vehicle 2, white, Jeep Grand Cherokee was fleeing from Law Enforcement and pulled into a parking lot. As the driver quickly exited the vehicle, V2 was placed in reverse instead of park, in which it then rolled backwards and struck V1 which was stationary at the time of the impact.Driver 1: Trooper Samuel Wagner stated that he was attempting to conduct a traffic stop on V2 when it attempted to flee and ultimately pulled into a parking lot. D2 then exited the vehicle and ran on foot while the V2 rolled backwards into his patrol car. D1 stayed with the vehicle as there were three other passengers in the vehicle. Driver 2: Christopher Brooks, who was later apprehended by Bloomington Police Canine, refused to speak with Law Enforcement.It is the opinion of the investigating officer that the primary cause of this crash is failure to yield and that Driver 2 is at fault. Driver 2 has been arrested and incarcerated."
903473963,BLOOMINGTON PD,B1945661,MONROE,PERRY,BLOOMINGTON,10/29/2019,9:00 AM,2,0,0,0,0,115,,,SR46S,,,SR46S,,,,,Y,,,,39.164232,-86.497552,STATE ROAD,,N,Y,URBAN,N,N,N,,DAYLIGHT,CLEAR,DRY,,NO JUNCTION INVOLVED,STRAIGHT/GRADE,ASPHALT,DRIVER DISTRACTED - EXPLAIN IN NARRATIVE,$1001 TO $2500,SAME DIRECTION SIDESWIPE,230,239,Y,Y,SR46S,0,NONE,COMPLAINANT STATED THAT V2 HAD BEEN PARKED IN THE PARKING LOT FOR APPROXIMATELY THREE DAYS BEFORE ANY DAMAGE WAS NOTICED. THE DATES AND TIMES IN THIS REPORT ARE APPROXIMATIONS. V2 SUSTAINED DAMAGE ON THE FRONT DRIVERS SIDE AND AROUND TO THE FRONT END OF THE VEHICLE AT SOME POINT DURING THIS TIME PERIOD. IT APPEARS THERE IS BLACK PAINT TRANSFER ALONG THE FRONT DRIVERS SIDE OF V2. THERE IS NO FURTHER INFORMATION AVAILBLE AT THE TIME OF WRITING THIS REPORT.
903474292,MONROE SD,M19A35848,MONROE,RICHLAND,BLOOMINGTON,10/29/2019,7:25 AM,2,0,0,0,1,,W ARLINGTON,RD,,,,W ARLINGTON,N SUGAR,,,,N,,,,39.208048,-86.576496,LOCAL/CITY ROAD,,N,N,RURAL,N,N,N,,DAWN/DUSK,CLEAR,DRY,,NO JUNCTION INVOLVED,STRAIGHT/LEVEL,ASPHALT,ANIMAL/OBJECT IN ROADWAY,$5001 TO $10000,COLLISION WITH DEER,732,741,Y,N,NSUGARLNWARLINGTONRD,0,LANE CONTROL,"D1 advised she was traveling East on W. Arlington Rd. D1 stated a deer entered her lane of travel from the south side of the roadway, at which point D1 struck the deer with her vehicle. D1 contacted her insurance company who arranged for the vehicle to be towed. Kens West Side towing retrieved the vehicle and towed it to Bloomington Ford. D2 stated she was traveling West on W. Arlington Rd and struck the same deer that D1 had struck. It is my understanding that V1 hit the deer and it then continued North into the Westbound lane of travel where D2 struck the deer with her vehicle."
903473492,BLOOMINGTON PD,B1945629,MONROE,BLOOMINGTON,BLOOMINGTON,10/29/2019,9:08 AM,2,0,0,0,0,,3RD,ST,,,,3RD,GRANT,,,,Y,,200,E,39.16464,-86.52902237,LOCAL/CITY ROAD,,N,N,URBAN,N,N,N,,DAYLIGHT,CLOUDY,DRY,,NO JUNCTION INVOLVED,STRAIGHT/GRADE,ASPHALT,FAILURE TO YIELD RIGHT OF WAY,$5001 TO $10000,RIGHT ANGLE,908,912,Y,N,3RDSTGRANTST,0,NONE,"D1 STATED HE WAS STOPPED NORTH BOUND IN A NORTH SOUTH ALLY THAT INTERSECTS WITH 3RD ST. D1 STATED THAT A MOTORIST HAD STOPPED WEST OF THE INTERSECTION TO ALLOW HIM TO ENTER THE ROADWAY. D1 SAID AS HE ENTERED 3RD STREET TO MAKE HIS LEFT TURN, HE WAS STRUCK BY V2. D2 STATED SHE WAS TRAVELING EAST ON 3RD STREET IN THE NORTHERN MOST LANE. D2 SAID THAT V1 HAD APPEARED TO HER RIGHT AND PULLED OUT IN FRONT OF HER. D2 SAID SHE COULD NOT AVOID COLLISION."
903473373,BLOOMINGTON PD,B1945601,MONROE,VAN BUREN,BLOOMINGTON,10/29/2019,12:46 AM,1,0,0,0,0,1730,S WALNUT,ST,,,,S WALNUT,,,,,Y,PRIVATE,,,39.140288,-86.581984,LOCAL/CITY ROAD,,N,Y,URBAN,N,N,N,,DARK (LIGHTED),CLEAR,DRY,,NO JUNCTION INVOLVED,STRAIGHT/LEVEL,CONCRETE,UNSAFE SPEED,$5001 TO $10000,OTHER - EXPLAIN IN NARRATIVE,1246,110,N,Y,SWALNUTST,0,NONE,"V1 was parked facing N on the S side of 1730 S Walnut St. V1 accelerated and struck the guard rail outside the building, causing the guard rail to strike the building. V1 then fled the scene and caused another accident. See accident #B1945600 for additional."
903474023,ELLETTSVILLE PD,E1905986,MONROE,RICHLAND,ELLETTSVILLE,10/29/2019,3:34 PM,1,0,0,0,1,,,,SR46W,,,SR46W,DEER PARK,,,,N,,,,39.212048,-86.5872,STATE ROAD,,N,N,URBAN,N,N,N,,DAYLIGHT,CLEAR,DRY,,T-INTERSECTION,STRAIGHT/LEVEL,ASPHALT,ANIMAL/OBJECT IN ROADWAY,$2501 TO $5000,COLLISION WITH DEER,344,348,Y,N,DEERPARKDRSR46W,0,NONE,D1 STATED DEER COME RUNNING OUT FROM SIDE OF ROAD QUICKLY AND HE STRUCK IT WITH FRONT PASSENGERSIDE. IT APPEARED DEER WAS STRUCK PASSENGERSIDE FRONT FENDER AND WAS SPUN INTO PASSENGERSIDE FENDER AND FRONT DOOR ALSO BRAKING PASSENGER WINDOW.
903474318,MONROE SD,M19A35889,MONROE,BLOOMINGTON,BLOOMINGTON,10/29/2019,12:03 PM,1,0,3,0,0,,,,SR46W,,,SR46W,CURRY,,,,Y,,750,E,39.19369,-86.57145492,STATE ROAD,,N,N,RURAL,N,Y,Y,X-OVER/LANE SHIFT,DAYLIGHT,CLEAR,DRY,,NO JUNCTION INVOLVED,CURVE/GRADE,ASPHALT,RAN OFF ROAD RIGHT,$5001 TO $10000,RAN OFF ROAD,1209,1213,Y,Y,NCURRYPIKESR46W,0,NONE,"V1 was traveling west on State Road 46 West near West Curry Pike. V1 ran off the road hitting a small ditch, causing the vehicle to roll. V1 rolled and came to rest on its tires. D1 stated she was going down the road and looked away for a moment, when she looked back at the road there was a truck slowed in front of him. D1 stated she turned to miss the truck and ran off the road.The two passengers in the vehicle were transported to Bloomington Hospital for minor injuries."
903473978,MONROE SD,M19A35929,MONROE,BEAN BLOSSOM,STINESVILLE,10/29/2019,3:02 PM,1,0,0,0,0,,W WALKER,LN,,,,W WALKER,N RED HILL,,,,N,,,,39.295952,-86.639808,LOCAL/CITY ROAD,,N,N,RURAL,N,N,N,,DAYLIGHT,CLOUDY,DRY,,T-INTERSECTION,STRAIGHT/GRADE,ASPHALT,UNSAFE SPEED,$5001 TO $10000,RAN OFF ROAD,304,330,Y,N,NREDHILLRDWWALKERLN,0,STOP SIGN,"D1 STATED HE WAS AT THE STOP SIGN ON N RED HILL RD TO TURN WESTBOUND ON W WALEKR LN. WHEN HE STARTED TO MAKE HIS TURN, HE ""PRESSED THE GAS TOO HARD"" AND STARTED TO SPIN OUT. V1 THEN LEFT THE SOUTH SIDE OF THE ROADWAY ON WALKER LN WHERE D1 STATED HE OVERCORRECTED TO BRING THE VEHICLE BACK ONTO THE ROADWAY. THAT OVER-CORRECTION CAUSED HIM TO THEN RUN OFF THE NORTH SIDE OF THE ROADWAY WHERE HE STRUCK AN EMBANKMENT AND FLIPPED THE VEHICLE ONTO ITS SIDE."
903473372,BLOOMINGTON PD,B1945600,MONROE,PERRY,BLOOMINGTON,10/29/2019,12:44 AM,1,0,0,0,0,105,E WINSLOW,RD,,,,E WINSLOW,,,,,Y,PRIVATE,,,39.13608,-86.529792,LOCAL/CITY ROAD,,N,Y,RURAL,N,N,N,,DARK (LIGHTED),CLEAR,DRY,,INTERCHANGE,STRAIGHT/LEVEL,ASPHALT,OVERCORRECTING/OVERSTEERING,$10001 TO $25000,OTHER - EXPLAIN IN NARRATIVE,1244,1250,N,Y,EWINSLOWRD,0,NONE,"V1 was just involved in an accident at 1730 S Walnut St. (B1945601) and fled S/B on S Walnut St. V1 began swerving between lanes and eventually ran off the road on the left side of the street, losing cargo from the bed of the vehicle. V1 ran down a grass hill into the parking lot of 105 E Winslow Rd; IU Credit Union. V1 ran over a curb and some shrubbery, before turning West to go through the ATM drive through at the bank. V1 struck a large metal box, tearing it from its concrete anchor, and dragged it across the parking lot. V1 then left the parking lot and fled S/B on S Walnut St."
903473954,BLOOMINGTON PD,B1945678,MONROE,BLOOMINGTON,BLOOMINGTON,10/29/2019,3:34 PM,2,0,0,0,0,500,MULLER,PKWY,,,,S MULLER,,,,,Y,,,,39.16283167,-86.56673833,LOCAL/CITY ROAD,,N,N,URBAN,N,N,N,,DAYLIGHT,CLOUDY,DRY,,NO JUNCTION INVOLVED,STRAIGHT/LEVEL,ASPHALT,IMPROPER TURNING,$1001 TO $2500,RIGHT TURN,334,345,Y,N,SMULLERPKWY,0,STOP SIGN,"Driver 1 (D1) advised that she was taking a right hand turn at the t-intersection in order to head northbound on S Muller parkway toward the exit of the apartment complex.D1 advised that she had previously been stopped at the stop sign and was facing westbound. D1 advised that as she made the turn the Vehicle 2 (V2) was attempting to make a left hand turn around her. D1 advised that she could see that both vehicles were close to each other, so she brought V1 to a complete stop. D1 advised that after she did so V2 kept attempting to turn and made contact with the rear driver's side of the bus. Driver 2 (D2) advised that he was heading southbound on S Muller Parkway and was attempting to make a left handed turn at the t-intersection. D2 reported that the bus had been stopped at the stop sign and began making the turn at about the same time that he did. D2 advised that as V1 was making the turn that had had to stop because he could see that the vehicles were going to make contact. D2 stated that he stopped, but advised that the bus kept moving forward and made contact with the rear driver's side of his vehicle. Witness (W1) was on the bus at the time of the accident. W1 advised that as the bus was pulliing out that V2 quickly attempted to make the turn around the bus. W1 stated that D1 stopped the bus because the vehicles were so close together. W1 reported that V2 continued going forward and struck the rear end of the bus. It should be noted that Chandler's towing was called on scene due to both vehicles still making contact with one another. Chandler's winched the rear end of V2 so that the vehicles were no longer making contact. D2 paid for Chandler's services. Both vehicles drove away from the scene."
903489519,INDIANA UNIV BLOOMINGTON PD,192761,MONROE,BLOOMINGTON,BLOOMINGTON,10/29/2019,4:00 PM,2,0,0,0,0,,JORDAN,AVE,,,,JORDAN,E LAW,,,,Y,,,,39.17343,-86.51545,LOCAL/CITY ROAD,,N,Y,URBAN,N,N,N,,UNKNOWN,CLOUDY,DRY,,NO JUNCTION INVOLVED,STRAIGHT/LEVEL,ASPHALT,UNSAFE BACKING,$2501 TO $5000,BACKING CRASH,1012,1013,Y,Y,ELAWLNJORDANAVE,0,NONE,"See Narrative:Other Location of Investigation: The crash occurred on 10/29/2019 and D2 was not present at the time of the crash. I investigated the crash at IUPD station on 11/18/2019. V1 was facing southbound on the west curb of Jordan Avenue just south of Law Lane. V2 was parked on Jordan Avenue just south of Law Lane on the west curb facing southbound. D1 stated that she had parked her vehicle on 10/29/2019 at approximately 1500 hours on Jordan Avenue near the west curb just south of Law Lane. D1 stated she returned to her vehicle at approximately 1555 hours. D1 stated she began to reverse to attempt to continue traveling southbound on Jordan Avenue, when she suddenly struck V2. D1 stated she waited for approximately 20 minutes and did not see D2 return to her vehicle, so she left her information on V2. D2 stated that she parked her vehicle on 10/29/2019 at approximately 1545 hours facing southbound on Jordan Avenue. D2 stated she returned to her vehicle around 1745 hours and noticed that there was damage to her front bumper and that D1 had left her personal information on V2. D2 stated she had no idea what had happened because she was not in the vehicle at the time of the crash. I did not observe any damage to V1. Upon speaking with D1 I determined that there was no malicious intent to leave the scene of the accident. I did not charge D1 with Leaving the Scene of an Accident and no enforcement actions were taken."