Master Record Number,Agency,Local Code,County,Township,City,Collision Date,Collision Time,Vehicles Involved,Trailers Involved,Number Injured,Number Dead,Number Deer,House Number,Roadway Name,Roadway Suffix,Roadway Number,Roadway Interchange,Roadway Ramp,Roadway Id,Intersecting Road,Intersecting Road Number,Mile Marker,Interchange,Corporate Limits?,Property Type,Feet From,Direction,Latitude,Longitude,Roadway Class,Traffic Control Devices?,Aggressive Driving?,Hit and Run?,Locality,School Zone?,Rumble Strips?,Construction?,Construction Type,Light Condition,Weather Conditions,Surface Condition,Type of Median,Roadway Junction Type,Road Character,Roadway Surface,Primary Factor,Damage Estimate,Manner of Collision,Time Notified,Time Arrived,Investigation Complete?,Photos Taken?,Unique Location Id,State Property Damage?,Traffic Control,NARRATIVE
903474036,BLOOMINGTON PD,B1945727,MONROE,BLOOMINGTON,BLOOMINGTON,10/29/2019,8:35 PM,2,0,0,0,0,,N LINCOLN,ST,,,,N LINCOLN,E 7TH,,,,Y,,50,W,39.16864,-86.530992,LOCAL/CITY ROAD,,N,N,URBAN,N,Y,N,,DARK (LIGHTED),CLEAR,DRY,,NO JUNCTION INVOLVED,STRAIGHT/LEVEL,ASPHALT,IMPROPER TURNING,$1001 TO $2500,LEFT TURN,840,842,Y,N,E7THSTNLINCOLNST,0,NONE,"D1 stated that she was driving north on N Lincoln Street, and turned west on E 7th Street. D1 stated that as she made the turn, she did not see V2 parked on the side of the road and ran into the back of the V2. The front passenger side bumper of V1 collided with the rear driver's side bumper of V2. D1 stated that she was very tired from arriving back in the country at 2am this morning, and being in classes all day.V2 was unoccupied at the time of the accident."
903473944,INDIANA UNIV BLOOMINGTON PD,192531,MONROE,BLOOMINGTON,BLOOMINGTON,10/29/2019,4:37 PM,1,0,0,0,0,,,,SR46,,,SR46,17TH,,,,N,,,,39.17984,-86.507088,STATE ROAD,,N,N,URBAN,N,N,N,,DAYLIGHT,CLEAR,DRY,,NO JUNCTION INVOLVED,CURVE/LEVEL,ASPHALT,DRIVER ILLNESS,$2501 TO $5000,RAN OFF ROAD,438,438,Y,N,EAST17THSTSR46,0,LANE CONTROL,"At approximately 1637 hours on 10/29/2019 V1 was southbound on the Bypass, approaching the intersection of 17th Street and the Bypass. Approximately 100m north of the intersection, the vehicle turned east, crossed the hard median, and ran off the road east of the northbound lanes. The vehicle ran over and knocked down a small vehicle, coming to a rest with the tree beneath the rear of the vehicle. Officer Botts and Officer Skaggs were in the area and immediately began to assist D1.Officer Botts advised that D1 was hanging forward in his seatbelt when they made contact. The vehicle was not overturned.D1 initially did not act lucid. He was extremely unable to follow any line of questioning, heavily slurred his speech, and had severe difficulty with motor functions. D1 was placed in a C-collar and moved to an ambulance where he was later determined to be competent enough to sign a release form. D1 complied and performed SFSTs, provided a PBT sample of .000, and ARIDE testing. D1 was determined not to be under the influence of drugs or alcohol. Over the course of approximately 30 minutes D1 very rapidly regained his composure, but continued to have difficult properly tracking a conversation throughout our encounter. D1 stated that he had been diagnosed with a panic disorder and claimed that a panic attack was the reason for his crash. D1 stated he took medication that would not impair his ability to drive. His mother later confirmed this but did not provide the name of the medication. V1 was towed by Chandlers. W1 and W2 both stated that approximately 100m north of the intersection V1 made a hard east turn, crossed the median and ran off the road. There were clear tread marks that match their account."
903476803,ISP BLOOMINGTON 33,2.019E+11,MONROE,BLOOMINGTON,BLOOMINGTON,10/29/2019,08:50 M,2,,0,0,0,,I-69,,SR37,100,A,,,,,,Y,,0,S,39.164566,-86.573008,UNKNOWN,,,,URBAN,N,N,N,,DAYLIGHT,CLOUDY,DRY,,RAMP,,ASPHALT,FOLLOWING TOO CLOSELY,$1001 TO $2500,REAR END,856,856,Y,N,,0,,"Primary Cause-Driver Factor-Following Too Closely: D1 should have maintained adequate distance from V2 to avoid colliding into the rear of V2.I69 is an interstate that runs in a northern and southern direction through Monroe County. SR48 is a highway that runs in a eastern and western direction. The crash occurred on interchange, Ramp (A), northbound from I69 at SR48. The roadway was dry and it was cloudy at the time of the crash.V2 (2014 gray Mazda6) was stopped northbound on the ramp at the Yield sign preparing to exit eastbound onto SR48. V1 (2010 white Hyundai Santa Fe) was northbound directly behind V2. V1 started to exit eastbound onto SR48 when it struck the rear of V2. {Driver Statements}D1 (Charles Aikman) stated he was northbound on the exit ramp and preparing to turn eastbound onto SR48. D1 stated that he was behind V2 and thought V2 had exited on SR48. D1 stated he was looking for oncoming traffic and started to exit when he struck the rear end of V2. He was wearing his seat belt.D2 (Alexandria Allison) stated she was stopped on the exit ramp preparing to make a right turn (eastbound) onto SR48. D2 stated she was waiting for eastbound traffic on SR48 to clear when she was struck in the rear by V1. She was wearing her seat belt. {Conclusion}During the course of my investigation, I observed damage to the rear of V2's bumper area. I also observed front bumper damage to the front of V1. No injuries were reported as a result of this crash.The crash investigation showed that the primary cause of the collision was Following Too Closely on the part of D1. This was determined by driver statements and damage sustained to both V1 and V2."
903474317,MONROE SD,M19A35855,MONROE,PERRY,BLOOMINGTON,10/29/2019,8:31 AM,1,0,0,0,0,,HARRELL,RD,,,,HARRELL,SCHACHT,,,,N,,,,39.107072,-86.498544,COUNTY ROAD,,N,Y,RURAL,N,N,N,,DARK (NOT LIGHTED),CLEAR,DRY,,NO JUNCTION INVOLVED,STRAIGHT/LEVEL,ASPHALT,IMPROPER LANE USAGE,$1001 TO $2500,OTHER - EXPLAIN IN NARRATIVE,839,848,Y,N,HARRELLRDSCHACHTRD,0,NONE,V1 was traveling North on South Harrell Road near the intersection of East Schacht Road. D1 stated she while driving a large truck crossed the center line hitting her mirror. D1 stated that the truck did not stop after the crash. D1 stated she wasn't sure of any other info on the truck.
903475563,MONROE SD,M19A36081,MONROE,BLOOMINGTON,BLOOMINGTON,10/30/2019,6:45 PM,2,0,0,0,0,281,COUNTRY CLUB,DR,,,,W COUNTRY CLUB,,,,,Y,,,,0,0,UNKNOWN,,N,N,URBAN,N,N,N,,DARK (NOT LIGHTED),RAIN,WET,,NO JUNCTION INVOLVED,STRAIGHT/LEVEL,ASPHALT,OVERCORRECTING/OVERSTEERING,$1001 TO $2500,BACKING CRASH,649,654,Y,N,WCOUNTRYCLUBDR,0,NONE,"V1 was in the north east most parking spot facing east. V2 was exiting the parking lot, facing north at the entrance. V1 was backing out of the parking spot. While backing V1 turned the wheel too sharply. The left front of V1 struck the right rear of V2. D1 stated she had the wheel turned too sharply while backing out. D1 did not see V2 waiting to exit. V1 had damage to the front left driver's side door. There was cosmetic damage and a dent. D2 could not provide any information as she did not see what happened because she was facing the opposite direction. V2 had slight cosmetic damage and minor denting on the right rear bumper. All parties denied medical attention."
903474670,INDIANA UNIV BLOOMINGTON PD,192546,MONROE,BLOOMINGTON,BLOOMINGTON,10/30/2019,5:15 PM,2,0,0,0,0,,,,SR46,,,SR46,UNIONVILLE,,,,Y,,,,0,0,STATE ROAD,Y,N,N,URBAN,N,N,N,,DAYLIGHT,RAIN,WET,,FOUR-WAY INTERSECTION,STRAIGHT/LEVEL,ASPHALT,SPEED TOO FAST FOR WEATHER CONDITIONS,UNDER $1001,REAR END,523,535,Y,N,SR46UNIONVILLERD,0,TRAFFIC CONTROL SIGNAL,V1 was on US 45/46 going south attempting to stop at the light at 10th St and US 45/46. V2 was stopped at the intersection of US 45/46 and 10th St facing south.D1 stated she was going south on US 45/46 and when she attempted to stop as she approached the intersection her wheels slid on the wet pavement and she collided with V2.D2 stated she was sitting at the intersection of US 45/46 and 10th St when D1 collided with her rear bumper.
903474319,MONROE SD,M19A35988,MONROE,VAN BUREN,BLOOMINGTON,10/30/2019,8:07 AM,2,0,0,0,0,,,,SR37N,,,SR37N,OLD STATE 37,,,,N,,,,0,0,STATE ROAD,Y,N,N,RURAL,N,Y,N,,DAYLIGHT,RAIN,WET,,FOUR-WAY INTERSECTION,STRAIGHT/LEVEL,ASPHALT,SPEED TOO FAST FOR WEATHER CONDITIONS,$2501 TO $5000,REAR END,812,830,Y,N,OLDSTATE37RDSR37N,0,TRAFFIC CONTROL SIGNAL,"V1 was traveling North on South State Road 37, near the intersection of Old 37. V1 hit V2 in the rear end while V2 was stopped at the stop light. D1 stated she was unable to get the vehicle stopped due to the roads being wet."
903475930,ISP BLOOMINGTON 33,2.019E+11,MONROE,BLOOMINGTON,BLOOMINGTON,10/30/2019,09:30 M,2,,0,0,0,,W 3RD ST,,SR37,100,C,,,,,,Y,,317,W,39.16484453,-86.57390581,INTERSTATE,,,,URBAN,N,N,N,,DAYLIGHT,RAIN,WET,,RAMP,,ASPHALT,SPEED TOO FAST FOR WEATHER CONDITIONS,$2501 TO $5000,REAR END,933,933,Y,N,,0,,"On Wednesday, October 30, 2019 at 09:30, Ryan Miller responded to a crash on I69 southbound at the 118 mile marker, ramp C. At the time of the crash, the weather was rain and the road surface was wet.V2, silver Dodge, was stopped in traffic in the right lane on the ramp. V1, black Chevrolet, was traveling south on the ramp approaching the rear of V2. V1 failed to stop behind V2. V1 struck the rear of V2 with the front of V1. Both V1 and V2 moved to the emergency shoulder after impact.D1, Groover, stated he was exiting I69 and approaching traffic on the ramp. D1 stated he observed the traffic signal had changed to green and did not realize traffic was stopped. D1 stated he applied his brakes and began to slide on the wet roadway. D1 stated he struck the rear of V2 with the front of V1. D2, McFarland, stated she was stopped in traffic in the right lane on the exit ramp. D2 stated V1 struck the rear of V2 while she was stopped. Evidence shows damage to the front of V1. Evidence shows damage to the rear of V2. Evidence shows it was raining and the roadway was wet during the accident investigation. ****Location of Collision**** Actual location is I69 - 118 - Ramp C. Map it feature within the report incorrectly identified collision location as SR37 - 100 - Ramp C."
903474254,BLOOMINGTON PD,B19457774,MONROE,BLOOMINGTON,BLOOMINGTON,10/30/2019,7:58 AM,2,0,0,0,0,,,,SR45E,,,SR45E,KINSER,,,,Y,,,,39.186544,-86.537888,STATE ROAD,Y,N,N,URBAN,N,N,Y,LANE CLOSURE,DAWN/DUSK,RAIN,WET,,FOUR-WAY INTERSECTION,STRAIGHT/GRADE,ASPHALT,SPEED TOO FAST FOR WEATHER CONDITIONS,$2501 TO $5000,REAR END,800,812,Y,N,KINSERPIKESR45E,0,TRAFFIC CONTROL SIGNAL,V1 WAS EASTBOUND ON SR 45/46 BYPASS APPROACHING KINSER PIKE.V2 WAS STOPPED ON SR 45/46 BYPASS AT KINSER PIKE AT A RED LIGHT.D1 SAID WHEN SHE TRIED TO STOP FOR TRAFFIC HER TIRES SLID ON THE WET PAVEMENT AND SHE REAR ENDED V2.D2 SAID AS HE SAT AT THE INTERSECTION V1 HIT HIM FROM BEHIND.
903474251,BLOOMINGTON PD,B1945778,MONROE,BLOOMINGTON,BLOOMINGTON,10/30/2019,8:18 AM,2,0,0,0,0,,N HILLSDALE,DR,,,,N HILLSDALE,E 7TH,,,,Y,,75,S,39.16776,-86.503616,LOCAL/CITY ROAD,,N,N,URBAN,N,N,N,,DAYLIGHT,RAIN,WET,,NO JUNCTION INVOLVED,STRAIGHT/LEVEL,ASPHALT,UNSAFE BACKING,$2501 TO $5000,BACKING CRASH,830,835,Y,Y,E7THSTNHILLSDALEDR,0,NONE,"DRIVER OF VEHICLE 1 STATED HE WAS S0UTH BOUND ON HILLSDALE, JUST SOUTH OF E 7TH ST. D1 STARTED TO BACK UP AND CHECKED HIS SIDE MIRRORS, BUT DID NOT SEE V2 PARKED ON THE WEST SIDE OF THE STREET. AS V1 BACKED UP IT COLLIDED WITH V2. V2 WAS PARKED."
903475454,MONROE SD,M19A36075,MONROE,PERRY,BLOOMINGTON,10/30/2019,5:54 PM,2,0,0,0,0,,S OLD STATE ROAD 37,RD,,,,S OLD STATE ROAD 37,W CHURCH,,,,N,,200,N,39.107248,-86.531392,LOCAL/CITY ROAD,,N,N,URBAN,N,N,N,,DAYLIGHT,RAIN,WET,,NO JUNCTION INVOLVED,CURVE/LEVEL,ASPHALT,FOLLOWING TOO CLOSELY,$2501 TO $5000,REAR END,558,611,Y,N,SOLDSTATEROAD37RDWCHURCHLN,0,NONE,D1 STATED HE WAS DRIVING SOUTH ON S. OLD STATE ROAD 37 JUST PASSED W. CHURCH LN. V2 SLOWED DOWN AS THERE WAS AN EMERGENCY VEHCILE APPROACHING. D1 APPLIED HIS BRAKES AND SLID INTO THE REAR OF V2. D2 STATED SHE WAS DRIVING SOUTH ON S. OLD STATE ROAD 37 JUST PASSED W. CHURCH LN. AN EMERGENCY VEHICLE WAS APPROACHING SO D1 STARTED TO SLOW AND GET OVER TO THE RIGHT. V2 WAS THEN REAR ENDED BY V1.
903474681,MONROE SD,M19A36078,MONROE,RICHLAND,BLOOMINGTON,10/30/2019,6:24 PM,2,0,0,0,0,,ARLINGTON,RD,,,,W ARLINGTON,,SR46,,,N,,,,39.209808,-86.582672,LOCAL/CITY ROAD,Y,N,N,RURAL,N,N,N,,DAYLIGHT,CLOUDY,WET,,FOUR-WAY INTERSECTION,STRAIGHT/LEVEL,ASPHALT,FOLLOWING TOO CLOSELY,$1001 TO $2500,REAR END,626,628,Y,N,WARLINGTONRDWSTATEROAD46RD,0,TRAFFIC CONTROL SIGNAL,DRIVER OF VEHICLE 1 STATED HE DID NOT REALIZE VEHICLE 2 HAD STOPPED TO TURN ON TO W 46 AND HE STRUCK VEHICLE 2 IN THE REAR BUMPER. DRIVER OF VEHICLE 2 STATED SHE WAS MAKING A RIGHT HAND TURN ON TO W 46 WHEN SHE WAS STRUCK IN THE REAR BUMPER BY VEHICLE 1. THERE WAS MINOR DAMAGETO THE BUMPER OF VEHICLE 2.
903476828,ISP BLOOMINGTON 33,2.019E+11,MONROE,CLEAR CREEK,BLOOMINGTON,10/30/2019,12:00 M,2,,1,0,0,,STATE RD 37,,,,,,,,,,N,,686,S,39.0482391,-86.5363844,STATE ROAD,,,,RURAL,N,Y,N,,DAYLIGHT,RAIN,WET,,NO JUNCTION INVOLVED,,ASPHALT,FOLLOWING TOO CLOSELY,$10001 TO $25000,REAR END,1210,1230,Y,N,,0,,"On Wednesday, October 30, 2019 at 12:00, Trp. Matthew Harris responded to a crash on State Rd 37 approximately 686 ft south of Zikes Rd. State Road 37 is a multi-lane two way road that runs primarily north and south. At the time of the crash it was raining and the road surface was wet. Traffic was light to moderate. Vehicle 1, a white Dodge Dakota, was traveling southbound on SR 37 in the right lane south of the Zikes Rd intersection. Vehicle 2, a gray Kenworth T680 (flat bed semi), was also traveling south on SR 37 south of Zikes Rd. V1 was traveling behind V2. V1 ran into the rear end of V2 at a high rate of speed. After the impact, V1 veered to the left across the left lane of traffic and into the grass median. V1 continued south in the grass median several feet before coming to a stop in the median. V2 continued south on SR 37 in the right lane for several feet before pulling over on the right shoulder. The Witness vehicle was traveling in the left lane behind the crash when it occurred. Driver 1, Ronnie Terrell, told me he was traveling south on SR 37 in the right lane. D1 said he saw V2 in front of him and tried to stop. D1 said he remembered his truck slamming into the back of V2 and his airbags deploying. D1 said he could not remember much after that. Driver 2, Roger Judd, told me was traveling southbound on SR 37 in the right lane south of the Zikes Rd. intersection. D2 told me that while he was driving the normal speed limit when he felt an abrupt jolt from behind. D2 said it was so hard it knocked things off the dash of his truck. D2 said he never saw V1 hit him, but he pulled over to the right side of the road. D2 stated he was flagged down by a witness who told him what happened. A witness to the crash, Stephanie Crow, was traveling southbound on SR 37 in the left lane behind V2. Crow said she watched as V1 slammed into the back of V2. Crow advised that it did not appear as if V1 ever attempted to stop or merge into another lane. Crow told me she watched V1 veer across her lane of traffic in front of her and into the grass median. Crow told me that when V1 went into the median it looked like it almost went into oncoming northbound SR 37 traffic but never did. Evidence shows heavy damage to the front end of V1. Evidence shows minimal damage and paint transfer on the rear of V2. Evidence shows tire tracks leading southbound into the median from the southbound lanes of SR 37. Evidence shows it was raining at the time and the road was wet."
903476652,ISP BLOOMINGTON 33,2.019E+11,MONROE,BLOOMINGTON,BLOOMINGTON,10/30/2019,15:05 M,1,,1,0,0,,I-69,,,,,,,,122.5,,N,,106,N,39.22137898,-86.54960579,INTERSTATE,,,,RURAL,N,N,N,,DAYLIGHT,RAIN,WET,,NO JUNCTION INVOLVED,,ASPHALT,UNSAFE LANE MOVEMENT,$5001 TO $10000,,1510,1513,N,N,,0,,"On Wednesday, October 30, 2019 at 15:05, Steven Jordan responded to a crash on I69 northbound near the 122.5 mile marker. At the time of the crash, the weather was rain and the road surface was wet. I 69 is an interstate highway that primarily runs north and south. This section of I-69 runs northeast and southwest and has 3 lanes in each direction separated by a metal guardrail. Vehicle 1, Chrysler, was travelling north in the far right lane when it swerved left into the center lane. The vehicle swerved back to the right and off the roadway. Vehicle 1 skidded off the right shoulder of the roadway, down an embankment and into a culvert coming to an uncontrolled stop. The vehicle came to final rest on top of the culvert.I asked Driver 1 about the circumstances leading up to the crash and how she lost control of her vehicle. Driver 1, Roberson, became agitated and advised me it did not matter what happened or how it happened because she was drunk. I advised her I try to be as accurate as I can in my reports so any information she could give would be helpful. Driver 1 stated that she had been drinking and was drunk, therefore it did not matter how she lost control of her vehicle.WItness 1 stated she was driving behind vehicle 1. She stated she observed the vehicle suddenly swerve left into the center lane. The driver of vehicle 1 over-corrected and lost control of her vehicle sliding off the roadway.I asked Driver 1 if she required medical attention and she stated twice that she did not. Trooper Julie Deel arrived to assist and conducted an investigation into Operating While Intoxicated. Due to Driver 1's level of intoxication an ambulance was called to check her out. Driver 1 was transported to Monroe County Hospital by IU Health ambulance number 1060."
903475383,INDIANA UNIV BLOOMINGTON PD,192556,MONROE,BLOOMINGTON,BLOOMINGTON,10/30/2019,4:28 PM,1,0,1,0,0,,WOODLAWN,AVE,,,,WOODLAWN,17TH,,,,Y,,,,39.178992,-86.523504,LOCAL/CITY ROAD,Y,N,Y,URBAN,N,N,N,,DAYLIGHT,RAIN,WET,,T-INTERSECTION,STRAIGHT/LEVEL,ASPHALT,FAILURE TO YIELD RIGHT OF WAY,UNDER $1001,RIGHT TURN,120,123,Y,Y,EAST17THSTWOODLAWNAVE,1,TRAFFIC CONTROL SIGNAL,"Explain in Narrative:Other Location of Investigation: The incident occurred at 17th Street and Woodlawn Avenue, but the pedestrian did not report the incident until 10/31/2019 at Cedar Hall. I investigated the incident at Cedar Hall.D1 was traveling northbound on Woodlawn Avenue attempting to turn right at the intersection of 17th Street and Woodlawn Avenue to begin traveling eastbound on 17th Street. Pedestrian 1 was walking on the south sidewalk of 17th Street near Cramer Marching Hundred Hall traveling west. Pedestrian 1 stated that she was walking westbound on the south sidewalk of 17th Street attempting to cross the intersection of 17th Street and Woodlawn Avenue. Pedestrian 1 stated she hit the button to activate the pedestrian crossing signal. Pedestrian 1 stated that the traffic traveling northbound on Woodlawn Avenue had a red light on the traffic signal. Pedestrian 1 stated she was given the signal to cross and began to clear the intersection, when V1 suddenly began to turn right onto 17th Street to begin traveling east and struck her. Pedestrian 1 stated she was then struck and fell on her face, getting whiplash and scraping her elbows and knees. Pedestrian 1 stated she then got up and walked back east to the crosswalk. Pedestrian 1 stated that the driver then pulled on to 17th street and yelled at her, then left the area eastbound on 17th Street. Pictures of Pedestrian 1's injuries were taken and are attached to the case. I was able to locate camera footage that shows the whole incident play out. The footage has been attached to the scene. I was unable to get any plate information from the camera footage. However, it is clear that the vehicle was a light green Volkswagen Beetle. The only other identifying information in regards to the suspect is that the suspect is a female."
903477235,ISP BLOOMINGTON 33,2.019E+11,MONROE,BLOOMINGTON,BLOOMINGTON,10/30/2019,16:55 M,2,,0,0,0,,S CLARIZZ BLVD,,,,,,,,,,Y,,0,S,39.164232,-86.490717,LOCAL/CITY ROAD,,,,URBAN,N,N,N,,DAYLIGHT,RAIN,WET,,FOUR-WAY INTERSECTION,,ASPHALT,OTHER (VEHICLE) - EXPLAIN IN NARRATIVE,UNDER $1001,SAME DIRECTION SIDESWIPE,1658,1708,Y,N,,0,,"On Wednesday, October 30, 2019 at 16:55, Ryan Miller responded to a crash on S Clarizz Blvd at intersection of SR46. At the time of the crash it was raining and the road surface was wet. The vehicles moved to Pleasant Ridge Road south of SR46 prior to my arrival. V1, yellow Thomas School Bus, was stopped in the northbound right turn lane on Clarizz Blvd at SR46 ( 3rd Street). V2, tan Dodge, was stopped in the northbound left turn lane on Clarizz Blvd at SR46 ( 3rd Street) next to V1. V1 made a right, east, turn onto SR46. The driver's side rear corner of V1 struck the passenger side view mirror of V2 as V1 was completing the right turn. Both vehicles moved to Pleasant Ridge Road after the impact. D1, Rinnert, stated she was stopped in the right turn lane on Clarizz Blvd waiting to make a right turn onto SR46. D1 stated she made the right turn and began traveling east on SR46 when she was flagged over by D2. D1 stated she was unaware she made contact with V2 while completing her turn. D2, Aubin, stated he was stopped in the left turn lane on Clarizz Blvd next to V1. D2 stated V1 made a right turn onto SR46. D2 stated the driver's side rear corner of V1 struck the passenger side view mirror of V2 as V1 completed the right turn. Evidence shows damage to the passenger side view mirror of V2. Evidence shows damage consisting of a small dent on the driver's side rear corner of V1 along the lower bumper rail. The damage to the bumper rail on V1 is consistent with the height of the side view mirror of V2. Evidence shows the roadway was wet during the accident investigation. Evidence shows the traffic signal was operating correctly during the accident investigation. V1 is a Monroe County Community School Corporation (MCCSC) Bus, # 137. D1 indicated there were approximately 43 students on board during the collision. D1 indicated the students were released with the assistance of MCCSC Transportation Director prior to my arrival. ****Other (Vehicle): The rear corner of V1 rotated behind the center line of Clarizz Blvd as V1 made a right turn onto SR46.****"
903474585,INDIANA UNIV BLOOMINGTON PD,192544,MONROE,BLOOMINGTON,BLOOMINGTON,10/30/2019,3:00 PM,2,0,0,0,0,900,7TH,ST,,,,900 BLOCK OF E 7TH,,,,,Y,,,,39.168752,-86.5436,UNKNOWN,,N,Y,URBAN,N,N,N,,DAYLIGHT,RAIN,WET,,NO JUNCTION INVOLVED,STRAIGHT/LEVEL,ASPHALT,OTHER (DRIVER) - EXPLAIN IN NARRATIVE,UNDER $1001,OTHER - EXPLAIN IN NARRATIVE,412,421,Y,Y,900BLOCKOFE7THST,0,NONE,"Explain in Narrative:Other Location of Investigation- The crash occurred in the Indiana Memorial Union Pay Lot 1 which has no address but is located in the 900 block of E 7th Street, but the report was taken at IUPD headquarters. Primary Cause- Because the other vehicle left the scene, it is unknown what caused the crash.Type Crash- Because the other vehicle left the scene, it is unknown what type of crash occurred.D1 Driver Factors: Because D1 left the scene, it is unknown what or if any driver factors played a role.D1 Environmental Factors: Because D1 left the scene, it is unknown what or if any environmental factors played a role.D1 Vehicle Factors: Because D1 left the scene, it is unknown what or if any vehicle factors played a role. D2 Environmental Factors: D2 was not in the vehicle, so it is unknown what or if any environmental factors played a role.D2 Vehicle Factors: D2 was not in the vehicle, so it is unknown what or if any vehicle factors played a role. V2 was parked in the south side of the IMU Pay Lot 1 facing east. D2 stated that she had parked her vehicle in the parking lot at approximately 1430 hours on 10/30/2019. D2 stated she returned to her vehicle at approximately 1530 hours and noticed that she had damage to her passenger side rear door and quarter panel. I observed white paint transfer to V2's rear passenger side door and rear passenger side quarter panel. D2 stated that she did not see any identifying information pertaining to the other driver on or near her vehicle. D2 did not complain of injuries. There are no known suspects or suspect vehicles at the time. The only known information pertaining to the suspect vehicle is that it is white."