Master Record Number,Agency,Local Code,County,Township,City,Collision Date,Collision Time,Vehicles Involved,Trailers Involved,Number Injured,Number Dead,Number Deer,House Number,Roadway Name,Roadway Suffix,Roadway Number,Roadway Interchange,Roadway Ramp,Roadway Id,Intersecting Road,Intersecting Road Number,Mile Marker,Interchange,Corporate Limits?,Property Type,Feet From,Direction,Latitude,Longitude,Roadway Class,Traffic Control Devices?,Aggressive Driving?,Hit and Run?,Locality,School Zone?,Rumble Strips?,Construction?,Construction Type,Light Condition,Weather Conditions,Surface Condition,Type of Median,Roadway Junction Type,Road Character,Roadway Surface,Primary Factor,Damage Estimate,Manner of Collision,Time Notified,Time Arrived,Investigation Complete?,Photos Taken?,Unique Location Id,State Property Damage?,Traffic Control,NARRATIVE
903476044,BLOOMINGTON PD,B1946093,MONROE,BLOOMINGTON,BLOOMINGTON,11/1/2019,12:06 PM,2,0,1,0,0,,SARE,RD,,,,S SARE,ROGERS,,,,Y,,,,0,0,LOCAL/CITY ROAD,,N,N,URBAN,N,N,N,,DAYLIGHT,CLEAR,DRY,,TRAFFIC CIRCLE/ROUNDABOUT,CURVE/LEVEL,ASPHALT,FOLLOWING TOO CLOSELY,$1001 TO $2500,REAR END,1206,1210,Y,Y,EROGERSRDSSARERD,0,ROUNDABOUT INTERSECTION,"D1 stated that he was traveling southbound on S Sare Road approaching the roundabout at E Rogers Street. D1 stated that he was paying attention to the traffic inside the roundabout, and not what was in front of him, and then he collided with V2. D1 stated that he had pain in both of his wrists due to V1's airbag deployment. D1 refused medical treatment. V1 was towed due to front end damage and airbag deployment. D2 stated that she was at the roundabout at S Sare Road and E Rogers Street, southbound on S Sare Road waiting to turn westbound onto E Rogers Street. D2 stated that while she was stopped, yielding to traffic in the roundabout, V2 was struck in the rear by V1. D2 stated that she was not injured and did not need medical treatment."
903476030,BLOOMINGTON PD,B1946061,MONROE,PERRY,BLOOMINGTON,11/1/2019,7:28 AM,2,0,0,0,0,,SARE,RD,,,,SARE,COLLEGE MALL,,,,Y,,,,,,LOCAL/CITY ROAD,Y,N,N,URBAN,N,N,N,,DARK (LIGHTED),CLEAR,DRY,,FOUR-WAY INTERSECTION,STRAIGHT/GRADE,ASPHALT,DRIVER DISTRACTED - EXPLAIN IN NARRATIVE,UNDER $1001,REAR END,734,740,Y,N,COLLEGEMALLRDSARERD,0,TRAFFIC CONTROL SIGNAL,"I responded to the parking lot of AMC Theater; College Mall Rd. Bloomington IN, 47401, in reference to a report of a traffic accident involving a public transit bus.V1/D1 stated he was traveling eastbound on Moores Pike at the S. College Mall Rd. intersection and stopped at the red light behind Vehicle 2. D1 stated that when the light changed green he began to drive forward and he was distracted as he looked down to log into his fare-box and collided with the rear of Vehicle 2. D2/V2 stated that she was eastbound on Moores Pike at the intersection of S. College Mall Rd.and stopped at the red light.D2 stated that when the light changed to green she drove forward and the transit bus struck the rear of her vehicle.V1 sustained no visible damage. V2 sustained minor damage to the rear bumper portion of the vehicle."
903476018,BLOOMINGTON PD,B1946092,MONROE,BLOOMINGTON,BLOOMINGTON,11/1/2019,9:45 AM,1,0,0,0,0,3811,W 3RD,ST,,,,W 3RD,,,,,Y,PRIVATE,,,39.16424,-86.48244996,LOCAL/CITY ROAD,,,Y,URBAN,N,N,N,,,,,,NO JUNCTION INVOLVED,STRAIGHT/LEVEL,ASPHALT,RAN OFF ROAD RIGHT,$1001 TO $2500,RAN OFF ROAD,1112,1214,Y,Y,W3RDST,0,LANE CONTROL,"V1/D1 IS UNKNOWN. UNKNOWN EXACT DATE OR TIME OF ACCIDENT. V1 APPEARED TO STRUCK THE EXIT ELECTRICAL CONCRETE SIGN AT 3811 W. 3RD TRAVELING EASTBOUND DUE TO THE POSTITION AND THE DAMAGE TO THE EXIT SIGN. NO OUTSIDE VIDEO CAMERAS. NO SUSPECTS. NO PRIOR ACCIDENTS IN THE LAST 24 HRS IN THIS AREA.MANAGER OF LONG JOHN SILVERS CALLED IN AND STATED WHEN THE NIGHT SHIFT CLOSED THE RESTURANT AT 10PM THE SIGN WAS NOT DAMAGE ON 10-31-2019. UPON RETURN TO WORK ON 11-01-2019, CP CHRISTINA MCQUEARY NOTICED THE DAMAGE AROUND 0945 AM. CASE REPORT COMPLETED."
903476817,MONROE SD,M19A36315,MONROE,VAN BUREN,BLOOMINGTON,11/1/2019,7:05 PM,1,0,0,0,1,,,,SR45W,,,SR45W,WEST AIRPORT,,,,N,,300,E,39.13734928,-86.59295229,STATE ROAD,,N,N,RURAL,N,Y,N,,DARK (NOT LIGHTED),CLEAR,DRY,,NO JUNCTION INVOLVED,STRAIGHT/GRADE,ASPHALT,ANIMAL/OBJECT IN ROADWAY,$1001 TO $2500,COLLISION WITH DEER,909,925,Y,N,SR45WWESTAIRPORTRD,0,NONE,V1 WAS TRAVELING WEST BOUND ON WEST STATE ROAD 45. A DEER RAN INTO THE ROADWAY AND V1 CRASHED INTO THE DEER.
903476479,MONROE SD,M19A36233,MONROE,PERRY,BLOOMINGTON,11/1/2019,2:46 AM,1,0,0,0,0,3114,CUFFERS,DR,,,,SOUTH CUFFERS,,,,,Y,,,,0,0,UNKNOWN,,N,N,URBAN,N,N,N,,DARK (LIGHTED),CLOUDY,DRY,,NO JUNCTION INVOLVED,STRAIGHT/GRADE,ASPHALT,OTHER (DRIVER) - EXPLAIN IN NARRATIVE,$2501 TO $5000,RAN OFF ROAD,256,305,Y,N,SOUTHCUFFERSDR,0,NONE,"ON 11/1/2019 I RESPONDED TO AN ACCIDENT LSA. WHEN I ARRIVED, V1 WAS IN A CULVERT ON PRIVATE PROPERTY OFF OF CUFFERS DR. THE OWNER OF V1 WAS ON SCENE STATED SOMEONE HAD TAKEN THE SPARE KEY THAT HE HAD PLACED ON THE TIRE AND DRIVEN HIS CAR INTO THE CULVERT. AFTER MYSELF AND SEVERAL DEPUTIES TALKED TO THE OWNER, WE BELIEVE HIM TO BE D1. D1 STATES HE PLACES A KEY TO THE CAR ON THE WHEEL WHEN HE GOES TO THE BARS. D1 DID NOT SEEM WORRIED ABOUT SOMEONE STEALING HIS CAR AND STATED NOBODY KNOWS THE KEY IS THERE. D1 CALLED A TOW TRUCK TO PULL THE VEHICLE OUT OF THE CULVERT AND IT WAS THE TOW TRUCK DRIVER WHO CALLED POLICE. D1 STATED HE HAD TAKEN AN UBER TO AND FROM THE BARS AND UPON HIS ARRIVAL HOME, HE SAW HIS CAR IN THE CULVERT. HIS ROOMMATES STATED THE CAR WAS THERE WHEN THEY WENT TO BED. D1 WOULDN'T ADMIT TO DRIVING THE VEHICLE BUT I BELIEVE HIM TO BE D1. V1 WAS FOUND IN A CULVERT WITH FRONT IN DAMAGE. THE VEHICLE WAS TOWED OUT BUT WAS DRIVEABLE."
903476026,BLOOMINGTON PD,B1946090,MONROE,BLOOMINGTON,BLOOMINGTON,11/1/2019,1:33 PM,2,0,0,0,0,,KIRKWOOD,AVE,,,,KIRKWOOD,COLLEGE,,,,Y,,,,39.16664,-86.5348,LOCAL/CITY ROAD,,N,N,URBAN,N,N,N,,DAYLIGHT,CLEAR,DRY,,FOUR-WAY INTERSECTION,STRAIGHT/GRADE,ASPHALT,UNSAFE LANE MOVEMENT,$2501 TO $5000,SAME DIRECTION SIDESWIPE,1147,1150,Y,N,COLLEGEAVEKIRKWOODAVE,0,LANE CONTROL,V1 WAS EASTBOUND ON KIRKWOODAVE IN THE RIGHT TURN LANE APPROACHING COLLEGE AVE.V2 WAS EASTBOUND ON KIRKWOOD AVE IN THE STRAIGHT LANE.D1 SAID THERE WAS A VEHICLE STOPPED IN FRONT OF HIM WITH IT'S FLASHERS ON SO HE MOVED INTO THE LANE TO HIS LEFT TO GET AROUND IT. HE SAID WHEN HE CHANGED LANES HE COLLIDED WITH V2.D2 SAID AS SHE DROVE TOWARD THE INTERSECTION V1 PULLED INTO HER LANE AND HIT HER.
903475964,MONROE SD,M19A36261,MONROE,RICHLAND,BLOOMINGTON,11/1/2019,9:46 AM,2,0,0,0,0,,ARLINGTON,RD,,,,WEST ARLINGTON,,SR46,,,N,,,,39.209808,-86.582672,COUNTY ROAD,Y,N,N,URBAN,N,N,N,,DAYLIGHT,CLEAR,DRY,,FOUR-WAY INTERSECTION,STRAIGHT/LEVEL,ASPHALT,FOLLOWING TOO CLOSELY,$2501 TO $5000,REAR END,946,946,Y,N,WESTARLINGTONRDWESTSTATEROAD46RD,0,TRAFFIC CONTROL SIGNAL,V1 REAR ENDED V2. THE CRASH OCCURRED WHILE BOTH VEHICLES WERE TRYING TO TURN WESTBOUND ON WEST STATE ROAD 46 FROM W ARLINGTON ROAD. V2 WAS IN FRONT OF V1 ATTEMPTING TO MAKE A RIGHT TURN ON RED. V1 REAR ENDED V2 WHILE TRYING TO PERFORM THE SAME TURN.
903478794,MONROE SD,M19A36317,MONROE,PERRY,BLOOMINGTON,11/1/2019,7:16 PM,1,0,0,0,0,,FAIRFAX,RD,,,,S FAIRFAX,COMMANDER,,,,N,,,,0,0,COUNTY ROAD,,N,N,RURAL,N,N,N,,DARK (NOT LIGHTED),CLEAR,DRY,,T-INTERSECTION,STRAIGHT/HILLCREST,ASPHALT,RAN OFF ROAD RIGHT,$5001 TO $10000,RAN OFF ROAD,719,726,Y,Y,ECOMMANDERCTSFAIRFAXRD,0,NONE,V1 was traveling northbound on S. Fairfax Road when V1 crossed over the center line for an unknown reason and ran off the west side of the roadway. D1 was also unsure as to why V1 ran off the roadway. D1 failed all SFSTs and was taken to the hospital for a blood draw to determine illegal drugs that may be in his system. V1 was towed from the scene due to disabling damage.
903476189,MONROE SD,M19A36290,MONROE,VAN BUREN,BLOOMINGTON,11/1/2019,2:16 PM,2,0,0,0,0,4545,,,SR45,,,STATE ROAD 45 W,,,,,N,,,,39.125312,-86.610496,UNKNOWN,,N,N,RURAL,N,N,N,,DAYLIGHT,CLEAR,DRY,,NO JUNCTION INVOLVED,STRAIGHT/LEVEL,ASPHALT,UNSAFE BACKING,$1001 TO $2500,BACKING CRASH,220,238,Y,N,STATEROAD45WRD,0,NONE,V1 was parked at an angle in the parking lot at 4545 W State Road 45. V1 backed up hitting V2 which was also parked. D1 stated he did not realize he had hit the other vehicle at the time of the crash. D1 stated it was tight and he was parked awkwardly.
903475727,INDIANA UNIV BLOOMINGTON PD,192568,MONROE,BLOOMINGTON,BLOOMINGTON,11/1/2019,2:00 AM,2,0,0,0,0,,THIRD,ST,,,,THIRD,HIGHLAND,,,,Y,,,,,,LOCAL/CITY ROAD,,N,Y,URBAN,N,N,N,,DARK (LIGHTED),CLEAR,DRY,,NO JUNCTION INVOLVED,STRAIGHT/LEVEL,ASPHALT,UNSAFE LANE MOVEMENT,$2501 TO $5000,SAME DIRECTION SIDESWIPE,208,208,Y,Y,HIGHLANDAVETHIRDST,0,LANE CONTROL,"V1 and V2 were driving westbound on 3rd Street from the area of Highland Avenue. V1 was in the right lane and V2 was in the left lane. 3rd Street is a two lane, one-way, street.D1 stated she was went to change lanes from the right lane to the left lane and did not see V2 until it was too late. D1 stated V2 appeared to be driving too fast.D2 stated she was driving west when V1 suddenly changed lanes into her.A witness gave the same account as D1 and D2.However, D2 left the scene after the collision. The witness saw the crash and followed V2 to 9th & Indiana, where D2 stopped. I was on patrol and was flagged down by the witness and I located D2 behind the wheel. The witness stated that said that immediately after the crash, the V2 immediately fled by speeding away quickly while swerving erratically. The witness said he thought D2 may be intoxicated.When I spoke to D2, she showed signs of alcohol intoxication. She was arrested for OWI and Leaving the Scene of an Accident. She provided a certified breath sample of .115. She said after the collision she tried to pull up next to V1 to get them to stop. D1 said they just pulled out their phone and didn't want to pull over, so she didn't think anything of it and continued on her way. She said she was not going to call the police.Following the crash, D1 went to the Bloomington Police Department to report the crash. IUPD Officer J. Haluda went there and met with her to get her statement.No crash diagram was completed since all vehicles had been moved from the scene. Paths of vehicles and position of finalrest are unknown."
903475735,MONROE SD,M19A36235,MONROE,PERRY,BLOOMINGTON,11/1/2019,3:38 AM,1,0,0,0,0,,FAIRFAX,RD,,,,FAIRFAX,NORTON,,,,Y,,750,N,0,0,COUNTY ROAD,,N,N,RURAL,N,N,N,,DARK (NOT LIGHTED),CLOUDY,DRY,,NO JUNCTION INVOLVED,STRAIGHT/GRADE,ASPHALT,OTHER (DRIVER) - EXPLAIN IN NARRATIVE,$1001 TO $2500,RAN OFF ROAD,341,356,Y,N,EASTNORTONSTFAIRFAXRD,0,NONE,"V1 was traveling south bound on Fairfax Road. Just North of Norton Street, when V1 left the roadway coming to a rest in a ditch. D1 was impaired due to alcohol consumption. D1 failed field sobriety on scene and blew a .153 on Deputy Dillon's PBT. D1 was transported to MCSO for further field sobriety testing by Deputy Dillon. D1 blew a .155 on the certified breath machine. D1 was then booked into the Monroe County Jail for OWI and OWI endangerment."
903476818,MONROE SD,M19A36328,MONROE,PERRY,BLOOMINGTON,11/1/2019,9:01 PM,2,0,0,0,0,,SOUTH ADAMS,ST,,,,SOUTH ADAMS,WEST ALLEN,,,,N,,,,39.155952,-86.550592,LOCAL/CITY ROAD,,N,N,URBAN,N,N,N,,DAYLIGHT,CLEAR,DRY,,FOUR-WAY INTERSECTION,STRAIGHT/LEVEL,ASPHALT,FAILURE TO YIELD RIGHT OF WAY,$1001 TO $2500,RIGHT ANGLE,903,916,Y,N,SOUTHADAMSSTWESTALLENST,0,STOP SIGN,V1 WAS TRAVELING EAST BOUND THROUGH THE INTERSECTION OF WEST ALLEN ST AND SOUTH ADAMS STREET. V2 WAS TRVELING SOUTH BOUND THROUGH THE SAME INTERSECTION. THE FRONT OF V1 CRASHED INTO THE REAR PASSENGER SIDE OF V2.BOTH VEHICLES MOVED FROM THE SPOT OF COLLISON PRIOR TO MY ARRIVAL.
903476710,BLOOMINGTON PD,B1946264,MONROE,BLOOMINGTON,BLOOMINGTON,11/2/2019,12:02 PM,3,0,1,0,0,,E 3RD,ST,,,,E 3RD,S PETE ELLIS,,,,Y,,,,39.16424,-86.495088,LOCAL/CITY ROAD,Y,N,N,URBAN,N,N,N,,DAYLIGHT,CLEAR,DRY,,FOUR-WAY INTERSECTION,STRAIGHT/GRADE,ASPHALT,FOLLOWING TOO CLOSELY,$2501 TO $5000,REAR END,1220,1238,Y,Y,E3RDSTSPETEELLISDR,0,TRAFFIC CONTROL SIGNAL,"V1 WAS TRAVELING WB ON E 3RD STREET NEAR S PETE ELLIS DRIVE BEHIND V2. V2 WAS TRAVELING WB ON E 3RD STREET BEHIND V3. AS V2 AND V3 BEGAN TO SLOW FOR STOPPED TRAFFIC AHEAD, THE FRONT OF V1 PROCEEDED TO COLLIDE WITH THE REAR OF V2 WHICH SUBSEQUENTLY CAUSED THE FRONT OF V2 TO COLLIDED INTO THE REAR OF V3.D1 STATED THAT ONCE SHE REALIZED THAT THE VEHICLES AHEAD WERE BRAKING, SHE WAS UNABLE TO STOP IN TIME BEFORE THE COLLISION. D2 STATED THAT HER VEHICLE WAS STRUCK FROM BEHIND WHICH CAUSE HER VEHICLE TO COLLIDE WITH V3.D3 STATED THAT SHE WAS STOPPED FOR TRAFFIC AT WHICH POINT SHE WAS STRUCK FROM BEHIND. BOTH D2 AND D3 STATED THAT V2 WAS STRUCK BY V1 WHICH INITIATED THE CHAIN REACTION ACCIDENT."
903476866,INDIANA UNIV BLOOMINGTON PD,192591,MONROE,BLOOMINGTON,BLOOMINGTON,11/2/2019,11:10 PM,2,0,0,0,0,,INDIANA,AVE,,,,INDIANA,TENTH,,,,Y,,,,,,LOCAL/CITY ROAD,Y,N,N,URBAN,N,N,N,,DARK (LIGHTED),CLEAR,DRY,,FOUR-WAY INTERSECTION,STRAIGHT/LEVEL,ASPHALT,DISREGARD SIGNAL/REG SIGN,$1001 TO $2500,LEFT TURN,1110,1115,Y,N,INDIANAAVETENTHST,0,TRAFFIC CONTROL SIGNAL,V1 was traveling westbound on 10th Street towards Indiana Avenue. V2 was traveling eastbound on 10th Street attempting to turn north onto Indiana Avenue. V1 witnessed the light turn yellow before he entered the intersection and continued to try and make it through the intersection. V2 was sitting in the middle of the intersection waiting for the light to turn red so she could complete her turn. The light turned red and V2 attempted to complete the turn. V1 continued through the intersection while the light was red and collided with the front of V2. V1 had moderate damage to the front driver side bumper. V2 had moderate damage to the entire front bumper. D1 stated that he was traveling straight and saw the light turn yellow well before he entered the intesection. D1 stated that he thought he had enough time to make it through the intersection and never looked back up to see if the light had turned red. D1 stated V1 then struck V2 as V2 was attempting to turn. D2 stated that she was waiting in the intersection to turn. D2 stated that she saw the light turn red and thought that V1 was going to stop prior to the intersection. D2 stated that she then attempted the turn and V1 did not stop for the light. D2 stated that V1 then collided with V2. There were no injuries at the scene and no vehicles had to be towed.
903476676,INDIANA UNIV BLOOMINGTON PD,192580,MONROE,BLOOMINGTON,BLOOMINGTON,11/2/2019,12:59 PM,2,0,1,0,0,,THIRD,ST,,,,THIRD,OVERHILL,,,,Y,,,,,,LOCAL/CITY ROAD,,N,N,URBAN,N,N,N,,DAYLIGHT,CLEAR,DRY,,T-INTERSECTION,STRAIGHT/LEVEL,ASPHALT,IMPROPER TURNING,$2501 TO $5000,LEFT TURN,101,103,Y,N,OVERHILLDRTHIRDST,0,STOP SIGN,"At approximately 1259 hours on 11/2/2019 a collision occurred between V1 and V2 just east of the intersection of Overhill Drive and 3rd Street. V1 attempted to turn east onto 3rd, from Overhill, and collided with V2 who was travelling westbound on 3rd. Superintendent Hunter was flagged down by one of the drivers and I responded shortly after. V1 was travelling southbound on Overhill and stopped at the intersection of Overhill and 3rd. D1 advised that a large silver truck was blocking both westbound lanes on 3rd and he could not see if the turn lane was occupied. D1 advised that he pulled out, intending to turn east onto 3rd, and collided with V2. There was minor cosmetic damage to the bumper of V1. D1 did not complain of injury.V2 was westbound on 3rd in the center turn lane, approaching the intersection of 3rd and Overhill. D2 advised that out of nowhere V1 had turned and collided with her vehicle. D2 stated that she could not stop her vehicle in time to avoid collision. D2 complained of pain to her lower right leg. An ambulance was requested and D2 later declined to be transported. V1 had disabling damage to the passenger side front bumper and was towed by Hawkin's."
903495129,ISP BLOOMINGTON 33,2019-00377612,MONROE,CLEAR CREEK,BLOOMINGTON,11/2/2019,22:00 M,1,,0,0,1,,W SMITHVILLE RD,,,,,,,,,,N,,106,S,39.07077593,-86.53640288,STATE ROAD,,,,RURAL,N,Y,N,,DARK (NOT LIGHTED),CLEAR,DRY,,FOUR-WAY INTERSECTION,,ASPHALT,ANIMAL/OBJECT IN ROADWAY,$10001 TO $25000,COLLISION WITH DEER,2210,2215,Y,N,,0,,"On Saturday, November 2, 2019, at approximately 22:10, I was dispatched to a report of a car/deer collision that occurred on State Road 37 southbound near the intersection of Smithville Road, in Bloomington, Monroe County, Indiana. I arrived at around 22:20 and observed a silver GMC Acadia parked on the right side of the roads with its flashers activated, leaking fluids heavily. A debris field was scattered across the highway to the north of where the vehicle was stopped. The highway in this area is a primarily north-south 4-lane divided highway, that connects the cities of Bloomington and Bedford, with a grassy center median. The road surface is asphalt, newly repaved, and at this time was dry and clear of any foreign substances. The lighting was dark due to time of day, with no natural illumination, and the weather was approximately 40 degrees Fahrenheit. The road has painted lane control and shoulders on both inner and outer sides, and is equipped with rumble strips (lane departure warning system). Vehicle 1 was a GMC Silver 2017 Acadia, bearing Indiana In God We Trust plates AAF784, driven by and registered to Bryan Staggs (DOB: 03/30/1984). The vehicle displayed massive front end damage, as well as damage to the undercarriage, both front quarter panels, and the hood. The driver's side door would not open and the vehicle had lost all of its fluids on the road. The driver stated that he was driving southbound on SR 37, in the left lane, just south of the junction of Smithville Road, when a large buck (male deer) jumped in front of his vehicle from the east (median). With no time to react he instantly collided with the deer. He then braked heavily and came to a controlled stop on the right shoulder of the road. He advised that neither him nor his female passenger were injured, and refused treatment.An investigation of the area showed marks consistent with striking the deer approxiately 100 meters north of where the vehicle came to rest on the west shoulder of the highway. A dead male deer was located in the center grassy median, showing marks consistent with having been struck by a vehicle. The driver phoned Mikel's towing in Bedford to remove his vehicle, which was non-drivable, from the edge of the highway. Based upon the evidence at the scene, It is likely that the following occurred: While driving southbound on SR37, a deer ran into the roadway, causing an unavoidable collision. As such, the driver is not at fault."
903477307,MONROE SD,M19A36407,MONROE,RICHLAND,BLOOMINGTON,11/2/2019,7:13 PM,2,0,1,0,0,,W VERNAL,PIKE,,,,W VERNAL,N CURRY,,,,N,,800,E,39.179248,-86.5832,LOCAL/CITY ROAD,,N,N,URBAN,N,N,N,,DARK (LIGHTED),CLEAR,DRY,,NO JUNCTION INVOLVED,STRAIGHT/GRADE,ASPHALT,FAILURE TO YIELD RIGHT OF WAY,$5001 TO $10000,RIGHT ANGLE,715,725,Y,N,NCURRYPIKEWVERNALPIKE,0,OTHER REGULATORY SIGN/MARKING,"D1 STATED SHE WAS EASTBOUND ON W VERNAL PIKE WHEN V2 PULLED OUT OF THE TRAILER PARK, INTO HER VEHICLE.D2 STATED HE WAS WAITING TO PULL OUT OF THE TRAILER PARK WHEN A TRUCK WAS COMING THROUGH. HE LET THE TRUCK GO THROUGH AND DID NOT NOTICE V1 BEHIND THE TRUCK WHEN HE STARTED TO PULL OUT. HE DID STATE THAT V1 WAS DRIVING WITHOUT HEADLIGHTS ON. WHEN I ARRIVED ON SCENE, THE VEHICLES HAD BEEN MOVED OUT OF THE ROADWAY. AS I CHECKED V1, I NOTICED THE PASSENGER SIDE HEADLIGHT AND ASSEMBLY WAS BUSTED AS A RESULT OF THE ACCIDENT. HOWEVER, THE DRIVERS SIDE HEADLIGHT DID NOT APPEAR TO BE OPERATIONAL BUT I DID OBSERVE A FLASHING AMBER LIGHT.D2 WAS UNABLE TO PROVIDE INSURANCE INFORMATION AND WAS ISSUED A MISDEMEANOR CITATION FOR OPERATING WITHOUT EVER RECEIVING A LICENSE AND AN INFRACTION CITATION FOR NO FINANCIAL RESPONSIBILITY."
903476798,MONROE SD,M19A36409,MONROE,PERRY,BLOOMINGTON,11/2/2019,7:53 PM,1,0,0,0,1,,,,SR37S,,,SR37S,ZIKES,,,,N,,1000,N,,,STATE ROAD,,N,N,RURAL,N,Y,N,,DARK (NOT LIGHTED),CLEAR,DRY,,NO JUNCTION INVOLVED,STRAIGHT/GRADE,ASPHALT,ANIMAL/OBJECT IN ROADWAY,UNDER $1001,COLLISION WITH DEER,756,759,Y,N,SR37SZIKESRD,0,NONE,Driver was south bound on State Road 37 South when a deer entered the roadway. Driver made struck the deer with the right front headlight area causing minimal damage. When the driver struck the deer she swerved to the left causing the vehicle to spin completely around coming to rest facing west bound in the median.
903477113,BLOOMINGTON PD,B1946272,MONROE,PERRY,BLOOMINGTON,11/2/2019,1:20 PM,2,0,1,0,0,,WALNUT,ST,,,,WALNUT,2ND,,,,Y,,100,N,39.16171466,-86.5336,LOCAL/CITY ROAD,,N,N,URBAN,N,N,B,,DAYLIGHT,CLEAR,DRY,,NO JUNCTION INVOLVED,STRAIGHT/GRADE,ASPHALT,FOLLOWING TOO CLOSELY,$2501 TO $5000,REAR END,120,120,Y,N,2NDSTWALNUTST,0,NONE,D1 stated he was heading North on Walnut and had just past through the intersection at 2nd street.D2 stated that traffic started to stop and he struck V2 in the rear.D2 stated she was driving North on Walnut slowing down due to a traffic back-up and was struck in the rear by V1.Both drivers advised they did not need an ambulance at first.D2 later stated that her head was starting to hurt so she wanted an ambulance to check her out. Ambulance arrived and checked D2 but she refused to go to the hospital and signed a medical release form.
903476819,MONROE SD,M19A36393,MONROE,VAN BUREN,BLOOMINGTON,11/2/2019,2:53 PM,2,0,0,0,0,3585,,,SR45,,,WEST STATE ROAD 45,,,,,Y,,,,39.125312,-86.610496,UNKNOWN,,N,N,URBAN,N,N,N,,DAYLIGHT,CLEAR,DRY,,NO JUNCTION INVOLVED,NON-ROADWAY CRASH,ASPHALT,UNSAFE BACKING,$1001 TO $2500,BACKING CRASH,256,300,Y,N,WESTSTATEROAD45RD,0,NONE,V1 WAS BACKING OUT OF A PARKING SPACE IN THE PARKING LOT OF 3583 WEST STATE ROAD 45. V2 WAS TRAVELING SOUTH BOUND DIRECTLY BEHIND V1. V1 BACKED INTO THE REAR PASSENGER SIDE OF V2. BOTH VEHICLES WERE MOVED PRIOR TO MY ARRIVAL.
903477308,MONROE SD,M19A36416,MONROE,SALT CREEK,BLOOMINGTON,11/2/2019,9:40 PM,1,0,0,0,1,,,,SR446S,,,SR446S,KNIGHTRIDGE,,,,N,,600,N,0,0,STATE ROAD,,N,N,RURAL,N,N,N,,DARK (NOT LIGHTED),CLEAR,DRY,,NO JUNCTION INVOLVED,STRAIGHT/LEVEL,ASPHALT,ANIMAL/OBJECT IN ROADWAY,$5001 TO $10000,COLLISION WITH DEER,945,955,Y,N,SKNIGHTRIDGERDSR446S,0,NONE,"DRIVER STATED SHE WAS SOUTHBOUND ON SR 446 WHEN SHE NOTICED A DEER JUMP INTO THE ROADWAY FROM THE WEST. AS SHE ATTEMPTED TO STOP HER VEHICLE, SHE HIT THE DEER WITH HER FRONT DRIVERS SIDE HEADLIGHT AREA."
903476761,BLOOMINGTON PD,B1946315,MONROE,BLOOMINGTON,BLOOMINGTON,11/2/2019,5:25 PM,2,0,0,0,0,,W 12TH,ST,,,,W 12TH,N SUMMIT,,,,Y,,50,E,39.174352,-86.548,LOCAL/CITY ROAD,,N,Y,URBAN,N,N,N,,DAYLIGHT,CLEAR,DRY,,NO JUNCTION INVOLVED,STRAIGHT/LEVEL,ASPHALT,,$2501 TO $5000,HEAD ON BETWEEN TWO MOTOR VEHICLES,550,604,N,Y,NSUMMITSTW12THST,0,NONE,"D1 is unknown as they left the scene.D2 stated she was not present when her vehicle was hit. D2 stated she had went to the auto shop to purchase items to repair her car when she received a call from her neighbor regarding her car being hit. D2 stated she returned home and noticed her car had been pushed towards the curb and her front bumper and hood had sustained damage.W1 ( Dale Jones) stated he was sitting inside his home at 1102 W. 12th St. W1 stated after he heard a loud crash he walked outside a saw a 4 door pale green Crysler bumper to bumper with his neighbors grey Chevrolet Lumina. W1 stated a young black male exited the pale green vehicle and saw the damage caused then entered back into his vehicle and left eastbound on W. 12th St.W2 ( Dennis Ludwig) stated he was sitting on his porch when a green 4 door car stopped in the middle of the road while traveling east on W 12th St. W2 stated the green vehicle collided with the grey Chevrolet Lumina that was parked on the side of the street. W2 stated a black male exited the green vehicle, looked at the damage, then entered into his car and left eastbound on W. 12th St."
903476566,MONROE SD,M19A36358,MONROE,POLK,BLOOMINGTON,11/2/2019,8:24 AM,1,0,0,0,1,,,,SR446S,,,SR446S,RUSH RIDGE,,,,N,,500,S,39.08337373,-86.42034021,STATE ROAD,,N,N,RURAL,N,N,N,,DAYLIGHT,CLEAR,DRY,,NO JUNCTION INVOLVED,CURVE/GRADE,ASPHALT,ANIMAL/OBJECT IN ROADWAY,$1001 TO $2500,COLLISION WITH DEER,824,840,Y,N,RUSHRIDGERDSR446S,0,NONE,Driver #1 stated he was driving north on 446 when several deer entered the roadway and he was unable to avoid hitting one.
903476659,BLOOMINGTON PD,B1946267,MONROE,PERRY,BLOOMINGTON,11/2/2019,12:00 PM,3,0,0,0,0,,E 3RD,ST,,,,E 3RD,S PETE ELLIS,,,,Y,,,,39.16424,-86.495088,LOCAL/CITY ROAD,Y,N,N,URBAN,N,N,N,,DAYLIGHT,CLEAR,DRY,,FOUR-WAY INTERSECTION,STRAIGHT/LEVEL,ASPHALT,FOLLOWING TOO CLOSELY,$5001 TO $10000,REAR END,1205,1216,Y,N,E3RDSTSPETEELLISDR,0,TRAFFIC CONTROL SIGNAL,"V1,V2 AND V3 WERE TRAVELING EASTBOUND ON E 3RD ST AND AT THE INTERSECTION WITH S PETE ELLIS DR WHEN V1 STRUCK THE REAR BUMPER PORTION OF V2 WHICH THEN FORCED V2 INTO THE REAR BUMPER PORTION OF V3. V1/D1 STATED HE THOUGHT THE HEAVILY CONGESTED TRAFFIC HAD STARTED TO MOVE IN FRONT OF HIM, HOWEVER, UPON REALIZING IT HADN'T HE WAS UNABLE TO AVOID COLLIDING INTO V2 AS IT WAS STOPPED AND IN FRONT OF HIM. V2/D2 STATED SHE WAS STOPPED DUE TO THE TRAFFIC IN FRONT OF HER WHEN HER VEHICLE WAS STRUCK FROM BEHIND BY V1, WHICH THEN FORCED HER VEHICLE INTO THE REAR BUMPER PORTION OF V3. V3/D3 STATED HE WAS STOPPED DUE TO THE TRAFFIC IN FRONT OF HIS VEHICLE WHEN HIS VEHICLE WAS STRUCK FROM BEHIND BY V2. V1 SUSTAINED HEAVY FRONT END DAMAGE AND WAS TOWED FROM THE SCENE BY AUTO MOBILE SERVICES. V2 SUSTAINED DAMAGE TO BOTH THE REAR AND FRONT BUMPER PORTIONS. HOWEVER, THE VEHICLE WAS DRIVEN FROM THE SCENE. V3 SUSTAINED DAMAGE TO THE REAR BUMPER PORTION."