Master Record Number,Agency,Local Code,County,Township,City,Collision Date,Collision Time,Vehicles Involved,Trailers Involved,Number Injured,Number Dead,Number Deer,House Number,Roadway Name,Roadway Suffix,Roadway Number,Roadway Interchange,Roadway Ramp,Roadway Id,Intersecting Road,Intersecting Road Number,Mile Marker,Interchange,Corporate Limits?,Property Type,Feet From,Direction,Latitude,Longitude,Roadway Class,Traffic Control Devices?,Aggressive Driving?,Hit and Run?,Locality,School Zone?,Rumble Strips?,Construction?,Construction Type,Light Condition,Weather Conditions,Surface Condition,Type of Median,Roadway Junction Type,Road Character,Roadway Surface,Primary Factor,Damage Estimate,Manner of Collision,Time Notified,Time Arrived,Investigation Complete?,Photos Taken?,Unique Location Id,State Property Damage?,Traffic Control,NARRATIVE
903479073,BLOOMINGTON PD,B1946878,MONROE,BLOOMINGTON,BLOOMINGTON,11/6/2019,10:40 AM,2,0,0,0,0,,BURKS,DR,,,,BURKS,WALNUT,,,,Y,,300,E,,,LOCAL/CITY ROAD,,N,N,URBAN,N,N,N,,DAYLIGHT,CLOUDY,DRY,,NO JUNCTION INVOLVED,STRAIGHT/LEVEL,ASPHALT,UNSAFE BACKING,$2501 TO $5000,BACKING CRASH,1040,1040,Y,N,BURKSDRWALNUTST,0,NONE,"V1 and V2 were traveling westbound on Burks Dr. V1 stopped and backed up striking V2.D1 stated that she was on the phone and did not see V2 and struck it while backing up.D2 stated that he was behind V1 and that it stopped in front of him and began to back up. He was stopped and did honk his horn, however V1 struck him while backing.V1 did strike V2 causing damage to both vehicles."
903479094,BLOOMINGTON PD,B1946885,MONROE,PERRY,BLOOMINGTON,11/6/2019,11:22 AM,2,0,0,0,0,,S PARK,AVE,,,,S PARK,E HUNTER,,,,Y,,,,39.16224,-86.523968,LOCAL/CITY ROAD,,N,N,URBAN,N,N,N,,DAYLIGHT,CLOUDY,DRY,,FOUR-WAY INTERSECTION,STRAIGHT/GRADE,ASPHALT,OTHER (DRIVER) - EXPLAIN IN NARRATIVE,$1001 TO $2500,SAME DIRECTION SIDESWIPE,1126,1137,Y,N,EHUNTERAVESPARKAVE,0,STOP SIGN,"V1 was SB on S Park avenue and was approaching E Hunter Ave. V2 was parked on the west side of the Park avenue facing SB. V1 was driving past V2 and then moved to the right. As V1 moved to the right, she hit the front driver side bumper of V2 with the passenger side of V1.D1 stated that she drove past V2, which was about 2ft off the curb. As she was going past V2, she began to move back to the right and hit the front of V2. It should be noted that V2 was parked more than 10"" from the curb and in violation of city ordinance. V1 still should have been able to avoid hitting V2."
903480328,INDIANA UNIV BLOOMINGTON PD,192647,MONROE,BLOOMINGTON,BLOOMINGTON,11/7/2019,7:45 PM,2,0,1,0,0,,,,SR46,,,SR46,,SR45,,,Y,,,,,,STATE ROAD,Y,N,N,URBAN,N,N,N,,DARK (NOT LIGHTED),CLEAR,DRY,,FOUR-WAY INTERSECTION,STRAIGHT/GRADE,ASPHALT,FOLLOWING TOO CLOSELY,$1001 TO $2500,REAR END,748,754,Y,N,SR45SR46,0,TRAFFIC CONTROL SIGNAL,"V1 was traveling straight going southbound on the SR 45/46 Bypass towards Tenth Street. V2 was stopped traveling southbound on the SR 45/46 Bypass towards Tenth Street. V1 did not notice that V2 was stopped and continued going straight. V1 then rear ended V2. V1 had minimal damage to the front bumper. V2 had moderate damage to the rear bumper.D1 stated that he saw traffic on his right continuing to move so he thought that his lane would move forward as well. D1 stated that he did not see that V2 was stopped and accidentally rear ended V2.D2 stated that she was stopped in traffic and was jolted hard when V1 rear ended her vehicle. D2 stated that she did not see V1 coming. D2's 10 year old son, Owen, was in the rear passenger seat in a booster seat and hit his head during the collision. EMS arrived in Ambulance #2159 and checked on Owen who complained of pain to the back of his head. Owen was cleared by EMS and signed an SOR. EMS said that he would be sore tomorrow but did not need immediate medical attention. No vehicles had to be towed from the scene. There is nothing further at this time."
903480066,BLOOMINGTON PD,B1946997,MONROE,BLOOMINGTON,BLOOMINGTON,11/7/2019,12:13 PM,2,0,0,0,0,,E 10TH,ST,,,,E 10TH,N SMITH,,,,Y,,300,W,39.172752,-86.482288,LOCAL/CITY ROAD,,N,N,URBAN,N,N,N,,DAYLIGHT,CLOUDY,WET,,NO JUNCTION INVOLVED,CURVE/GRADE,ASPHALT,OTHER (DRIVER) - EXPLAIN IN NARRATIVE,$5001 TO $10000,REAR END,1216,1236,Y,N,E10THSTNSMITHRD,0,LANE CONTROL,V1 was EB on E. 10th street and was nearing N. Smith road. V2 was in front of V1 and was stopped in traffic. V1 failed to get stopped and struck V2 in the rear with the front of her vehicle causing damage to both vehicles.D1 stated that she was headed EB on 10th street and as she came over a hill she noticed V2 was stopped. She stated she was unable to get stopped before striking V2 in the rear bumper.D2 stated that she was EB on 10th street and the vehicles in front of her had stopped for a funeral procession going WB. She was able to get stopped and was then hit in the rear by V1.
903479933,INDIANA UNIV BLOOMINGTON PD,192644,MONROE,BLOOMINGTON,BLOOMINGTON,11/7/2019,9:30 AM,1,0,1,0,0,,,,SR46S,,,SR46S,,SR45S,,,Y,,200,S,,,STATE ROAD,Y,N,N,URBAN,N,N,N,,DAYLIGHT,RAIN,WET,,T-INTERSECTION,CURVE/LEVEL,ASPHALT,SPEED TOO FAST FOR WEATHER CONDITIONS,$2501 TO $5000,RAN OFF ROAD,937,937,Y,N,SR45SSR46S,0,TRAFFIC CONTROL SIGNAL,"When I arrived on scene, I observed a white Ford F150 (V1) on the south sidewalk against the embankment just south of the intersection of 17th St and 45/46 Bypass.I spoke with the driver, Dominic Alexander (D1), who stated that he was driving south on the bypass in the right lane of travel. D1 claimed that another vehicle (P1) performed a right on red turn off of 17th St in front of him causing him to swerve into the left lane of travel. As he swerved left, he lost control of the vehicle. The tail end of the vehicle swerved left then back right, over the curb, onto the sidewalk, and backwards into the stone embankment. V1 did not make contact with any other vehicles.There was no information or description of P1.D1 complained of head, neck, and upper back pain. He was transported to Bloomington Hospital by ambulance.V1 sustained moderate damage to the driver side rear bumper, tailgate, and fender. It was able to be driven. Bland's Towing towed the vehicle to their lot."
903480366,BLOOMINGTON PD,B1947032,MONROE,RICHLAND,BLOOMINGTON,11/7/2019,4:04 PM,2,0,0,0,0,,3RD,ST,,,,WEST 3RD,CURRY,,,,Y,,500,W,39.16464,-86.5829167,LOCAL/CITY ROAD,,N,N,URBAN,N,N,N,,DAYLIGHT,CLEAR,DRY,,FOUR-WAY INTERSECTION,STRAIGHT/LEVEL,ASPHALT,FAILURE TO YIELD RIGHT OF WAY,$5001 TO $10000,HEAD ON BETWEEN TWO MOTOR VEHICLES,404,418,Y,N,CURRYPIKEWEST3RDST,0,LANE CONTROL,"DRIVER ONE STATED HE WAS ATTEMPTING TO TURN LEFT ONTO WEST 3RD STREET FROM A DRIVEWAY ON THE SOUTH SIDE OF THE ROAD. TRAFFIC WAS SLOWING AND HE WAS WAVED ON BY ANOTHER DRIVER TO CUT ACROSS THE EAST BOUND LANES OF TRAFFIC, AS HE DID SO DRIVER 1 STRUCK VEHICLE 2 HEAD ON.DRIVER 2 STATED THAT SHE WAS GOING STRAIGHT IN THE EAST BOUND LANES OF WEST 3RD STREET WHEN VEHICLE 1 CUT ACROSS EASTBOUND TRAFFIC LANES ATTEMPTING TO TURN LEFT TO GO WEST AND THEN STRUCK HER VEHICLE HEAD ON. NO INJURIES.DRIVER 2 REQUESTED A PRIVATE TOW FROM BLAND'S."
903480523,BLOOMINGTON PD,B1947005,MONROE,BLOOMINGTON,BLOOMINGTON,11/7/2019,8:45 AM,2,0,0,0,0,,WESTPLEX,AVE,,,,S WESTPLEX,ISAAC,,,,Y,,50,S,39.15811294,-86.55387,UNKNOWN,,N,Y,URBAN,N,N,N,,DAYLIGHT,RAIN,WET,,NO JUNCTION INVOLVED,STRAIGHT/GRADE,ASPHALT,OTHER (DRIVER) - EXPLAIN IN NARRATIVE,UNDER $1001,OTHER - EXPLAIN IN NARRATIVE,1250,110,Y,N,SWESTPLEXAVEWISAACDR,0,NONE,"OWNER OF VEHICLE 1 STATED V1 WAS PARKED IN FRONT OF 454 S WESTPLEX AVENUE BETWEEN 1900 HRS AND 0845 HRS THIS MORNING. WHEN SHE CAME OUT TO MOVE IT, THERE WAS A NOTE UNDER HER WINDSHIELD WIPER, BUT SHE DID NOT GET OUT IN THE RAIN TO LOOK AT IT AND IT SUBSEQUENTLY BLEW OFF WHEN HER WINDSHIELD WIPERS CAME ON. AFTER MOVING V1, SHE OBSERVED DAMAGE TO THE PASSENGER SIDE AND REALIZED THE OTHER DRIVER HAD LEFT A NOTE FOR HER, BUT SHE WAS UNABLE TO LOCATE IT."
903480940,MONROE SD,M19A36863,MONROE,BEAN BLOSSOM,BLOOMINGTON,11/7/2019,9:38 AM,1,0,0,0,0,,STINESVILLE,RD,,,,STINESVILLE,MT CARMEL,,,,N,,750,S,39.21653538,-86.6594,COUNTY ROAD,,N,N,RURAL,N,N,N,,DAYLIGHT,CLOUDY,WET,,NO JUNCTION INVOLVED,CURVE/LEVEL,ASPHALT,OTHER (DRIVER) - EXPLAIN IN NARRATIVE,UNDER $1001,RAN OFF ROAD,943,1006,Y,N,MTCARMELRDSTINESVILLERD,0,NONE,"U1 was traveling S on N Stinesville Rd. U1 lost control of the vehicle causing her to run off the road way and into a small tree. D1 stated there was a car driving N on Stinesville Rd. D1 stated that vehicle crossed the center line, D1 then lost control of her vehicle causing her to run off the road. D1 did not have a valid DL and was issued a ticket. The vehicle was towed by Rick's Towing."
903479764,BLOOMINGTON PD,B1946986,MONROE,PERRY,BLOOMINGTON,11/7/2019,7:30 AM,3,0,0,0,0,,WINSLOW,RD,,,,WINSLOW,HENDERSON,,,,Y,,,,39.136144,-86.5268,LOCAL/CITY ROAD,Y,N,N,URBAN,N,N,Y,X-OVER/LANE SHIFT,DAWN/DUSK,RAIN,WET,,FOUR-WAY INTERSECTION,STRAIGHT/LEVEL,ASPHALT,FAILURE TO YIELD RIGHT OF WAY,$10001 TO $25000,RIGHT ANGLE,732,739,Y,N,HENDERSONSTWINSLOWRD,0,TRAFFIC CONTROL SIGNAL,"V1 was traveling eastbound on Winslow Rd and was attempting to make a left turn. V2 was traveling westbound on Winslow Rd. V3 was stationary facing south on Henderson St.V1 turned in front of V2, striking V2 and then hitting V3.D1 stated that she did not see V2 and thought she had a clear path to turn. She stated that she had a green light and not a green arrow.D2 stated that she thought she had a green light and that V1 turned in front of her.D3 observed V1 turn in front of V2, striking V2, and then hitting himV1 failed to yield to V2 causing damage to all three vehicles."
903482197,ISP BLOOMINGTON 33,2.019E+11,MONROE,INDIAN CREEK,BLOOMINGTON,11/7/2019,8:15 PM,1,0,0,0,1,,,,I69N,,,I69N,,,111,,N,,100,N,0,0,INTERSTATE,,N,N,RURAL,N,N,N,,DARK (NOT LIGHTED),CLEAR,DRY,,NO JUNCTION INVOLVED,CURVE/LEVEL,CONCRETE,ANIMAL/OBJECT IN ROADWAY,$1001 TO $2500,COLLISION WITH DEER,815,830,Y,N,I69N111.0,0,LANE CONTROL,Interstate 69 runs North to South through Monroe County in Indian Creek Township. This section of roadway is a multi-lane interstate with a grass median that separates the north and south bound lanes. The roadway in the area of the crash is flat with a slight curve. The roadway was dry and clear on debris. At the time of the crash it was dark with little ambient light and no street lights. Vehicle #1(2017 Red Kia Sorento) was traveling north bound in the right line of the north bound side. A deer ran out in the roadway from the median. V1 slowed its speed to attempt to avoid the deer. V1 struck the deer and came to a stop on the right shoulder in the north bound lane.Driver #1(Kimberly Dwyer) stated that she was traveling northbound at approximately 70MPH. D1 stated that she observed the deer in the median and slowed down incase it ran out in the road. D1 was unable to avoid the deer and struck it. When I arrived I observed the grill and the hood of V1 damaged with debris on the roadway. V1 was leaking radiator fluid. I was unable to locate the deer at the scene.
903480564,BLOOMINGTON PD,B1947006,MONROE,BLOOMINGTON,BLOOMINGTON,11/7/2019,12:25 PM,1,0,0,0,0,528,S COLLEGE,AVE,,,,S COLLEGE,,,,,,,,,39.17088686,-86.534768,UNKNOWN,,N,Y,,N,N,N,,DAYLIGHT,RAIN,WET,,NO JUNCTION INVOLVED,STRAIGHT/LEVEL,ASPHALT,OTHER (DRIVER) - EXPLAIN IN NARRATIVE,UNDER $1001,OTHER - EXPLAIN IN NARRATIVE,1246,1257,N,Y,SCOLLEGEAVE,0,NONE,OWNER OF V1 ADV SHE PARKED V1 IN THE PARKING LOT OF KROGER AT 528 W COLLEGE AVE BETWEEN 11:50 AM AND 12:15 PM. SHE SAID WHEN SHE RETURNED IT HAD BEEN HIT ON THE REAR PASSENGER SIDE OF THE BUMPER. STORE SECURITY WAS CHECKED AND UNABLE TO GET SUSPECT INFORMATION.
903480354,BLOOMINGTON PD,B1947049,MONROE,RICHLAND,BLOOMINGTON,11/7/2019,6:05 PM,2,0,0,0,0,,CURRY,PIKE,,,,NORTH CURRY,PROFILE,,,,Y,,,,39.17198,-86.58299,LOCAL/CITY ROAD,Y,N,N,URBAN,N,N,N,,DARK (NOT LIGHTED),CLEAR,DRY,,T-INTERSECTION,STRAIGHT/LEVEL,ASPHALT,FOLLOWING TOO CLOSELY,$2501 TO $5000,REAR END,614,618,Y,N,NORTHCURRYPIKEWESTPROFILEPKWY,0,TRAFFIC CONTROL SIGNAL,"V1 was Northbound on Curry Pike, approaching West Profile Parkway, when it struck the rear end of V2 which was stopped the intersection.D1 could not recall what happened, only bumping into the rear end of V2.D2 stated she was stopped at the stop light when she was rear ended by V1."
903481168,MONROE SD,M19A37055,MONROE,VAN BUREN,BLOOMINGTON,11/8/2019,7:22 PM,1,0,0,0,1,,W STATE ROAD 45,RD,,,,W STATE ROAD 45,S DUNLAP,,,,N,,100,W,39.1195,-86.61879133,LOCAL/CITY ROAD,,N,N,URBAN,N,N,N,,DARK (NOT LIGHTED),CLEAR,DRY,,NO JUNCTION INVOLVED,STRAIGHT/LEVEL,ASPHALT,ANIMAL/OBJECT IN ROADWAY,$2501 TO $5000,COLLISION WITH DEER,727,736,Y,N,SDUNLAPRDWSTATEROAD45RD,0,NONE,D1 STATED HE WAS DRIVING EAST ON W. STATE ROAD 45 COMING UP TO S. DUNLAP RD WHEN A DEER RAN ACROSS THE ROAD AND V1 STUCK THE DEER WITH THE FRONT OF THE VEHCILE. D1 DID NOT HAVE ENOUGH TIME TO AVOID THE DEER. VEHICLE MOVED PRIOR TO MY ARRIVAL.
903481810,ISP BLOOMINGTON 33,2.019E+11,MONROE,CLEAR CREEK,HARRODSBURG,11/8/2019,06:00 M,1,,0,0,1,,STATE RD 37,,,,,,,,,,N,,0,S,39.01506234,-86.53708212,STATE ROAD,,,,RURAL,N,N,N,,DARK (NOT LIGHTED),CLEAR,DRY,,NO JUNCTION INVOLVED,,ASPHALT,ANIMAL/OBJECT IN ROADWAY,$5001 TO $10000,COLLISION WITH DEER,606,606,Y,N,,0,,"Vehicle 1 (White 2013 Ford Explorer) was traveling north on SR37, 500 feet south of Monroe Dam Road. Vehicle 1 was in the right lane when a deer struck the front driver's side. This resulted in damage to vehicle 1.Driver 1 (Cindy Stout) advised that she was traveling north of SR37 when a deer ran into the driver's side of her vehicle. Driver 1 advised that she was unable to the collision.Evidence at the scene was consistent with the information provided by driver 1. Deer hair and blood were located in the damaged portion of vehicle 1. The deceased deer was located near the scene of the crash. No injuries were reported by the occupants of vehicle 1 and vehicle 1 was driveable."
903481920,ISP BLOOMINGTON 33,2.019E+11,MONROE,PERRY,BLOOMINGTON,11/8/2019,09:00 M,1,,1,0,0,,STATE ROAD 37,,,,,,,,,,N,,53,E,39.08522041,-86.54268211,STATE ROAD,,,,RURAL,N,N,N,,DAYLIGHT,CLEAR,DRY,,FOUR-WAY INTERSECTION,,ASPHALT,,$10001 TO $25000,RAN OFF ROAD,905,905,Y,Y,,0,,"Vehicle 1 ( Silver 2007 Mazda) was traveling south on SR37, 53 feet south of Old SR37 in the right lane. Vehicle 1 traveled off the west side of the roadway. Vehicle 1 traveled at a 45 degree angle, coming to rest upon striking a tree. This resulted in damage to Vehicle 1 and injury to a passenger of the vehicle.Driver 1 (Alexis Capps) advised that she was traveling south on SR37, enroute to Bedford, IN. Driver 1 advised that she did not know why her vehicle left the roadway. This crash resulted in injury to Tate Stewart, a passenger of vehicle 1. Stewart complained of pain to his head. He was transported to IU Health Bloomington to be checked out. There was no evidence or witnesses to the crash that could assist in an explanation for this crash. Driver 1 did not complain of injuries at the time of the investigation.No occupants from the vehicle were able to assist with an explanation of how the crash occurred. No witnesses to the crash were located at the time of the investigation. The roadway was free from yaw marks or any signs that driver attempted to brake or prevent the crash from occurring.Vehicle 1 was towed from the scene by Summit Towing."
903480491,MONROE SD,M19A36956,MONROE,RICHLAND,BLOOMINGTON,11/8/2019,3:05 AM,1,0,0,0,1,,,,SR46W,,,SR46W,CURRY,,,,N,,1000,W,39.19369,-86.57130342,STATE ROAD,,N,N,RURAL,N,Y,N,,DARK (NOT LIGHTED),CLEAR,DRY,,NO JUNCTION INVOLVED,STRAIGHT/LEVEL,ASPHALT,ANIMAL/OBJECT IN ROADWAY,$5001 TO $10000,COLLISION WITH DEER,308,308,Y,N,NCURRYPIKESR46W,0,LANE CONTROL,"V1 WAS TRAVELING WESTBOUND ON W STATE ROAD 46 JUST WEST OF CURRY PIKE WHEN A DEER RAN OUT IN FRONT OF THE VEHICLE. THE V1 COLLIDED WITH THE DEER, KILLING IT. V1 HAD SIGNIFICANT DAMAGE TO THE FRONT RIGHT SIDE OF THE VEHICLE. BOTH OCCUPANTS AGREED TO DRIVE THE VEHCILE AWAY FROM THE SCENE AND DID NOT REQUEST A TOW TRUCK.NEITHER OCCUPANT WAS INJURED, AND NONE REQUESTED MEDICAL ATTENTION."
903481131,INDIANA UNIV BLOOMINGTON PD,192654,MONROE,BLOOMINGTON,BLOOMINGTON,11/8/2019,7:20 PM,2,0,0,0,0,,WALNUT GROVE,ST,,,,WALNUT GROVE,17TH,,,,Y,,,,39.17896,-86.521088,LOCAL/CITY ROAD,,N,N,URBAN,N,N,N,,DARK (LIGHTED),CLEAR,DRY,,T-INTERSECTION,STRAIGHT/LEVEL,ASPHALT,IMPROPER LANE USAGE,$2501 TO $5000,LEFT/RIGHT TURN,724,732,Y,N,EAST17THSTWALNUTGROVEST,0,STOP SIGN,"On 11/08/2019 at approximately 1932 hours, I arrived at 17th Street and Walnut Grove Street to take a crash report.I spoke with D2 who stated he was driving eastbound on 17th Street approaching Walnut Grove Street and put his turn signal on to turn right (south) onto Walnut Grove. D2 stated he was about halfway through his turn when he felt an impact on the right side of V2 and thought he had hit a curb. Instead, he realized that V1 had been in his blind-spot on his right side and V1 and V2 collided. V2 sustained damage to the right side. The front passenger's side door was scratched and dented in and the front passenger's side wheel was also scratched. The back passenger's side door was also damaged with scratches and part of the door was bent outward.D1 stated he was driving eastbound on 17th Street approaching Walnut Grove. D1 stated that the road was wide enough for two lanes of travel going eastbound and thought he was in the ""right lane"" on 17th Street. D1 stated he was going faster than D2 was and was going to pass. He then saw that V2 had it's turn signal on to turn south onto Walnut Grove and he did not have time to get out of the way. 17th Street going eastbound only has one lane of eastbound travel. The lane for eastbound traffic is oversized, however, there are no painted lines indicating that there are two eastbound lanes. V1 sustained damage to the front driver's side. The driver's side headlight was shattered and the bumper was dented above the front driver's side wheel. The front driver's side door also could only open slightly but not enough for anyone to get into the car from that door."
903480833,BLOOMINGTON PD,B1947123,MONROE,BLOOMINGTON,BLOOMINGTON,11/8/2019,10:22 AM,2,0,0,0,0,,LINCOLN,ST,,,,LINCOLN,KIRKWOOD,,,,Y,,100,N,39.16691466,-86.530992,LOCAL/CITY ROAD,,N,N,URBAN,N,N,N,,DAYLIGHT,CLEAR,DRY,,NO JUNCTION INVOLVED,STRAIGHT/LEVEL,ASPHALT,FAILURE TO YIELD RIGHT OF WAY,$1001 TO $2500,SAME DIRECTION SIDESWIPE,1026,1030,Y,N,KIRKWOODAVELINCOLNST,0,NONE,"BOTH VEHICLES WERE IN THE 100 BLOCK OF N. LINCOLN ST, JUST NORTH OF KIRKWOOD AVE.D1 SAID HE WAS EXITING A PARKING SPACE ON THE WEST SIDE OF THE STREET, AND DID NOT SEE V2 COMING NORTH BOUND.V2 WAS NORTH BOUND ON LINCOLN ST.NO REPORTED INJURIES."
903481173,MONROE SD,M19A37040,MONROE,PERRY,BLOOMINGTON,11/8/2019,5:11 PM,2,0,0,0,0,,S FAIRFAX,RD,,,,S FAIRFAX,S OLD STATE 37,,,,N,,100,E,39.10821813,-86.53131657,COUNTY ROAD,,N,N,RURAL,N,N,N,,DAYLIGHT,CLEAR,DRY,,FOUR-WAY INTERSECTION,STRAIGHT/LEVEL,ASPHALT,OVERCORRECTING/OVERSTEERING,$5001 TO $10000,OPPOSITE DIRECTION SIDESWIPE,511,519,Y,N,SFAIRFAXRDSOLDSTATE37RD,0,LANE CONTROL,"V1 was turning east onto S. Fairfax Rd from a gas station on the north east corner of the intersection. V2 was sitting in traffic facing west attempting to let V1 cross his lane to turn east. V1 did not see another car in the eastbound lane, over corrected to the left, and struck V2.D1 stated he exited to gas station and crossed over the westbound lane. D1 stated as he was entering into the eastbound lane he noticed a car coming eastbound. D1 stated he did not know what to do and turned left, striking V2. V2 stated he was sitting in traffic facing westbound. D2 attempted to left V1 out of the gas station to cross into the eastbound lane. D2 stated V1 pulled out in front of a car and then V1 turned into V2. Both vehicle has front left damage from where they struck. Both vehicles were towed by Hawkin's Towing. All parties involved denied EMS."
903480886,BLOOMINGTON PD,B1947125,MONROE,BLOOMINGTON,BLOOMINGTON,11/8/2019,10:31 AM,2,0,0,0,0,,11TH,ST,,,,11TH,MORTON,,,,Y,,,,39.173216,-86.536,LOCAL/CITY ROAD,,N,N,URBAN,N,N,N,,DAYLIGHT,CLEAR,DRY,,T-INTERSECTION,STRAIGHT/GRADE,ASPHALT,FAILURE TO YIELD RIGHT OF WAY,$2501 TO $5000,RIGHT ANGLE,1045,1051,Y,N,11THSTMORTONST,0,STOP SIGN,V1 WAS NORTHBOUND ON MORTON ST STOPPED AT THE STOP SIGN FOR 11TH STREET.V2 WAS EASTBOUND ON 11TH STREET AND MORTON ST.D1 SAID AFTER STOPPING SHE TURNED LEFT BUT DID NOT SEE V2 COMING. SHE SAID WHEN SHE ENTERED THE INTERSECTION SHE COLLIDED WITH V2.D2 SAID AS HE DROVE EAST V1 PULLED OUT AND HIM HIM.
903481065,BLOOMINGTON PD,B1947163,MONROE,BLOOMINGTON,BLOOMINGTON,11/8/2019,4:15 PM,2,0,0,0,0,,WEST 11TH,ST,,,,WEST 11TH,NORTH DIAMOND,,,,Y,PRIVATE,,,39.173344,-86.544272,LOCAL/CITY ROAD,,N,N,URBAN,N,N,N,,DAYLIGHT,CLEAR,DRY,,T-INTERSECTION,STRAIGHT/GRADE,ASPHALT,FAILURE TO YIELD RIGHT OF WAY,$50001 TO $100000,RIGHT ANGLE,420,423,Y,Y,NORTHDIAMONDSTWEST11THST,0,STOP SIGN,"V2 WAS EASTBOUND ON WEST 11TH STREET, APPROACHING NORTH DIAMOND ROAD, WHEN V2 MADE A LEFT HAND TURN ONTO NORTH DIAMOND STREET FROM 11TH STREET, PULLING OUT INFRONT OF V2. V1 AND V2 THEN COLLIDED IN THE INTERSECTION. AFTER THE COLLISION V2 CONTINUED OFF THE SOUTH EAST SIDE OF THE ROADWAY, STRUCK A STOP SIGN, AND THEN COLLIDED INTO A HOUSE (903 WEST 11TH STREET).D1 STATED HE WAS WESTBOUND ON 11TH STREET AND MADE A LEFT HAND TURN ONTO NORTH DIAMOND STREET. D1 STATED WHEN HE MADE THE LEFT TURN HE DID NOT SEE ANY VEHICLES COMING EASTBOUND ON 11TH STREET. V1 STATED WHILE HE WAS MAKING THE TURN SHE HEARD A VEHICLE HONKING A HORN AND HE STOPPED IN THE EASTBOUND LANE OF 11TH STREET. V1 STATED AT THAT TIME HE SAW V2, AND V2 COLLIDED INTO HIS VEHICLE.D2 STATED SHE WAS EASTBOUND ON 11TH STREET WHEN V1 MADE A LEFT HAND TURN IN FRONT OF HER. D2 STATED SHE ATTEMPTED TO AVOID THE COLLISION BUT HER VEHICLE STRUCK V1. D2 STATED AFTER STRIKING V1, HER VEHICLE CONTINUED OFF THE SOUTH EAST SIDE OF THE INTERSECTION AND HER VEHICLE STRUCK A RESIDENCE."
903481165,MONROE SD,M19A37048,MONROE,PERRY,BLOOMINGTON,11/8/2019,6:22 PM,1,0,0,0,1,,,,I69N,,,I69N,,,112.5,,N,OTHER,10,N,0,0,INTERSTATE,,N,N,RURAL,N,N,N,,DARK (NOT LIGHTED),CLEAR,DRY,,NO JUNCTION INVOLVED,STRAIGHT/LEVEL,ASPHALT,ANIMAL/OBJECT IN ROADWAY,$5001 TO $10000,RAN OFF ROAD,626,634,Y,N,I69N112.5,0,NONE,DRIVER OF VEHICLE 1 STATED SHE WAS DRIVING NORTH ON INTERSTATE 69 WHEN SHE SWERVED TO MISS A DEAD DEER IN THE MIDDLE OF THE ROADWAY. WHEN SHE SWERVED TO MISS THE DEER SHE RAN OFF THE ROAD WAY STRIKING A MILE MARKER SIGN AND LANDING IN A DITCH 10 YARDS OFF THE HIGHWAY. HEAVY FRONT END DAMAGE TO VEHICLE REQUIRING A TOW.
903481637,ISP PUTNAMVILLE 53,2.019E+11,MONROE,BLOOMINGTON,BLOOMINGTON,11/8/2019,6:30 PM,1,0,0,0,1,,,,I69,,,I69,,,121,,N,,50,S,0,0,INTERSTATE,,N,N,RURAL,N,Y,N,,DARK (NOT LIGHTED),CLEAR,DRY,,NO JUNCTION INVOLVED,STRAIGHT/LEVEL,ASPHALT,ANIMAL/OBJECT IN ROADWAY,$2501 TO $5000,COLLISION WITH DEER,636,636,Y,N,I69121,0,LANE CONTROL,Driver 1 (D1) stated the following: On 11/08/2019 while traveling south on I69 in the area of the 121mm Vehicle 1 (V1) struck a deer. The deer entered the roadway from the west and struck the front passenger corner of V1. V1 received Damage to the passenger headlight as well as the hood. The deer continued east across the roadway. V1 continued to the next exit and requested a crash report due to the damage. Both driver and passenger requested no medical attention. V1 was drivable.
903480923,BLOOMINGTON PD,B1947134,MONROE,PERRY,BLOOMINGTON,11/8/2019,11:30 AM,2,0,0,0,0,,HENDERSON,ST,,,,HENDERSON,WINSLOW,,,,Y,,,,39.136144,-86.5268,LOCAL/CITY ROAD,Y,N,Y,URBAN,N,N,Y,WORK ON SHOULDER,DAYLIGHT,CLEAR,DRY,,FOUR-WAY INTERSECTION,STRAIGHT/GRADE,ASPHALT,IMPROPER LANE USAGE,UNDER $1001,SAME DIRECTION SIDESWIPE,1145,1155,Y,N,HENDERSONSTWINSLOWRDS,0,TRAFFIC CONTROL SIGNAL,"D2 stated she was heading South on Henderson Street approaching Winslow Road.D2 stated that she was in the right lane and was going to turn West on Winslow Road.D2 stated that V1 was in the left turn lane facing South on Henderson Street. D2 stated that V1 pulled out of the left turn lane into her lane and sideswiped the driver side of her vehicle. D2 stated that after V1 struck her vehicle, V1 turned left on Winslow Road and left the area. D2 describe the V1 as an older tan truck, unknown make or model, that was being driven by a black male in his late 30's to early 40's. I did not locate the V1 in the area."
903480969,MONROE SD,M19A36970,MONROE,BLOOMINGTON,BLOOMINGTON,11/8/2019,9:08 AM,2,0,0,0,0,,N OLD ST 37,RD,,,,N OLD ST 37,BETHEL,,,,N,,,,39.21539,-86.52157,LOCAL/CITY ROAD,,N,N,URBAN,N,N,Y,LANE CLOSURE,DAYLIGHT,CLEAR,DRY,,T-INTERSECTION,STRAIGHT/HILLCREST,ASPHALT,FAILURE TO YIELD RIGHT OF WAY,$5001 TO $10000,RIGHT ANGLE,908,928,Y,N,BETHELLNNOLDST37RD,0,OFFICER/CROSSING GUARD/FLAGMAN,D2 ADVISED THAT HE WAS TRAVELING SOUTH ON OLD STATE ROAD 37 WHILE V1 WAS AT THE BETHEL LANE STOP SIGN. THERE IS ONGOING CONSTRUCTION IN THE AREA WHERE FLAGGERS ARE BEING USED TO CONTROL TRAFFIC. D1 STATED HE WAS WAVED THROUGH THE INTERSECTION BY ONE OF THE CONSTRUCTION WORKERS WHEN V1 PULLED IN FRONT OF V2 CAUSING V2 TO STRIKE V1 ON THE RIGHT FRONT QUARTER PANEL.D1 ADVISED THAT SHE WAS STOPPED AT THE STOP SIGN AT BETHEL AND OLD STATE ROAD 37 WHEN THE CONSTRUCTION WORKER THERE MOTIONED IN WHAT SHE UNDERSTOOD AS TO PROCEED THROUGH THE INTERSECTION. D1 ADVISED THAT AS SHE WAS PULLED ONTO OLD STATE ROAD 37 FROM BETHEL LANE SHE PULLED IN FRONT OF V2 CAUSING V1 TO STRIKE HER FRONT PASSENGER SIDE QUATER PANEL.