Master Record Number,Agency,Local Code,County,Township,City,Collision Date,Collision Time,Vehicles Involved,Trailers Involved,Number Injured,Number Dead,Number Deer,House Number,Roadway Name,Roadway Suffix,Roadway Number,Roadway Interchange,Roadway Ramp,Roadway Id,Intersecting Road,Intersecting Road Number,Mile Marker,Interchange,Corporate Limits?,Property Type,Feet From,Direction,Latitude,Longitude,Roadway Class,Traffic Control Devices?,Aggressive Driving?,Hit and Run?,Locality,School Zone?,Rumble Strips?,Construction?,Construction Type,Light Condition,Weather Conditions,Surface Condition,Type of Median,Roadway Junction Type,Road Character,Roadway Surface,Primary Factor,Damage Estimate,Manner of Collision,Time Notified,Time Arrived,Investigation Complete?,Photos Taken?,Unique Location Id,State Property Damage?,Traffic Control,NARRATIVE
903483090,INDIANA UNIV BLOOMINGTON PD,192682,MONROE,BLOOMINGTON,BLOOMINGTON,11/11/2019,7:37 PM,2,0,0,0,0,1601,E LAW,LN,,,,E LAW,,,,,Y,,,,39.17358,-86.511736,UNKNOWN,,N,N,URBAN,N,N,N,,DARK (LIGHTED),SNOW,ICE,,NO JUNCTION INVOLVED,STRAIGHT/GRADE,ASPHALT,ROADWAY SURFACE CONDITION,$1001 TO $2500,REAR END,742,748,Y,N,ELAWLN,0,NONE,"Vehicle 1 was traveling southwest from the top end of the parking lot attempting to slow down as she approached the rear of Vehicle 2. Vehicle 2 was stopped facing southwest at the parking booth of 1601 E Law Lane paying her parking fee. Driver 1 advised she turned southwest from the top end of the parking lot and immediately began attempting to slow down as she went down the hill, traveling towards the rear of Vehicle 2. Driver 1 stated the parking lot was icy and she immediately began sliding down the hill. She advised that she was unable to stop and slid all the way down the hill into the rear of Vehicle 2.Driver 2 stated she was stopped at the gate paying for her parking when she was struck from the rear by Vehicle 1.No one involved complained of injuries.Vehicle 1 had damage to the front bumper, grille, and hood. Vehicle 2 did not have any apparent damage."
903482587,BLOOMINGTON PD,B1947494,MONROE,BLOOMINGTON,BLOOMINGTON,11/11/2019,2:38 PM,2,0,0,0,0,,W 2ND,ST,,,,W 2ND,S WALKER,,,,Y,,100,E,39.16143,-86.54614865,LOCAL/CITY ROAD,,N,N,URBAN,N,N,N,,DAYLIGHT,RAIN,WET,,NO JUNCTION INVOLVED,STRAIGHT/GRADE,ASPHALT,FOLLOWING TOO CLOSELY,$1001 TO $2500,REAR END,243,252,Y,N,SWALKERSTW2NDST,0,NONE,"D1 stated that she was traveling east on W 2nd Street, just east of S Walker Street, when the traffic in front of her began braking and slowing down. D1 stated that she began braking, but was unable to slow down and stop in time before rear ending V2. The front bumper of the V1 struck the rear bumper of V2.D2 stated that he was traveling east on W 2nd Street, just east of S Walker Street, when the traffic in front of him began braking and slowing down. D2 stated that he was either stopped completely, or almost stopped, when he was suddenly rear ended by V1"
903483038,INDIANA UNIV BLOOMINGTON PD,192681,MONROE,BLOOMINGTON,BLOOMINGTON,11/11/2019,7:25 PM,2,0,0,0,0,,WOODLAWN,AVE,,,,WOODLAWN,TENTH,,,,Y,,,,39.17164,-86.52351,LOCAL/CITY ROAD,,N,N,URBAN,N,N,N,,DARK (LIGHTED),SNOW,SNOW/SLUSH,,NO JUNCTION INVOLVED,STRAIGHT/GRADE,ASPHALT,SPEED TOO FAST FOR WEATHER CONDITIONS,$1001 TO $2500,REAR END,731,739,Y,N,TENTHSTWOODLAWNAVE,0,LANE CONTROL,"V2 was stopped at the intersection of North Woodlawn Avenue and East 10th Street, facing south. V2 had multiple vehicles between it and the intersection at the time of the accident. Roadway conditions were poor with precipitating snow fall and wet snow on the roadway. D1 informed me that he was traveling between 3-5mph as he approached V2. D1 stated that while attempting to come to a complete stop, his vehicle slid forward towards V2. D1 said he attempted to avoid V2 by maneuvering his vehicle into the left lane, However, D1 said he did not have enough room to make the correction, causing the front right bumper of V1 to hit the rear left bumper of V2."
903488744,ISP BLOOMINGTON 33,2.019E+11,MONROE,BENTON,BLOOMINGTON,11/11/2019,20:07 M,1,,0,0,0,,EARL YOUNG RD,,,,,,,,,,N,,1000,N,39.22592843,-86.45463833,COUNTY ROAD,,,,RURAL,N,N,N,,DARK (NOT LIGHTED),SNOW,SNOW/SLUSH,,NO JUNCTION INVOLVED,,GRAVEL,,$2501 TO $5000,RAN OFF ROAD,2101,2136,Y,Y,,0,,"On Monday, November 11, 2019 at 20:07, Ryan Miller responded to a crash on Earl Young Rd approximately 1000 ft north of E Everett Arnold Dr. At the time of the crash, the weather was snowing and the road surface was snow and ice covered. The area of this collision on Earl Young Road is a narrow gravel county road along a steep hill that is posted as being not maintained. V1, red Chevrolet, was traveling south on Earl Young Road. V1 began to ascend the hill and lost momentum due to the snow/ice covered roadway. V1 then slid backwards and left the west side of the roadway. V1 slid down a steep ditch and came to rest on a fallen tree above a creek bed. D1, Parker, stated she became lost and was utilizing a mapping system on her phone as a guide. D1 stated she was directed onto Earl Young Road and began to climb the hill. D1 stated she lost momentum and began to slide. D1 stated she left the roadway and came to rest in a ditch.Evidence shows the roadway as snow and ice covered during the accident investigation. Evidence shows V1 was resting on a fallen tree above a creek bed along the west side of Earl Young Road. Evidence shows damage to all sides of V1 consistent with traveling off the roadway. V1 was not towed from the scene during the accident scene due to the dangerous road conditions. Bland's Towing was called to remove the vehicle on a later date."
903483033,BLOOMINGTON PD,B1947537,MONROE,BLOOMINGTON,BLOOMINGTON,11/11/2019,8:19 PM,1,0,0,0,0,,E 10TH,ST,,,,E 10TH,N SMITH,,,,Y,,2500,W,39.172752,-86.482288,LOCAL/CITY ROAD,,N,N,URBAN,N,N,N,,DARK (NOT LIGHTED),SNOW,ICE,,NO JUNCTION INVOLVED,CURVE/GRADE,ASPHALT,RAN OFF ROAD RIGHT,$2501 TO $5000,RAN OFF ROAD,823,832,Y,N,E10THSTNSMITHRD,0,NONE,Vehicle 1 was traveling east on E 10th street. It was snowing outside and the roadway was ice/snow covered. The driver stated that has he crested the hill near 3960 E 10th and began down the hill. Driver noticed vehicles that looked stuck on the hill. Driver stated that he noticed a person standing in the roadway. Driver attempted to slow down but began sliding and was forced to go off the roadway down an embankment on the north side of the roadway instead of striking the pedestrian because he was unable to stop the vehicle due to the roadway surface condition. No injuries from this accident. Vehicle was towed due to damage.
903483162,BLOOMINGTON PD,B1947534,MONROE,BLOOMINGTON,BLOOMINGTON,11/11/2019,8:06 PM,2,0,2,0,0,,PATTERSON,DR,,,,S PATTERSON,ALLEN,,,,Y,,300,S,39.12395391,-86.54332,LOCAL/CITY ROAD,,N,N,URBAN,N,N,N,,DARK (LIGHTED),SNOW,SNOW/SLUSH,,NO JUNCTION INVOLVED,CURVE/LEVEL,ASPHALT,LEFT OF CENTER,$5001 TO $10000,HEAD ON BETWEEN TWO MOTOR VEHICLES,808,818,Y,Y,SPATTERSONDRWALLENST,0,NONE,"V1 WAS TRAVELING NB ON S PATTERSON DR. V2 WAS TRAVELING SB ON S PATTERSON DR. THE ROADWAY WAS COVERED WITH SNOW AND SLUSH AND IT WAS CURRENLTY SNOWING AT THE TIME OF THE ACCIDENT. D2 ADVISED V1 CROSSED LEFT OF CENTER AND STRUCK V2 HEAD ON. D1 ADVISED SHE DID NOT KNOW WHAT HAPPENED. D1 HAD A COMPLAINT OF HEAD, NECK AND JAW PAIN AND HAD DRIED BLOOD ON HER MOUTH. D1 REFUSED TREATMENT BY EMS. D2 HAD A COMPLAINT OF CHEST, HEAD AND KNEE PAIN. D2 WAS TRANSPORTED TO THE HOSPITAL. WHEN D1 WAS ASKED ABOUT INSURANCE, D1 STATED V1 WAS OWNED BY A FRIEND AND SHE DID NOT KNOW WHERE THAT INFORMATION WAS. OFFICERS WERE UNABLE TO LOCATE INSURANCE INSIDE OF V1. IT SHOULD BE NOTED, D1 DID APPEAR TO BE IMPAIRED AND AN OPERATING WHILE INTOXICATED INVESTIGATION WAS COMPLETED. SHE WAS REMANDED TO THE JAIL AT THE CONCLUSION OF THAT INVESTIGATION. BOTH VEHICLES WERE TOWED FROM THE SCENE DUE TO DAMAGE."
903482192,BLOOMINGTON PD,B1947452,MONROE,PERRY,BLOOMINGTON,11/11/2019,3:36 AM,1,0,0,0,1,,,,I69S,,,I69S,,,116,,Y,,300,N,0,0,INTERSTATE,,N,N,RURAL,N,N,N,,DARK (LIGHTED),CLEAR,DRY,,NO JUNCTION INVOLVED,STRAIGHT/LEVEL,ASPHALT,ANIMAL/OBJECT IN ROADWAY,$2501 TO $5000,COLLISION WITH DEER,336,347,Y,N,I69S116,0,NONE,D1 stated she was traveling south on I69 when a deer ran into her path. She was unable to avoid striking the deer.
903482475,BLOOMINGTON PD,B1947474,MONROE,BLOOMINGTON,BLOOMINGTON,11/11/2019,9:35 AM,1,0,0,0,0,3425,E JOHN HINKLE,PL,,,,E JOHN HINKLE,,,,,Y,,,,39.17064509,-86.49318779,UNKNOWN,,N,N,URBAN,N,N,N,,DAYLIGHT,CLOUDY,DRY,,NO JUNCTION INVOLVED,STRAIGHT/LEVEL,ASPHALT,UNSAFE BACKING,$1001 TO $2500,OTHER - EXPLAIN IN NARRATIVE,1139,1200,Y,N,EJOHNHINKLEPL,0,NONE,Driver 1 stated she was backing out of an area that was not designated a parking spot in the lot near 3425 E John Hinkle Place and struck a support post for a carport.
903483112,INDIANA UNIV BLOOMINGTON PD,192683,MONROE,BLOOMINGTON,BLOOMINGTON,11/11/2019,7:16 PM,1,0,1,0,0,,INDIANA,AVE,,,,INDIANA,KIRKWOOD,,,,Y,,,,39.16653,-86.52693,LOCAL/CITY ROAD,,N,N,URBAN,N,N,N,,DARK (LIGHTED),BLOWING SAND/SOIL/SNOW,SNOW/SLUSH,,T-INTERSECTION,STRAIGHT/LEVEL,ASPHALT,FAILURE TO YIELD RIGHT OF WAY,UNDER $1001,LEFT TURN,718,722,Y,Y,INDIANAAVEKIRKWOODAVE,1,STOP SIGN,"V1 was making a left hand turn from E. Kirkwood Ave. on to N. Indiana Ave. traveling north east. P1 was crossing at the crosswalk at N. Indiana Ave traveling west bound. Visibility was poor due to heavy snowfall at the time.D1 stated he came to a stop at the stop sign at the intersection of Kirkwood and Indiana. He then stated he did not see P1 crossing and began to make a left hand turn. When he heard P1 scream and attempted to stop. D1 stated he was unable to stop and struck P1 on the driver side of the bus.P1 stated she was crossing at the crosswalk on Indiana, heading west bound after seeing V1 come to a stop at the stop sign. P1 then stated she noticed V1 was going to strike her and she tried to jump out of the way. P1 was unable to make it out of the way and was struck on her left side, by the driver side of V1.W1 stated she was walking behind P1 and noticed V1 come to a stop at the stop sign before proceeding through the intersection. Before P1 had crossed, W1 stated V1 tried to stop but slid into P1.P1 was transported to the IU Bloomington Hospital where she was treated and released with minor contusions and bruises.V1 is a city bus and is equipped with video equipment. The video was not immediately available at the scene but a bus supervisor stated it would be made available as soon as possible.D1 showed no signs of intoxication."
903482948,BLOOMINGTON PD,B1947530,MONROE,BLOOMINGTON,BLOOMINGTON,11/11/2019,7:40 PM,1,0,0,0,0,,N CURRY,PIKE,,,,N CURRY,W PROFILE,,,,Y,,100,N,39.18255643,-86.58299,LOCAL/CITY ROAD,,N,N,URBAN,N,N,N,,DARK (NOT LIGHTED),SNOW,SNOW/SLUSH,,NO JUNCTION INVOLVED,STRAIGHT/LEVEL,ASPHALT,OTHER (VEHICLE) - EXPLAIN IN NARRATIVE,$1001 TO $2500,OTHER - EXPLAIN IN NARRATIVE,742,754,Y,N,NCURRYPIKEWPROFILEPKWY,0,NONE,"D1 stated that he was traveling north on North Curry Pike, just north of Profile Parkway, when his vehicle lost traction in the snow. D1 stated that when the vehicle lost traction, his vehicle slid and hit the curb on the east side of the road. The bumper of V1 was stuck on the curb, and the right side tires were angled from apparent damage to the frame."
903483015,MONROE SD,M19A37326,MONROE,BLOOMINGTON,BLOOMINGTON,11/11/2019,8:52 PM,1,0,0,0,0,,N BUSINESS 37,RD,,,,N BUSINESS 37,E WHISNAND,,,,N,,100,S,39.21406934,-86.53977,LOCAL/CITY ROAD,,N,N,RURAL,N,N,N,,DARK (NOT LIGHTED),SNOW,SNOW/SLUSH,,NO JUNCTION INVOLVED,STRAIGHT/LEVEL,ASPHALT,ROADWAY SURFACE CONDITION,$1001 TO $2500,RAN OFF ROAD,905,921,Y,N,EWHISNANDRDNBUSINESS37RD,0,NONE,D1 SAID HE WAS NORTHBOUND ON BUSINESS 37 WHEN HE WENT OVER A BUMP AND STARTED TO SPIN OUT IN THE ICE AND SNOW. WHILE SPINNING HE RAN INTO THE GUARD RAIL ON THE WEST SIDE OF THE ROADWAY.
903482650,INDIANA UNIV BLOOMINGTON PD,192676,MONROE,BLOOMINGTON,BLOOMINGTON,11/11/2019,3:10 PM,2,0,0,0,0,,3RD,ST,,,,3RD,FESS,,,,Y,,,,39.164448,-86.525792,LOCAL/CITY ROAD,,N,N,URBAN,N,N,N,,DAYLIGHT,SLEET/HAIL/FREEZING RAIN,WET,,T-INTERSECTION,STRAIGHT/LEVEL,ASPHALT,FOLLOWING TOO CLOSELY,$2501 TO $5000,REAR END,319,336,Y,N,3RDSTFESSAVE,0,NONE,"When I arrived on scene, both vehicles had been moved from where the crash occurred. I spoke with the people involved in the crash and none of them complained of any injuries. The crash involved a black Honda (V1), driven by Tabitha May (D1), and a red Ford (V2), driven by Elizabeth McDowell (D2).They both stated the same story. They were westbound on 3rd St in the left lane with V1 following V2. Traffic came to a stop and V2 stopped but V1 was not able to in time. V1 rear ended V2.Both drivers were unsure of the cross street but they pointed at Fess Ave so I believe that is where the crash occurred. V1 sustained moderate damage to the front bumper and grill. V2 sustained moderate damage to the rear bumper and trunk lid.Both vehicles were able to be driven from the scene."
903487778,ISP BLOOMINGTON 33,2.019E+11,MONROE,RICHLAND,BLOOMINGTON,11/11/2019,14:55 M,2,,0,0,0,,SR 48,,,,,,,,,,N,,792,W,39.16879181,-86.66287275,STATE ROAD,,,,RURAL,N,N,N,,DAYLIGHT,SNOW,WET,,NO JUNCTION INVOLVED,,ASPHALT,LEFT OF CENTER,$5001 TO $10000,SAME DIRECTION SIDESWIPE,1500,1509,Y,N,,0,,"On Monday, November 11, 2019 at 14:55, Ryan Miller responded to a crash on SR 48 approximately 2500 feet west of Vernal Pike. At the time of the crash, the weather was snowing and the road surface was wet. V1, gold Ford Explorer, was traveling east on SR48 approaching a left hand curve. V2, white Ford Transit, was traveling west on SR48 in a right hand curve. V1 began to slide on the wet roadway and crossed the center line. V1 struck the left rear corner of V2 with the left rear corner of V1 in the westbound lane of SR48. V1 continued to spin after impact with V2 and came to final rest in a ditch along the north side of SR48. V2 continued west on SR48 and came to a controlled stop in the westbound lane. D1, Colson, stated she was traveling east on SR48. D1 indicated the tires on V1 needed replacement due to poor tread. D1 stated she began to slide on the wet roadway. D1 stated she traveled across the center line into the westbound lane of SR48. D1 stated she struck the rear of V2 then struck a ditch along the north side of the roadway. D2, Shelton, stated he was traveling west on SR48. D2 stated V1 traveled left of center into the westbound lane of SR48. D2 stated V1 struck the left rear corner of V2.Evidence shows damage to the driver's side and front of V1. Evidence shows damage to the left rear corner of V2. Evidence shows there was snowfall and the roadway was wet during the accident investigation.**Location: SR48 approximately 2500 feet west of Vernal Pike. Map feature within the report incorrectly identifies the location of the collision**"
903482677,INDIANA UNIV BLOOMINGTON PD,192678,MONROE,BLOOMINGTON,BLOOMINGTON,11/11/2019,3:38 PM,2,0,0,0,0,1315,TENTH,ST,,,,TENTH,,,,,Y,,,,39.17165497,-86.5185969,UNKNOWN,,N,N,URBAN,N,N,N,,DAYLIGHT,SNOW,WET,,NO JUNCTION INVOLVED,STRAIGHT/LEVEL,ASPHALT,UNSAFE LANE MOVEMENT,$1001 TO $2500,SAME DIRECTION SIDESWIPE,340,345,Y,N,TENTHST,0,NONE,V2 was passing on the left a line of vehicles that were stopped for pick up and drop off on the north side of the School of Public and Environmental Affairs located at 1315 E. 10th Street. V1 was stopped in the line of traffic and began to change lanes to also pass the line of vehicles.D2 stated he was passing on the left a line of vehicles that were stopped for pick up and drop off at the School of Public and Environmental Affairs in V2. He stated he was driving south and V1 moved out of the line of vehicles to also pass and collided in the front passenger side of V2.D1 stated he was stopped in the line of vehicles facing south in V1. He stated that he moved to the left of the vehicles to pass and collided into the front passenger side of V2.There was damage to the front passenger side bumper and quarter panel of V2. There was damage to the front driver side bumper and quarter panel of V1. There were no injuries.
903486072,BLOOMINGTON PD,B1947604,MONROE,BLOOMINGTON,BLOOMINGTON,11/12/2019,10:37 AM,2,0,0,0,0,3021,E 3RD,ST,,,,E 3RD,,,,,Y,,,,39.16424,-86.4939483,UNKNOWN,,N,N,URBAN,N,N,N,,DAYLIGHT,CLEAR,SNOW/SLUSH,,NO JUNCTION INVOLVED,STRAIGHT/LEVEL,ASPHALT,UNSAFE BACKING,$1001 TO $2500,BACKING CRASH,1106,1117,Y,N,E3RDST,0,NONE,Driver 1 stated he was backing out of a parking space at 3021 E 3rd St and did not see vehicle 2 driving past in the lot. Driver 1 stated he backed into vehicle 2. Driver 2 stated she was driving through the lot when vehicle 1 backed out of a parking spot and hit the side of her vehicle.
903484882,MONROE SD,M19A37353,MONROE,BLOOMINGTON,BLOOMINGTON,11/12/2019,8:10 AM,2,0,0,0,0,,S ADAMS S,ST,,,,S ADAMS S,W ALLEN,,,,N,,,,39.15586,-86.55055,LOCAL/CITY ROAD,,N,N,URBAN,N,N,N,,DAYLIGHT,CLEAR,ICE,,NO JUNCTION INVOLVED,STRAIGHT/GRADE,ASPHALT,SPEED TOO FAST FOR WEATHER CONDITIONS,$10001 TO $25000,REAR END,810,840,Y,N,SADAMSSSTWALLENST,0,STOP SIGN,"V1 was going N on S adams st. V1 was unable to stop before striking V2, which was stopped at the stop sign after being involved in a different accident. D1 claimed that she applied the brakes with plenty of room, and the vehicle was unable to stop due to the roadway surface conditions."
903483515,MONROE SD,M19A37339,MONROE,RICHLAND,BLOOMINGTON,11/12/2019,4:19 AM,1,0,0,0,0,,N UNION VALLEY,RD,,,,N UNION VALLEY,MCNEELY,,,,N,PRIVATE,500,S,39.18452938,-86.59278,LOCAL/CITY ROAD,,N,N,RURAL,N,N,N,,DARK (NOT LIGHTED),SLEET/HAIL/FREEZING RAIN,SNOW/SLUSH,,T-INTERSECTION,STRAIGHT/HILLCREST,ASPHALT,OTHER (DRIVER) - EXPLAIN IN NARRATIVE,$5001 TO $10000,COLLISION WITH OBJECT IN ROAD,419,435,Y,N,MCNEELYSTNUNIONVALLEYRD,0,NONE,"V1 WAS TRAVELING NORTH ON N UNION VALLEY ROAD WITH IT'S TRUCK BED PARTIALLY RAISED WHILE SPREADING SALT AND SAND. D1 ADVISED HE DID NOT THINK KNOW HE BED WAS UP HIGH ENOUGH TO STRIKE THE POWER LINE. RAISED TRUCK BED STRUCK POWER AND PHONE CABLES CAUSING DAMAGE TO THE POLE, CABLES AND TO THE BED OF THE TRUCK."
903483759,BLOOMINGTON PD,B1947591,MONROE,BLOOMINGTON,BLOOMINGTON,11/12/2019,9:33 AM,2,0,0,0,0,,E MORNINGSIDE,DR,,,,E MORNINGSIDE,S SMITH,,,,Y,,,,39.166432,-86.4812,LOCAL/CITY ROAD,,N,N,URBAN,N,N,N,,DAYLIGHT,CLEAR,ICE,,FOUR-WAY INTERSECTION,STRAIGHT/GRADE,ASPHALT,ROADWAY SURFACE CONDITION,$10001 TO $25000,RIGHT ANGLE,933,950,Y,N,EMORNINGSIDEDRSSMITHRD,0,STOP SIGN,Vehicle 1 was westbound on Morningside approaching the stop sign at Smith Road. Vehicle 1 slid on icy road and continued into the intersection and struck the side of Vehicle 2 as Vehicle 2 was continuing north through the intersection with the right of way.
903483583,BLOOMINGTON PD,B1947586,MONROE,BLOOMINGTON,BLOOMINGTON,11/12/2019,9:06 AM,2,0,1,0,0,,ROGERS,ST,,,,ROGERS,8TH,,,,Y,,,,39.169584,-86.538576,LOCAL/CITY ROAD,,N,N,URBAN,N,N,N,,DAYLIGHT,CLEAR,SNOW/SLUSH,,FOUR-WAY INTERSECTION,STRAIGHT/LEVEL,ASPHALT,FAILURE TO YIELD RIGHT OF WAY,$5001 TO $10000,RIGHT ANGLE,910,919,Y,N,8THSTROGERSST,0,STOP SIGN,"Driver 1 stated she was stopped at the stop sign on 8th St westbound at Rogers St. Driver 2 stated she was south on Rogers St approaching 8th St. Driver 1 stated she didn't see vehicle 2 approaching and pulled out onto Rogers St and collided with vehicle 2. Driver 2 stated as she reached 8th St, vehicle 1 pulled out and collided with her vehicle. Vehicle 2 had the right of way. Witness 1 stated he was northbound on Rogers St near 7th St when he observed vehicle 1 pull off of 8th St westbound onto Rogers street and collide with vehicle 2 which was south on Rogers St."
903484712,INDIANA UNIV BLOOMINGTON PD,192690,MONROE,BLOOMINGTON,BLOOMINGTON,11/12/2019,6:20 PM,2,0,0,0,0,,WOODLAWN,AVE,,,,WOODLAWN,E 7TH,,,,Y,,,,39.16849,-86.52349,LOCAL/CITY ROAD,,N,N,URBAN,N,N,N,,DARK (LIGHTED),CLEAR,WET,,T-INTERSECTION,STRAIGHT/LEVEL,ASPHALT,FAILURE TO YIELD RIGHT OF WAY,UNDER $1001,LEFT TURN,626,637,Y,N,E7THSTWOODLAWNAVE,0,STOP SIGN,Vehicle 1 was stopped at the stop sign facing east on 7th Street at Woodlawn Avenue. Vehicle 2 was stopped at the stop sign facing west on 7th Street at Woodlawn Avenue.Driver 1 advised he was waiting to turn north on Woodlawn Avenue after Vehicle 2 continued west on 7th Street. Driver 1 stated as Vehicle 2 went through the intersection he began turning. He advised Vehicle 2 stopped quickly while still partially in the intersection and he struck the driver's side of her vehicle with the center driver's side of Vehicle 1. Driver 1 stated that he believed someone stepped out in front of Vehicle 2 causing her to stop in the intersection last minute.Driver 2 advised she was traveling west on 7th Street through the intersection of Woodlawn Avenue when a female pedestrian walking out in front of her vehicle with no warning as Vehicle 2 was exiting the intersection. Driver 2 advised she hit her brakes and came to an abrupt stop to avoid hitting the pedestrian with her vehicle. Driver 2 stated that after stopping she felt Vehicle 1 hit the rear driver's side of her vehicle. Driver 2 advised that the pedestrian never looked up from her phone and did not stop after the accident occurred.No one involved complained of an injuries.Vehicle 1 has damage to the center driver's side of the vehicle. Vehicle 2 has minor damage to the driver's side back bumper.
903483836,MONROE SD,M19A37368,MONROE,BLOOMINGTON,BLOOMINGTON,11/12/2019,11:23 AM,1,0,1,0,0,,W STATE 45,RD,,,,W STATE 45,N MT GILEAD,,,,N,,3000,N,39.40341852,-86.67539503,LOCAL/CITY ROAD,,N,N,RURAL,N,N,N,,DAYLIGHT,CLOUDY,SNOW/SLUSH,,T-INTERSECTION,CURVE/HILLCREST,ASPHALT,SPEED TOO FAST FOR WEATHER CONDITIONS,$10001 TO $25000,RAN OFF ROAD,1125,1132,Y,Y,NMTGILEADRDWSTATE45RD,0,NONE,"D1 advised he was traveling north on State Road 45 east, at approximately 35 mph, when he crested the hill near 5019 E State Road 45 and lost control of his vehicle on a patch of ice in the roadway. Upon my arrival male was outside of the vehicle and vehicle was on its side. Male had small laceration to a pinky finger and complaint of pain to his head.Driver advised he had Progressive insurance and his card was somewhere inside the vehicle. I called Progressive to get a policy number for this report, however, they stated they could only provide me with confirmation that vehicle was insured."
903484475,INDIANA UNIV BLOOMINGTON PD,192689,MONROE,BLOOMINGTON,BLOOMINGTON,11/12/2019,5:24 PM,2,0,0,0,0,,EAST 17TH,ST,,,,EAST 17TH,FEE,,,,Y,,,,39.179,-86.51898,LOCAL/CITY ROAD,Y,N,N,URBAN,N,N,N,,DAWN/DUSK,CLEAR,SNOW/SLUSH,,FOUR-WAY INTERSECTION,STRAIGHT/GRADE,ASPHALT,SPEED TOO FAST FOR WEATHER CONDITIONS,$2501 TO $5000,REAR END,527,531,Y,N,EAST17THSTFEELN,0,TRAFFIC CONTROL SIGNAL,"No other officers assisted with the accident investigation.V2 was stopped in westbound traffic on 17th Street at the Fee Lane intersection.V1 was approaching V2 from the rear.D2 stated she was stopped in traffic waiting for the traffic light to turn green. V1 then collided into the rear of her vehicle causing moderate damage to her rear bumper. Neither D2 nor her passenger complained of injuries during the investigation.D1 stated he noticed the vehicles in front of him were stopped and he applied the brake. His foot momentarily slipped off the brake; however, he stated that did not play much of a factor in the collision. D1 stated he then re-applied the brake, but stated that he continued to slide into the back of V2. It had snowed the night prior and the roads were mostly maintained with the exception of some snow and slushy areas. D2 stated he was going approximately 20mph prior to the collision and made contact with V2 at around 10-15mph. Neither D1 nor his passenger were injured. Both vehicles were safe to drive from the scene."
903485408,BLOOMINGTON PD,B1947651,MONROE,BLOOMINGTON,BLOOMINGTON,11/12/2019,5:51 PM,2,0,0,0,0,,N WALNUT,ST,,,,N WALNUT,,,,,Y,,,,39.186368,-86.5344,LOCAL/CITY ROAD,Y,N,N,URBAN,N,N,N,,DARK (LIGHTED),CLEAR,DRY,,FOUR-WAY INTERSECTION,STRAIGHT/LEVEL,ASPHALT,FAILURE TO YIELD RIGHT OF WAY,$2501 TO $5000,RIGHT ANGLE,555,601,Y,N,NWALNUTSTSR45E,0,TRAFFIC CONTROL SIGNAL,"V1 was stopped waiting for a break in oncoming traffic, to make a left turn.V1 then turned and collided with V2 causing non disabling damage to the rear passenger side of V1 and disabling damage to the front of V2.D1 stated that as he was waiting to turn left across oncoming traffic, a vehicle in the nearest southbound lane had stopped to allow D1 to drive across traffic lane. D1 stated that he could not see traffic in the further southbound lane and V2 collided with the side of his vehicle.D2 stated that he was driving south in the far right lane and could not see the northbound traffic lane due to vehicles stopped in the left lane. D2 said he was driving straight and V1 suddenly crossed in front of him from the east side of the road. D2 said he attempted to apply his breaks but was unable to stop and collided with the passenger side of V1."
903484881,MONROE SD,M19A37347,MONROE,BLOOMINGTON,BLOOMINGTON,11/12/2019,8:08 AM,3,0,0,0,0,,S ADAMS,ST,,,,S ADAMS,W ALLEN,,,,N,,,,39.15586,-86.55055,LOCAL/CITY ROAD,,N,N,URBAN,N,N,N,,DAYLIGHT,CLEAR,ICE,,FOUR-WAY INTERSECTION,STRAIGHT/GRADE,ASPHALT,SPEED TOO FAST FOR WEATHER CONDITIONS,$25001 TO $50000,REAR END,808,820,Y,N,SADAMSSTWALLENST,0,STOP SIGN,"All parties corroborate the below information:V1 was approaching the stop sign and started to brake. D1 thought he would have enough room to stop, even with the weather, not realizing that there was a significant amount of ice on Adams St. V3 had started through the intersection headed east on Allen St from the four way stop, when V3 was struck by V2. V2 had been pushed into the intersection , and into V3 from a stopped position at the stop sign after being struck by V1, who was unable to stop on the ice.No injuries were sustained. V1 would be struck by vehicle 4 in a secondary crash shortly after this incident."