Master Record Number,Agency,Local Code,County,Township,City,Collision Date,Collision Time,Vehicles Involved,Trailers Involved,Number Injured,Number Dead,Number Deer,House Number,Roadway Name,Roadway Suffix,Roadway Number,Roadway Interchange,Roadway Ramp,Roadway Id,Intersecting Road,Intersecting Road Number,Mile Marker,Interchange,Corporate Limits?,Property Type,Feet From,Direction,Latitude,Longitude,Roadway Class,Traffic Control Devices?,Aggressive Driving?,Hit and Run?,Locality,School Zone?,Rumble Strips?,Construction?,Construction Type,Light Condition,Weather Conditions,Surface Condition,Type of Median,Roadway Junction Type,Road Character,Roadway Surface,Primary Factor,Damage Estimate,Manner of Collision,Time Notified,Time Arrived,Investigation Complete?,Photos Taken?,Unique Location Id,State Property Damage?,Traffic Control,NARRATIVE
903483386,MONROE SD,M19A37346,MONROE,PERRY,BLOOMINGTON,11/12/2019,8:03 AM,2,0,0,0,0,,DILLMAN,RD,,,,DILLMAN,OLD STATE ROAD 37,,,,N,,,,39.092944,-86.544,COUNTY ROAD,,N,N,URBAN,N,N,N,,DAYLIGHT,CLEAR,ICE,,FOUR-WAY INTERSECTION,STRAIGHT/HILLCREST,ASPHALT,ROADWAY SURFACE CONDITION,$2501 TO $5000,LEFT/RIGHT TURN,803,815,Y,N,DILLMANRDOLDSTATEROAD37RD,0,FLASHING OVERHEAD BEACON,Driver #1 was south bound on Old State Road 37 and as he was turning right onto Dillman Rd slid on the ice and collided with V#2.
903483859,BLOOMINGTON PD,B1947571,MONROE,BLOOMINGTON,BLOOMINGTON,11/12/2019,7:37 AM,2,0,0,0,0,,W BLOOMFIELD,RD,,,,W BLOOMFIELD,S BASSWOOD,,,,Y,,100,W,39.14978,-86.56888134,LOCAL/CITY ROAD,,N,N,URBAN,N,N,N,,DAYLIGHT,CLEAR,ICE,,NO JUNCTION INVOLVED,STRAIGHT/GRADE,ASPHALT,SPEED TOO FAST FOR WEATHER CONDITIONS,$2501 TO $5000,REAR END,733,747,Y,N,SBASSWOODDRWBLOOMFIELDRD,0,NONE,"D1 stated that she was driving westbound on W Bloomfield Road just west of S Basswood Drive, behind V2. D1 stated that V2 began to slow down, and due to the very icy road conditions, she could not get V1 to a stop. D1 stated that V1 then slid into the rear of V2, and V1 then slid to the south side of the roadway before coming to rest.D2 stated that while traveling westbound on W Bloomfield Road, just west of S Basswood Drive, V1 ran into the rear of V2. D2 stated that after V2 was hit, it slid forward into the curb on the north side of the roadway where it came to rest.W Bloomfield Road was extremely icy and many vehicles were struggling to keep traction up the grade. It did not appear that salt had been put on the roadway at that time. Both parties stated that they were not injured, and both declined an ambulance.Both vehicles were towed due to disabling damage."
903483291,BLOOMINGTON PD,B1947570,MONROE,BLOOMINGTON,BLOOMINGTON,11/12/2019,7:18 AM,2,0,0,0,0,,W BLOOMFIELD,RD,,,,W BLOOMFIELD,SR 37,,,,Y,,,,0,0,LOCAL/CITY ROAD,Y,N,N,URBAN,N,N,N,,DAYLIGHT,CLEAR,ICE,,T-INTERSECTION,STRAIGHT/GRADE,ASPHALT,FOLLOWING TOO CLOSELY,$2501 TO $5000,REAR END,718,730,Y,N,SR37RDWBLOOMFIELDRD,0,TRAFFIC CONTROL SIGNAL,"DRIVER OF VEHICLE 1 STATED HE WAS WEST BOUND ON BLOOMFIELD ROAD APPROACHING THE TRAFFIC LIGHT AT THE NORTH BOUND RAMP TO SR 37. THE WEST BOUND TRAFFIC LIGHT HAD CHANGED TO GREEN AND D1 OBSERVED V2 STARTING FROM STOP AT THE INTERSECTION. D1 ATTEMPTED TO SLOW DOWN, BUT THE ICE ON THE ROADWAY CAUSED V1 TO SLIDE. V1 SLID INTO THE REAR OF V2.DRIVER OF VEHICLE 2 STATED HE WAS ON WEST BOUND BLOOMFIELD ROAD, STOPPED AT THE TRAFFIC LIGHT AT THE SR 37 NORTH BOUND RAMP. WHEN THE LIGHT FOR WEST BOUND TRAFFIC TURNED GREEN, D1 ATTEMPTED TO ACCELLERATE, BUT V2 COULD NOT GAIN TRACTION DUE TO THE ICE ON THE ROADWAY. AS V2 SLOWLY MOVED FORWARD, IT WAS REAR ENDED BY V1."
903483576,BLOOMINGTON PD,B1947590,MONROE,BLOOMINGTON,BLOOMINGTON,11/12/2019,9:27 AM,2,0,0,0,0,,W BLOOMFIELD,RD,,,,W BLOOMFIELD,S CURRY,,,,Y,,,,39.15519997,-86.56286496,LOCAL/CITY ROAD,Y,N,N,URBAN,N,N,N,,DAYLIGHT,CLEAR,ICE,,FOUR-WAY INTERSECTION,STRAIGHT/GRADE,ASPHALT,FOLLOWING TOO CLOSELY,$2501 TO $5000,REAR END,927,946,Y,N,SCURRYPIKEWBLOOMFIELDRD,0,TRAFFIC CONTROL SIGNAL,"DRIVER OF VEHICLE 1 STATED HE WAS WEST BOUND ON BLOOMFIELD ROAD APPROACHING S CURRY PIKE. D1 MERGED INTO THE TURN LANE TO GO SOUTH AND AS HE APPLIED THE BRAKE, V1 STARTED TO SLIDE ON THE ICE THAT COVERED THE ROADWAY. AS D1 WAS PUMPING THE BRAKES, HIS FOOT HIT THE ACCELERATOR CAUSING V1 TO LURCH FORWARD. V1 REAR ENDED V2. DRIVER OF VEHICLE 2 STATED HE WAS STOPPED AT THE TRAFFIC LIGHT ON WEST BLOOMFIELD ROAD PREPARING TO TURN SOUTH ONTO CURRY PIKE WHEN V2 WAS REAR ENDED BY V1."
903483574,BLOOMINGTON PD,B1947587,MONROE,VAN BUREN,BLOOMINGTON,11/12/2019,9:10 AM,2,0,0,0,0,,LIBERTY,DR,,,,LIBERTY,THIRD,,,,Y,,500,S,39.11173778,-86.57913,LOCAL/CITY ROAD,,N,N,URBAN,N,N,N,,DAYLIGHT,CLEAR,SNOW/SLUSH,,NO JUNCTION INVOLVED,STRAIGHT/GRADE,ASPHALT,FAILURE TO YIELD RIGHT OF WAY,$1001 TO $2500,LEFT TURN,916,917,Y,N,LIBERTYDRTHIRDST,0,LANE CONTROL,"V2 WAS NORTH BOUND ON LIBERTY DRIVE, IN THE 500 BLK SOUTH OF THIRD ST, BY THE ENTRANCE TO THE KROGER PARKING LOT. D2 SAID V1 WAS TURNING LEFT OUT FROM THE PARKING LOT AND STRUCK V2. D2 SAID IT KEPT GOING AND HE TRIED TO HONK AND STOP THEM, BUT V1 TURNED WEST. HE DID GET A LICENSE PLATE FOR V1. I GOT A LICENSE PLATE RETURN AND CALLED THE OWNER OF V1, WHO WAS AT WORK NEARBY. HER HUSBAND WAS ACTUALLY THE DRIVER, AND HE RETURNED TO THE SCENE.D1 SAID HE DID NOT THINK THE VEHICLES ACTUALLY TOUCHED. HE SAID V1 HAD NO VISIBLE DAMAGE. D1 SAID HE THOUGHT D2 WAS HONKING AT HIM FOR CUTTING HIM OFF, WHEN HE PULLED OUT WITH HIS VIEW PARTIALLY OBSTRUCTED BY HIS SNOWY CAR.NO INJURIES REPORTED."
903483496,MONROE SD,M19A37351,MONROE,PERRY,BLOOMINGTON,11/12/2019,9:00 AM,1,0,0,0,0,,,,I69S,114,1,I69S,,,,,N,,,,0,0,INTERSTATE,,N,N,URBAN,N,Y,N,,DAYLIGHT,CLEAR,ICE,,RAMP,CURVE/GRADE,ASPHALT,SPEED TOO FAST FOR WEATHER CONDITIONS,$2501 TO $5000,RAN OFF ROAD,930,930,Y,N,I69S,0,LANE CONTROL,DRIVER #1 NORTH BOUND ON I69 RAMP FROM STATE ROAD 37 AND LOST CONTROL ON ICE AND STRUCK A CONCRETE WALL.
903484108,ELLETTSVILLE PD,E1906227,MONROE,RICHLAND,ELLETTSVILLE,11/12/2019,11:43 AM,2,0,0,0,0,,,,SR46W,,,SR46W,CAPITOL,,,,Y,,,,39.2232,-86.60912,STATE ROAD,,N,N,URBAN,N,N,N,,DAYLIGHT,CLEAR,DRY,,NO JUNCTION INVOLVED,STRAIGHT/LEVEL,ASPHALT,FOLLOWING TOO CLOSELY,$10001 TO $25000,REAR END,1145,1148,Y,Y,CAPITOLAVESR46W,0,NONE,"V2 WAS WESTBOUND ON STATE ROAD 46, SLOWING TO TURN NORTH ONTO CAPITOL AVENUE, WHEN V1 STRUCK V2 IN THE REAR."
903488197,ISP BLOOMINGTON 33,2019-00388012,MONROE,PERRY,BLOOMINGTON,11/12/2019,08:15 M,2,,0,0,0,,S VICTOR PIKE,,,,,,,,,,N,,0,S,39.105504,-86.551442,STATE ROAD,,,,RURAL,N,Y,N,,DAYLIGHT,CLEAR,ICE,,FOUR-WAY INTERSECTION,,ASPHALT,DISREGARD SIGNAL/REG SIGN,$1001 TO $2500,REAR END,818,839,Y,N,,0,,"On Tuesday, November 12, 2019 at 8:15am, Harris, Matthew responded to a crash on State Road 37 at intersection of Victor Pike. SR37 is a four lane two way highway that runs primarily north and south. The Victor Pike intersection is ran by a fully operational traffic light. At the time of the crash, the weather was sunny and clear but the road surface was snowy and icy. The traffic lights had snow on them from the the night before. Vehicle 1, a black Chrysler Pacific, was traveling south on SR37 at the Victor Pike intersection. Vehicle 2, a red Chevrolet Cruz, was turning left (south) onto SR37 from west bound Victor Pike. V1 struck the rear end of V2. V1 spun out of control and ended up in the ditch to the southwest of the intersection. V2 was able to come to a controlled stop on the west side shoulder of SR37 just south on the intersection. Driver 1, Brenda Chipman, told me she was driving south on SR37 approaching the Victor Pike intersection. D1 said she was holding her hand up to shield her eyes from the sun as she approached the intersection. D1 told me that she thought she had the green light to continue. D1 told me that while she was attempting to cross the intersection a semi truck crossed the intersection from the west side and turned north onto SR 37. D1 stated she had to maneuver around the semi in order not to hit it. After getting around the semi truck D1 told me that she struck the rear end of V2. D1 said she never saw V2 until she hit it. D1 told me after hitting V2, she spun out of control and ended up in the ditch towards the southwest corner of the intersection. Driver 2, Jacob Rose, told me he was turning south (left) onto SR37 from west bound Victor Pike. D2 said when the light turned green he turned left (south) onto SR37 as a semi truck turned north onto SR37 from the east bound Victor Pike side of SR37 intersection. D2 said he had almost completed the transition from Victor Pike to SR37 when he suddenly felt his vehicle getting struck from behind. D2 told me that after he was stuck he pulled over to the side of the road and checked on V1, which was down in the ditch. Evidence shows minimal damage to the front side of V1. Evidence shows minimal damage to the rear bumper of V2. Evidence shows V1 spun out of control into a ditch. Evidence shows the roadway was icy. Evidence shows that while the traffic light were operational the south bound traffic lights were slightly covered by snow. Evidence shows it was sunny at the time of the crash."
903484384,BLOOMINGTON PD,B1947618,MONROE,BLOOMINGTON,BLOOMINGTON,11/12/2019,1:25 PM,2,0,0,0,0,,W RAPPEL,AVE,,,,W RAPPEL,,,,,Y,,,,0,0,LOCAL/CITY ROAD,,N,N,URBAN,N,Y,N,,DAYLIGHT,CLEAR,DRY,,FOUR-WAY INTERSECTION,CURVE/LEVEL,ASPHALT,DRIVER DISTRACTED - EXPLAIN IN NARRATIVE,$1001 TO $2500,HEAD ON BETWEEN TWO MOTOR VEHICLES,146,156,Y,N,SR45EWRAPPELAVE,0,NONE,"V1 was driving west on Rappel rd. V2 was driving north on Rappel rd. V1 veered into the lane of V2 and the two vehicles collided head on causing disabling damage to the front of both vehicles.D1 stated that she was driving and looked down for a second and when she looked back to the roadway, V2 was in front of her and the vehicles collided.D2 stated that he turned onto Rappel and was beginning to drive around the corner when V1 veered into his lane and the vehicles collided."
903483839,BLOOMINGTON PD,B1947603,MONROE,BLOOMINGTON,BLOOMINGTON,11/12/2019,10:58 AM,3,0,1,0,0,,W COUNTRY CLUB,DR,,,,W COUNTRY CLUB,S BANTA,,,,Y,,,,39.13625,-86.54483,LOCAL/CITY ROAD,,N,N,URBAN,N,N,N,,DAYLIGHT,CLEAR,SNOW/SLUSH,,T-INTERSECTION,STRAIGHT/LEVEL,ASPHALT,FOLLOWING TOO CLOSELY,$5001 TO $10000,REAR END,1058,1105,Y,N,SBANTAAVEWCOUNTRYCLUBDR,0,NONE,"Traffic westbound on W. Country Club was slowed/stopped. Vehicle 1 struck Vehicle 2 in the rear, causing Vehicle 2 to roll forward and strike Vehicle 3."
903483821,BLOOMINGTON PD,B1947592,MONROE,BLOOMINGTON,BLOOMINGTON,11/12/2019,9:36 AM,2,0,0,0,0,,W BLOOMFIELD,RD,,,,W BLOOMFIELD,S OAKDALE,,,,Y,,100,W,39.14977,-86.56889634,LOCAL/CITY ROAD,Y,N,N,URBAN,N,N,N,,DAYLIGHT,SNOW,ICE,,FOUR-WAY INTERSECTION,STRAIGHT/LEVEL,ASPHALT,OTHER (DRIVER) - EXPLAIN IN NARRATIVE,$1001 TO $2500,REAR END,936,946,Y,N,SOAKDALEDRWBLOOMFIELDRD,0,TRAFFIC CONTROL SIGNAL,"V1 and V2 were traveling E/B on W Bloomfield RD. D1 attempted to stop at the traffic control signal, before colliding with V2.D1 advised that while traveling E/B on W Bloomfield RD, the traffic control signal turned red. D1 advised that due to the weather conditions, she attempted to come to a complete stop, when V1 began to slide. D1 advised that V1 sled into V2 causing damage to the vehicle. D1 was not injured. D2 advised that while traveling E/B on W Bloomfield RD, the traffic control signal had turned red. D2 advised that while at a complete stop at the intersection, she felt the impact of V1. D2 advised that she was not injured."
903485860,MONROE SD,M19A37334,MONROE,BENTON,BLOOMINGTON,11/12/2019,2:30 AM,1,0,0,0,0,,MT GILEAD,RD,,,,MT GILEAD,GETTYS CREEK,,,,N,,1900,N,39.19344,-86.436288,LOCAL/CITY ROAD,,N,N,RURAL,N,N,N,,DARK (NOT LIGHTED),SNOW,ICE,,NO JUNCTION INVOLVED,CURVE/GRADE,ASPHALT,ROADWAY SURFACE CONDITION,$5001 TO $10000,RAN OFF ROAD,240,258,Y,N,GETTYSCREEKRDMTGILEADRD,0,NONE,"V1 WAS FOUND IN A DITCH ON THE NORTH WEST SIDE OF THE ROAD ON MT. GILEAD, JUST NORTH OF GETTY'S CREEK RD. MONROE COUNTY HIGHWAY FOUND THE TRUCK PARTIALLY BLOCKING THE ROAD AS THEY WERE ATTEMPTING TO PLOW. THERE WERE NO OCCUPANTS OF THE VEHICLE WHEN I LOCATED IT. THERE WERE NO KEYS WITH V1 AND I ATTEMPTED TO CALL THE REGISTERED OWNER OF V1 BUT NOBODY ANSWERED. V1 WAS STUCK IN THE DITCH AND HAD STRUCK A TREE HEAD ON CAUSING DAMAGE TO THE DRIVERS SIDE OF THE FRONT END. DO TO THE WAY V1 WAS STUCK A LARGE WRECK HAD TO COME PICK IT UP. I AM COMPLETING THIS REPORT BECAUSE THE VEHICLE WAS TOWED, NOT BECAUSE THE OWNER REPORTED IT. THERE WAS NO DAMAGE TO ANYTHING ELSE."
903488067,MONROE SD,M19A37374,MONROE,PERRY,BLOOMINGTON,11/12/2019,12:11 PM,2,0,0,0,0,910,S ADAMS,ST,,,,S ADAMS,,,,,N,,,,39.164544,-86.552192,LOCAL/CITY ROAD,,N,Y,URBAN,N,N,N,,DAYLIGHT,CLEAR,SNOW/SLUSH,,NO JUNCTION INVOLVED,STRAIGHT/LEVEL,ASPHALT,ROADWAY SURFACE CONDITION,$2501 TO $5000,RIGHT ANGLE,1224,1235,Y,N,SADAMSST,0,NONE,VEHICLE 1 WAS PARKED IN THE PARKING LOT NEAR THE DOG PARK AT 910 S ADAMS ST IN BLOOMINGTON INDIANA WHEN IT WAS STRUCK IN THE BACK DRIVERSIDE BY AN UNKNOWN VEHICLE.
903484608,BLOOMINGTON PD,B1947625,MONROE,BLOOMINGTON,BLOOMINGTON,11/12/2019,2:05 PM,2,0,0,0,0,,WEST KIRKWOOD,AVE,,,,WEST KIRKWOOD,SOUTH ROGERS,,,,Y,,,,39.166672,-86.538608,LOCAL/CITY ROAD,,N,N,URBAN,N,N,N,,DAYLIGHT,CLEAR,WET,,FOUR-WAY INTERSECTION,STRAIGHT/LEVEL,ASPHALT,FAILURE TO YIELD RIGHT OF WAY,$2501 TO $5000,HEAD ON BETWEEN TWO MOTOR VEHICLES,205,220,Y,N,SOUTHROGERSSTWESTKIRKWOODAVE,0,NONE,"DRIVER 1 STATED HE WAS ON THE SOUTH SIDE OF THE STREET ATTEMPTING TO TURN LEFT TO GO WEST ON KIRKWOOD AVENUE WHEN AN ONCOMING VEHICLE ""LET HIM IN"" TO CUT ACROSS. WHEN HE PULLED ACROSS THE EASTBOUND LEFT LANE, VEHICLE 2 DID NOT STOP AND DRIVER 1 STRUCK VEHICLE 2 HEAD ON.DRIVER 2 STATED HE WAS GOING EAST ON KIRKWOOD WHEN VEHICLE 2 CUT ACROSS HIS LANE OF TRAVEL AND COLLIDED WITH THE FRONT OF HIS VEHICLE.NO INJURIES."
903488198,ISP BLOOMINGTON 33,2.019E+11,MONROE,PERRY,BLOOMINGTON,11/12/2019,12:07 M,2,,1,0,0,,S VICTOR PIKE,,,,,,,,,,N,,0,S,39.105504,-86.551442,STATE ROAD,,,,RURAL,N,N,N,,DAYLIGHT,CLEAR,ICE,,FOUR-WAY INTERSECTION,,ASPHALT,DISREGARD SIGNAL/REG SIGN,$25001 TO $50000,RIGHT ANGLE,1208,1208,Y,Y,,0,,"On Tuesday, November 12, 2019 at 12:07, Harris, Matthew responded to a crash on State Rd. 37 at intersection of S Victor Pike. SR 37 is four lane two way road that runs primarily north and south. The S. Victor Pike intersection is controlled by a fully operational four way traffic light. At the time of the crash, the weather was clear but the road surface was icy. Due to the previous nights snowfall the traffic light had a light cover snow on it. Vehicle 1, a brown Buick Enclave, was traveling south on SR 37 at the S Victor Pike intersection. Vehicle 2, a white Ford F-250, was turning north onto SR 37 from east bound S Victor Pike. As V1 was traveling south through the intersection it stuck the rear driver side of V2. V1 spun out of control and came to a stop facing northwest in the middle of south bound traffic in the intersection. V2 spun out of control, of the roadway, towards the southwest corner of the intersection. V2 ended up in the ditch pinned against a tree facing west. Driver 1, William Eldridge, was traveling south on SR 37 at the S Victor Pike intersection. D1 told me that as he came to the intersection he thought he had enough time to get through the light before it turned red. D1 said he didn't see V2 untill the last second. D1 said by the time he saw V2 he had no time to stop. D1 told me he struck V2 with his SUV.Driver 2, Jed Hollars, was traveling east on Victor Pike. D2 told me that when the light turned green he attempted to turn north on SR 37. D2 said he was struck by V1 in the middle of the intersection. Witness 1, Richard Hall, was sitting at the light (on the shoulder) on S Victor Pike facing westbound at the time of the crash. W1 stated that he witnessed V1 travel through the intersection and hit V2. W1 said that it appeared as if V1 never slowed down. It also appeared as if west and east bound traffic had a green light while north and south bound traffic had a red light. Evidence shows heavy damage to V1. Evidence shows V1's airbags were deployed. Evidence shows damage to the passenger side of V2. Evidence shows V2 was struck by V1 and was spun out due to the hit. Evidence shows the ground had ice on it a the time of the crash. **Witness 1 was sitting in my police car due to his vehicle breaking down at the intersection.**"
903483708,BLOOMINGTON PD,B1947598,MONROE,PERRY,BLOOMINGTON,11/12/2019,10:15 AM,1,0,0,0,0,1965,S WALNUT,ST,,,,S WALNUT,,,,,Y,,,,39.142555,-86.531238,UNKNOWN,,N,N,URBAN,Y,N,N,,DAYLIGHT,CLEAR,SNOW/SLUSH,,NO JUNCTION INVOLVED,STRAIGHT/LEVEL,ASPHALT,SPEED TOO FAST FOR WEATHER CONDITIONS,$1001 TO $2500,OTHER - EXPLAIN IN NARRATIVE,1038,1048,Y,N,SWALNUTST,0,NONE,"D1 SAID HE WAS ENTERING THE PARKING LOT AT BLOOMINGTON HIGH SCHOOL SOUTH, 1965 S. WALNUT ST, AND TRYING TO TURN RIGHT IN THE LOT. HE SAID V1 BEGAN TO SLIDE ON THE WET PAVEMENT DUE TO ICE/SNOW, AND SLID INTO A CURB. THIS CAUSED DAMAGE TO V1'S DRIVER FRONT TIRE. D1 SAID HE FIGURED HE WAS GOING TOO FAST TO MAKE THE RIGHT TURN."
903484762,MONROE SD,M19A37426,MONROE,RICHLAND,ELLETTSVILLE,11/12/2019,11:06 PM,1,0,0,0,1,,LAKEVIEW,DR,,,,LAKEVIEW,,,,,N,,1200,N,39.22443111,-86.60527032,LOCAL/CITY ROAD,,N,N,URBAN,N,N,N,,DARK (NOT LIGHTED),CLEAR,DRY,,NO JUNCTION INVOLVED,STRAIGHT/HILLCREST,ASPHALT,ANIMAL/OBJECT IN ROADWAY,UNDER $1001,COLLISION WITH DEER,1108,1122,Y,N,LAKEVIEWDRSR46W,0,NONE,V1 was heading North bound on Lakeview Dr. D1 stated a deer ran from the East side of the road and D1 hit the deer. Upon arrival on scene the deer was located. I observed minimal damage to the front right of V1.
903485673,BLOOMINGTON PD,B1947768,MONROE,BLOOMINGTON,BLOOMINGTON,11/13/2019,6:00 PM,2,0,0,0,0,,W TAPP,RD,,,,W TAPP,S DEBORAH,,,,Y,,,,39.13666,-86.56784,LOCAL/CITY ROAD,,N,N,URBAN,N,N,N,,DAYLIGHT,CLEAR,DRY,,FOUR-WAY INTERSECTION,STRAIGHT/LEVEL,ASPHALT,FAILURE TO YIELD RIGHT OF WAY,$2501 TO $5000,LEFT TURN,600,605,Y,N,SDEBORAHRDWTAPPRD,0,STOP SIGN,"V2 was traveling E/B on Tapp RD. V1 was stopped facing N/B on Deborah RD. V1 pulled out into traffic and disregarded the stop sign colliding with V2. D1 advised that she was stopped at the intersection of Deborah RD & Tapp RD. D1 advised that she attempted to turn onto Tapp RD heading W/B, when she collided with V2. D1 advised that she pulled out into traffic and did not see V2 until she collided with V2. D1 was not injured. D2 advised that he was traveling E/B on Tapp RD. D2 advised that while traveling E/B he observed V1 turning W/B onto Tapp RD. D2 advised that he attempted to swerve and come to a complete stop, when he brakes locked up. D2 stated that V1 and V2 collided. D2 was not injured."
903485605,BLOOMINGTON PD,B19-47751,MONROE,BLOOMINGTON,BLOOMINGTON,11/13/2019,1:45 PM,1,0,1,0,0,,E 3RD,ST,,,,E 3RD,S COLLEGE MALL,,,,Y,,,,39.16424,-86.4984,LOCAL/CITY ROAD,Y,N,N,URBAN,N,N,N,,DAYLIGHT,CLEAR,DRY,,FOUR-WAY INTERSECTION,STRAIGHT/LEVEL,ASPHALT,FAILURE TO YIELD RIGHT OF WAY,UNDER $1001,LEFT TURN,157,201,Y,Y,E3RDSTSCOLLEGEMALLRD,1,TRAFFIC CONTROL SIGNAL,"The injured pedestrian stated that he was crossing the intersection, and walking west on the crosswalk. According to the pedestrian, while he was in the middle of the intersection, Driver of V1 failed to yield and V1's front driver tire ran over his left foot. The pedestrian stated that he had a walk sign from his direction.Driver of V1 stated that he was driving west on E. 3rd St. And was attempting to turn south on S. College Mall Rd. According to Driver of V1, he did not see the pedestrian crossing the intersection due to his vehicle's B-pillar blocking his view. Driver of V1 explained that by the time he saw the pedestrian, it was too late and V1 had struck the pedestrian. However, Driver 1 stated that the pedestrian crossing sign was showing a solid hand when the incident took place.Witness stated that she was stopped at the traffic light, facing north. According to the witness, Vehicle 1 had a turning arrow from it's direction. Witness explained that when Vehicle 1 was in the middle of the turn, the pedestrian walked into the turning V1. Witness does not know if the pedestrian had a walk signal or not."
903490658,ISP BLOOMINGTON 33,2.019E+11,MONROE,RICHLAND,BLOOMINGTON,11/13/2019,11:55 M,2,,0,0,0,,W ALEXANDER DR,,,,,,,,,,Y,,375,W,39.16879805,-86.57440282,,,,,URBAN,N,N,N,,DAYLIGHT,CLEAR,DRY,,FOUR-WAY INTERSECTION,,ASPHALT,FAILURE TO YIELD RIGHT OF WAY,UNDER $1001,REAR END,1200,1200,Y,N,,0,,"On Wednesday, November 13, 2019 at 11:55, Ryan Miller responded to a crash on W Alexander Drive approximately 375 ft west of N Jacob Drive. At the time of the crash, the weather was clear and the road surface was dry. Alexander Drive is a private roadway located in a shopping center. The location of this collision occurred at a four-way intersection that is controlled with a stop sign. The intersection is south of Lowe's and north of Bed Bath and Beyond. The north/south intersecting roadway is a private parking lot entrance/exit. V2, gray Honda, was stopped in the eastbound lane of Alexander Drive at the four-way intersection. V1, white pick-up, was traveling east on Alexander Drive behind V2. V1 failed to stop and struck the rear of V2 with the front of V1. V2 pulled into the parking lot southeast of the intersection. V1 failed to stop after the collision and left in an unknown direction. D2, Neff, stated she was stopped in the eastbound lane of Alexander Drive at the stop sign. D2 stated a white pick-up that was behind her struck the rear of V2 with the front of V1. D2 described V1 as an unknown make and model white pick-up that was operated by a white male. D2 stated D1 failed to remain at the scene after the collision and left in an unknown direction. D2 was unable to provide any further information. Evidence shows a small hole and scuff mark on the rear bumper cover of V2 consistent with a rear-end impact."
903485412,MONROE SD,M19A37506,MONROE,WASHINGTON,ELLETTSVILLE,11/13/2019,1:42 PM,1,0,0,0,0,,N BOTTOM,RD,,,,N BOTTOM,DENNY,,,,N,PRIVATE,1800,S,39.282496,-86.555552,LOCAL/CITY ROAD,,N,Y,RURAL,N,N,N,,DAYLIGHT,CLEAR,SNOW/SLUSH,,Y-INTERSECTION,CURVE/LEVEL,ASPHALT,SPEED TOO FAST FOR WEATHER CONDITIONS,$5001 TO $10000,RAN OFF ROAD,142,200,Y,Y,DENNYRDNBOTTOMRD,0,NONE,"V1 WAS LOCATED NEAR THE INTERSECTION OF DENNY RD AND N BOTTOM ROAD. VEHICLE HAD HEAVY FRONT END DAMAGE AND WAS AGAINST A TREE UPON MY ARRIVAL. I CHECKED THE AREA AND DID NOT LOCATE ANY PERSONS IN THE AREA, AND WAS ADVISED BY A PASSERBY THAT THE VEHICLE HAD BEEN HERE SINCE BEFORE 11 AM ON THIS DATE AND NO ONE WAS AROUND THE VEHICLE THEN.THE SHERIFF'S OFFICE RECIEVED NO PRIOR CALLS FROM THE VEHICLE OWNER ABOUT THIS CRASH AND THE CRASH DAMAGE SOME BARB WIRED FENCE ASSOCIATED WITH PROPERTY NEAR THE 6700 BLOCK OF NORTH BOTTOM ROAD.DRIVER WAS LATER LOCATED AT HIS WORK IN ELLETTSVILLE IN 47429 AND IDENTIFIED AS KYLE STIERWALT. KYLE INDICATED THAT HE WAS UNAWARE THAT HE NEEDED TO CONTACT LAW ENFORCEMENT AFTER THE CRASH AND HAD ALREADY CONTACTED HIS INSURANCE ABOUT THE CRASH. AS MR. STIERWALT FAILED TO REPORT THE CRASH TO LAW ENFORCEMENT HE WAS ISSUED A MISD CITATION FOR THIS CHARGE. MR. STIERWALT ADVISED HE WAS TRAVELING SOUTHWEST ON BOTTOM ROAD NEAR DENNY ROAD WHEN HE LOST CONTROL ON A PATCH OF ICE AND STRUCK THE TREE."
903485723,BLOOMINGTON PD,B1947773,MONROE,BLOOMINGTON,BLOOMINGTON,11/13/2019,4:38 PM,2,0,0,0,0,,N MONROE,ST,,,,N MONROE,W 12TH,,,,Y,,100,S,39.174352,-86.547104,LOCAL/CITY ROAD,,N,Y,URBAN,N,N,N,,DAYLIGHT,CLEAR,DRY,,FOUR-WAY INTERSECTION,STRAIGHT/LEVEL,ASPHALT,UNSAFE LANE MOVEMENT,$5001 TO $10000,SAME DIRECTION SIDESWIPE,438,445,Y,Y,NMONROESTW12THST,0,NONE,"Trooper Griggs had reported that he was behind a vehicle that was believed to have struck another parked vehicle in the area of 803 N Monroe Street; The Boys and Girls Club. Trooper Griggs later performed a traffic stop on the vehicle in the area of W 3rd Street and S Patterson Drive. Trooper Griggs later advised that he believed that the female driver of the vehicle was intoxicated on an unknown substance and that he would be working a case for the possible operating a vehicle while under the influence. Trooper Griggs also advised that there was damage to the front passenger side of the vehicle. I then arrived in the area of 803 N Monroe Street and observed a parked vehicle (V2) that had been struck on the driver's side. I observed there to be blue paint transfer in the areas where the vehicle had damage. This matched the color of the suspect vehicle (V1). I was able to speak with Driver 2 who advised that his vehicle had been parked on the roadside for the majority of the day and that the damage on the vehicle was new. Trooper Griggs advised that the Driver of Vehicle 1 was uncertain of what day it was or what time of the day it was. Trooper Griggs stated that she did not know what had occurred or know anything about any accident. I then went inside the Boys and Girls Club and was able to observe camera footage of the incident. At 4:36pm, V1 is observed to strike V2 while traveling south on N Monroe Street. V1 briefly stops and then leaves the scene heading south bound. I was able to take photographs of both vehicles."