Master Record Number,Agency,Local Code,County,Township,City,Collision Date,Collision Time,Vehicles Involved,Trailers Involved,Number Injured,Number Dead,Number Deer,House Number,Roadway Name,Roadway Suffix,Roadway Number,Roadway Interchange,Roadway Ramp,Roadway Id,Intersecting Road,Intersecting Road Number,Mile Marker,Interchange,Corporate Limits?,Property Type,Feet From,Direction,Latitude,Longitude,Roadway Class,Traffic Control Devices?,Aggressive Driving?,Hit and Run?,Locality,School Zone?,Rumble Strips?,Construction?,Construction Type,Light Condition,Weather Conditions,Surface Condition,Type of Median,Roadway Junction Type,Road Character,Roadway Surface,Primary Factor,Damage Estimate,Manner of Collision,Time Notified,Time Arrived,Investigation Complete?,Photos Taken?,Unique Location Id,State Property Damage?,Traffic Control,NARRATIVE
903487659,MONROE SD,M19A37732,MONROE,VAN BUREN,BLOOMINGTON,11/15/2019,12:06 PM,2,0,0,0,0,1531,S CURRY,PIKE,,,,S CURRY,,,,,N,,,,39.15247863,-86.582704,COUNTY ROAD,,N,N,RURAL,N,N,N,,DAYLIGHT,CLEAR,DRY,,NO JUNCTION INVOLVED,STRAIGHT/LEVEL,ASPHALT,FAILURE TO YIELD RIGHT OF WAY,$2501 TO $5000,LEFT TURN,1210,1225,Y,N,SCURRYPIKE,0,NONE,"V1 WAS IN THE PARKING LOT OF 1531 S. CURRY PIKE, WENT IT MADE A LEFT (WESTBOUND) TURN INTO A LANE TO EXIT THE PARKING LOT AND STRUCK V2 THAT WAS TRAVELING WB THROUGH THE PARKING LOT. D1 STATED THAT SHE THOUGH THE LANE TO EXIT THE PARKING LOT WAS SEPERATED INTO TWO LANES. D1 TURNED INTO THE CLOSEST SIDE LANE TO THE PARKING LOT AND CLIPPED V2 THAT WAS TRAVELING ON THE SIDE OF THE LANE THAT WAS FARTHER FROM THE PARKING LOT. I ONLY OBSERVED ONE SINGLE TRAFFIC CONE IN THAT LANE, IT IS NOT CLEAR THAT THE LANE IS SEPERATED INTO TWO LANES THROUGH THE ENTIRE LENGTH OF THE PARKING LOT. AT THE END OF THE PARKING LOT ARE TWO TURN LANES TO EXIT THE LOT ONTO CURRY PIKE. D2 STATED THAT HE THOUGHT THAT HE WAS IN HIS LANE AND WAS STRUCK BY V1 WHEN HE PASSED THE BUILDING (1531 S. CURRY PK) AND ENTERED THE LANE TO EXIT THE PARKING LOT."
903487634,INDIANA UNIV BLOOMINGTON PD,192719,MONROE,BLOOMINGTON,BLOOMINGTON,11/15/2019,3:31 PM,1,0,0,0,0,125,S JORDAN,AVE,,,,S JORDAN,,,,,Y,,,,39.16604667,-86.51466667,UNKNOWN,,N,N,URBAN,N,N,N,,DAYLIGHT,CLEAR,DRY,,NO JUNCTION INVOLVED,STRAIGHT/LEVEL,ASPHALT,PEDESTRIAN ACTION,UNDER $1001,OTHER - EXPLAIN IN NARRATIVE,333,341,Y,N,SJORDANAVE,1,NONE,V1 was southbound proceeding to enter through the crosswalk southbound in direction to enter Jones Avenue. Pedestrian was eastbound on his skate board on the sidewalk.I was dispatched to the area of Jones Avenue in front of Read Hall circle drive on the south side of the building. Upon arrival I located both parties involved. I spoke with the Pedestrian 2 first. P2 said he was on his skate board traveling east bound in direction on the sidewalk. P2 said he entered the crosswalk which is located on the south side of Read Hall for the circle drive. P2 said he was then bumped by V1 front bumper when V1 entered the crosswalk causing him to get pushed off the skate board. P2 said he then placed his hands on the hood of V1 as he got bumped and pushed off V1 hood. P2 said he was feeling shaken up. I asked if anywhere on his body was struck. P2 said his right leg. I called for an ambulance to check out P2. Medics arrived on scene and checked out P2. P2 signed a signature of release to decline any medical attention. P2 said his skate board on the deck accrued damage. D1 said he was leaving the circle drive on the south side of Read Hall south bound in direction in V1. D1 said he was moving forward to the crosswalk in V1 when P2 entered the crosswalk on a skate board east bound in direction. D1 said V1 and P2 collided causing P2 to get pushed off the skate board. V1 had no apparent or noticeable damage to the vehicle.D1 said he has an in car dash camera containing video footage. D1 was advised to hold onto the video footage. I also provided D1 a business card and asked him to email me the video so I could attach it to the case report. I have not received an email at this time from D1 pertaining to the video footage.
903488196,ISP BLOOMINGTON 33,2.019E+11,MONROE,RICHLAND,BLOOMINGTON,11/15/2019,07:15 M,2,,0,0,0,,W WOODYARD RD,,,,,,,,,,N,,0,S,39.19026,-86.582539,LOCAL/CITY ROAD,,,,RURAL,N,N,N,,DAYLIGHT,CLEAR,DRY,,FOUR-WAY INTERSECTION,,ASPHALT,UNSAFE SPEED,$5001 TO $10000,OPPOSITE DIRECTION SIDESWIPE,718,733,Y,N,,0,,"Primary Cause-Driver Factor-Unsafe Speed: V1 was traveling too fast for the conditions. The conditions were that V1 was attempting to make a left turn and ran off the roadway out of control. D1 should have driven at a reduced speed to avoid running of the roadway and colliding with V2.Curry Pike is a local road that runs in a northern and southern direction through Monroe County. Woodyard Road runs in a eastern and western direction and intersects with Curry Pike. There is a traffic control light at the intersection which was functioning properly when I arrived on scene. Vehicle 1, gold Mitsubishi Galant, was turning left from northbound Curry Pike onto westbound Woodyard Rd. V1 left the roadway and struck a sign with the right front bumper area of V1. V1 continued traveling back onto Woodyard and crossing the center line striking V2 in the left drivers side rear wheel and bumper area with the left front bumper of V1. Vehicle 2, white Chevrolet Equinox was stopped in traffic eastbound on Woodyard Rd. After striking V2, V1 then traveled off the roadway again on the south side of Woodyard where it came to a controlled stop. {Driver Statements} D1 (Alexis Jackson) stated she was traveling north on Curry Pike and attempted to make a left turn (westbound) onto Woadyard Rd. D1 stated the traffic signal had turned yellow and she was attempting to make it through the intersection before the signal changed to red. D1 stated she thought she slid on ice and ran off the roadway striking the sign. She then traveled back onto the roadway (Woodyard Rd.) and struck V2 in the drivers side rear area. She was wearing her seat belt.D2 (Andrew Fawbush) stated he was stopped in traffic eastbound on Woodyard Rd. when V1 struck his vehicle in the rear wheel area. He was wearing his seat belt.During the course of my investigation, I observed tire marks in the grass where V1 left the roadway striking the sign. The tire marks continue back onto Woodyard Rd. This was consistent with both drivers statements. I observed damage to the entire front end of V1. I observed damage to the drivers side left rear wheel and bumper area of V2. No injuries were reported as a result of this crash. I attached a damage tag to the sign for repair.The crash investigation showed that the primary cause was Unsafe Speed on the part of D1. This was determined by both driver statements and damage to both vehicles."
903486760,MONROE SD,M19A37661,MONROE,CLEAR CREEK,BLOOMINGTON,11/15/2019,2:40 AM,1,0,0,0,1,,,,SR37S,,,SR37S,MONROE DAM,,,,N,,5200,S,39.00583987,-86.53719226,STATE ROAD,,N,N,RURAL,N,N,N,,DARK (NOT LIGHTED),CLEAR,DRY,,NO JUNCTION INVOLVED,STRAIGHT/LEVEL,ASPHALT,ANIMAL/OBJECT IN ROADWAY,$2501 TO $5000,COLLISION WITH DEER,240,307,Y,N,MONROEDAMRDSR37S,0,NONE,V1 was headed south bound on Interstate 37 just south of the Monroe dam exit. D1 stated that a deer ran across from the east side and V1 struck the deer. The deer was unable to be located. I observed substantial damage to the front of the vehicle.
903488084,MONROE SD,M19A37826,MONROE,PERRY,BLOOMINGTON,11/15/2019,11:00 AM,1,0,0,0,0,,BREEDEN,RD,,,,BREEDEN,GRAVES,,,,N,,100,S,39.03657728,-86.66705,LOCAL/CITY ROAD,,N,N,RURAL,N,N,N,,DAYLIGHT,CLEAR,WET,,T-INTERSECTION,CURVE/HILLCREST,ASPHALT,RAN OFF ROAD RIGHT,$5001 TO $10000,RAN OFF ROAD,830,846,Y,Y,BREEDENRDGRAVESRD,0,NONE,"At approximately 11:00 pm on 11/15/2019, Unit 1 was travelling northwest on Breeden Rd, approaching the intersection of W Graves Rd. Unit 1 left the roadway, entering a field on the north side of the road. Vehicle appeared to have rolled during this time and came to a stop approximately 25-30 feet off the roadway. Driver stated loose sand in roadway caused accident, This could not be identified at the scene. Barbed wire fence of private property was damaged during this incident.Driver of Unit 1 did not report accident, it was discovered at 08:30am on 11/16/2019. Driver was cited for Leaving the Scene of an Accident"
903487706,BLOOMINGTON PD,B1947999,MONROE,BLOOMINGTON,BLOOMINGTON,11/15/2019,7:45 AM,2,0,0,0,0,,W GRIMES,LN,,,,W GRIMES,S MORTON,,,,Y,,50,E,39.15337,-86.53637432,LOCAL/CITY ROAD,,N,N,URBAN,N,N,N,,DAYLIGHT,CLEAR,DRY,,NO JUNCTION INVOLVED,STRAIGHT/LEVEL,ASPHALT,FOLLOWING TOO CLOSELY,$2501 TO $5000,REAR END,811,814,Y,N,SMORTONSTWGRIMESLN,0,LANE CONTROL,"DRIVER OF VEHICLE 1 STATED SHE WAS EAST BOUND ON GRIMES LANE, JUST PAST S MORTON ST. D1 DID NOT NOTICE UNTIL TOO LATE THAT EAST BOUND TRAFFIC HAD SLOWED SIGNIFICANTLY. AS V1 CAME UP BEHIND V2, SHE COULD NOT SLOW DOWN ENOUGH AND REAR ENDED V2.DRIVER OF VEHICLE 2 STATED HE WAS EAST BOUND ON GRIMES LANE, JUST EAST OF S MORTON ST. EAST BOUND TRAFFIC SLOWED BECAUSE OF THE TRAFFIC LIGHT AT GRIMES AND WALNUT. AS V2 WAS TRAVELLING EAST, IT WAS REAR ENDED BY V1."
903487527,MONROE SD,M19A37667,MONROE,POLK,BLOOMINGTON,11/15/2019,4:55 AM,1,0,0,0,1,,,,SR446S,,,SR446S,TOWER RIDGE,,,,N,,1000,S,39.01234215,-86.40118523,STATE ROAD,,N,N,RURAL,N,N,N,,DARK (NOT LIGHTED),CLEAR,DRY,,NO JUNCTION INVOLVED,STRAIGHT/LEVEL,ASPHALT,ANIMAL/OBJECT IN ROADWAY,$2501 TO $5000,COLLISION WITH DEER,500,519,Y,N,SR446STOWERRIDGERD,0,NONE,Driver 1 stated she was heading north on S.R. 446 when a deer enter the roadway and was struck by vehicle #1.
903487361,BLOOMINGTON PD,B1948086,MONROE,BLOOMINGTON,BLOOMINGTON,11/15/2019,5:12 PM,1,0,1,0,0,219,S WALNUT,ST,,,,S WALNUT,,,,,Y,,,,39.16546286,-86.5336,LOCAL/CITY ROAD,,N,N,URBAN,N,N,Y,LANE CLOSURE,DAWN/DUSK,CLEAR,DRY,,NO JUNCTION INVOLVED,STRAIGHT/GRADE,CONCRETE,FAILURE TO YIELD RIGHT OF WAY,UNDER $1001,OTHER - EXPLAIN IN NARRATIVE,512,515,Y,Y,SWALNUTST,1,NONE,"V1 WAS FACING WB IN PARKING LOT ON W SIDE OF 219 S WALNUT ST. P1 WAS SB ON WALNUT ST SIDEWALK NEAR 219 S WALNUT ST. V1 CREEPED UP WB TO TURN NB ONTO WALNUT AND THE FRONT PASS TIRE OF V1 RAN OVER THE FEET OF P1. P1 THEN FELL TO THE GROUND.D1 STATED THAT HE WAS CREEPING UP WB FROM THE PARKING LOT AT 219 S WALNUT ST TO TURN NB ON WALNUT WHEN HE FELT A BUMP, HEARD P1 YELL AND THEN SAW HER FALL OVER.P1 STATED SHE WAS SB ON THE EASTERN SIDEWALK OF WALNUT WHEN V1 PROCEEDED WB AND RAN OVER HER FEET, CAUSING HER TO FALL OVER."
903487081,BLOOMINGTON PD,B1947992,MONROE,BLOOMINGTON,BLOOMINGTON,11/15/2019,6:45 AM,1,0,1,0,0,4180,OLD STATE ROAD 37,HWY,,,,OLD STATE ROAD 37,,,,,N,PRIVATE,700,W,39.251296,-86.500832,LOCAL/CITY ROAD,,N,N,RURAL,N,N,N,,DARK (NOT LIGHTED),CLEAR,DRY,,NO JUNCTION INVOLVED,CURVE/GRADE,ASPHALT,DRIVER DISTRACTED - EXPLAIN IN NARRATIVE,$2501 TO $5000,RAN OFF ROAD,645,655,Y,Y,OLDSTATEROAD37HWY,0,NONE,D1 stated he was heading North on Old Sate Road 37.D1 stated that he looked at his phone as he was going around a corner and ran off the roadway. W1 stated that he was behind V1 in his personal vehicle. W1 stated that V1 ran off the roadway and struck an embankment and rolled over.
903487633,BLOOMINGTON PD,B1948039,MONROE,BLOOMINGTON,BLOOMINGTON,11/15/2019,1:17 PM,3,0,0,0,0,,E 7TH,ST,,,,E 7TH,N DUNN,,,,Y,,,,39.16864,-86.528224,LOCAL/CITY ROAD,,N,N,URBAN,N,N,N,,DAYLIGHT,CLEAR,DRY,,FOUR-WAY INTERSECTION,STRAIGHT/LEVEL,ASPHALT,FAILURE TO YIELD RIGHT OF WAY,$5001 TO $10000,SAME DIRECTION SIDESWIPE,117,130,Y,N,E7THSTNDUNNST,0,STOP SIGN,"V1 was parked on a yellow curb on E. 7th street on the North side of the road facing West. V2 was SB on N. Dunn street and was stopped at stop sign with E. 7th street. V3 was parked in front of V1. V2 turned right onto E. 7th street and V1 pulled out of his parking space into the lane of travel and V2 struck V1 in the driver side front with the passenger side of her vehicle. V1 then rolled forward and struck V3 in the driver side rear bumper with the passenger side front bumper of his vehicle.D1 stated that he had parked real quick and was pulling back out onto 7th street. He stated he didn't see anyone coming and as he was pulling out, V2 hit him in the driver side front. He stated he then rolled forward and struck V3 in the rear bumper. D2 stated that she had turned onto 7th street from Dunn street and didn't not see V1 pulling into the roadway. D2 stated she hit V1 with the passenger side of her car. The occupant of V3 was sitting in the driver seat but was in park. She stated that she was hit from behind by V1."
903487292,INDIANA UNIV BLOOMINGTON PD,192717,MONROE,BLOOMINGTON,BLOOMINGTON,11/15/2019,3:05 PM,2,0,0,0,0,2815,E 10TH,ST,,,,E 10TH,,,,,Y,,,,39.172265,-86.49849,UNKNOWN,,N,N,URBAN,N,N,N,,DAYLIGHT,CLEAR,DRY,,T-INTERSECTION,STRAIGHT/GRADE,CONCRETE,UNSAFE BACKING,$1001 TO $2500,BACKING CRASH,310,318,Y,N,E10THST,0,NONE,"When I arrived on scene, the vehicles had been moved from where the crash occurred therefore no diagram was completed. The crash involved a silver Subaru (V1), driven by Kelly Watson (D1), and a white Toyota (V2), driven by Jennifer Lady (D2). None of the occupants involved in the crash complained of any injuries.Both drivers told the same story. V2 was following V1 east on 10th St from the 45/46 Bypass. V1 turned into a private drive that leads to multiple IU buildings and Stone Belt. Once V1 pulled into the drive and stopped, V2 turned into the drive and stopped behind V1. V1 started backing and crash into V2. V1 was going to back into the roadway to get their vehicle turned around because they made a wrong turn.V1 sustained light damage to the driver side rear corner of the bumper and fender. V2 sustained moderate damage to the front bumper and grill. Both vehicles were able to be driven from the scene."
903487369,MONROE SD,M19A37766,MONROE,VAN BUREN,BLOOMINGTON,11/15/2019,4:24 PM,2,0,0,0,0,2115,W YOST,AVE,,,,W YOST,,,,,N,,,,39.14649833,-86.5801365,UNKNOWN,,N,N,URBAN,N,N,N,,DAYLIGHT,CLEAR,DRY,,NO JUNCTION INVOLVED,STRAIGHT/LEVEL,ASPHALT,UNSAFE BACKING,$1001 TO $2500,BACKING CRASH,426,432,Y,N,WYOSTAVE,0,NONE,V1 BACKED INTO V2 WHILE BOTH VEHICLES WERE ATTEMPTING TO BACK OUT OF PARKING SPACES AND LEAVE A PRIVATE LOT. D1 STATED SHE COULD NOT SEE OUT OF HER REAR WINDSHIELD BECAUSES OF BOXES IN THE VEHICLE AND BACKED INTO V2.
903487363,BLOOMINGTON PD,B1948075,MONROE,BLOOMINGTON,BLOOMINGTON,11/15/2019,3:52 PM,2,0,0,0,0,2601,S WALNUT,ST,,,,S WALNUT,,,,,Y,,,,39.165648,-86.5336,UNKNOWN,,N,Y,URBAN,N,N,N,,DAYLIGHT,CLEAR,DRY,,NO JUNCTION INVOLVED,NON-ROADWAY CRASH,ASPHALT,UNSAFE BACKING,$1001 TO $2500,BACKING CRASH,355,402,Y,Y,SWALNUTST,0,NONE,I witness the accident through camera footage and vehicle 1 was facing west behind the business and back into the passenger side of vehicle two damaging the passenger door and then leaving the scene of the accident. Vehicle 2 was parked facing south and no one was in the vehicle at the time of the accident.
903487493,INDIANA UNIV BLOOMINGTON PD,192723,MONROE,BLOOMINGTON,BLOOMINGTON,11/15/2019,8:10 PM,2,0,0,0,0,,TENTH,ST,,,,TENTH,N SUNRISE,,,,Y,,350,E,39.17158,-86.51251027,LOCAL/CITY ROAD,,N,N,URBAN,N,N,N,,DARK (LIGHTED),CLEAR,DRY,,NO JUNCTION INVOLVED,STRAIGHT/GRADE,ASPHALT,DRIVER DISTRACTED - EXPLAIN IN NARRATIVE,$1001 TO $2500,REAR END,815,819,Y,N,NSUNRISEDRTENTHST,0,NONE,"No other officers assisted with the accident investigation.Primary Cause - Driver Distracted (explain in narrative) - D1 stated that he was looking out his driver-side window and not paying attention to the vehicles stopped in front of him.V2 was stopped behind an unknown vehicle that was attempting to make a left, northbound turn into a private parking lot.V1 was traveling eastbound and approaching V2 from the rear.D2 stated he was stopped behind and unknown vehicle which was attempting to turn left into a private parking lot. V1 then collided into the back of his vehicle.D1 stated that he was looking out his driver-side window and was not paying attention to the vehicles stopped in front of him. He then collided into the rear of V2. I asked D1 how fast he thinks he was traveling prior to the collision to which he replied, ""The speed limit."" I asked D1 what the speed limit was to which he stated, ""30 or 40?"" When asked what his speed was at the time of the collision he estimated at approximately 10 mph. Neither driver reported injuries at the time of the report. Neither vehicle needed towed due to disabling damage."
903487308,INDIANA UNIV BLOOMINGTON PD,192718,MONROE,BLOOMINGTON,BLOOMINGTON,11/15/2019,3:20 PM,2,0,0,0,0,,FOURTEENTH,ST,,,,FOURTEENTH,FESS,,,,Y,,,,39.17609,-86.52598,LOCAL/CITY ROAD,,N,N,URBAN,N,N,N,,DAYLIGHT,CLEAR,DRY,,T-INTERSECTION,STRAIGHT/LEVEL,ASPHALT,UNSAFE BACKING,UNDER $1001,BACKING CRASH,324,344,Y,N,FESSAVEFOURTEENTHST,0,NONE,"At 1524 hours on 11/15/2019 a collision occurred between V1 and V2. V2 was parked on 14th street, facing eastbound.D1 advised that he had attempted to back out of the driveway of 615 E 14th Street and in the process accidentally backed into V2. There was minor damage to the back passenger side of V1. There was damage to the driver's side mirror and door of V2."
903488046,INDIANA UNIV BLOOMINGTON PD,192739,MONROE,BLOOMINGTON,BLOOMINGTON,11/16/2019,11:01 PM,1,0,0,0,0,,KIRKWOOD,AVE,,,,KIRKWOOD,MAPLE,,,,Y,OTHER,,,39.16664,-86.5422,LOCAL/CITY ROAD,,Y,Y,URBAN,N,N,N,,DARK (NOT LIGHTED),CLEAR,DRY,,NO JUNCTION INVOLVED,STRAIGHT/LEVEL,ASPHALT,LEFT OF CENTER,UNDER $1001,COLLISION WITH OBJECT IN ROAD,1102,1123,N,Y,KIRKWOODAVEMAPLEST,0,LANE CONTROL,"V1 was travelling westbound on Kirkwood Avenue in the area of Kirkwood and Maple when he struck a pedestrian crosswalk signpost in the roadway. Officer Wagner was attempting to stop V1 on a traffic stop when V1 fled the scene. Officer Wagner attempted to stop V1 at Kirkwood and Rogers when V1 then fled, turning right into an alleyway just northeast of Kirkwood and Rogers. V1 then continued to drive turning right on Madison and then another right to turn back west on Kirkwood Avenue. V1 then fled westbound on Kirkwood Avenue as Officer Wagner began to terminate the pursuit per IUPD policy. V1 then began driving left of center, crossing the double yellow lines into the eastbound lane of traffic, eventually striking the pedestrian crosswalk sign at the intersection of Kirkwood and Maple. V1's erratic driving forced another vehicle to turn right onto Maple from Kirkwood as V1 passed them. From there, V1 continued driving westbound into the eastbound lane of traffic after striking the sign. At this time, V1 and D1 are still outstanding as they fled the scene. Officer Wagner is planning to follow up with D1 and take criminal action as he was able to identify D1 after the collision."
903487972,MONROE SD,M19A37802,MONROE,RICHLAND,BLOOMINGTON,11/16/2019,12:44 AM,1,0,0,0,0,,,,SR46W,,,SR46W,N SMITH,,,,N,PRIVATE,,,39.210144,-86.5832,STATE ROAD,Y,Y,N,URBAN,N,N,N,,DARK (LIGHTED),CLEAR,DRY,,FOUR-WAY INTERSECTION,CURVE/GRADE,ASPHALT,RAN OFF ROAD RIGHT,$5001 TO $10000,RAN OFF ROAD,1244,1247,Y,Y,NSMITHPIKESR46W,0,TRAFFIC CONTROL SIGNAL,"Driver one said that he was a passenger of the vehicle during the time of the accident and the driver ran from the scene.Witness 1 said that Unit 1 was traveling southwest on W SR 46 at high rate of speed. He said that Unit 1 then went around some vehicles, went off the roadway and came to rest in a field on the south side of the roadway. Witness 1 said that he pulled over to check on the driver and he saw Driver 1 exit the driver's side of Unit 1. Witness 1 said that he did not see anyone else exit the vehicle or run from the scene. Deputy B. Barrow 5317 conducted an Operation While Intoxicated investigation and arrest Driver 1 for OWI IC 9-30-5-2."
903488206,INDIANA UNIV BLOOMINGTON PD,192733,MONROE,BLOOMINGTON,BLOOMINGTON,11/16/2019,4:00 PM,2,0,0,0,0,,WALNUT,ST,,,,WALNUT,,,,,Y,,250,N,0,0,LOCAL/CITY ROAD,,N,N,URBAN,N,N,N,,DAYLIGHT,CLEAR,DRY,,T-INTERSECTION,STRAIGHT/LEVEL,ASPHALT,FAILURE TO YIELD RIGHT OF WAY,$1001 TO $2500,LEFT TURN,403,414,Y,N,SR45EWALNUTST,0,NONE,"V1 was turning left from the McDonald's parking lot located at 2300 N. Walnut Street to go south on Walnut Street. V2 was turning left from the Big Red Liquors located at 2205 N. Walnut Street to go north on Walnut Street.D1 stated that she looked left and right and felt that she was clear to turn south on Walnut Street from the McDonald's parking lot in V1. She stated that as she turned left, she looked forward and saw V2 directly in front of her and collided into V2. D2 stated traffic to the left and right were clear and turned left to go north on Walnut Street from the Big Red Liquors parking lot in V2. He stated that as he turned left, V1 collided into his vehicle. D2 stated that he had begun to drive north but was in the median area of the road when V1 collided into him (see diagram).There was damage to the front passenger side bumper of V1 and to the rear passenger side quarter panel and bumper of V2. There were no injuries."
903487926,INDIANA UNIV BLOOMINGTON PD,192735,MONROE,BLOOMINGTON,BLOOMINGTON,11/16/2019,8:10 PM,2,0,0,0,0,,N ROSE,AVE,,,,N ROSE,E 7TH,,,,Y,,,,39.16808,-86.51091,LOCAL/CITY ROAD,,N,N,URBAN,Y,N,N,,DARK (LIGHTED),CLEAR,DRY,,T-INTERSECTION,STRAIGHT/LEVEL,ASPHALT,FAILURE TO YIELD RIGHT OF WAY,$2501 TO $5000,LEFT TURN,814,818,Y,N,E7THSTNROSEAVE,0,NONE,V1 was stopped on the side of the road at the intersection of 7th St and Rose Ave facing west on 7th St. V2 was driving west on 7th St going straight.D1 stated she was stopped on the side of the road at the intersection of 7th St and Rose Ave facing west on 7th St. D1 stated she was attempting to figure out which direction to go which is why she was stopped on the side of the road. D1 stated that she then attempted to turn south on to Rose Ave and when she turned she collided with V2.D2 stated that she was driving west on 7th St going straight when V1 turned in front of her and collided with her passenger side quarter panel.
903488085,MONROE SD,M19A37846,MONROE,PERRY,BLOOMINGTON,11/16/2019,4:21 PM,2,0,0,0,0,,OLD ST RD 37,RD,,,,OLD ST RD 37,CHURCH,,,,Y,,,,39.10726,-86.53149,UNKNOWN,Y,N,N,URBAN,N,N,N,,DAYLIGHT,CLEAR,DRY,,FOUR-WAY INTERSECTION,STRAIGHT/LEVEL,ASPHALT,UNSAFE LANE MOVEMENT,$1001 TO $2500,SAME DIRECTION SIDESWIPE,423,435,Y,N,CHURCHLNOLDSTRD37RD,0,TRAFFIC CONTROL SIGNAL,"Unit 1 was traveling southbound on Old ST Rd 37, approaching the intersection with Church Ln. Unit 1 moved into the left turn lane to proceed on to Fairfax Rd, did not see Unit 2 and impacted with Unit 2 on the Passenger side door. Unit 1 stated that he did not see Unit 2"
903487734,BLOOMINGTON PD,B1948203,MONROE,BLOOMINGTON,BLOOMINGTON,11/16/2019,12:02 PM,2,0,0,0,0,1175,S COLLEGE MALL,RD,,,,S COLLEGE MALL,,,,,Y,,,,39.153705,-86.495218,UNKNOWN,,N,Y,URBAN,N,N,N,,DAYLIGHT,CLEAR,DRY,,NO JUNCTION INVOLVED,STRAIGHT/GRADE,ASPHALT,UNSAFE BACKING,UNDER $1001,BACKING CRASH,1202,1230,Y,N,SCOLLEGEMALLRD,0,NONE,D2 STATED SHE WAS STOPPED EAST BOUND IN THE PARKING LOT WAITING FOR A VEHICLE TO BACK FROM A PARKING SPACE. D2 SAID WHILE WAITING SHE FELT AN IMPACT TO THE REAR OF HER VEHICLE. D2 SAID SHE THEN SAW A DARK BROWN SEDAN PULL AWAY WEST THEN TURNED NORTH OUT OF THE PARKING LANE. D2 WAS UNABLE TO GET A PLATE NUMBER OR IDENTIFY THE MAKE OF THE OFFENDING VEHICLE.
903488217,INDIANA UNIV BLOOMINGTON PD,192752,MONROE,BLOOMINGTON,BLOOMINGTON,11/16/2019,7:15 PM,2,0,0,0,0,125,S JORDAN,AVE,,,,S JORDAN,,,,,Y,,,,39.1672661,-86.51619777,UNKNOWN,,N,Y,URBAN,N,N,N,,DARK (LIGHTED),CLEAR,DRY,,NO JUNCTION INVOLVED,STRAIGHT/LEVEL,CONCRETE,OTHER (VEHICLE) - EXPLAIN IN NARRATIVE,UNDER $1001,OTHER - EXPLAIN IN NARRATIVE,138,138,Y,Y,SJORDANAVE,0,NONE,"Hit and Run. V1 fled the scene. V2 was sitting in a parking stall on the top level of the Jordan Parking Garage, North of Read Hall, when V1 struck the rear drivers side bumper on V2. There is no way to tell how V2 was struck. V2 has damage to the rear drivers side bumper. The owner to V2 stated that she is unsure how her vehicle was struck. The owner stated that she had parked her vehicle in the farthest parking stall on the end on the East side of the parking garage. The owner stated that when she got out of her vehicle there were multiple cars still driving around trying to find a spot and stated she is unsure how a vehicle would have come in contact with her bumper."
903487843,MONROE SD,M19A37843,MONROE,BENTON,BLOOMINGTON,11/16/2019,4:00 PM,2,0,0,0,0,,LOW GAP,RD,,,,LOW GAP,TULIP,,,,N,,1000,N,0,0,LOCAL/CITY ROAD,,N,N,RURAL,N,N,N,,DAYLIGHT,CLEAR,DRY,,NO JUNCTION INVOLVED,CURVE/GRADE,ASPHALT,LEFT OF CENTER,$10001 TO $25000,HEAD ON BETWEEN TWO MOTOR VEHICLES,400,435,Y,N,LOWGAPRDTULIPTR,0,NONE,"D1 North bound on Low Gap Road at the Morgan-Monroe County Line when he traveled left of center colliding head on with V2. D2 was southbound on Low Gap Road at the Morgan-Monroe County Line, when he was struck head on by V1.W1 stated he was traveling north on Low Gap Road when he passed V2 and in the rear view mirror he observed V1 travel left of center and collide with V2.Both vehicles were disabled and required a tow from the scene."