Master Record Number,Agency,Local Code,County,Township,City,Collision Date,Collision Time,Vehicles Involved,Trailers Involved,Number Injured,Number Dead,Number Deer,House Number,Roadway Name,Roadway Suffix,Roadway Number,Roadway Interchange,Roadway Ramp,Roadway Id,Intersecting Road,Intersecting Road Number,Mile Marker,Interchange,Corporate Limits?,Property Type,Feet From,Direction,Latitude,Longitude,Roadway Class,Traffic Control Devices?,Aggressive Driving?,Hit and Run?,Locality,School Zone?,Rumble Strips?,Construction?,Construction Type,Light Condition,Weather Conditions,Surface Condition,Type of Median,Roadway Junction Type,Road Character,Roadway Surface,Primary Factor,Damage Estimate,Manner of Collision,Time Notified,Time Arrived,Investigation Complete?,Photos Taken?,Unique Location Id,State Property Damage?,Traffic Control,NARRATIVE
903489186,MONROE SD,M19A37897,MONROE,PERRY,BLOOMINGTON,11/17/2019,10:37 AM,1,0,0,0,0,,SOUTH FAIRFAX,RD,,,,SOUTH FAIRFAX,EAST SCHACHT,,,,N,,,,39.10704,-86.523488,COUNTY ROAD,,N,N,RURAL,N,N,N,,DAYLIGHT,CLEAR,DRY,,NO JUNCTION INVOLVED,CURVE/GRADE,ASPHALT,RAN OFF ROAD RIGHT,$10001 TO $25000,RAN OFF ROAD,1045,1058,Y,Y,EASTSCHACHTRDSOUTHFAIRFAXRD,0,NONE,VEHICLE 1 WAS TRAVELING NORTHBOUND ON SOUTH FAIRFAX ROAD NEAR THE INTERSECTION OF EAST SCHACHT ROAD. VEHICLE 1 RAN OFF THE ROAD AND STRUCK A TREE. DRIVER 1 STATED HE WAS REACHING FOR HIS MOBILE PHONE CAUSING HIM TO DRIVE OFF THE ROAD.DRIVER 1 WAS UNINJURED AND REFUSED MEDICAL TREATMENT.VEHICLE 1 WAS DISABLED WITH AIRBAG DEPLOYMENT. VEHICLE 1 WAS TRANSPORTED TO PRITCHARDS BY PRITCHARDS
903488145,INDIANA UNIV BLOOMINGTON PD,192748,MONROE,BLOOMINGTON,BLOOMINGTON,11/17/2019,8:40 AM,2,0,0,0,0,,N JORDAN,AVE,,,,N JORDAN,,,,,Y,,1000,N,0,0,LOCAL/CITY ROAD,,N,N,URBAN,N,N,N,,DAYLIGHT,CLEAR,DRY,,T-INTERSECTION,CURVE/GRADE,ASPHALT,IMPROPER TURNING,$2501 TO $5000,RIGHT TURN,841,855,Y,N,NJORDANAVESR46,0,NONE,"V2 was parked facing south on the west side of Jordan Avenue near 1415 N. Jordan Avenue. V1 was turning right to go south on Jordan Avenue from the parking lot of 1415 N. Jordan Avenue.D1 stated she was turning right from the parking lot of 1415 N. Jordan Avenue to go south on Jordan Avenue in V1. She turned too sharp and collided with V2. The damage to V1 indicated that D1 struck V2 and continued to drive forward causing damage to the entire passenger side of V1.There was damage to the entire passenger side of V1, and to the driver side rear bumper and rear quarter panel of V2. There were no injuries."
903488375,BLOOMINGTON PD,B1948342,MONROE,BLOOMINGTON,BLOOMINGTON,11/17/2019,3:00 PM,3,0,0,0,0,,E KIRKWOOD,AVE,,,,E KIRKWOOD,S ROGERS,,,,Y,,,,39.166672,-86.538608,LOCAL/CITY ROAD,,N,N,URBAN,N,N,N,,DAYLIGHT,CLEAR,DRY,,FOUR-WAY INTERSECTION,STRAIGHT/GRADE,ASPHALT,UNSAFE LANE MOVEMENT,$5001 TO $10000,REAR END,310,334,Y,Y,EKIRKWOODAVESROGERSST,0,NONE,D1 STATED SHE WAS DRIVING WEST ON W KIRKWOOD AVE APPROACHING S ROGERS STREET. D1 STATED SHE FELL ASLEEP AND WHEN SHE WOKE UP THE ACCIDENT HAD ALREADY OCCURRED. SHE DID NOT APPEAR FATIGUED BUT SHE REPORTED THAT SHE HAD FALLEN ASLEEP. SHE ALSO DID NOT APPEAR IMPAIRED IN ANY WAY AND STATED SHE DOES NOT TAKE MEDICINE THAT MAKES HER FATIGUED. D1 STATED SHE WAS NOT INJURED. V1 HAD STRUCK THE REAR OF V2 WHICH WAS PARKED UNOCCUPIED. THIS PUSHED V2 INTO THE REAR OF V3 WHICH WAS ALSO PARKED UNOCCUPIED IN FRONT OF V2. V2 AND V3 WERE PARKED UNOCCUPIED DURING THE ACCIDENT AND WERE ON THE STREET PARKING BOTH FACING WEST. PICTURES WERE TAKEN.
903488224,INDIANA UNIV BLOOMINGTON PD,192753,MONROE,BLOOMINGTON,BLOOMINGTON,11/17/2019,1:30 PM,2,0,0,0,0,,7TH,ST,,,,7TH,STADIUM,,,,Y,,,,0,0,UNKNOWN,,N,N,URBAN,N,N,N,,DAYLIGHT,CLEAR,DRY,,NO JUNCTION INVOLVED,STRAIGHT/LEVEL,ASPHALT,FAILURE TO YIELD RIGHT OF WAY,$1001 TO $2500,RIGHT TURN,134,138,Y,N,7THSTSTADIUMDR,0,NONE,"Upon my arrival V1 and V2 were both parked northbound on Stadium Drive which connects to the parking lot of the Wells Library. All parties advised there were no injuries. D1 said she was driving around in V1 in the parking lot looking for a place to park. D1 said she was in the very last row of the parking lot facing west to make a right hand turn to go north. D1 said she came to a stop, and had her right turn signal on prior to making the turn. D1 said she turned right. D1 said V2 was traveling what she believed was quick north in direction on Stadium Drive which connects to the parking lot. D1 said as V2 was north in direction she had already begun turning. D1 said V1 then struck V2 on the read passenger door area causing damage. V1 obtained damage on the driver side front bumper area. D2 said she was traveling in V2 westbound on 7th Street and came to a stop at the intersection of 7th St. and Stadium Drive at the stop sign. D2 said she signaled at the stop sign to make a right turn to go north on Stadium Drive. D2 said she was looking to make a left turn to go to the Radio/TV Building from Stadium Dr. D2 said V1 failed to yield to a complete stop prior to turning in the parking lot and just went forward. D2 said as she was going north she was then struck in the rear passenger door by V1. V2 obtained damage to the rear passenger door. Neither vehicle had a stop sign. However, Stadium Dr. Is more of a street than the parking lot and people exiting the parking lot should yield to people already on the drive."
903489634,MONROE SD,M19A37907,MONROE,PERRY,BLOOMINGTON,11/17/2019,1:13 PM,2,0,0,0,0,,,,SR37N,,,SR37N,S OLD SR 37,,,,N,,,,39.085632,-86.542304,STATE ROAD,Y,N,N,RURAL,N,Y,N,,DAYLIGHT,CLEAR,DRY,,FOUR-WAY INTERSECTION,STRAIGHT/LEVEL,ASPHALT,IMPROPER LANE USAGE,$5001 TO $10000,SAME DIRECTION SIDESWIPE,123,130,Y,N,SOLDSR37RDSR37N,0,TRAFFIC CONTROL SIGNAL,DRIVER 1 ADVISED THEY WERE NB ON S SR 37 NEAR THE INTERSECTION OF S SR 37 AND S OLD SR 37. DRIVER 1 ADVISED THEY WERE DISTRACTED AND DID NOT NOTICE THAT THE LIGHT HAD TURNED RED AT THE INTERSECTION. DRIVER 1 ADVISED THAT HE BRAKED HARD AND SWERVED INTO THE RIGHT TURN LANE STRIKING VEHICLE 2.DRIVER 2 ADVISED SHE WAS NB ON S SR 37 NEAR THE INTERSECTION OF S SR 37 AND S OLD SR 37. DRIVER 2 ADVISED SHE WAS IN THE RIGHT TURN LANE TO TURN RIGHT ONTO S OLD SR 37. DRIVER 2 ADVISED SHE WAS SLOWED IN TRAFFIC DUE TO THE LIGHT TURNING AND THAT VEHICLE 1 SUDDENLY STRUCK THE DRIVER SIDE OF HER VEHICLE.
903488171,MONROE SD,M19A37882,MONROE,SALT CREEK,BLOOMINGTON,11/17/2019,5:43 AM,1,0,1,0,0,,E WOODVIEW,DR,,,,E WOODVIEW,E SR 46,,,,N,,,,39.15199,-86.38127,LOCAL/CITY ROAD,,N,N,RURAL,N,N,N,,DARK (NOT LIGHTED),CLEAR,DRY,,NO JUNCTION INVOLVED,CURVE/GRADE,ASPHALT,RAN OFF ROAD RIGHT,$10001 TO $25000,RAN OFF ROAD,551,605,Y,N,ESR46RDEWOODVIEWDR,0,NONE,"Driver of vehicle 1 stated he was talking with his friends in the car and failed to notice the road curved. He stated he drove of the road into the surrounding trees on the side of the road. The driver side airbag deployed and three passengers were injured, treated on scene by EMS and were not transported. Vehicle had heavy front end damage and was towed by Sturgis Towing to the Sturgis lot."
903488370,BLOOMINGTON PD,B1948372,MONROE,PERRY,BLOOMINGTON,11/17/2019,6:06 PM,2,0,1,0,0,,E 3RD,ST,,,,E 3RD,S SMITH,,,,Y,,,,39.16424,-86.480688,LOCAL/CITY ROAD,Y,N,N,URBAN,N,N,N,,DARK (LIGHTED),CLEAR,DRY,,FOUR-WAY INTERSECTION,STRAIGHT/GRADE,ASPHALT,FAILURE TO YIELD RIGHT OF WAY,$5001 TO $10000,RIGHT ANGLE,608,612,Y,Y,E3RDSTSSMITHRD,0,TRAFFIC CONTROL SIGNAL,"V1 WAS TRAVELING WB ON E 3RD STREET STOPPED AT THE INTERSECTION OF S SMITH ROAD WAITING TO TURN SB. V2 WAS TRAVELING EB ON E 3RD STREET AT THE SAME INTERSECTION. AS V1 TURNED SB ONTO S SMITH ROAD, THE FRONT OF V2 AND THE PASSENGER SIDE DOOR AREA OF V1 COLLIDED IN THE INTERSECTION.D1 STATED THAT HE WAS WAITING TO TURN SB ON S SMITH ROAD AS HE HAD THE YIELD GREEN LIGHT. D1 STATED THAT AS HE TURNED TO CROSS EB TRAVELING TRAFFIC, V2 HIT THE PASSENGERS SIDE OF HIS VEHICLE. D1 STATED THAT BOTH EB AND WB TRAVELING LANES ON E 3RD STREET HAD GREEN LIGHTS.D2 STATED THAT SHE WAS TRAVELING EB ON E 3RD STREET WHEN V1 PULLED OUT IN FRONT OF HER. D2 STATED THAT SHE WAS NOT ABLE TO AVOID THE COLLISION AND THAT THE FRONT OF HER VEHICLE COLLIDED WITH V1.W1 STATED THAT SHE WAS STOPPED AT THE RED LIGHT FACING NB ON S SMITH ROAD. W1 STATED THAT SHE OBSERVED V1 PULL OUT IN FRONT OF V2 CAUSING THE COLLISION. W1 STATED THAT SHE BELIEVED D1 MISJUDGED THE DISTANCE OF V2 TO HIS VEHICLE AND MISTAKENLY PULLED OUT IN FRONT OF HER. W1 STATED THAT BOTH EB AND WB TRAVELING TRAFFIC ON E 3RD STREET HAD GREEN LIGHTS AND THAT V1 HAD A YIELD GREEN LIGHT."
903493974,ELLETTSVILLE PD,E1906309,MONROE,RICHLAND,ELLETTSVILLE,11/17/2019,3:28 PM,2,0,0,0,0,,,,SR46W,,,SR46W,KELLI,,,,Y,OTHER,150,W,39.25039539,-86.65206413,STATE ROAD,,Y,N,URBAN,N,N,N,,DAYLIGHT,CLEAR,DRY,,T-INTERSECTION,STRAIGHT/LEVEL,ASPHALT,RAN OFF ROAD RIGHT,$2501 TO $5000,REAR END,332,337,Y,Y,KELLIDRSR46W,0,NONE,"D1 STATED THAT HE WAS HEADED WEST ON SR46W WHEN A WHITE SUV CAME PAST AND RUN HIM OFF THE ROAD, HE THEN WENT UP ON CURB STRIKING 3 MAIL BOXES, LIGHT POLE AND A STREET SIGN AND THAT THE OTHER VEH DID NOT STOP. D2 SAID THAT SHE DID NOT KNOW WHAT HAPPEN SHE WAS IN FRONT OF VEHICLES AND WAS STRUCK IN THE RIGHT REAR BUMPER. SHE THEN SAID SHE DID NOT KNOW IF V1 WAS THE ONE THAT STRUCK HER OR NOT. FRONT BUMPER OF V1 WAS THEN CHECKED WHICH HAD MARKS ON BUMPER THAT MATCHED DAMAGE ON V2.WITNESS STATEMENT: WE WERE ON WEST 46 TOWARDS SPENCER BEFORE CHANDLER ST WHEN A BLACK TRUCK AND A WHITE CHEVY SUV RAN ONE ANOTHER OFF THE ROAD. THE OCCURANCE STARTED BY TRACTOR SUPPLY (5700 W SR46) WHEN WE COULD HEAR A LOUD VEHICLE COMING BEHIND. WE LOOKED UP AND THERE WERE 2 VEHICLES THAT SEEMED TO BE RACING AND HAVING ROAD RAGE TOWARDS ONE ANOTHER. THEY GOT TO WHERE THE ROAD DIVIDS AND WERE RUNNING ON THE BACK OF CARS TO PASS ONE ANOTHER. AT ONE POINT THE WHITE CAR GOT IN LEFT LANE AND SLOWED DOWN DUE TO TRAFFIC WHICH THEN THE BLACK TRUCK WENT UP ON THE CURB AND STRUCK SEVERAL MAIL BOXES AND A STREET LIGHT. WITNESS WAS NOT ABLE TO GET WHITE SUV PLATE INFO."
903488230,BLOOMINGTON PD,B1948331,MONROE,BLOOMINGTON,BLOOMINGTON,11/17/2019,12:00 PM,2,0,0,0,0,429,S DUNN,ST,,,,S DUNN,,,,,,,,,39.169904,-86.52824,LOCAL/CITY ROAD,,N,Y,,N,N,N,,UNKNOWN,CLEAR,DRY,,NO JUNCTION INVOLVED,STRAIGHT/GRADE,ASPHALT,,$1001 TO $2500,,147,155,Y,Y,SDUNNST,0,NONE,OWNER OF V1 PARKED HIS VEHICLE JUST WEST OF 429 S DUNN ST FACING EB ON 11/16/19 AT 1500 HOURS. HE RETURNED TO THIS VEHICLE ON 11/17/19 AT 1200 HOURS TO FIND DAMAGE TO THE DRIVER SIDE OF THE VEHICLE.NO CAMERAS IN AREA THAT WERE POINTED AT THE SCENE OF THE ACCIDENT.
903488050,MONROE SD,M19A37880,MONROE,PERRY,BLOOMINGTON,11/17/2019,4:12 AM,1,0,0,0,0,,S OLD STATE ROAD 37,RD,,,,S OLD STATE ROAD 37,S EMPIRE,,,,N,,100,N,39.083248,-86.5408,LOCAL/CITY ROAD,,N,N,RURAL,N,N,N,,DARK (NOT LIGHTED),CLEAR,DRY,,T-INTERSECTION,CURVE/GRADE,ASPHALT,RAN OFF ROAD RIGHT,$10001 TO $25000,RAN OFF ROAD,416,425,Y,Y,SEMPIRERDSOLDSTATEROAD37RD,0,LANE CONTROL,"D1 REPORTED TO CENTRAL DISPATCH THAT HE HAD FALLEN ASLEEP AND CRASHED INTO A DITCH WHILE GOING AROUND A CURVE. D1 STATED HE WAS TRAVELING SOUTHBOUND ON S OLD STATE ROAD 37 AFTER LEAVING THE BARS IN BLOOMINGTON. D1 FELL ASLEEP JUST BEFORE THE CURVE NEAR S EMPIRE RD AND S OLD SR 37, AND DIDNT REMEMBER WHAT HAPPENED AFTER THAT. THE VEHICLE WAS ON ITS SIDE IN A DEEP DITCH ON THE PROPERTY OF T.R THICKSTUN CLASS COMPANY.D1 FAILED FIELD SOBRIETY TESTING, AND BLEW A .125 ON A PBT. D1 WAS DETAINED AND TAKEN TO THE MONROE COUNTY SHERIFF'S OFFICE FOR FURTHER TESTING. RESULTS ARE PENDING AT THIS TIME.D1 DID NOT REQUEST REQUEST AN AMBULANCE, DID NOT COMPLAIN OF ANY INJURIES, AND DID NOT HAVE ANY VISIBLE INJURIES.AIRBAGS WERE DEPLOYED."
903489376,BLOOMINGTON PD,B1948433,MONROE,BLOOMINGTON,BLOOMINGTON,11/18/2019,10:50 AM,2,0,2,0,0,,N WALNUT,ST,,,,N WALNUT,E 14TH,,,,Y,,,,39.175952,-86.53344,LOCAL/CITY ROAD,,N,N,URBAN,N,N,N,,DAYLIGHT,CLOUDY,DRY,,FOUR-WAY INTERSECTION,STRAIGHT/HILLCREST,ASPHALT,DISREGARD SIGNAL/REG SIGN,$2501 TO $5000,RIGHT ANGLE,1051,1054,Y,Y,E14THSTNWALNUTST,0,STOP SIGN,V1 was driving East amd crossing N walnut St on w 14th Street. V2 was traveling North on N Walnut Street and driving straight. V1 entered the traffic lane of V2. V2 then collided with the passenger side of V1 causing disabling damage to both vehicles.D1 stated that he was unfamiliar with the area and was attempting to navigate his GPS. D1 stated that he did not observe the stop sign and entered the traffic on North Walnut street without stopping. D2 stated that he was driving North on N Walnut Street and saw D1 pull into his traffic lane and was unable to stop.Pictures were taken of scene and injuries of parties involved.
903492647,ISP BLOOMINGTON 33,2.019E+11,MONROE,PERRY,BLOOMINGTON,11/18/2019,13:50 M,1,,0,0,1,,I-69,,,,,,,,112.5,,N,,0,S,39.08833212,-86.5702749,INTERSTATE,,,,RURAL,N,N,N,,DAYLIGHT,CLOUDY,DRY,,NO JUNCTION INVOLVED,,ASPHALT,ANIMAL/OBJECT IN ROADWAY,$2501 TO $5000,COLLISION WITH DEER,1409,1418,Y,N,,0,,"On Monday, November 18, 2019 at 13:50, I responded to a one car, car vs deer crash at milepost 112.5 on I-69 north bound . At the time of the crash, the weather was cloudy and the road surface was dry.Vehicle 1, a 2013 black, GMC Terrain, was traveling north bound in the right lane. A deer crossed into the path of vehicle 1. Driver 1 was unable to avoid colliding with the deer. Vehicle 1 struck the deer with vehicle 1's front bumper and grill. The deer then hit the left front fender of vehicle 1.Driver 1 gave statements supporting the above narrative."
903488725,BLOOMINGTON PD,B1948422,MONROE,BLOOMINGTON,BLOOMINGTON,11/18/2019,8:50 AM,2,0,0,0,0,,,,SR4546W,,,SR4546W,N KINSER,,,,Y,,50,E,39.186544,-86.537888,STATE ROAD,Y,N,N,URBAN,N,N,N,,DAYLIGHT,CLOUDY,WET,,FOUR-WAY INTERSECTION,STRAIGHT/LEVEL,ASPHALT,SPEED TOO FAST FOR WEATHER CONDITIONS,$2501 TO $5000,REAR END,850,900,Y,N,NKINSERPIKESR4546W,0,TRAFFIC CONTROL SIGNAL,"V1/D1 STATED ""I WAS EASTBOUND ON W. SR 45/46. WE HAD JUST PASSED THROUGH THE LIGHT AT N. KINSER PIKE. ALL OF THE SUDDEN V2 WAS SLIDDING TO A STOP DUE TO TRAFFIC STOPPING IN FRONT OF V2. I TRIED TO STOP AND SLIDE INTO V2.""V2/D2 STATED ""I WAS IN FRONT OF V1, IN THE NORTHERN MOST LANE OF TRAVEL EASTBOUND. THE TRAFFIC CAME TO A STOP IN FRONT OF ME, I SLIDE TO A STOP AND WAS THEN REAR ENDED BY V1."" ROADWAY SURFACE WAS WET, TEMP WAS 38 DEGREES AT THE TIME OF ACCIDENT. NO ICE PRESENT."
903489431,BLOOMINGTON PD,B1948421,MONROE,BLOOMINGTON,BLOOMINGTON,11/18/2019,8:49 AM,2,0,1,0,0,,W 3RD,ST,,,,W 3RD,S CURRY,,,,Y,,,,39.16464,-86.58296,LOCAL/CITY ROAD,Y,N,N,URBAN,N,N,N,,DAYLIGHT,CLOUDY,WET,,FOUR-WAY INTERSECTION,STRAIGHT/LEVEL,ASPHALT,DRIVER DISTRACTED - EXPLAIN IN NARRATIVE,$1001 TO $2500,REAR END,849,900,Y,Y,SCURRYPIKEW3RDST,0,TRAFFIC CONTROL SIGNAL,"D1/D2 were headed S/B on S Curry Pike, approaching the intersection of W 3rd St. D2 stopped in traffic at the intersection. D1 failed to stop in time, causing V1 to strike V2 in the rear. D1 stated that he was headed S/B on S Curry Pike, approaching the intersection of W 3rd St. D1 stated that he stopped in traffic behind V2. D1 stated that he believed V2 began to drive forward, so he let off his brakes. D1 stated that he then realized that V2 was not moving, however at this time V1 struck V2 in the rear. D2 stated that She was headed S/B on S Curry Pike, approaching the intersection of W 3rd St.D2 stated that a vehicle in front of her was at the intersection stalled in the roadway. D2 stated that as she waited for the vehicle in front of her to clear the roadway she was struck from the rear by V1."
903489377,BLOOMINGTON PD,B1948420,MONROE,BLOOMINGTON,BLOOMINGTON,11/18/2019,8:44 AM,1,0,0,0,0,2929,S MCINTIRE,DR,,,,S MCINTIRE,,,,,Y,PRIVATE,,,39.13400333,-86.56950833,LOCAL/CITY ROAD,,N,N,URBAN,N,N,N,,DAYLIGHT,CLOUDY,WET,,NO JUNCTION INVOLVED,STRAIGHT/LEVEL,ASPHALT,BRAKE FAILURE OR DEFECTIVE,$2501 TO $5000,OTHER - EXPLAIN IN NARRATIVE,847,903,Y,Y,SMCINTIREDR,0,NONE,V1 was in the parking lot of 2929 S McIntire Drive after a doctor's appointment. While attempting to pull out from parking space V1 accelerated and collided with the building at the door entrance causing damage to both the front end of V1 and the door of the business.D1 stated that he was attempting to pull forward to allow space for a passenger to get in the vehicle and the brakes would not work when he attempted to apply them. D1 stated that V1 then collided with the front of 2929 S McIntire Drive.There was no video footage or witness accounts.Pictures were taken on scene.
903490007,MONROE SD,M19A38077,MONROE,WASHINGTON,BLOOMINGTON,11/18/2019,6:00 PM,1,0,1,0,0,,SIMPSON,RD,,,,SIMPSON,CANYON,,,,N,PRIVATE,158,S,39.24924754,-86.52815579,COUNTY ROAD,,N,N,RURAL,N,N,N,,DARK (NOT LIGHTED),CLEAR,DRY,,NO JUNCTION INVOLVED,CURVE/LEVEL,ASPHALT,RAN OFF ROAD RIGHT,$5001 TO $10000,RAN OFF ROAD,600,607,Y,N,CANYONCTSIMPSONRD,0,NONE,Driver 1 was traveling westbound on West Sample Road approaching a hard right hand curve just south of North Canyon Court when he advised he ran off the roadway and continued straight through the curve. Driver 1 stated it was dark and he did not realize the curve was there and was unable to stop in time. Driver 1 continued through the curve and struck a REMC utility pole (number 18989018) breaking it in half. Driver 1 had complaint of pain in his chest and was transported by IU Health Ambulance 206. Vehicle 1 sustained heavy front end damage and was towed by Blands wrecker service. Vehicle 1 was moved prior to my arrival down the roadway into a residential driveway.
903490210,MONROE SD,M19A38066,MONROE,CLEAR CREEK,BLOOMINGTON,11/18/2019,4:13 PM,2,1,0,0,0,,S OLD STATE RD 37,RD,,,,S OLD STATE RD 37,W HOBART,,,,N,,,,39.013744,-86.5408,LOCAL/CITY ROAD,,N,N,RURAL,N,N,N,,DAYLIGHT,CLOUDY,DRY,,FOUR-WAY INTERSECTION,STRAIGHT/LEVEL,ASPHALT,IMPROPER TURNING,$10001 TO $25000,LEFT/RIGHT TURN,415,423,Y,N,SOLDSTATERD37RDWHOBARTRD,0,STOP SIGN,"UNIT 1 WAS STOPPED AT THE INTERSECTION OF S OLD STATE ROAD 37 AND W HOBART RD. AFTER COMING TO A STOP, UNIT 1 THEN OBSERVED UNIT 2 SOUTHBOUND ON S OLD SR 37 IN A PICKUP TRUCK AND TRAILER. UNIT 1 ADVISED THEY DID NOT SEE THE TRAILER THAT UNIT 2 WAS PULLING. UNIT 1 THEN PROCEEDED INTO THE INTERSECTION TOO EARLY, AND COLLIDED WITH THE TRAILER. THE DRIVER OF UNIT 2 STATED THAT HE DID NOT OWN THE TRAILER AND DID NOT HAVE ANY SPECIFIC INFORMATION REGARDING IT. UNIT 2 DRIVER STATED THAT THE OWNER WAS A MR. KEVIN LEECH AND COULD BE RACHED AT 812-272-3923. I WAS UNABLE TO CONTACT MR. LEECH TO OBTAIN THE INFORMATION REGARDING THE TRAILER."
903489187,MONROE SD,M19A38029,MONROE,PERRY,BLOOMINGTON,11/18/2019,12:49 PM,2,0,0,0,0,,SOUTH ROGERS,ST,,,,SOUTH ROGERS,PARGRAVE,,,,N,,,,39.125472,-86.538784,COUNTY ROAD,,N,N,URBAN,N,N,N,,DAYLIGHT,CLOUDY,DRY,,T-INTERSECTION,STRAIGHT/GRADE,ASPHALT,FAILURE TO YIELD RIGHT OF WAY,$5001 TO $10000,LEFT TURN,107,111,Y,N,PARGRAVEPLSOUTHROGERSST,0,STOP SIGN,"VEHICLE 2 WAS TRAVELING NORTHBOUND ON SOUTH ROGERS STREET NEAR THE INTERSECTION OF PARGRAVE PLACE. VEHICLE WAS STRUCK BY VEHICLE 1, WHILE VEHICLE 1 WAS ATTEMPTING A LEFT TURN ONTO SOUTH ROGERS STREET. VEHICLE 1 WAS TRAVELING NORTHEAST COMING OFF OF PARGRAVE PLACE STRIKING VEHICLE 2 IN THE FRONT DOOR ON THE DRIVER SIDE.BOTH DRIVERS WERE UNNJURED AND REFUSED ANY MEDICAL TREATMENT. BTH VEHICLES WERE DRIVABLE AND DRIVEN FROM THE SCENE."
903488734,BLOOMINGTON PD,B1948423,MONROE,BLOOMINGTON,BLOOMINGTON,11/18/2019,8:56 AM,2,0,0,0,0,,3RD,ST,,,,3RD,,,,,Y,,,,39.164448,-86.471888,LOCAL/CITY ROAD,,N,N,URBAN,N,N,N,,DAYLIGHT,CLOUDY,WET,,T-INTERSECTION,CURVE/LEVEL,ASPHALT,UNSAFE LANE MOVEMENT,$2501 TO $5000,SAME DIRECTION SIDESWIPE,859,918,Y,N,3RDSTSR446S,0,LANE CONTROL,"Driver 1 stated she was westbound on SR 46 approaching the intersection with SR446 in the left lane. Driver 1 stated that a car had stopped in front of her to turn left at the intersection. Driver 1 stated she did not see vehicle 2 coming up along side her and changed lanes into the right lane to go around the turning vehicle, colliding with vehicle 2. Driver 2 stated she was westbound on SR 46 approaching SR 446 in the right lane. Driver 2 stated when she reached the intersection, vehicle 1 changed lanes from the left lane into the right lane and collided with her vehicle as she was going by."
903492931,MONROE SD,M19A38042,MONROE,RICHLAND,BLOOMINGTON,11/18/2019,2:02 AM,2,0,0,0,0,200,DANIELS,WAY,,,,N DANIELS,,,,,N,,,,39.166717,-86.596928,UNKNOWN,,N,N,RURAL,N,N,N,,DAYLIGHT,CLEAR,DRY,,NO JUNCTION INVOLVED,STRAIGHT/LEVEL,ASPHALT,UNSAFE BACKING,$2501 TO $5000,BACKING CRASH,202,216,Y,N,NDANIELSWAY,0,NONE,"V1 was parking to the east (right) of V2. V1 was backing up north and turned too sharply, striking the passenger's side of V2. V1 was facing north in the parking spot. D1 stated she just backed out of the spot and turned too sharply. V1's right front driver's side bumper struck V2's passenger side front door. D1 stated she did not need medical attention."
903492930,MONROE SD,M19A37973,MONROE,BEAN BLOSSOM,ELLETTSVILLE,11/18/2019,7:19 AM,2,0,0,0,0,,,,SR46W,,,SR46W,CHAFIN CHAPEL,,,,N,,300,E,39.25962,-86.65757599,STATE ROAD,,N,N,RURAL,N,N,N,,DARK (NOT LIGHTED),RAIN,WET,,NO JUNCTION INVOLVED,STRAIGHT/LEVEL,ASPHALT,ANIMAL/OBJECT IN ROADWAY,$10001 TO $25000,OPPOSITE DIRECTION SIDESWIPE,720,829,Y,N,SR46WWCHAFINCHAPELRD,0,LANE CONTROL,"V1 was traveling eastbound on State Road 46. V2 was traveling westbound on State Road 46. V1 crossed the center lane into V2's lane of travel. V1 sideswiped V2 causing damage to both vehicles on the driver's side. D1 stated while traveling eastbound a deer jumped into the roadway. D1 stated he attempted to avoid the deer by overcorrecting to the left. D1 stated when he attempted to avoid the deer by turning left, he had a ""back spasm"" that prevented him from correcting. D1 stated he then struck V2. V1 had damage along the entire driver's side of V1. V1 also had a flat left front tire. D2 stated while driving westbound he saw V1 cross the center lane into his lane of travel. D2 stated he attempted to get to the far right as much as possible without driving off the road. V2 had damage to the front left fender and to one of the wheels. Both drivers denied EMS."
903493198,MONROE SD,M19A38067,MONROE,BEAN BLOSSOM,ELLETTSVILLE,11/18/2019,4:20 PM,2,0,0,0,0,,MT TABOR,RD,,,,N MT TABOR,MEGANS,,,,N,,300,S,39.26300119,-86.62625,COUNTY ROAD,,N,N,RURAL,N,N,N,,DAYLIGHT,CLEAR,DRY,,T-INTERSECTION,STRAIGHT/LEVEL,ASPHALT,IMPROPER LANE USAGE,$2501 TO $5000,SAME DIRECTION SIDESWIPE,427,441,Y,N,NMTTABORRDWMEGANSWAY,0,NONE,"V2 was traveling northbound on N. Mt. Tbor Road. D2 stated that she was stopped in the roadway for a construction vehicle that was backing into a driveway along N. Mt. Tabor Rd where there is a new house being built. D2 stated that V1 was traveling behind her and attempted to go around her and sideswiped her vehicle and continued down the road. D1 stated that he was unable to stop before rear ending V2 so he attempted to go around V2 in the southbound lane. D1 stated that he did not realize that V1 made contact with V2 and that is why he continued on down the road. I took the accident report at N. Mt Tabor Road & W Megans Way, however the crash occurred somewhere along N Mt Tabor Rd near a new home construction site. I believe the crash occurred near the intersection of N Mt Tabor Rd & W Cowden Rd, however I am unable to confirm with 100% certainty. Neither vehicle sustained disabling damage in the crash."
903490211,MONROE SD,M19A38078,MONROE,INDIAN CREEK,BLOOMINGTON,11/18/2019,6:23 PM,1,0,1,0,0,,S ROCKPORT,RD,,,,S ROCKPORT,S VICTOR,,,,N,,,,39.053744,-86.606304,LOCAL/CITY ROAD,,N,N,RURAL,N,N,N,,DARK (NOT LIGHTED),CLOUDY,WET,,T-INTERSECTION,CURVE/GRADE,ASPHALT,SPEED TOO FAST FOR WEATHER CONDITIONS,$10001 TO $25000,RAN OFF ROAD,625,642,Y,Y,SROCKPORTRDSVICTORPIKE,0,NONE,"UNIT 1 WAS TRAVELING NORTHBOUND ON S ROCKPORT RD IN THE AREA OF THE INTERSECTION OF S VICTOR PIKE. THE DRIVER STATED THAT UNIT 1 BEGAN TO SLIDE SO HE APPLIED THE BRAKES, BUT THE ABS SYSTEM FAILED. THE UNIT THEN LEFT THE ROADWAY AT THE INTERSECTION, STRUCK A GUIDEWIRE ON A UTILITY POLE, AND BECAME INVERTED. AFTER COMING TO A REST, UNIT 1 WAS ON ITS TOP, FACING SOUTH. THE DRIVER HAD A SMALL COMPLAINT OF PAIN IN HIS SIDE, BUT REFUSED TRANSPORT FROM MEDICAL."