Master Record Number,Agency,Local Code,County,Township,City,Collision Date,Collision Time,Vehicles Involved,Trailers Involved,Number Injured,Number Dead,Number Deer,House Number,Roadway Name,Roadway Suffix,Roadway Number,Roadway Interchange,Roadway Ramp,Roadway Id,Intersecting Road,Intersecting Road Number,Mile Marker,Interchange,Corporate Limits?,Property Type,Feet From,Direction,Latitude,Longitude,Roadway Class,Traffic Control Devices?,Aggressive Driving?,Hit and Run?,Locality,School Zone?,Rumble Strips?,Construction?,Construction Type,Light Condition,Weather Conditions,Surface Condition,Type of Median,Roadway Junction Type,Road Character,Roadway Surface,Primary Factor,Damage Estimate,Manner of Collision,Time Notified,Time Arrived,Investigation Complete?,Photos Taken?,Unique Location Id,State Property Damage?,Traffic Control,NARRATIVE
903493444,ISP BLOOMINGTON 33,2.019E+11,MONROE,BLOOMINGTON,BLOOMINGTON,11/21/2019,18:25 M,1,,0,0,0,,I-69,,,,,,,,123,,N,,792,N,39.23416908,-86.54138937,INTERSTATE,,,,RURAL,N,N,N,,DARK (NOT LIGHTED),CLOUDY,WET,,RAMP,,ASPHALT,,$2501 TO $5000,RAN OFF ROAD,1829,1842,Y,N,,0,,"On Thursday, November 21, 2019 at 18:25, I responded to a crash on I69 - 123 - Ramp C, locally referred to as the College Avenue Exit. At the time of the crash, the weather was cloudy and the road surface was wet.V1, red Chevrolet, was traveling south on I69 along the exit ramp. V1 slid on the wet roadway and struck the guardrail end located along the north side of the roadway. V1 then traveled across the roadway and struck the guardrail face along the south side of the roadway. D1, O'Riley, stated he was traveling south along the exit ramp. D1 stated he began to slide on the wet roadway and lost control of V1. D1 stated he struck a guardrail to his left then traveled across the roadway and struck a guardrail to his right. Evidence shows damage to the front of V1. Evidence shows damage to the guardrail end along the north side of the roadway at the top of the ramp. Evidence shows damage to the guardrail face along the south side of the roadway at the top of the ramp. Evidence shows the roadway was wet during the accident investigation.***Correct Location is I69 - 123 - Ramp C*** Map feature not accurate."
903491506,INDIANA UNIV BLOOMINGTON PD,192791,MONROE,BLOOMINGTON,BLOOMINGTON,11/21/2019,2:25 PM,2,0,0,0,0,,JORDAN,AVE,,,,JORDAN,JONES,,,,Y,,,,39.1654,-86.51637,LOCAL/CITY ROAD,,N,N,URBAN,N,N,N,,DAYLIGHT,CLOUDY,WET,,T-INTERSECTION,STRAIGHT/LEVEL,ASPHALT,FOLLOWING TOO CLOSELY,$1001 TO $2500,REAR END,229,234,Y,N,JONESAVEJORDANAVE,0,NONE,V1 and V2 were traveling North on Jordan Avenue approaching Jones Avenue. D1 stated that she was traveling behind V2. D1 stated that V2 stopped and she was unable to stop in time and rear ended V2. D1 stated that her tires slid on the road and she was unable to stop in time. D2 stated that she was behind another vehicle that kept tapping their brakes causing V2 to slam on her brakes. D2 stated that she had to slam on her brakes cause V1 to rear end her.
903492002,BLOOMINGTON PD,B1949041,MONROE,BLOOMINGTON,BLOOMINGTON,11/22/2019,10:03 AM,2,0,0,0,0,,S SARE,RD,,,,S SARE,E RHORER,,,,Y,,,,39.12145,-86.51158,LOCAL/CITY ROAD,,N,N,URBAN,Y,N,N,,DAYLIGHT,CLEAR,DRY,,T-INTERSECTION,STRAIGHT/LEVEL,ASPHALT,IMPROPER TURNING,$10001 TO $25000,LEFT TURN,1003,1008,Y,Y,ERHORERRDSSARERD,0,STOP SIGN,V1 took left turn onto Sare from Rhorer too sharp and struck V2 while stopped at sign.
903492165,BLOOMINGTON PD,B1949078,MONROE,BLOOMINGTON,BLOOMINGTON,11/22/2019,3:00 PM,2,0,0,0,0,,E 17TH,ST,,,,E 17TH,N WALNUT,,,,Y,,50,E,39.178944,-86.533392,LOCAL/CITY ROAD,,N,N,URBAN,N,N,N,,DAYLIGHT,CLEAR,DRY,,T-INTERSECTION,STRAIGHT/GRADE,ASPHALT,FAILURE TO YIELD RIGHT OF WAY,$2501 TO $5000,RIGHT ANGLE,300,315,Y,N,E17THSTNWALNUTST,0,NONE,"Vehicle 1 was facing south attempting to pull out of the private drive of 1402 N Walnut and travel east on 17th St. West bound traffic was stopped because of red light at intersection of N Walnut. Driver of vehicle 1 stated that a driver in the west bound lane stopped to let him out. Driver 1 then began pulling onto the roadway and attempting to turn left to travel east. Driver 1 stated that he looked to the right and did not see any vehicles approaching from the west and proceeded into the east bound traffic lane. Vehicle 2 was traveling east on E 17th St. Driver 2 stated he witnessed vehicle 1 pulling into the traffic lane and attempted to slow down and avoid colliding with vehicle 1. Driver 2 swerved to the left but was unable to avoid colliding with vehicle 1.Vehicle 1 has moderate damage to the passenger side near the ""B"" pillar. Vehicle 2 has moderate damage to the front drivers side. No injuries were reported from this accident."
903493921,MONROE SD,M19A38589,MONROE,CLEAR CREEK,BLOOMINGTON,11/22/2019,5:44 PM,2,0,0,0,0,,FAIRFAX,RD,,,,S FAIRFAX,ALEXIS,,,,N,,1000,N,39.19189317,-86.51704,LOCAL/CITY ROAD,,N,N,RURAL,N,N,N,,DAYLIGHT,CLEAR,DRY,,NO JUNCTION INVOLVED,STRAIGHT/LEVEL,ASPHALT,LEFT OF CENTER,$5001 TO $10000,OPPOSITE DIRECTION SIDESWIPE,551,556,Y,N,EALEXISWAYSFAIRFAXRD,0,NONE,"UNIT 2 WAS TRAVELING NORTH IN THE AREA OF S FAIRFAX RD AND E ALEXIS WAY WHEN SHE OBSERVED UNIT 1 TRAVELING SOUTH. UNIT 1 THEN BEGAN DRIVING LEFT OF THE CENTER LINE, ULTIMATELY STRIKING UNIT 2. BOTH UNITS HAD DAMAGE CONSISTNET WITH THIS REPORT AND THE DRIVER OF UNIT 1 STATED HE WAS DISTRACTED, EADING TO HIM GOING LEFT OF CENTER. THTE OWNER OF UNTI 1 WAS UNABLE TO BE CONTACTED FOR INSURANCE INFORMATION AS HE IS LISTED AS A MISSING PERSON."
903492291,BLOOMINGTON PD,B19-49079,MONROE,BLOOMINGTON,BLOOMINGTON,11/22/2019,3:09 PM,2,0,0,0,0,,S HENDERSON,ST,,,,S HENDERSON,E NORTH,,,,Y,,,,39.14455,-86.52697,LOCAL/CITY ROAD,,N,N,URBAN,Y,N,N,,DAYLIGHT,CLEAR,DRY,,FOUR-WAY INTERSECTION,STRAIGHT/LEVEL,ASPHALT,FAILURE TO YIELD RIGHT OF WAY,$5001 TO $10000,LEFT TURN,309,316,Y,N,ENORTHDRSHENDERSONST,0,STOP SIGN,"Driver 1 (D1) advised that she had stopped at the stop sign on E North Drive and was attempting to take a left hand turn in order to go north on S Henderson Street. D1 advised that she did not see Vehicle 2 (V2) until she had pulled out into the intersection. D1 advised that when this occurred V2 struck the driver side of her vehicle. D1 stated that she believed that D2 was on his cell phone.Driver 2 advised that he was heading southbound on S Henderson Street when he observed Vehicle 1 (V1) pull out into the intersection from E North Drive. D2 reported that he tried to stop, but was unable to do so in time. D2 stated that because he couldn't stop that the front end of his vehicle hit the driver's side of the V1.V1 was towed away from the scene due to disabling damage. V2 was driven away from the scene."
903492648,ISP BLOOMINGTON 33,2.019E+11,MONROE,BLOOMINGTON,BLOOMINGTON,11/22/2019,22:48 M,2,,0,0,0,,E MATTLOCK RD,,,,,,,,,,Y,,0,S,39.186292,-86.528396,STATE ROAD,,,,URBAN,N,N,N,,DARK (LIGHTED),CLEAR,DRY,,NO JUNCTION INVOLVED,,CONCRETE,UNSAFE SPEED,UNDER $1001,REAR END,2248,2248,Y,N,,0,,"On Friday, November 22, 2019 at 22:48, Trooper Bartalone came upon a crash on State Road 46 / E Matlock Rd at the intersection of N Dunn St. At the time of the crash, the weather was clear and the road surface was dry. Two vehicles were involved in the crash and both were driven from the scene.Vehicle 1, a black 2013 Mercedes Benz E Class, was traveling westbound on State Road 46 / E Matlock Rd approaching Dunn Street in the left lane. Vehicle 1 failed to slow for stopped traffic at the light and struck the rear of Vehicle 2. Vehicle 1 suffered minimal to no visible damage and was driven from the scene. Vehicle 2, a black 2014 Dodge Charger, was stopped at the traffic light on State Road 46 / E Matlock Rd at Dunn St in the left lane. As it sat at the light, Vehicle 2 was struck from behind by Vehicle 1. Vehicle 2 suffered minimal to no visible damage and was driven from the scene. Driver 1, Nicholas G West, stated he was traveling westbound on State Road 46 / E Matlock Rd in the left lane approaching Dunn St. West stated as he approached traffic, he began to slow but also applied the gas, causing his vehicle to lurch forward and strike Vehicle 2. West denied being injured in the crash and drove the vehicle from the scene.Driver 2, Ernest Johnson III, stated he was waiting at the stoplight westbound on State Road 446 / E Matlock Rd at Dunn St. Johnson stated he could see Vehicle 1 approaching him from behind and did not think it was going to get stopped in time. Vehicle 1 then struck the rear of his vehicle. Johnson denied being injured in the crash and drove the vehicle from the scene."
903492367,BLOOMINGTON PD,B1949147,MONROE,BLOOMINGTON,BLOOMINGTON,11/22/2019,10:40 PM,2,0,0,0,0,,3RD,ST,,,,3RD,CORY,,,,Y,,,,0,0,LOCAL/CITY ROAD,Y,N,N,URBAN,N,N,N,,DARK (LIGHTED),CLOUDY,DRY,,FOUR-WAY INTERSECTION,STRAIGHT/GRADE,ASPHALT,DISREGARD SIGNAL/REG SIGN,$5001 TO $10000,RIGHT ANGLE,1040,1043,Y,N,3RDSTCORYRD,0,TRAFFIC CONTROL SIGNAL,V1 was EB on 3rd street approaching Cory in the left. She stated that another vehicle flashed their lights at her. She then went to check her lights as she was approaching the intersection. She stated that the light was yellow and she was looking down at her vehicle. V2 entered the intersection NB from Cory onto 3rd. D2 stated that he had the green light and V1 was trying to beat the light. V2 the struck V1 at a Right angle.
903492285,BLOOMINGTON PD,B1949121,MONROE,BLOOMINGTON,BLOOMINGTON,11/22/2019,6:15 PM,2,0,0,0,0,2401,W 3RD,ST,,,,W 3RD,,,,,Y,,,,39.16464,-86.564992,UNKNOWN,,N,Y,URBAN,N,N,N,,DARK (LIGHTED),CLEAR,DRY,,NO JUNCTION INVOLVED,STRAIGHT/GRADE,ASPHALT,UNSAFE BACKING,$1001 TO $2500,BACKING CRASH,634,645,Y,Y,W3RDST,0,NONE,"D1 AND V1 LEFT SCENE.OWNER 2 STATED HE WAS PARKED IN THE PRIVATE LOT OF 2401 W 3RD STREET AT WORK FACING EAST. OWNER 2 STATED HE WAS STRUCK BY AN UNKNOWN VEHICLE (POSSIBLY GOING SOUTHEAST WHILE BACKING). NO INJURIES, NO CAMERA FOOTAGE.CRIMINAL CASE COMPLETED. END."
903492233,MONROE SD,M19A38593,MONROE,PERRY,BLOOMINGTON,11/22/2019,6:19 PM,2,0,0,0,0,,FAIRFAX,RD,,,,FAIRFAX,DILLMAN,,,,N,,1200,S,39.08935192,-86.5164287,COUNTY ROAD,,N,N,RURAL,N,N,N,,DARK (NOT LIGHTED),CLEAR,DRY,,NO JUNCTION INVOLVED,STRAIGHT/GRADE,ASPHALT,FOLLOWING TOO CLOSELY,$5001 TO $10000,REAR END,619,621,Y,N,DILLMANRDFAIRFAXRD,0,NONE,D2 stated that he was completely stopped in traffic due to another accident that had happened ahead of him on Fairfax Rd. D2 stated that he was struck from behind by V1.D1 stated that he was traveling south bound on Fairfax Rd when traffic suddenly stopped in front of him due to the other accident. D1 stated he was unable to get stopped in time to avoid hitting V2. D1 struck V2 in the rear bumper area causing damage to both vehicles.
903492372,BLOOMINGTON PD,B1949151,MONROE,BLOOMINGTON,BLOOMINGTON,11/22/2019,11:09 PM,2,0,0,0,0,,100 N WASHINGTON,ST,,,,100 N WASHINGTON,KIRKWOOD,,,,Y,,100,N,39.16664,-86.5324,LOCAL/CITY ROAD,,N,Y,URBAN,N,N,N,,DARK (LIGHTED),CLEAR,DRY,,NO JUNCTION INVOLVED,STRAIGHT/GRADE,ASPHALT,UNSAFE BACKING,UNDER $1001,BACKING CRASH,1109,1120,Y,N,100NWASHINGTONSTKIRKWOODAVE,0,NONE,"V2 WAS PARKED IN THE 100 BLOCK OF NORTH WASHINGTON STREET FOR APPROXIMATELY 2 HOURS WHEN AN UNKNOWN VEHICLE BACKED INTO THE FRONT OF V2.THE OWNER OF V2 DID NOT WITNESS THE ACCIDENT AND V2 WAS UNOCCUPIED. THE DAMAGE TO V2 IS MINOR. V1 MOVED PRIOR TO THE ACCIDENT, THEREFORE, I WAS UNABLE TO PLACE V1 IN THE DIAGRAM."
903492033,BLOOMINGTON PD,B1949054,MONROE,BLOOMINGTON,BLOOMINGTON,11/22/2019,11:42 AM,2,0,0,0,0,,,,SR46E,,,SR46E,DUNN,,,,Y,,,,39.186352,-86.528496,STATE ROAD,,N,Y,URBAN,N,N,Y,LANE CLOSURE,DAYLIGHT,CLEAR,DRY,,FOUR-WAY INTERSECTION,STRAIGHT/LEVEL,ASPHALT,UNSAFE LANE MOVEMENT,$1001 TO $2500,SAME DIRECTION SIDESWIPE,1147,1207,Y,Y,DUNNSTSR46E,0,LANE CONTROL,Driver 1 stated he was westbound on the SR 45/46 Bypass approaching Dunn St in the right lane. Driver 1 stated that the right lane was closed ahead due to construction. Driver 1 stated he was changing into the left lane and didn't see vehicle 2 in the left lane. Driver 1 stated he collided with vehicle 2 as he changed lanes. Driver 1 stated vehicle 2 did not stop and left the scene.
903492187,BLOOMINGTON PD,B19-49084,MONROE,BLOOMINGTON,BLOOMINGTON,11/22/2019,3:21 PM,2,0,1,0,0,,E 3RD,ST,,,,E 3RD,S COLLEGE MALL,,,,Y,,800,W,39.16424,-86.4984,LOCAL/CITY ROAD,,N,N,URBAN,N,N,N,,DAYLIGHT,CLEAR,DRY,,T-INTERSECTION,STRAIGHT/GRADE,ASPHALT,FAILURE TO YIELD RIGHT OF WAY,$1001 TO $2500,RIGHT ANGLE,323,326,Y,Y,E3RDSTSCOLLEGEMALLRD,0,NONE,Driver 1 stated she was stopped facing west on E 3rd Street when a vehicle waved her across traffic and she turned left into a private drive. Driver 1 stated she was hit by vehicle 2 on the passenger side. Driver 1 stated she looked but didn't see vehicle 2 before she made the turn.Driver 2 stated she was traveling east on E 3rd Street in the right lane when vehicle 1 turned left and into her path of travel. Witness stated she was in the left lane when the vehicle in front of her stopped leaving room for vehicle 1 to turn into the private drive. Witness stated vehicle 1 turned left across traffic and vehicle 2 hit vehicle 1.
903492083,BLOOMINGTON PD,B1949066,MONROE,PERRY,BLOOMINGTON,11/22/2019,1:10 PM,2,0,0,0,0,,S WALNUT,ST,,,,S WALNUT,W COUNTRY CLUB,,,,Y,,,,39.13597,-86.53111,LOCAL/CITY ROAD,Y,N,N,URBAN,N,N,N,,DAYLIGHT,CLOUDY,DRY,,FOUR-WAY INTERSECTION,STRAIGHT/GRADE,ASPHALT,OTHER (DRIVER) - EXPLAIN IN NARRATIVE,$1001 TO $2500,REAR END,111,115,Y,Y,SWALNUTSTWCOUNTRYCLUBDR,0,TRAFFIC CONTROL SIGNAL,"V1 was SB on S Walnut street and was stopped in the left lane at the intersection with Country Club drive. V2 was in front of V1. V1 started to move forward with traffic and hit V2 in the rear bumper with the front bumper of his vehicle causing minor damage to both vehicles. D1 stated that he was stopped behind V2. He stated that traffic in the left turn lane started to move and then V2 moved slightly. He stated he looked to the left as he let his foot off the brake and when he looked back, V2 had stopped again and he struck V2 in the rear. D2 stated that he was stopped in traffic and was hit from behind by V1."
903492225,BLOOMINGTON PD,B1949104,MONROE,PERRY,BLOOMINGTON,11/22/2019,4:55 PM,2,0,1,0,0,,S LIBERTY,DR,,,,S LIBERTY,W CONSTITUTION,,,,Y,,200,S,39.13005835,-86.57687,LOCAL/CITY ROAD,,N,N,URBAN,N,N,N,,DAYLIGHT,CLEAR,DRY,,NO JUNCTION INVOLVED,STRAIGHT/LEVEL,ASPHALT,FAILURE TO YIELD RIGHT OF WAY,$25001 TO $50000,LEFT TURN,458,504,Y,N,SLIBERTYDRWCONSTITUTIONDR,0,NONE,"D1 stated he was traveling north on S. Liberty Dr. D1 stated he was attempting to turn west into the UPS parking lot. D1 stated he was concentrating on the sign to see where he was going and turn in front of V2. D1 stated when he turned in front of V2, V2 collided with the passenger of his vehicle causing damage to both.D2 stated she was traveling south on S. Liberty Dr. D2 stated as she approached the UPS store, V1 turned west in front of her. D2 stated she was unable to stop and collided with the passenger side of V1 causing damage to both vehicles.It should be noted D2 initially denied injury or a need for EMS, but prior to leaving scene D2 stated she did have a contusion on the back of her head and intended to get it medically looked at."
903492062,BLOOMINGTON PD,B1949016,MONROE,BLOOMINGTON,BLOOMINGTON,11/22/2019,6:55 AM,2,0,2,0,0,,W BLOOMFIELD,RD,,,,W BLOOMFIELD,S OAKDALE,,,,Y,,,,39.14977,-86.568905,LOCAL/CITY ROAD,Y,N,N,URBAN,N,N,N,,DAYLIGHT,CLOUDY,DRY,,FOUR-WAY INTERSECTION,STRAIGHT/LEVEL,ASPHALT,BRAKE FAILURE OR DEFECTIVE,$5001 TO $10000,REAR END,655,719,Y,Y,SOAKDALEDRWBLOOMFIELDRD,0,TRAFFIC CONTROL SIGNAL,"D1 stated that she was traveling eastbound in the north lane on W Bloomfield Road approaching S Oakdale Drive. D1 stated that she was approaching the stop light and V2, which was stopped at the intersection. D1 stated that she attempted to brake, but that V1's brakes failed to operate correctly. D1 stated that she tried to swerve V1 to the right, but that it was too late and there was a collision with V2. D1 stated that she then continued east on W Bloomfield road due to V1 that being able to stop; D1 was able to get V1 to rest by driving onto a curb on the south side of the road. D2 stated that he was facing eastbound on W Bloomfield Road, in the north lane, waiting for the traffic light at S Oakdale Drive. D2 stated that he noticed V1 approaching him quickly, and that he let off the brakes in an attempt to move out of the way, and V1 then collided into the rear of V2. D1 stated that she had pain in her neck, elbow, and knee, however she did not want an ambulance. D2 stated that he had stiffness in his neck.V1 was towed due to the brake failure."
903492136,MONROE SD,M19A38573,MONROE,RICHLAND,BLOOMINGTON,11/22/2019,3:27 PM,2,0,0,0,0,,CURRY,PIKE,,,,CURRY,PROFILE,,,,N,,1000,N,39.27768154,-86.59039117,COUNTY ROAD,,N,N,RURAL,N,N,N,,DAYLIGHT,CLEAR,DRY,,NO JUNCTION INVOLVED,STRAIGHT/LEVEL,ASPHALT,FAILURE TO YIELD RIGHT OF WAY,$2501 TO $5000,SAME DIRECTION SIDESWIPE,329,335,Y,N,CURRYPIKEPROFILEPKWY,0,NONE,D1 stated that he pulled out of 900 N Curry Pike south onto Curry Pike and attempted to merge into the right lane. D1 stated that he let a large group of cars go by him in the right lane and then merged but did not see V2 south bound in the right lane. D1 struck V2 in the left rear with his right front bumper causing damage to both vehicles.D2 stated that he was south bound in the right lane of Curry Pike when V1 merged into his lane of Curry Pike. V1 struck the left rear of V2 while attempting to merge into the right hand lane.
903496545,MONROE SD,M19A38583,MONROE,BLOOMINGTON,BLOOMINGTON,11/22/2019,4:51 PM,1,0,0,0,0,,,,SR37,,,STATE ROAD 37 BUSINESS,WHISNAND,,,,N,OTHER,500,N,0,0,LOCAL/CITY ROAD,,N,N,RURAL,N,N,N,,DAYLIGHT,CLEAR,DRY,NONE,NO JUNCTION INVOLVED,STRAIGHT/LEVEL,ASPHALT,DRIVER ILLNESS,$2501 TO $5000,RAN OFF ROAD,451,500,Y,N,STATEROAD37BUSINESSRDWHISNANDRD,0,LANE CONTROL,V-1 was traveling north on State Road 37 Business when it ran off the roadway. According to D-1 he stated that while he was driving he saw flashing lights then doesn't remember the accident. It appears that D-1 suffered a medical episode while driving which caused him to veer off the roadway and down a small embankment in the 500 block of N State Road 37 Business. D-1 was transported to the ED for medical evaluation.
903492014,INDIANA UNIV BLOOMINGTON PD,192802,MONROE,BLOOMINGTON,BLOOMINGTON,11/22/2019,9:10 AM,2,0,0,0,0,701,E 17TH,ST,,,,E 17TH,,,,,Y,,,,39.179008,-86.525888,UNKNOWN,,N,N,URBAN,N,N,N,,DAYLIGHT,CLOUDY,WET,,NO JUNCTION INVOLVED,STRAIGHT/LEVEL,ASPHALT,OTHER (DRIVER) - EXPLAIN IN NARRATIVE,$1001 TO $2500,REAR END,919,924,Y,N,E17THST,0,LANE CONTROL,"V1 and V2 were heading North in the parking lot East of Memorial Stadium (701 E. 17th St.). D2 stated that he was waiting, with his turn signal on, for a vehicle to drive past him so he could turn left to drive to Memorial Stadium when V1 rear ended him. D2 stated that when he spoke to D1 that D1 stated that he was at fault. When I started to speak with D1 I noticed that his eyes were red and glossy, both signs that D1 had been drinking. I asked D1 if he had been drinking to which he stated that he had not. I then asked for another officer to assist me. Officer Khan arrived to assist. Officer Khan performed SFSTs on D1 and stated that D1 showed clues during the tests. D1 was then asked if he would give a preliminary breath sample, the PBT had a result of .095. Officer Khan then transported D1 back to station. Officer Khan advised that D1 had a chemical test result of .098. D1 admitted to drinking alcohol the night before. There was damage to the front end of V1 and damage to the rear end of V2. V1 was then towed by Pritchard's Wrecker Service due to the OWI investigation."
903492198,MONROE SD,M19A38581,MONROE,VAN BUREN,BLOOMINGTON,11/22/2019,4:38 PM,2,0,1,0,0,,,,SR45W,,,SR45W,BUNGER,,,,N,,200,E,39.12971239,-86.60379497,STATE ROAD,,N,N,RURAL,N,N,N,,DAYLIGHT,CLEAR,DRY,,NO JUNCTION INVOLVED,STRAIGHT/GRADE,ASPHALT,FOLLOWING TOO CLOSELY,$2501 TO $5000,REAR END,440,459,Y,N,BUNGERRDSR45W,0,NONE,D1 stated that he was following V2 west bound on SR 45W when V2 suddenly slowed down due to the vehicle in front of V2 stopping suddenly. D1 stated that he began sliding and was unable to avoid hitting V2 in the rear bumper causing damage to both vehicles.D2 stated that he was hit in the rear bumper area by V1 very hard causing lower back pain to D2.
903492623,BLOOMINGTON PD,B1949224,MONROE,BLOOMINGTON,BLOOMINGTON,11/23/2019,3:14 PM,2,0,1,0,0,,N WALNUT,ST,,,,N WALNUT,W 14TH,,,,Y,,,,39.175952,-86.53344,LOCAL/CITY ROAD,,N,N,URBAN,N,N,N,,DAYLIGHT,RAIN,WET,,FOUR-WAY INTERSECTION,STRAIGHT/HILLCREST,ASPHALT,OTHER (DRIVER) - EXPLAIN IN NARRATIVE,$2501 TO $5000,RIGHT ANGLE,317,325,Y,Y,NWALNUTSTW14THST,0,NONE,V1 WAS STOPPED AT THE INTERSECTION OF W 14TH STREET AND N WALNUT ST. V2 WAS TRAVELING NORTH ON N WALNUT ST. V1 THEN ATTEMPTED TO CROSS N WALNUT ST AND CONTINUE ON W 14TH ST. V2 THEN COLLIDED WITH THE DRIVER SIDE OF V1.D1 STATED THAT HE SAW AN OPENING IN TRAFFIC IN THE RIGHT HAND LANE TRAVELING NORTH ON WALNUT SO HE BEGAN TO ENTER THE TRAFFIC LANE TO CROSS THE ROAD. D1 SAID THAT V2 THEN CHANGED INTO THE LEFT LANE WHICH HE WAS IN V2'S PATH AS HE WAS CROSSING THE ROADWAY. V2 STATED THAT SHE WAS TRAVELING NORTH ON N WALNUT ST IN THE RIGHT HAND LANE AND CHANGED TO THE LEFT HAND LANE DUE TO VEHICLE TRAFFIC IN FRONT OF HER. V2 SAID THAT SHE HAD NOT BEEN ABLE TO SEE V1 DUE TO CARS IN THE RIGHT HAND LANE AND ONLY SAW V1 AS IT ENTERED HER LANE OF TRAVEL. BOTH V1 AND V2 WERE TOWED FROM THE SCENE DUE TO DISABLING DAMAGE. V1 CONTAINED A PASSENGER THAT DEVELOPED COMPLAINT OF PAIN IN HER HIP AND WAS TRANSPORTED FROM THE SCENE BY EMS.
903492542,INDIANA UNIV BLOOMINGTON PD,192808,MONROE,BLOOMINGTON,BLOOMINGTON,11/23/2019,1:16 PM,2,0,0,0,0,,3RD,ST,,,,3RD,SWAIN,,,,Y,,,,0,0,LOCAL/CITY ROAD,,N,N,URBAN,N,N,N,,DAYLIGHT,RAIN,WET,,T-INTERSECTION,STRAIGHT/LEVEL,ASPHALT,UNSAFE LANE MOVEMENT,$2501 TO $5000,SAME DIRECTION SIDESWIPE,118,126,Y,N,3RDSTSWAINAVE,0,LANE CONTROL,"V1 was traveling westbound on 3rd Street approaching Swain Ave in the right lane. V2 was traveling westbound on 3rd Street approaching Swain Ave in the left lane.D1 stated that he was traveling westbound on 3rd Street approaching Swain Ave in the right lane. D1 stated he went to change lanes and did not see V2 next to him. D1 stated that when he changed lanes, he collided with V2. V1 had damage to the front driver side of the vehicle.D2 stated he was traveling westbound on 3rd Street approaching Swain Ave in the left lane. D2 stated that he was next to V1 and noticed V1 changing lanes. D2 stated that when V1 started to change lanes, he tried to hug the curb in order to avoid colliding with V1. D2 stated he was unable to avoid he collision because he did not want to drive on the sidewalk while people were walking. V2 had damage along the passenger side of the vehicle from the front to the rear passenger door."
903496101,ELLETTSVILLE PD,E1906439,MONROE,RICHLAND,ELLETTSVILLE,11/23/2019,6:30 AM,1,0,0,0,1,,MCNEELY,ST,,,,W MCNEELY,HOLLY,,,,Y,,100,E,0,0,LOCAL/CITY ROAD,,N,N,URBAN,N,N,N,,DARK (NOT LIGHTED),CLEAR,DRY,,NO JUNCTION INVOLVED,STRAIGHT/LEVEL,ASPHALT,ANIMAL/OBJECT IN ROADWAY,$2501 TO $5000,COLLISION WITH DEER,634,642,Y,Y,NHOLLYDRWMCNEELYST,0,NONE,V1 was traveling west on West McNeely Street just east of the intersection of North Holly Drive. V1 collided with a deer causing moderate damage to the front of V1. D1 was unable to avoid the collision. Photographs of the damage were taken and copies are available upon request. In-car camera footage and body-worn camera footage is also available upon request. No injuries were reported at the scene of the collision. A deer permit was issued to D1 so he could possess the deer for processing.
903492568,MONROE SD,M19A38700,MONROE,RICHLAND,BLOOMINGTON,11/23/2019,1:42 AM,2,0,0,0,0,,,,SR46W,,,SR46W,ARLINGTON,,,,N,,,,39.209808,-86.582672,STATE ROAD,Y,N,N,URBAN,N,N,N,,DAYLIGHT,RAIN,WET,,FOUR-WAY INTERSECTION,STRAIGHT/GRADE,ASPHALT,FOLLOWING TOO CLOSELY,$5001 TO $10000,REAR END,144,146,Y,N,ARLINGTONRDSR46W,0,TRAFFIC CONTROL SIGNAL,"VEHICLE 1 WAS TRAVELING EASTBOUND ON WEST STATE ROAD 46 NEAR THE INTERSECTION OF ARLINGTON ROAD. WHILE MOVING IN SLOW TRAFFIC VEHICLE 1 STRUCK VEHICLE 2 IN THE REAR END. DRIVER 1 STATED WHEN SHE APPLIED THE BREAKS TO VEHICLE 1 ATTEMPTING TO STOP, VEHICLE 1 STARTED TO SLIDE AND STRUCK VEHICLE 2.ALL PARTIES INVOLVED WERE UNINJURED AND REFUSED ANY MEDIAL TREATMENT.VEHICLE 1 HAD HEAVY FRONT END DAMAGE. AIRBAGS DID NOT DEPLOY, HOWEVER WAS TOWED TO RICKS BY RICKS. VEHICLE 2 WAS DRIVABLE AND DRIVEN FROM SCENE."