Master Record Number,Agency,Local Code,County,Township,City,Collision Date,Collision Time,Vehicles Involved,Trailers Involved,Number Injured,Number Dead,Number Deer,House Number,Roadway Name,Roadway Suffix,Roadway Number,Roadway Interchange,Roadway Ramp,Roadway Id,Intersecting Road,Intersecting Road Number,Mile Marker,Interchange,Corporate Limits?,Property Type,Feet From,Direction,Latitude,Longitude,Roadway Class,Traffic Control Devices?,Aggressive Driving?,Hit and Run?,Locality,School Zone?,Rumble Strips?,Construction?,Construction Type,Light Condition,Weather Conditions,Surface Condition,Type of Median,Roadway Junction Type,Road Character,Roadway Surface,Primary Factor,Damage Estimate,Manner of Collision,Time Notified,Time Arrived,Investigation Complete?,Photos Taken?,Unique Location Id,State Property Damage?,Traffic Control,NARRATIVE
903496750,BLOOMINGTON PD,B1950184,MONROE,PERRY,BLOOMINGTON,12/1/2019,11:40 AM,2,0,0,0,0,,E 3RD,ST,,,,E 3RD,S DUNN,,,,Y,,,,39.164448,-86.528096,LOCAL/CITY ROAD,Y,N,N,URBAN,N,N,N,,DAYLIGHT,RAIN,WET,,FOUR-WAY INTERSECTION,CURVE/GRADE,ASPHALT,FOLLOWING TOO CLOSELY,$5001 TO $10000,SAME DIRECTION SIDESWIPE,1150,1151,Y,N,E3RDSTSDUNNST,0,TRAFFIC CONTROL SIGNAL,"V1 and V2 were both at the intersection of E 3rd St and S Dunn St when V1 attempted to stop and struck the rear right 1/4 panel portion of V2. V1/D1 stated he was coming up to the intersection and applied his brakes due to the red traffic light and vehicles stopped on the roadway in front of him, however, his vehicle was unable to stop and slid making contact with the rear right 1/4 panel portion of V2. V2/D2 stated she was stopped at the intersection due to the red traffic light and the vehicle in front of her when her vehicle was struck from behind by V1. V2 sustained damage to the right rear 1/4 panel and was driven from the scene. V1 sustained damage to the front right 1/4 panel and was towed by Rick's due to the damage."
903496972,MONROE SD,M19A39468,MONROE,BENTON,BLOOMINGTON,12/1/2019,5:56 PM,1,0,0,0,1,,BRUMMETTS CREEK,RD,,,,N BRUMMETTS CREEK,MCCOY,,,,N,,100,S,0,0,LOCAL/CITY ROAD,,N,N,RURAL,N,N,N,,DARK (NOT LIGHTED),RAIN,WET,,NO JUNCTION INVOLVED,STRAIGHT/LEVEL,ASPHALT,ANIMAL/OBJECT IN ROADWAY,$1001 TO $2500,COLLISION WITH DEER,558,619,Y,N,EMCCOYRDNBRUMMETTSCREEKRD,0,NONE,"D1 STATED HE WAS DRIVING ON Brummetts Creek Rd when the deer entered the roadway, in the path of his vehicle. D1 was unable to stop prior to hitting the deer."
903496751,BLOOMINGTON PD,B1950186,MONROE,PERRY,BLOOMINGTON,12/1/2019,11:54 AM,2,0,0,0,0,,WALNUT,ST,,,,WALNUT,SMITH,,,,Y,,,,39.162848,-86.5336,LOCAL/CITY ROAD,Y,N,Y,URBAN,Y,N,N,,DAYLIGHT,CLOUDY,WET,,FOUR-WAY INTERSECTION,STRAIGHT/LEVEL,ASPHALT,IMPROPER LANE USAGE,UNDER $1001,SAME DIRECTION SIDESWIPE,1212,1220,Y,Y,SMITHAVEWALNUTST,0,TRAFFIC CONTROL SIGNAL,"V2 WAS PARKED ON THE WEST SIDE OF WALNUT ST, AT SMITH AVE, FACING NORTH. OWNER WAS STILL SITTING IN IT, ADVISED A FULL SIZE BUS GOING NORTH BOUND ON WALNUT ST IN THE LEFT LANE STRUCK V2'S PASSENGER SIDE MIRROR, CRACKING THE PLASTIC HOUSING. V1 CONTINUED NORTH BOUND WITH OUT STOPPING. UNKNOWN IF IT SUSTAINED DAMAGE OR KNEW THE CRASH OCCURRED. NO INJURIES REPORTED."
903496809,BLOOMINGTON PD,B1950198,MONROE,BLOOMINGTON,BLOOMINGTON,12/1/2019,2:39 PM,2,0,0,0,0,,,,SR46E,,,SR46E,N KINSER,,,,Y,,,,39.186544,-86.537888,STATE ROAD,Y,N,N,URBAN,N,N,N,,DAYLIGHT,RAIN,WET,,FOUR-WAY INTERSECTION,STRAIGHT/LEVEL,ASPHALT,BRAKE FAILURE OR DEFECTIVE,$1001 TO $2500,REAR END,239,245,Y,Y,NKINSERPIKESR46E,0,TRAFFIC CONTROL SIGNAL,"D1/D2 were headed E/B on SR 46, approaching the intersection of N Kinser Pike. D2 stopped at the intersection due to a red traffic signal. D1 did not stop V1 in time, causing V1 to strike V2 in the rear. D1 stated that he was headed E/B on SR 46, approaching the intersection of N Kinser Pike. D1 stated that as saw the red traffic signal ahead and V2 stop at the intersection, at which point he attempted to apply his brakes. D1 stated that his brakes felt ""mushy"" and did not stop the vehicle in time, causing V1 to strike V2 in the rear. D1 also stated that he felt the wet roadway also contributed to his inability to stop his vehicle in time. D2 stated that she was headed E/B on SR 46, approaching the intersection of N Kinser Pike. D2 stated that she stopped at the intersection due to a red traffic signal. D2 stated that V2 was then struck from the rear by V1."
903497036,MONROE SD,M19A39475,MONROE,BLOOMINGTON,BLOOMINGTON,12/1/2019,8:14 PM,2,0,0,0,0,,,,SR37N,,,SR37N,WHISNAND,,,,N,,2400,N,0,0,STATE ROAD,,N,N,RURAL,N,Y,N,,DARK (NOT LIGHTED),RAIN,WET,,NO JUNCTION INVOLVED,STRAIGHT/LEVEL,CONCRETE,CELL PHONE USAGE,$2501 TO $5000,REAR END,814,821,Y,N,EWHISNANDRDSR37N,0,NONE,D2 STATED HE WAS SLOWING DOWN IN TRAFFIC ALMOST COMING TO A STOP WHEN V1 REAR ENDED V2. D1 STATED HE NOTICED PEOPLE WERE SLOWING DOWN IN TRAFFIC HOWEVER GOT DISTRACTED AND DIDN'T REALIZE PEOPLE WERE COMING TO A COMPLETE STOP AND WHEN HE LOOKED UP HE WAS UNABLE TO STOP V1 PRIOR TO REAR ENDING V2.V1 HAD HEAVY FRONT END DAMAGE.V2 HAD MINOR DAMAGE TO THE REAR AND WAS ABLE TO DRIVE AWAY FROM THE SCENE.
903497039,MONROE SD,M19A39479,MONROE,BENTON,BLOOMINGTON,12/1/2019,9:33 PM,1,0,0,0,0,,,,SR45E,,,SR45E,MARTIN,,,,N,OTHER,250,S,39.2041871,-86.46362007,STATE ROAD,,N,N,RURAL,N,N,N,,DARK (NOT LIGHTED),RAIN,WET,,NO JUNCTION INVOLVED,CURVE/GRADE,ASPHALT,SPEED TOO FAST FOR WEATHER CONDITIONS,$2501 TO $5000,RAN OFF ROAD,935,948,Y,N,MARTINDRSR45E,0,NONE,Driver was traveling north bound on SR 45 E when he entered a sharp left hand curve. Driver was traveling too fast for the rainy weather conditions and lost control of the vehicle. The vehicle slid across the roadway and up a small embankment. The vehicle came to rest on the embankment damaging guide wires of a Duke power pole on pole # 100.
903503074,MONROE SD,M19A39434,MONROE,RICHLAND,BLOOMINGTON,12/1/2019,5:51 AM,1,0,0,0,0,,,,SR48W,,,SR48W,VERNAL,,,,N,,2900,W,39.16877893,-86.67114653,STATE ROAD,,N,N,RURAL,N,N,N,,DARK (NOT LIGHTED),RAIN,WET,,NO JUNCTION INVOLVED,CURVE/LEVEL,ASPHALT,ROADWAY SURFACE CONDITION,$10001 TO $25000,RAN OFF ROAD,554,603,Y,N,SR48WVERNALPIKE,0,NONE,"D1 STATED THAT HE WAS TRAVELING EAST ON SR 48 FROM THE GREENE CO/ MONROE CO LINE, WHEN V1 SPUN OUT OF CONTROL, HITTING THE DITCH. D1 SAID THAT THE ROADWAY, THAT WAS WET, SEEMED SLICK. V1 SUFFERED HEAVY DAMAGE ALL AROUND AND WAS TOWED TO CHANDLERS TOWING. D1 STATED THAT HE DID NOT WANT AN AMBULANCE BUT DID COMPLAIN THAT HIS CHEST HURT."
903496700,MONROE SD,M19A39446,MONROE,BLOOMINGTON,BLOOMINGTON,12/1/2019,9:32 AM,2,0,0,0,0,,S WALNUT,ST,,,,S WALNUT,EAST STATE ROAD 45 46 BYPASS,,,,Y,,,,39.186368,-86.5344,LOCAL/CITY ROAD,,N,N,URBAN,N,N,N,,DAYLIGHT,CLEAR,DRY,,FOUR-WAY INTERSECTION,STRAIGHT/LEVEL,ASPHALT,FOLLOWING TOO CLOSELY,$2501 TO $5000,REAR END,939,939,Y,N,EASTSTATEROAD4546BYPASSRDSWALNUTST,0,NONE,V2 WAS AT THE STOP LIGHT TO GO SOUTH ON SOUTH COLLEGE AVE FROM THE STATE ROAD 45/46 BYPASS. V1 REAR ENDED V1. V2 LEFT THE SCENE AND DROVE TO THE BLOOMINGTON POLICE DEPARTMENT. D1 DID NOT KNOW SHE HIT ANYTHING AND CONTINUED TO DRIVE TO THE ST PAULS CATHOLIC CHURCH ON EAST 17TH ST IN BLOOMINGTON. I MET WITH BOTH DRIVERS AND THE WITNESS WHO OBSERVED. THE CRASH. INFO INCLUDED IN THE REPORT.
903496684,BLOOMINGTON PD,B1950173,MONROE,VAN BUREN,BLOOMINGTON,12/1/2019,7:40 AM,2,0,0,0,0,500,S LIBERTY,DR,,,,S LIBERTY,,,,,Y,,,,39.145264,-86.577616,UNKNOWN,,Y,N,URBAN,N,N,N,,DAYLIGHT,CLOUDY,DRY,,NO JUNCTION INVOLVED,STRAIGHT/LEVEL,ASPHALT,IMPROPER LANE USAGE,$1001 TO $2500,REAR END,759,802,Y,Y,SLIBERTYDR,0,NONE,"THE OWNER OF V2 (PARKER) REPORTED THAT HER EX-BOYFRIEND (BLACKWELL) CAME TO HER WORK AND THEY HAD AN ARGUMENT. HE THREATENED TO HER THAT HE WAS GOING TO DO SOMETHING TO THE CHRYSLER PT CRUISER IN THE PARKING LOT. ANOTHER EMPLOYEE (GEORGE) SAW A BLUE SUV CRASH INTO V2 IN THE PARKING LOT THEN LEAVE. PARKER THEN REPORTED TO ME THAT BLACKWELL IS THE CO-OWNER OF V2, AND ON THE SAME INSURANCE. HE ADMITTED TO BEING AT THE BUSINESS, BUT DENIED CRASHING INTO V2. BOTH VEHICLES DID HAVE DAMAGE TO THEM.NO INJURIES REPORTED."
903496736,MONROE SD,M19A39450,MONROE,BEAN BLOSSOM,ELLETTSVILLE,12/1/2019,10:14 AM,2,0,0,0,0,,N LIBERTY HOLLOW,RD,,,,N LIBERTY HOLLOW,W WAMPLER,,,,N,,,,39.335152,-86.607008,LOCAL/CITY ROAD,,N,N,RURAL,N,N,N,,DAYLIGHT,RAIN,WET,,T-INTERSECTION,CURVE/LEVEL,ASPHALT,LEFT OF CENTER,$5001 TO $10000,LEFT/RIGHT TURN,1017,1039,Y,N,NLIBERTYHOLLOWRDWWAMPLERRD,0,NONE,DRIVER 2 WAS WB ON W WAMPLER RD NEAR THE INTERSECTION OF W WAMPLER RD AND N LIBERTY HOLLOW RD. DRIVER 2 ADVISED SHE WAS NAVIGATING THE TURN AT THAT INTERSECTION WHEN VEHICLE 1 STRUCK HER.DRIVER 1 WAS EB ON W WAMPLER RD NEAR THE INTERSECTION OF W WAMPLER RD AND N LIBERTY HOLLOW RD. DRIVER 1 WAS ATTEMPTING TO NAVIGATE THE TURN AT THAT INTERSECTION BUT WENT LEFT OF CENTER STRIKING VEHICLE 2.
903498813,ISP BLOOMINGTON 33,2.019E+11,MONROE,BLOOMINGTON,BLOOMINGTON,12/1/2019,19:10 M,4,,0,0,0,,I-69,,,,,,,,123,,N,,0,S,39.23850393,-86.53836803,INTERSTATE,,,,RURAL,N,N,N,,DARK (LIGHTED),RAIN,WET,,NO JUNCTION INVOLVED,,ASPHALT,UNSAFE LANE MOVEMENT,$10001 TO $25000,RIGHT TURN,1913,1936,Y,N,,0,,"ON SUNDAY, DECEMBER 1, 2019 AT 7:10 P.M., TROOPER IAN MATTHEWS RESPONDED TO A CRASH ON MILEPOST 123 I-69 . AT THE TIME OF THE CRASH, THE WEATHER WAS RAINY AND THE ROAD SURFACE WAS WET.VEHICLE 1, SILVER\ALUMINUM DODGE GRAND CARAVAN, CHANGING LANES. VEHICLE 2, BLACK HONDA PILOT, GOING STRAIGHT. VEHICLE 3, WHITE KIA FORTE, GOING STRAIGHT. VEHICLE 4, BRONZE BUICK REGAL, GOING STRAIGHT. DRIVER 1 ADVISED HE WAS GOING STRAIGHT ON INTERSTATE 69 AND TRAVELING SOUTH BOUND WHEN SUDDENLY HE REALIZED THERE WAS A LINE OF TRAFFIC IN FRONT OF HIM THAT WAS COMING TO A STOP. DRIVER 1 EXPLAINED THAT BECAUSE OF THE SPEED HE WAS TRAVELING AND THE WET SURFACE OF THE ROADWAY, HE DID NOT HAVE ENOUGH TIME TO STOP HIS VEHICLE AND INSTEAD SHARPLY TURNED RIGHT INTO THE ADJACENT LANE. DRIVER 1 ADVISED THAT BECAUSE HE HAD TO TURN ABRUPTLY INTO THE RIGHT LANE OF TRAFFIC, THE RIGHT REAR OF HIS VEHICLE COLLIDED WITH THE FRONT LEFT OF THE VEHICLE BEHIND HIM (VEHICLE 2). DRIVER 1 THEN ADVISED THAT HE CAME TO A CONTROLLED STOP JUST SOUTH OF THE AREA OF IMPACT, OFF THE ROADWAY. AFTER SPEAKING WITH DRIVER 1 I SPOKE WITH DRIVER 2, WHO EXPLAINED THAT HE WAS GOING STRAIGHT IN THE FURTHEST RIGHT LANE WHEN SUDDENLY THE VEHICLE IN THE LANE TO HIS LEFT (VEHICLE 1) ABRUPTLY TURNED INTO HIS LANE. DRIVER 2 ADVISED HE ATTEMPT TO SLOW VEHICLE 2 AND TURN TO THE RIGHT TO AVOID COLLIDING WITH VEHICLE 1, BUT WAS UNABLE TO DO SO, DUE TO HOW CLOSE THE TWO VEHICLES WERE IN PROXIMITY WHEN VEHICLE 1 CHANGED LANES. DRIVER 2 ALSO ADVISED THAT AFTER MAKING CONTACT WITH VEHICLE 1, VEHICLE 2 ALSO SUSTAINED REAR IMPACT FROM THE VEHICLE BEHIND HIM (VEHICLE 3). DRIVER 2 ALSO ADVISED THAT VEHICLE 2 MADE CONTACT WITH THE GUARDRAIL, WHERE VEHICLE 2 CAME TO A REST. I THEN SPOKE WITH DRIVER 3, WHO ADVISED THAT SHE WAS GOING STRAIGHT WHEN SHE NOTICED VEHICLE 1 ABRUPTLY CHANGE LANES AND MAKE CONTACT WITH VEHICLE 2, WHO WAS DIRECTLY IN FRONT OF HER. DRIVER 3 ADVISED THAT SHE ATTEMPTED TO AVOID THE COLLISION WITH VEHICLE 2 BY APPLYING HER BRAKES, BUT SHE WAS UNABLE TO AVOID COLLIDING VEHICLE 3 INTO VEHICLE 2, AS SHE WAS ALSO STRUCK FROM THE REAR BY VEHICLE 4. DRIVER 3 ADVISED VEHICLE 3 CAME TO A STOP BEHIND VEHICLE 2. LASTLY, I SPOKE WITH DRIVER 4 WHO ADVISED THAT SHE OBSERVED VEHICLE 1 ABRUPTLY CHANGE LANES, COLLIDING WITH VEHICLE 2 AND THE SUBSEQUENT COLLISION OF WITH VEHICLE 3. DRIVER 4 EXPLAINED THAT SHE ATTEMPTED TO APPLY HER BRAKES SUDDENLY, BUT WAS UNABLE TO AVOID COLLIDING WITH THE REAR OF VEHICLE 3. DRIVER 4 ADVISED VEHICLE 4 CAME TO A STOP OFF THE ROADWAY DIRECTLY BEHIND VEHICLE 3. THE EVIDENCE SHOWS A CHAIN REACTION THAT STARTED FROM VEHICLE 1 CHANGING LANES IN AN UNSAFE MANNER, AS VEHICLE 1 WAS FOLLOWING TOO CLOSELY (THE LINE OF TRAFFIC AHEAD) WITH SPEEDS TOO FAST FOR THE WEATHER CONDITIONS. AFTER THE ABRUPT RIGHT TURN INTO THE ADJACENT LANE VEHICLE 2 WAS UNABLE TO STOP OR AVOID THE COLLISION, DUE TO BOTH VEHICLES BEING NEARLY SIDE-BY-SIDE PRIOR TO THE LANE CHANGE. THIS CREATED THE CHAIN REACTION THAT LED TO BOTH VEHICLE'S 3 AND 4 TO COLLIDE IN A REAR END CRASH, WITH BOTH UNSUCCESSFUL ATTEMPTS TO SLOW OR AVOID THE COLLISION. THE EVIDENCE FROM THE SCENE SHOWS FRONT END DAMAGE TO VEHICLE 2, VEHICLE 3 AND VEHICLE 4. THERE WAS DAMAGE TO THE REAR OF VEHICLE 1, VEHICLE 2 AND VEHICLE 3, AS WELL. ALL DRIVERS AND OCCUPANTS DENIED MEDICAL TREATMENT AT THE SCENE AND ALL VEHICLES WERE DRIVE-ABLE AND DID NOT REQUIRE A TOW."
903497012,BLOOMINGTON PD,B1950232,MONROE,PERRY,BLOOMINGTON,12/1/2019,7:45 PM,1,0,0,0,0,,E ATWATER,AVE,,,,E ATWATER,S SWAIN,,,,Y,,,,39.163152,-86.515168,LOCAL/CITY ROAD,,N,N,URBAN,N,N,N,,DARK (LIGHTED),RAIN,WET,,T-INTERSECTION,STRAIGHT/GRADE,ASPHALT,UNSAFE LANE MOVEMENT,$1001 TO $2500,RAN OFF ROAD,748,753,Y,Y,EATWATERAVESSWAINAVE,0,STOP SIGN,"D1 STATED THEY WERE TRAVELING EASTBOUND ON E ATWATER AVE NEAR THE INTERSECTION WITH S SWAIN AVE IN THE NORTHERN-MOST LANE. D1 STATED THEY OBSERVED A VEHICLE EITHER SLOWING OR STOPPED AT THE STOP SIGN AT S SWAIN AVE, SOUTH OF E ATWATER AVE. D1 COULD NOT PROVIDE A VEHICLE DESCRIPTION.D1 STATED THAT THIS VEHICLE EITHER RAN THE STOP SIGN OR DID NOT OBSERVE V1, AND ENTERED INTO THE INTERSECTION, HEADING NORTHBOUND ON S SWAIN AVE. D1 STATED THAT THIS ACTION CAUSED HER TO VEER TO THE NORTHEAST IN ORDER TO AVOID THE VEHICLE. D1 STATED THAT SHE DID NOT KNOW IF SHE WAS ACTUALLY HIT BY THE VEHICLE, BUT STATED THE VEHICLE'S ACTIONS CAUSED HER TO RUN OFF THE ROAD INTO A CULVERT ON THE EAST SIDE OF S SWAIN AVE, NORTH OF E ATWATER AVE. THERE WAS NO VISIBLE IMPACT DAMAGE ON V1 FROM ANY OTHER VEHICLE. TIRE TREAD IMPRINTS IN THE MUD AND LEAVES WERE OBSERVED AS BEING PERPENDICULAR TO E ATWATER AVE, AND LEADING IN TO THE CULVERT IN WHICH V1 WAS SEEN POSITIONED IN. PHOTOS WERE TAKEN ON SCENE."
903496971,MONROE SD,M19A39461,MONROE,BENTON,BLOOMINGTON,12/1/2019,1:08 PM,1,0,0,0,0,,LOW GAP,RD,,,,N LOW GAP,TULIP TREE,,,,N,,600,N,0,0,LOCAL/CITY ROAD,,N,N,RURAL,N,N,N,,DAYLIGHT,RAIN,WET,,NO JUNCTION INVOLVED,STRAIGHT/GRADE,CONCRETE,SPEED TOO FAST FOR WEATHER CONDITIONS,$2501 TO $5000,RAN OFF ROAD,219,312,Y,N,ETULIPTREETRNLOWGAPRD,0,NONE,I WAS UNABLE TO SPEAK TO D1 SO I SPOKE TO HER GRANDDAUGHTER. HER GRANDDAUGHTER STATED THAT D1 WAS GOING DOWN THE HILL AND STATED SHE ATTEMPTED TO AVOID A BRANCH IN THE ROADWAY AND THAT IS WAS CAUSED THE ACCIDENT. I WAS TOLD THAT THE BRANCH WAS REMOVED FROM THE ROADWAY PRIOR TO MY ARRIVAL. THE GRANDDAUGHTER WAS DRIVING IN FRONT OF D1 AS D1 HAD JUST PICKED UP HER CAR FROM A FAMILY MEMBER SO THE GRANDDAUGHTER STOPPED AND WAS THE ONE THAT TRANSPORTED D1 TO THE HOSPITAL.I AM UNSURE OF THE INJURIES TO D1. THERE WAS ANOTHER CALL TIED TO THIS WHICH WAS AN INFORMATION CALL WHICH WAS THE CALL THAT CAME OUT AT 1308 HRS.DUE TO BEING UNABLE TO SPEAK TO D1 AND THIS BEING SOME TIME AFTER THE ACTUAL CRASH TOOK PLACE I AM UNABLE TO SAY DEFINITIVELY THAT A BRANCH DID FALL OR WHAT HAD HAPPENED. THERE WERE MARKS ALONG THE SIDE OF THE ROAD FOR APPROXIMATELY 100 FEET THAT THE RIGHT SIDE TIRES WERE OFF THE ROADWAY PRIOR TO GETTING TO WHERE THE CAR CAME TO REST.
903498241,INDIANA UNIV BLOOMINGTON PD,192852,MONROE,BLOOMINGTON,BLOOMINGTON,12/2/2019,4:55 PM,2,0,1,0,0,,FEE,LN,,,,FEE,LAW,,,,Y,,,,39.174048,-86.518896,LOCAL/CITY ROAD,,N,N,URBAN,N,N,N,,DAWN/DUSK,CLOUDY,DRY,,T-INTERSECTION,STRAIGHT/GRADE,ASPHALT,FOLLOWING TOO CLOSELY,$1001 TO $2500,REAR END,457,501,Y,N,FEELNLAWLN,0,NONE,"D1 was driving V1 south bound on Fee Lane. D1 advised V1 was behind V2. D1 advised he thought V2 was going to make the turn east bound onto Law Lane but V2 did not make the turn. D1 advised he attempted to stop but did not have enough time, causing V1 to crash into V2.D2 was driving V2 south bound on Fee Lane. D2 advised he was waiting for the road to clear before turning east bound on to Law Lane. D2 advised while stopped in traffic, V1 crashed into V2."
903498473,MONROE SD,M19A39546,MONROE,BLOOMINGTON,BLOOMINGTON,12/2/2019,12:52 PM,1,0,1,0,0,,,,I69,123,1,I69S,,,,,N,OTHER,,,0,0,INTERSTATE,,N,N,RURAL,N,N,N,,DAYLIGHT,CLOUDY,DRY,,RAMP,CURVE/GRADE,ASPHALT,TIRE FAILURE OR DEFECTIVE,$2501 TO $5000,RAN OFF ROAD,1256,104,Y,Y,I69S,0,LANE CONTROL,"D1 advised that he was traveling S. On N. I-69 exiting on the N. College Ave. exit when the right rear tire of V1 malfunctioned causing D1 to lose control of V1. V1 then traveled off the roadway into an already damaged guardrail end and came to rest approximately 15-20 feet away. I contacted D1's mother given he is a juvenile. She advised that she would arrange for the retrieval of V1 at a later time. The vehicle was not in the roadway and was not impeding traffic. However, on 12/03/2019 I overheard the Indiana State Police request a tow service for the vehicle. I do not know who or where the vehicle was towed to. I have since contacted Heather, D1's mother, and advised her of what I overheard on my police radio and the telephone number for the Indiana State Police Post."
903497921,BLOOMINGTON PD,B1950317,MONROE,BLOOMINGTON,BLOOMINGTON,12/2/2019,1:50 PM,3,0,0,0,0,,,,SR46E,,,SR46E,N DUNN,,,,Y,,350,E,39.18635203,-86.52726078,STATE ROAD,,N,N,URBAN,N,N,N,,DAYLIGHT,CLOUDY,DRY,,NO JUNCTION INVOLVED,STRAIGHT/LEVEL,ASPHALT,FOLLOWING TOO CLOSELY,$2501 TO $5000,REAR END,150,210,Y,N,NDUNNSTSR46E,0,NONE,All 3 vehicles were traveling west on E State Rd 45/46 in the left hand lane. Vehicle 3 was in front followed by vehicle 2 and then vehicle 1. Traffic was stopped at the intersection of State Road 45/46 and N Dunn because of a light. Traffic was backed up several feet away from the intersection. The 3 vehicles stopped in the traffic. Driver of vehicle 1 stated that she thought the vehicles in front of her started to move. She then began to accelerate and looked down. When she looked back up she noticed the vehicles were not moving and attempted to stop. Driver of vehicle 1 was unable to avoid colliding with the rear of vehicle 2. This impact then pushed vehicle 2 into the rear of vehicle 3. Vehicle 3 has very minor damage to the rear. Vehicle 2 has very minor damage to the front and moderate damage to the rear. Vehicle 1 has significant damage to the front and was towed from the scene due to damage. No injuries were reported from this accident.
903498012,BLOOMINGTON PD,B1950344,MONROE,BLOOMINGTON,BLOOMINGTON,12/2/2019,5:05 PM,2,0,0,0,0,,WALNUT,ST,,,,S WALNUT,DODDS,,,,Y,,,,0,0,LOCAL/CITY ROAD,,N,N,URBAN,N,N,N,,DAYLIGHT,CLOUDY,DRY,,T-INTERSECTION,STRAIGHT/LEVEL,ASPHALT,FAILURE TO YIELD RIGHT OF WAY,$5001 TO $10000,RIGHT ANGLE,505,510,Y,Y,EDODDSSTSWALNUTST,0,STOP SIGN,"Vehicle 2 was traveling north on S Walnut St. Vehicle 2 was traveling east on Dodds St. At the intersection of Walnut and Dodds, vehicle 1 was attempting to travel east through the intersection and vehicle 2 was attempting to continue north. Vehicle 2 is not required to stop at the intersection, however vehicle 1 is. Driver of Vehicle 1 stated he stopped at the intersection and did not see any vehicles and proceeded into the interesection. When pulling into the intersection, driver of vehicle 1 failed to yield right of way to vehicle 2. Vehicle 2 then struck vehicle 1 in the passenger side door. Both vehicles then went off the roadway before coming to a stop. Vehicle 1 has significant damage to the passenger side with airbag deployment. Vehicle 1 was towed due to damage. Vehicle 2 had significant damage to the front and air bag deployment. Vehicle 2 was towed from scene due to damage. No injuries were reported."
903498100,MONROE SD,M19A39569,MONROE,BLOOMINGTON,BLOOMINGTON,12/2/2019,4:24 PM,2,0,0,0,0,,STOUT CREEK,RD,,,,STOUT CREEK,ARLINGTON,,,,N,,,,39.197648,-86.558304,COUNTY ROAD,,N,N,RURAL,N,N,N,,DAYLIGHT,CLEAR,DRY,,NO JUNCTION INVOLVED,STRAIGHT/LEVEL,ASPHALT,FOLLOWING TOO CLOSELY,$5001 TO $10000,REAR END,424,439,Y,N,STOUTCREEKRDWARLINGTONRD,0,NONE,"Driver 2 stated he was traveling eastbound on West Arlington Road. Driver 2 stated there was a vehicle in front of him, he came to a complete stop at the intersection of North Rajumi Drive. As Driver 2 continued after the vehicle in front of him turned he began approaching the intersection of West Stoutes Creek Road when he observed Driver 1 in his rearview coming up to him at a high rate of speed. Driver 2 stated he was unable to avoid the collision and Driver 1 collided with him in the rear of Vehicle 2. Driver 1 stated that Driver 2 slammed on his brakes and he was unable to avoid a collision and rear ended Driver 2. Vehicle 1 sustained heavy front end damage and was towed by Surgis Towing. Vehicle 2 sustained rear end damage. Both driver's declined medical personnel. An OWI investigation was conducted on Driver 1 who showed a reading of .102. Driver 1 later showed on a certified breath test the reading of .096. Driver 2 was arrested for OWI under 9-30-5-1 and 9-30-5-2."
903497096,BLOOMINGTON PD,B1950266,MONROE,BLOOMINGTON,BLOOMINGTON,12/2/2019,12:21 AM,2,0,0,0,0,,COLLEGE,AVE,,,,COLLEGE,4TH,,,,Y,,150,N,39.16607598,-86.5348,LOCAL/CITY ROAD,,N,N,URBAN,N,N,N,,DARK (LIGHTED),RAIN,WET,,NO JUNCTION INVOLVED,STRAIGHT/GRADE,ASPHALT,OTHER (DRIVER) - EXPLAIN IN NARRATIVE,$2501 TO $5000,SAME DIRECTION SIDESWIPE,1221,1230,Y,N,4THSTCOLLEGEAVE,0,LANE CONTROL,"AN UNINVOLVED VEHICLE ATTEMPTED TO MERGE IN THE WEST LANE BEING OCCUPIED BY V1. TO AVOID A COLLISION WITH THIS OBJECT IN V1'S LANE, V1 MERGED WEST INTO V2. V2 WAS PARKED IN A METERED SPACE AND UNOCCUPIED AT THE TIME OF THE COLLISION. V1 AND THE UNINVOLVED VEHICLE DID NOT COLLIDE. V1 WAS TOWED BY RICK'S WRECKER SERVICE."
903497138,MONROE SD,M19A39499,MONROE,WASHINGTON,BLOOMINGTON,12/2/2019,4:17 AM,1,0,0,0,1,,,,SR37N,,,SR37N,MAIN FORREST,,,,N,,1200,N,,,STATE ROAD,,N,N,RURAL,N,N,N,,DARK (NOT LIGHTED),RAIN,WET,,T-INTERSECTION,CURVE/LEVEL,ASPHALT,ANIMAL/OBJECT IN ROADWAY,$10001 TO $25000,RAN OFF ROAD,441,500,Y,Y,MAINFORRESTRDSR37N,0,NONE,"ON 12/02/2019 UNIT 1 WAS TRAVELING NORTH ON OLD ST RD 37 NORTH. THE DRIVER OF UNIT 1, LATER IDENTIFIED AS DAVID WILLIAMS WAS TRAVELING NORTH WHEN A DEER ENTERED THE ROADWAY CAUSING UNIT 1 TO RUN OFF THE ROADWAY, INTO A DITCH STRICKING A TREE. UNIT 1 SHOWED SIGNS OF SEVERE FRONT END DAMAGE TO THE HOOD, GRILL AND WINDSHIELD AS WELL AS DAMAGE TO THE CAB OF THE VEHICLE."
903498199,MONROE SD,M19A39501,MONROE,RICHLAND,BLOOMINGTON,12/2/2019,6:02 AM,1,0,0,0,0,,,,SR48W,,,SR48W,W VERNAL,,,,N,,2640,W,39.16856993,-86.67030981,STATE ROAD,,N,N,RURAL,N,N,N,,DARK (NOT LIGHTED),RAIN,WET,,NO JUNCTION INVOLVED,CURVE/LEVEL,ASPHALT,RAN OFF ROAD RIGHT,$5001 TO $10000,RAN OFF ROAD,606,616,Y,N,SR48WWVERNALPIKE,0,LANE CONTROL,"Spoke to D1 when I arrived on scene. He advised V1 was traveling east on W Sr 48 about a half mile west of W Vernal Pk. D1 stated when he was attempting to negotiate a 90 degree curve he lost control of V1 and V1 spun around and rolled into a ditch on the north side of the roadway landing on its drivers side facing west. I did note that the road didn't appear slick at the time of my arrival but the temperature had been fluctuating between 31 degrees and 33 degrees and the roadway may have been slick at the time of the crash. I observed V1 in a ditch on the north side of the roadway on its drivers side, at the exit of the curve, consistent with D1's account of events. D1 stated he was not injured in the crash. V1 was towed due to disabling damage."
903497095,BLOOMINGTON PD,B1950263,MONROE,BLOOMINGTON,BLOOMINGTON,12/2/2019,12:07 AM,2,0,0,0,0,,ROGERS,ST,,,,ROGERS,7TH,,,,Y,,,,39.168704,-86.538576,LOCAL/CITY ROAD,,N,Y,URBAN,Y,N,N,,DARK (LIGHTED),RAIN,WET,,FOUR-WAY INTERSECTION,STRAIGHT/GRADE,ASPHALT,UNSAFE LANE MOVEMENT,$1001 TO $2500,SAME DIRECTION SIDESWIPE,1208,1215,Y,Y,7THSTROGERSST,0,STOP SIGN,V1 left the scene prior to my arrival. D1 left the scene prior to my arrival. V2 was traveling northbound on Rogers St approaching 7th St. V2 was attempting to stop when V1 attempted to pass V2. The driver side mirror on V2 was then struck by the passenger side mirror of V1. D2 stated that she was traveling northbound on Rogers St approaching 7st St. D2 stated that she was attempting to stop when V1 passed her causing the passenger side mirror of V1 to hit the driver side mirror of V2. Through my investigation I have determined the D1 used unsafe lane movement causing the passenger side of V1 to hit the driver side of V2. D2 did give a plate number of AHU496 but could not describe the vehicle. A vehicle with damage to its passenger side mirror and no tire was located within 7 blocks of this accident. The plate number on that vehicle was AHU486. I do believe this to be the suspect vehicle in this case but I was unable to make contact with the driver.
903498080,ELLETTSVILLE PD,E1906597,MONROE,RICHLAND,ELLETTSVILLE,12/2/2019,4:30 PM,2,0,0,0,0,,,,SR46W,,,SR46W,CONSTABLE,,,,Y,,,,,,STATE ROAD,,N,N,URBAN,N,N,N,,DAYLIGHT,CLEAR,DRY,,NO JUNCTION INVOLVED,CURVE/GRADE,ASPHALT,FAILURE TO YIELD RIGHT OF WAY,$5001 TO $10000,SAME DIRECTION SIDESWIPE,434,435,Y,Y,CONSTABLEDRSR46W,0,NONE,D2 WAS HEADING WEST ON WEST MAIN ST (WEST STATE ROAD 46) IN THE NOTHERN LANE WHEN V1 SIDESWIPED V2. D1 STATED THAT HE HAD HIS SIGNAL ON TO GET IN THE RIGHT (NOTHERN) LANE AND THOUGHT HE HAD CLEARED V2 BUT HIT V2.12/6/2019-UPDATED INSURANCE INFORMATION FOR V1.