Master Record Number,Agency,Local Code,County,Township,City,Collision Date,Collision Time,Vehicles Involved,Trailers Involved,Number Injured,Number Dead,Number Deer,House Number,Roadway Name,Roadway Suffix,Roadway Number,Roadway Interchange,Roadway Ramp,Roadway Id,Intersecting Road,Intersecting Road Number,Mile Marker,Interchange,Corporate Limits?,Property Type,Feet From,Direction,Latitude,Longitude,Roadway Class,Traffic Control Devices?,Aggressive Driving?,Hit and Run?,Locality,School Zone?,Rumble Strips?,Construction?,Construction Type,Light Condition,Weather Conditions,Surface Condition,Type of Median,Roadway Junction Type,Road Character,Roadway Surface,Primary Factor,Damage Estimate,Manner of Collision,Time Notified,Time Arrived,Investigation Complete?,Photos Taken?,Unique Location Id,State Property Damage?,Traffic Control,NARRATIVE
903509990,BLOOMINGTON PD,B1950350,MONROE,BLOOMINGTON,BLOOMINGTON,12/2/2019,5:45 PM,2,0,0,0,0,,E 3RD,ST,,,,E 3RD,N HIGH,,,,Y,,,,39.164352,-86.508288,LOCAL/CITY ROAD,Y,N,N,URBAN,N,N,N,,DARK (LIGHTED),CLEAR,DRY,,FOUR-WAY INTERSECTION,STRAIGHT/GRADE,ASPHALT,DISREGARD SIGNAL/REG SIGN,$2501 TO $5000,LEFT/RIGHT TURN,551,605,Y,N,E3RDSTNHIGHST,0,TRAFFIC CONTROL SIGNAL,"V2 was traveling eastbound on E. 3RD ST. When entering the intersection of E. 3RD ST. and N. High ST.V1 was traveling northbound on N. HIGH ST. and stopped at a red signal.As V2 entered the intersection, V1 began making a right hand turn and entered the intersection. V2 struck V1 with the front driver corner, striking the passenger side of V2."
903497550,MONROE SD,M19A39507,MONROE,BENTON,BLOOMINGTON,12/2/2019,8:58 AM,1,0,0,0,0,6161,SHUFFLE CREEK,RD,,,,NORTH SHUFFLE CREEK,,,,,N,PRIVATE,,,0,0,COUNTY ROAD,,N,Y,RURAL,N,N,N,,DARK (NOT LIGHTED),CLOUDY,WET,,NO JUNCTION INVOLVED,STRAIGHT/GRADE,ASPHALT,RAN OFF ROAD RIGHT,$2501 TO $5000,RAN OFF ROAD,906,937,Y,Y,NORTHSHUFFLECREEKRD,0,NONE,"THE OWNER OF THE RESIDENCE AT 6161 NORTH SHUFFLE CREEK ROAD IN BLOOMINGOTN INDIANA CALLED THE MONROE COUNTY SHERRIFF'S OFFICE DUE TO AN ACCIDENT IN HIS FRONT LAWN SOMETIME DURING THE NIGHT OF 12/1/19. THE VEHICLE HAD LEFT THE SCENE. THE VEHICLE WAS TRAVELING SOUTH BOUND ON NORTH SHUFFLE CREEK DRIVE WHEN IT RAN OFF THE EAST SIDE OF THE ROAD. VEHICLE 1 STRUCK A PRIVACY FENCE, TAKING OUT APPROXIMATELY 6 POSTS. VEHICLE 1 ALSO DAMAGED SEVERAL ANTIQUE WHEEL FRAMES AND LANDSCAPING.THE VEHICLE AND DRIVER WERE LATER FOUND ON 12/2/19. DRIVER 1 WAS UNINJURED, AND CHARGED WITH LEAVING THE SCENE OF AN ACCIDENT.VEHICLE 1 WAS TOWED BY STURGIS TO STURGIS."
903498091,MONROE SD,M19A39581,MONROE,VAN BUREN,BLOOMINGTON,12/2/2019,7:24 PM,1,0,0,0,0,3585,,,SR45,,,W STATE ROAD 45,,,,,N,PRIVATE,,,39.125312,-86.610496,UNKNOWN,,N,N,RURAL,N,N,N,,DARK (LIGHTED),CLEAR,DRY,,FOUR-WAY INTERSECTION,STRAIGHT/LEVEL,ASPHALT,IMPROPER TURNING,$5001 TO $10000,OTHER - EXPLAIN IN NARRATIVE,724,726,Y,N,WSTATEROAD45RD,0,NONE,"Driver 1 was traveling westbound through the Walmart parking lot, located at 3585 West State Road 45. Driver 1 stated he approached a intersection within the parking lot that used to have a stop sign however had since been removed. Driver 1 stated he proceeded through the intersection turning southbound through the parking lot when he had a brief vision issue and struck a concrete pole. Driver 1 stated he thought he had made the turn however could not see for that brief time before the collision as his vision became blurry. Driver 1 was out of the vehicle upon my arrival. Vehicle 1 sustained heavy front left damage and was towed by Surgis Towing due to the damage. Driver 1 declined medical personnel. Driver 1 was administered Field Sobriety testing, passing and submitted to a portable breath test showing a result of .023."
903498766,BLOOMINGTON PD,B1950492,MONROE,BLOOMINGTON,BLOOMINGTON,12/3/2019,5:45 PM,3,0,0,0,0,,E 3RD,ST,,,,E 3RD,S KINGSTON,,,,Y,,,,39.16424,-86.492944,LOCAL/CITY ROAD,Y,N,N,URBAN,N,N,N,,DARK (LIGHTED),CLEAR,DRY,,NO JUNCTION INVOLVED,STRAIGHT/LEVEL,ASPHALT,FAILURE TO YIELD RIGHT OF WAY,$2501 TO $5000,LEFT TURN,606,620,Y,N,E3RDSTSKINGSTONDR,0,TRAFFIC CONTROL SIGNAL,"D1 stated that he was stopped and facing west at the intersection of E 3rd Street and S Kingston Drive, waiting to turn south onto S Kingston Drive. D1 stated that his traffic light turned yellow, and he began clearing the intersection. D1 stated that as he made the left turn, the rear passenger side fender was struck by the front bumper of V2, causing V1 to spin around and hit the front bumper of V3 with the rear driver side fender.D2 stated that she was driving east on E 3rd Street when D1 suddenly turned south in front of her. D2 stated that her front bumper struck V1 in the passenger side fender area.D3 stated that she was sitting at a red light, facing north, at the intersection of E 3rd Street and S Kingston Drive. D3 stated that V1 suddenly stuck the front bumper of her vehicle, but was unsure how it happened as she did not see the accident."
903498609,INDIANA UNIV BLOOMINGTON PD,192855,MONROE,BLOOMINGTON,BLOOMINGTON,12/3/2019,12:51 PM,2,0,0,0,0,900,E 7TH,ST,,,,E 7TH,,,,,N,,,,39.168752,-86.5436,UNKNOWN,,N,N,URBAN,N,N,N,,DAYLIGHT,CLOUDY,DRY,,T-INTERSECTION,STRAIGHT/LEVEL,ASPHALT,FAILURE TO YIELD RIGHT OF WAY,$5001 TO $10000,LEFT TURN,1252,104,Y,N,E7THST,0,NONE,"V1 and V2 were both inside a paid parking lot. V1 was turning left (northwest) from a parking aisle onto the main exit road. V2 was on the main exit road approaching the occupied pay-gate traveling westbound.D1 stated that she was turning left (northwest) from a parking aisle to the main exit road in order to pay and exit the parking lot. D1 stated that when she went to turn left, she did not see V2 in front of her. D1 stated that she made the turn and collided with V2. D1 admitted to me that it was her fault. V1 had damage to the front-end of the vehicle and the front passenger side of the vehicle.D2 stated he was traveling westbound on the main exit road when V1 turned into him and collided with his vehicle. D2 stated that V1 approached the turn at a high rate of speed and collided with the driver side of his vehicle. V2 had damage to the driver side of the vehicle.Both vehicles were towed."
903498788,INDIANA UNIV BLOOMINGTON PD,192860,MONROE,BLOOMINGTON,BLOOMINGTON,12/3/2019,9:05 PM,2,0,0,0,0,,JORDAN,AVE,,,,JORDAN,JONES,,,,Y,,200,S,0,0,LOCAL/CITY ROAD,,N,N,URBAN,N,N,N,,DARK (LIGHTED),CLEAR,DRY,,NO JUNCTION INVOLVED,STRAIGHT/LEVEL,ASPHALT,CELL PHONE USAGE,$5001 TO $10000,REAR END,908,908,Y,N,EJONESAVEJORDANAVE,0,NONE,"No other officers assisted with the accident investigation.Other Participant (OP1) had come to a stop at a fully marked crosswalk in order to allow a bicyclist cross who had right-of-way.V2 had come to a stop behind OP1.V1 was approaching V2.OP1 stopped at a crosswalk and allowed a bicyclist to cross. She did not witness the accident that occurred behind her.D2 had come to a stop behind OP1. D2 stated she saw V1 approach her from the rear and saw V1 try to avoid colliding into her. D1 stated he had glanced down at his phone in order to send his friend a text. D1 stated that when he looked back up at the road he saw V2 in front of him that had come to a stop. He attempted to avoid the collision by braking and swerving to the left of V2. D1 was unable to avoid the collision and collided into the rear, driver side quarter panel of V2 with his front, passenger side quarter panel. D1 stated he was traveling approximately 15 mph prior to the collision.There were no reported injuries at the time of the accident investigation. V1 and V2 had moderate damage to their respective areas; however, both vehicles appeared able to be driven safely from the scene.Of note, D2 was driving a rental car through Avis Car Rental. The provided insurance information in the car was insufficient and the phone number provided on the rental agreement went to an Avis rental location that was closed for the night. D2 was advised to contact Avis as soon as she could and let them know of the accident."
903498757,ELLETTSVILLE PD,E1906626,MONROE,RICHLAND,ELLETTSVILLE,12/3/2019,6:15 PM,2,0,1,0,0,,,,SR46W,,,SR46W,MATHEWS,,,,Y,,,,,,STATE ROAD,,N,N,RURAL,N,N,N,,DARK (LIGHTED),CLEAR,DRY,,NO JUNCTION INVOLVED,STRAIGHT/LEVEL,ASPHALT,FOLLOWING TOO CLOSELY,$5001 TO $10000,REAR END,615,618,Y,Y,MATHEWSDRSR46W,0,NONE,"Driver 2 reported he was slowing in traffic that was backed up from a stop light and was rear ended.Drive 1 reported was driving and saw a car move into the right lane in traffic, causing vehicles to slow down rapidly and she rear ended another car"
903498653,BLOOMINGTON PD,B1950435,MONROE,PERRY,BLOOMINGTON,12/3/2019,1:38 PM,2,0,0,0,0,275,WINSLOW,RD,,,,EAST WINSLOW,,,,,Y,,,,0,0,LOCAL/CITY ROAD,,N,Y,URBAN,N,N,N,,DAYLIGHT,CLOUDY,DRY,,NO JUNCTION INVOLVED,STRAIGHT/LEVEL,ASPHALT,UNSAFE BACKING,$2501 TO $5000,BACKING CRASH,213,215,N,Y,EASTWINSLOWRD,0,NONE,"THE WITNESS, NIKOLAI DEAN, DID SEE V1 BACKING OUT OF A PARKING SPOT AT THE VILLAGE PANTRY LOCATED AT 275 EAST WINSLOW ROAD.NIKOLAI EXPLAINED THAT A WHITE MALE WITH A GOATEE, DARK TABOGAN, AND HOODIE, WAS DRIVING V1 AND THAT V1 DID BACK OUT OF THE PARKING SPOT UNTIL THE REAR DRIVER'S SIDE CORNER OF V1 DID MAKE CONTACT WITH THE FRONT DRIVER'S SIDE CORNER OF V2.V2 WAS PARKED AT GAS PUMP 1, FACING NORTH. THE OWNER OF V2 WAS INSIDE THE GAS STATION AND DID NOT WITNESS THE ACCIDENT.BOTH V2 AND V1 DID SUSTAIN DAMAGE AS A RESULT OF THIS INCIDENT. V1 DID THEN LEAVE THE AREA, DRIVING NORTH ON HENDERSON UNTIL COMING TO A STOP AT 2374 SOUTH HENDERSON STREET. NIKOLAI DID NOT SEE THE DRIVER AFTER THE TRUCK WAS PARKED AT 2374 SOUTH HENDERSON STREET.THE OWNER OF V2 DID NOT WITNESS THE ACCIDENT, BUT WAS CONTACTED BY NIKOLAI AS HE CAME OUT OF THE GAST STATION."
903498338,BLOOMINGTON PD,B1950399,MONROE,BLOOMINGTON,BLOOMINGTON,12/3/2019,8:19 AM,1,0,0,0,0,,COLLEGE,AVE,,,,COLLEGE,1ST,,,,,,100,N,39.17715465,-86.53473389,LOCAL/CITY ROAD,,Y,Y,,Y,N,N,,DAYLIGHT,CLOUDY,DRY,,NO JUNCTION INVOLVED,STRAIGHT/GRADE,ASPHALT,OTHER (DRIVER) - EXPLAIN IN NARRATIVE,UNDER $1001,SAME DIRECTION SIDESWIPE,824,824,N,N,1STSTCOLLEGEAVE,1,LANE CONTROL,V1 WAS PULLING OUT OF 528 S COLLEGE AVE PARKING LOT GOING SOUTH ON COLLEGE AVE.PED #1 SAID SHE WAS WALKING ACROSS COLLEGE AVE GOING TO 528 S COLLEGE AVE.PED #1 SAID V1 HIT HER AS AND SHE FELL DOWN AS A RESULT. SHE SAID D1 WAS A WHITE FEMALE WITH LONG BROWN HAIR. SHE ADV THE THINKS V1 WAS A BUICK RENDEZVOUS.OTHER LOCATION OF INVESTIGATION WAS IU HEALTH EMERGENCY ROOM AND KROGER.I AM WAITING TO HEAR FROM KROGER SECURITY FOR ANY VIDEO THAT MAY HELP WITH THE INVESTIGATION.
903499343,ELLETTSVILLE PD,E1906665,MONROE,RICHLAND,ELLETTSVILLE,12/4/2019,6:00 PM,1,0,0,0,1,,,,SR46E,,,SR46E,FLATWOODS,,,,Y,,600,E,,,STATE ROAD,,N,N,URBAN,N,N,N,,DARK (NOT LIGHTED),CLEAR,DRY,,NO JUNCTION INVOLVED,STRAIGHT/LEVEL,ASPHALT,ANIMAL/OBJECT IN ROADWAY,$2501 TO $5000,NON-COLLISION,602,630,Y,N,FLATWOODSDRSR46E,0,NONE,"Drive 1 was heading eastbound on SR 46 and struck a deer just west of 8045 West SR 46, Ellettsville"
903498892,BLOOMINGTON PD,B1950545,MONROE,VAN BUREN,BLOOMINGTON,12/4/2019,3:36 AM,2,0,0,0,0,2505,ROGERS,ST,,,,ROGERS,,,,,Y,,,,,,UNKNOWN,,N,N,URBAN,N,N,N,,DARK (NOT LIGHTED),CLEAR,DRY,,NO JUNCTION INVOLVED,STRAIGHT/GRADE,ASPHALT,FOLLOWING TOO CLOSELY,$2501 TO $5000,REAR END,340,405,Y,Y,ROGERSST,0,LANE CONTROL,"D1 stated that that he was going southbound on Roger Rd near the 2500 block of South Rogers St when the vehicle on him slammed on the brakes. This caused him to over correct and drive off road into a house. V1 was traveling southbound on Rogers St near the 2500 block of south Rogers Street when the front of V1 made contact with the rear of V2. This caused V1 to swear off road, through a fence and into a house. D2 stated that he was traveling southbound on Rogers St near the 2500 block of south Rogers St when the front of V1 made contact with the rear of V2. V2 was traveling southbound on Rogers St near the 2500 block of south Rogers St when the front of V1 made contact with the rear of V2. Through my investigation I have determined that V1 was following to closely to V2 causing the accident. D1 was arrest for Operating while intoxicated. Damage to a fence was done to 2503 S Rogers St by V1. Damage to a fence and the side of a house was done to 2505 S Rogers St by V1."
903499462,INDIANA UNIV BLOOMINGTON PD,192870,MONROE,BLOOMINGTON,BLOOMINGTON,12/4/2019,10:40 PM,2,0,0,0,0,,THIRD,ST,,,,THIRD,WOODLAWN,,,,Y,,150,E,,,LOCAL/CITY ROAD,,N,N,URBAN,N,N,N,,DARK (LIGHTED),CLEAR,DRY,,NO JUNCTION INVOLVED,STRAIGHT/GRADE,ASPHALT,UNSAFE LANE MOVEMENT,$1001 TO $2500,SAME DIRECTION SIDESWIPE,1044,1050,Y,N,THIRDSTWOODLAWNAVE,0,NONE,"No other officers assisted with the accident investigation.3rd Street is a two lane, one way road that runs westbound. V2 is a shuttle van. V2 had stopped at a designated passenger pick up location on 3rd Street and was picking up/letting off passengers. V2 was in the northmost lane.V1 was behind V2 and was attempting to change lanes into the southmost lane.V2 had been stopped for approximately two seconds. D2 stated that he had turned his flashing lights on about 1 block earlier in order to warn traffic behind him that he would be stopping soon. After he had stopped he was struck by V1. V2 sustained damage on the rear, driver side quarterpanel.V1 had seen that V2 had stopped. D1 stated she was looking over her shoulder and was looking for an opening so she could change lanes into the southmost lane. D1 then began to change lanes but was closer to V2 than she realized. She then struck V1 with her front, passenger side bumper and quarterpanel.There were no injuries reported during the investigation. Neither vehicle needed towed due to disabling damage."
903499175,BLOOMINGTON PD,B1950581,MONROE,BLOOMINGTON,BLOOMINGTON,12/4/2019,12:10 PM,2,0,0,0,0,,LANDMARK,AVE,,,,S LANDMARK,BLOOMFIELD,,,,Y,,80,N,0,0,LOCAL/CITY ROAD,,N,N,URBAN,N,N,N,,DAYLIGHT,CLEAR,DRY,,T-INTERSECTION,STRAIGHT/LEVEL,ASPHALT,FAILURE TO YIELD RIGHT OF WAY,$5001 TO $10000,RIGHT ANGLE,1210,1213,Y,N,SLANDMARKAVEWBLOOMFIELDRD,0,LANE CONTROL,"DRIVER OF VEHICLE 1 STATED HE WAS NORTH BOUND ON LANDMARK AVENUE, JUST NORTH OF BLOOMFIELD ROAD, STOPPED TO WAIT ON SOUTH BOUND TRAFFIC SO HE COULD TURN LEFT (WEST), INTO AN ADJACENT PARKING LOT. A DRIVER IN THE SOUTH BOUND TURN LANE MOTIONED FOR D1 TO TURN LEFT IN FRONT OF HIS VEHICLE. D1 DID NOT SEE VEHICLE 2 APPROACHING FROM THE NORTH. AS DRIVER 1 TURNED LEFT (WEST), V1 CROSSED IN FRONT OF V2 AS IT TRAVELLED SOUTH. V2 COLLIDED WITH V1. DRIVER OF VEHICLE 2 STATED HE WAS SOUTH BOUND ON LANDMARK AVENUE, JUST SOUTH OF ARCH HAVEN DRIVE. SOUTH BOUND TRAFFIC WAS BACKED UP FROM THE BLOOMFIELD RD IN THE TURN LANE, BUT V2 WAS ABLE TO PASS THE BACK UP ON THE RIGHT DUE TO THE WIDTH OF THE ROAD. AS V1 CONTINUED SOUTH, V1 TURNED IN FRONT OF IT. V2 COLLIDED WITH V1."
903499507,ELLETTSVILLE PD,E1906653,MONROE,RICHLAND,ELLETTSVILLE,12/4/2019,6:30 AM,2,0,0,0,0,,WEST TEMPERANCE,ST,,,,WEST TEMPERANCE,SALE,,,,N,,,,39.23384,-86.624704,LOCAL/CITY ROAD,Y,N,N,RURAL,N,N,N,,DARK (LIGHTED),CLEAR,DRY,,FOUR-WAY INTERSECTION,STRAIGHT/LEVEL,ASPHALT,OTHER (VEHICLE) - EXPLAIN IN NARRATIVE,$1001 TO $2500,LEFT/RIGHT TURN,630,635,Y,Y,SALESTWESTTEMPERANCEST,0,TRAFFIC CONTROL SIGNAL,"Unit 2 was driving East bound on Temperance St in Ellettsville IN. When Unit 1 pulled out of the shell gas station. While unit 1 was pulling out she struck a curb, which made her swerve into the outside lane and made contact with unit 2's vehicle. When I arrived on scene unit 1 wasn't able to provide an insurance policy number. Later in the day the female driver of unit 1 was able to provide the insurance policy number."
903499169,INDIANA UNIV BLOOMINGTON PD,192865,MONROE,BLOOMINGTON,BLOOMINGTON,12/4/2019,11:25 AM,1,0,1,0,0,,JORDAN,AVE,,,,JORDAN,TENTH,,,,Y,,,,,,LOCAL/CITY ROAD,Y,N,Y,URBAN,N,N,N,,DAYLIGHT,CLEAR,DRY,,FOUR-WAY INTERSECTION,STRAIGHT/HILLCREST,ASPHALT,IMPROPER TURNING,UNDER $1001,RIGHT TURN,1126,1131,Y,N,JORDANAVETENTHST,1,TRAFFIC CONTROL SIGNAL,"At approximately 1125 hours on 12/4/2019 a collision occurred between V1, an unknown blue 4-door sedan, and D2, who was on a bicycle. D2 was in the bicycle lane on the north side of 10th Street, travelling west toward the intersection of 10th and Jordan Avenue. V1 turned north, colliding with D2 and knocking his bicycle over. D2 stated that V1 stopped and confirmed that he did not require his information before leaving the scene. D2 had moderate scraping to his left knee from impact with the asphalt. D2's bicycle had minor damage to the left pedal. D2 advised that he required a report for his employer, Jimmy John's, as he was working at the time of the incident. This was not a hit and run, only marked this way because the ARIES would not allow V1 to be left blank unless marked as such."
903499440,INDIANA UNIV BLOOMINGTON PD,192868,MONROE,BLOOMINGTON,BLOOMINGTON,12/4/2019,5:37 PM,2,0,1,0,0,,JORDAN,AVE,,,,N JORDAN,FISHER,,,,Y,,1000,E,0,0,LOCAL/CITY ROAD,,N,N,URBAN,N,N,N,,DARK (LIGHTED),CLEAR,DRY,,NO JUNCTION INVOLVED,CURVE/GRADE,ASPHALT,FAILURE TO YIELD RIGHT OF WAY,$2501 TO $5000,REAR END,542,549,Y,N,NFISHERCTNJORDANAVE,0,LANE CONTROL,"Vehicle 1 was parked approximately 1000 feet east of Fisher Court on Jordan Avenue facing east. Vehicle 2 was traveling east on Jordan Avenue just west of where Vehicle 1 was parked. Driver 1 stated she began exiting her parking spot but had to stop and back up to continue exiting the spot. Driver 1 stated she then exited the spot and drove down the road for roughly 5 seconds before being struck from behind by Vehicle 2.Driver 2 stated she was traveling down the roadway when Vehicle 1 began pulling out in front of her. Driver 2 advised it occurred so fast she didn't have time to react.Driver 2 advised her wrists hurt from the airbag deployment and that she hit her lip but stated she was fine. Driver 2 declined medical attention from the ambulance. No one else involved complained of any injuries.There is damage to the rear driver's side bumper of Vehicle 1. Vehicle 2 had damage to the front passenger side bumper as well as airbag deployment causing windshield cracking. The damage is not consistent with Driver 1's statement that she was completely in the roadway before being struck.On 12/05/2019 I was contacted with the corrected insurance information for Vehicle 2.On 12/05/2019, Driver 1 contacted me extremely upset after reading the report. She stated that she was completely in the roadway when the accident occurred. When I stated this would have required Vehicle 2 to be completely in the oncoming traffic lane Driver 1 stated this was extremely plausible. Driver 1 advised she wanted it noted that Driver 2 was heading to work and was running late. Driver 1 stated that Driver 2 must have been speeding or not paying any attention. When I explained to her that Driver 2 had advised she just left her parking spot several spaces down and could not have been speeding, Driver 1 then changed the story stating Driver 2 was probably texting and asked that I check Driver 2's messages. She later stated that multiple male friends of Driver 2 showed up to comfort her after the accident and coached her through what to say. I asked her what evidence she had to support this and she did not have any. She advised she believed this probably happened."
903500580,MONROE SD,M19A39773,MONROE,BLOOMINGTON,BLOOMINGTON,12/4/2019,6:54 PM,2,0,0,0,0,,,,SR46W,,,SR46W,INTERSTATE 69 SOUTHBOUND ON,,,,N,,,,,,STATE ROAD,,N,N,RURAL,N,N,N,,DARK (LIGHTED),CLEAR,DRY,,INTERCHANGE,STRAIGHT/GRADE,ASPHALT,UNSAFE LANE MOVEMENT,$2501 TO $5000,SAME DIRECTION SIDESWIPE,700,716,Y,N,INTERSTATE69SOUTHBOUNDONRAMPSR46W,0,NONE,"UNIT 2 STATED THAT AFTER LEAVING THE LIGHT ON THE WEST STATE ROAD 46 OVERPASS TO TURN ONTO THE ON RAMP FOR INTERSTATE 69, UNIT 1 LEFT HIS LANE, AND ENTERED UNIT 2'S LANE, STRIKING HER VEHICLE. UNIT 2 STATED SHE TRIED TO GET OUT OF THE WAY OF UNIT 1, BUT WAS ULTIMATELY FORCED TO THE EDGE OF THE ROAD WHERE SHE WAS STRUCK ON THE REAR DRIVERS SIDE PANNEL. UNIT 1 STATED THAT HE DID NOT BELIEVE HE LEFT HIS LANE, BUT STATED THAT THE UNITS ""JUST COLLIDED"" WHILE ENTERING THE ON RAMP."
903499432,MONROE SD,M19A39758,MONROE,BLOOMINGTON,BLOOMINGTON,12/4/2019,3:42 PM,2,0,0,0,0,,E BETHEL,LN,,,,E BETHEL,N OLD STATE 37,,,,N,,,,39.215344,-86.521392,COUNTY ROAD,,N,N,RURAL,N,N,Y,LANE CLOSURE,DAYLIGHT,CLEAR,DRY,,T-INTERSECTION,STRAIGHT/LEVEL,ASPHALT,UNSAFE SPEED,$5001 TO $10000,REAR END,345,350,Y,N,EBETHELLNNOLDSTATE37RD,0,OFFICER/CROSSING GUARD/FLAGMAN,Traffic was stopped eastbound on E. Bethel Lane just off of N Old State Road 37 due to Reed and Sons Construction Company having traffic down to one lane on E. Bethel Lane. They did have a flagger present. V2 was stopped in traffic on E. Bethel Lane. V1 turned right onto E. Bethel Lane from N Old State Road 37 and was unable to stop before rear ending V2. V2 sustained disabling damage from the crash.
903499120,BLOOMINGTON PD,B1950572,MONROE,BLOOMINGTON,BLOOMINGTON,12/4/2019,10:52 AM,2,0,0,0,0,502,MUELLER,PKWY,,,,S MUELLER,,,,,Y,,,,0,0,UNKNOWN,,N,N,URBAN,N,N,N,,DAYLIGHT,CLEAR,DRY,,NO JUNCTION INVOLVED,STRAIGHT/GRADE,ASPHALT,CELL PHONE USAGE,$2501 TO $5000,SAME DIRECTION SIDESWIPE,1052,1100,Y,N,SMUELLERPKWY,0,NONE,"DRIVER OF VEHICLE 1 ADVISED HE WAS EAST BOUND THROUGH THE PARKING LOT OF MUELLER PARKWAY. D1 DID NOT SEE ANY VEHICLES IN HIS LINE OF TRAVEL. HE LOOKED DOWN AT HIS CELLPHONE AND WHILE HE WAS LOOKING AWAY FROM THE ROADWAY, HE FELT THE IMPACT WITH V2. DRIVER OF VEHICLE 2 STATED SHE WAS IN A PARKING SPACE IN FRONT OF BUILDING 502 ON MUELLER PARKWAY. D2 BACKED OUT OF HER PARKING SPACE AND SHIFTED V2 INTO DRIVE. AT THAT TIME, V2 WAS STRUCK BY V1."
903498954,BLOOMINGTON PD,B1950552,MONROE,BLOOMINGTON,BLOOMINGTON,12/4/2019,8:03 AM,3,0,0,0,0,,,,SR4546W,,,SR4546W,N KINSER,,,,Y,,100,E,39.186544,-86.537888,STATE ROAD,,N,N,URBAN,N,N,N,,DAYLIGHT,CLOUDY,DRY,,FOUR-WAY INTERSECTION,STRAIGHT/LEVEL,ASPHALT,FOLLOWING TOO CLOSELY,$5001 TO $10000,REAR END,803,803,Y,N,NKINSERPIKESR4546W,0,LANE CONTROL,"V3/D3 STATED ""I WAS EASTBOUND ON W. SR 45/46 BYPASS, I HAD JUST TRAVELED THROUGH THE LIGHT OF N. KINSER PIKE, I WAS IN THE NORTHERN MOST LANE OF TRAVEL. ALL OF THE SUDDEN VEHICLES IN FRONT OF ME CAME TO A STOP, I STOPPED IN THE ROADWAY, V2 BEHIND ME WAS ABLE TO STOP, AND THEN WAS STRUCK BY V1 WHICH THEN PUSHED V2 INTO MY VEHICLE. I AM NOT HURT OR INJURIED, I HAD A HEADACHE THIS MORNING.""V2/D2 STATED ""I WAS BEHIND V3 EASTBOUND ON W. SR 45/46. ALL OF THE SUDDEN V3 STOPPED. I SLAMMED ON MY BRAKES AND STOPPED, AND THEN WAS REAR ENDED BY V1.""V1/D1 STATED ""I WAS GOING ABOUT 30 MPH ON SR. 45/46. I WAS BEHIND V2 AND V3. ALL OF THE SUDDEN THEY BOTH STOPPED. I WAS UNABLE TO STOP, AND I REAR ENDED V2 WHICH THEN STRUCK V3."""
903499321,INDIANA UNIV BLOOMINGTON PD,192867,MONROE,BLOOMINGTON,BLOOMINGTON,12/4/2019,4:04 PM,2,0,0,0,0,,,,SR46,,,SR46,17TH,,,,Y,,,,39.17984,-86.507088,STATE ROAD,Y,N,N,URBAN,N,N,N,,DAYLIGHT,CLEAR,DRY,,T-INTERSECTION,CURVE/LEVEL,ASPHALT,FAILURE TO YIELD RIGHT OF WAY,$2501 TO $5000,RIGHT ANGLE,437,441,Y,N,EAST17THSTSR46,0,TRAFFIC CONTROL SIGNAL,"At approximately 1635 hours on 12/4/2019 a collision occurred between V1 and V2 at the intersection of State Road 45/46 and 17th Street. V1 was travelling southbound in the far east lane, approaching the intersection of 45/46 and 17th. V2 was at the intersection of 45/46 and 17th, waiting in the turn lane to turn west. Both vehicles entered the intersection near the light change and the passenger side front bumper of V1 collided with the passenger side rear tire and bumper of V2.D1 advised that he was southbound on 45/46, approaching the intersection at 17th. He stated that the light turned yellow, he briefly decelerated, and entered the intersection. D1 advised that as he was entering the intersection, V2 pulled forward from the turn lane and attempted to turn in front of him. He stated that he initially tried to steer right around the vehicle, realized he would be unsuccessful, and then attempted to steer left. He advised he was braking the entire time this manuever was taking place, but could not slow down enough to avoid collision. There was damage to the passenger side front bumper and headlight of V1.D2 advised that she had been northbound on 45/46 and entered the eastern turn lane to turn west onto 17th. D2 advised that she and another vehicle entered the intersection while the light was green, the vehicle ahead of her turned and then she saw V1 slow down as the light turned yellow. D2 stated that she believed V1 was stopping, so she attempted to complete her turn. D2 advised that V1 rapidly accelerated, causing her to be unable to avoid collision. There was damage to the rear passenger side bumper and tire well of V2, making the vehicle inoperable.Neither party complained of injury or requested medical attention. V2 was towed by Chandlers Towing."