Master Record Number,Agency,Local Code,County,Township,City,Collision Date,Collision Time,Vehicles Involved,Trailers Involved,Number Injured,Number Dead,Number Deer,House Number,Roadway Name,Roadway Suffix,Roadway Number,Roadway Interchange,Roadway Ramp,Roadway Id,Intersecting Road,Intersecting Road Number,Mile Marker,Interchange,Corporate Limits?,Property Type,Feet From,Direction,Latitude,Longitude,Roadway Class,Traffic Control Devices?,Aggressive Driving?,Hit and Run?,Locality,School Zone?,Rumble Strips?,Construction?,Construction Type,Light Condition,Weather Conditions,Surface Condition,Type of Median,Roadway Junction Type,Road Character,Roadway Surface,Primary Factor,Damage Estimate,Manner of Collision,Time Notified,Time Arrived,Investigation Complete?,Photos Taken?,Unique Location Id,State Property Damage?,Traffic Control,NARRATIVE
903504197,BLOOMINGTON PD,B1951577,MONROE,BLOOMINGTON,BLOOMINGTON,12/11/2019,10:57 AM,2,0,2,0,0,,COUNTRY CLUB,DR,,,,COUNTRY CLUB,DRIVE TO CVS,,,,Y,,,,,,LOCAL/CITY ROAD,Y,N,N,URBAN,N,N,N,,DAYLIGHT,CLOUDY,DRY,,FOUR-WAY INTERSECTION,STRAIGHT/GRADE,ASPHALT,FAILURE TO YIELD RIGHT OF WAY,$2501 TO $5000,RIGHT ANGLE,1103,1108,Y,Y,COUNTRYCLUBDRDRIVETOCVSDR,0,TRAFFIC CONTROL SIGNAL,"Vehicle 1 was traveling Westbound on Country Club Drive at the intersection of the drive to CVS, located at 2650 S Walnut Street. Vehicle 2 was traveling Eastbound on Country Club Drive at the same intersection. Traffic was stopped at a traffic light ahead of Vehicle 2.Vehicle 1 turned South in front of Vehicle 2, who was continuing East, around a stopped bus. Vehicle 1 was struck by Vehicle 2.Driver 1 stated that the stationary bus driver waved him to turn in front of it. Driver 2 stated that Vehicle 1 came out of nowhere and the collision could not be avoided."
903505869,MONROE SD,M19A40550,MONROE,RICHLAND,BLOOMINGTON,12/11/2019,3:20 PM,2,0,0,0,0,,SMITH,PIKE,,,,N SMITH,WOODYARD,,,,N,,,,0,0,LOCAL/CITY ROAD,,N,N,RURAL,N,N,N,,DAYLIGHT,CLEAR,DRY,,T-INTERSECTION,STRAIGHT/LEVEL,ASPHALT,FAILURE TO YIELD RIGHT OF WAY,$1001 TO $2500,OPPOSITE DIRECTION SIDESWIPE,323,332,Y,N,NSMITHPIKEWWOODYARDRD,0,STOP SIGN,"UNIT 1 STATED THAT THEY WERE TURNING OFF OF N SMITH PIKE ONTO WOODYARD RD. THE DRIVER OF UNIT 1 STATED THEY WERE PAYING ATTENTION TO ANOTHER VEHICLE IN THE ROADWAY, AND WHEN SHE ENTERED THE INTERSECTION, SHE FAILED TO SEE UNIT 2.THERE WAS DAMAGE TO THE FRONT BUMPER OF UNIT 1 ON THE DRIVERS SIDE. UNIT 2 HAD DAMAGE TO THE TIRE AND WHEEL WELL AREA ON THE REAR DRIVERS SIDE."
903505407,MONROE SD,M19A40542,MONROE,VAN BUREN,BLOOMINGTON,12/11/2019,1:36 PM,2,0,0,0,0,301,GATES,DR,,,,N GATES,,,,,N,,,,0,0,COUNTY ROAD,,N,N,RURAL,N,N,N,,DAYLIGHT,CLEAR,DRY,,NO JUNCTION INVOLVED,STRAIGHT/LEVEL,ASPHALT,UNSAFE BACKING,$1001 TO $2500,BACKING CRASH,139,151,Y,N,NGATESDR,0,LANE CONTROL,"V1 WAS BACKING UP IN THE PARKING LOT OF 301 N GATES DRIVE AND STRUCK V2 THAT WAS PARKED ON THE OPPOSITE SIDE OF THE PARKING LOT.D1 STATED THAT A SILVER FORD PICKUP TRUCK ENTERED IN THE WRONG ENTRANCE OF THE PARKING LOT, DROVE THE WRONG WAY THROUGH THE LOT, HONKED AT HER, WHICH CAUSED HER TO BACK INTO V2. THIS WAS A CONTRIBUTING FACTOR IN THE COLLISON, HOWEVER D1 ULTIMATELY BACKED INTO V2. THE OWNERS OF V2 GAVE A SIMILAR STATEMENT AS D1.THE SILVER TRUCK DID NOT STRIKE ANY VEHICLE AND DID NOT REMAIN ON SCENE."
903504470,BLOOMINGTON PD,B1951625,MONROE,BLOOMINGTON,BLOOMINGTON,12/11/2019,4:34 PM,2,0,0,0,0,,INDUSTRIAL,BLVD,,,,INDUSTRIAL,,,,,Y,,,,,,LOCAL/CITY ROAD,Y,N,N,URBAN,N,N,N,,DAWN/DUSK,CLEAR,DRY,,FOUR-WAY INTERSECTION,STRAIGHT/LEVEL,ASPHALT,DISREGARD SIGNAL/REG SIGN,$2501 TO $5000,RIGHT ANGLE,436,451,Y,N,INDUSTRIALBLVDSR45W,0,TRAFFIC CONTROL SIGNAL,V1 was traveling E on SR 45 and continued through the intersection of Industrial Blvd. V2 entered the intersection to turn left and travel west on SR 45. The front of V1 then collided with the front driver side of V2 causing disabling damage to both vehicles.D1 stated that as she was driving through the intersection she had looked in her rear view mirror and did not realize that the light had turned red. She said that she realized later that the light was not green when she entered the intersection. D2 stated that she observed the turn lane traffic light turn green and she accelerated into the intersection and was struck. D2 stated that she did not observe V1 before the impact.
903504336,INDIANA UNIV BLOOMINGTON PD,192938,MONROE,BLOOMINGTON,BLOOMINGTON,12/11/2019,11:15 AM,2,0,0,0,0,,JORDAN,AVE,,,,JORDAN,LAW,,,,Y,,,,39.173552,-86.515488,LOCAL/CITY ROAD,Y,N,N,URBAN,N,N,N,,DAYLIGHT,CLOUDY,DRY,,FOUR-WAY INTERSECTION,CURVE/LEVEL,ASPHALT,DISREGARD SIGNAL/REG SIGN,$10001 TO $25000,RIGHT ANGLE,1116,1120,Y,N,JORDANAVELAWLN,0,TRAFFIC CONTROL SIGNAL,"V2 was traveling South on Jordan Ave at Law Ln. V1 was traveling West on Law Ln and entered the intersection against the red automatic traffic signal and into the path of V2. V2 struck V1 in the center passenger side of the vehicle. No injuries were reported at the time of the report. D1 said that as she was driving West on Law Ln she did not realize that she had a red light until she was already in the intersection and was struck by V2. V1 had significant damage to the passenger side.D2 said that as he was driving South on Jordan Ave, V1 disregarded the red traffic signal and into the intersection. D2 said that he could not avoid the collision. V2 had damage to the front of the vehicle. Witness 1 said that he was stopped for the red traffic signal facing East on Law Ln. W1 said that V1 drove into the intersection while the traffic signal was still red and was struck by V2. V1 did have side airbag deployment on the passenger side, although the driver requested to park the car in a valid parking space rather than have it towed."
903509737,ISP BLOOMINGTON 33,2.019E+11,MONROE,VAN BUREN,BLOOMINGTON,12/11/2019,16:45 M,2,,0,0,0,,WELMIR DRIVE,,,,,,RUNKLE LANE,,,,Y,,0,S,39.164652,-86.582927,LOCAL/CITY ROAD,,,,URBAN,N,N,N,,DAYLIGHT,CLOUDY,DRY,,T-INTERSECTION,,ASPHALT,LEFT OF CENTER,$5001 TO $10000,LEFT TURN,1648,1648,Y,N,,0,,"On Wednesday, December 11, 2019 at 16:45, I responded to a crash on Welmir Drive at Runkle Lane. At the time of the crash, the weather was cloudy and the road surface was dry. Welmir Drive is a local (private) roadway that runs primarily east/west through a shopping center. Runkle Lane runs north/south from SR48 (3rd Street) to Welmir Drive. Runkle Lane intersects with Welmir Drive as a T-Intersection with a stop sign for traffic traveling north on Runkle Lane. V1, gray Pontiac, was traveling north on Runkle Lane attempting to make a left turn, west, onto Welmir Drive. V2, white Buick, was traveling east on Welmir Drive approaching Runkle Lane. V1 failed to yield the right of way to V2 and made a left turn onto Welmir Drive. V1 traveled left of center during the left turn and struck the left front of V2 with the left front of V1.D1, Thomas, stated she was attempting to make a left turn onto Welmir Drive from Runkle Lane. D1 stated she stopped at the stop sign and did not observe V2 traveling east on Welmir Drive. D1 stated she struck the front of V2 with the front of V1 as she made the left turn. D1 advised she did not possess a valid driver's license, rather only a learner's permit. D2, Easterling, stated she was traveling east on Welmir Drive approaching Runkle Lane. D2 stated V1 traveled across her lane of travel then struck the front left of V2. Evidence shows damage to the front left corner of V1. Evidence shows damage to the front left corner of V2. Evidence shows D1 was operating V1 in violation of her learner's permit."
903512453,ISP BLOOMINGTON 33,2.019E+11,MONROE,INDIAN CREEK,BLOOMINGTON,12/11/2019,18:10 M,1,,0,0,0,,I-69,,,,,,,,111.5,,N,,0,S,39.07812192,-86.58347673,INTERSTATE,,,,RURAL,N,N,N,,DARK (NOT LIGHTED),CLEAR,DRY,,NO JUNCTION INVOLVED,,CONCRETE,ANIMAL/OBJECT IN ROADWAY,$2501 TO $5000,COLLISION WITH OBJECT IN ROAD,1811,1813,Y,Y,,0,,"On Wednesday, December 11, 2019 at 18:10, I responded to a crash on I69 northbound near the 111.5 mile marker. At the time of the crash, the weather was clear, the road surface was dry and there is no street lighting. A trailer was stopped across both northbound lanes of I69 due to a previous incident, 201900421340. V1, silver Honda, was traveling north on I69 in the right lane. V1 struck a trailer that was stopped across the northbound lanes. V1 came to a controlled stop along the northbound emergency shoulder. D1, Sexton, stated he was traveling north on I69 in the right lane behind another vehicle. D1 stated the other vehicle activated its emergency flashers then swerved to the right. D1 stated he observed a trailer stopped across the northbound lanes. D1 stated he attempted to slow but was unable to avoid a collision with the trailer. D1 stated he struck the trailer then came to a stop along the emergency shoulder. Other Participant: Timothy Ray Woodcock, 251 Beechview Drive, Greenwood, Indiana. Operating a red 2007 Ford F150, Indiana registration TPO555, towing 1990 Unknown Trailer, VIN 00000000008982183, Indiana registration TR336ZND. Insurance: Progressive, Policy 910382795, Telephone 800-776-4747. Trailer became separated from vehicle, struck a guardrail then came to final rest across northbound lanes of I69. OP advised he stopped and activated his emergency flashers in an attempt to warn northbound traffic. OP advised an unknown motorist stopped after V1 struck the trailer and assisted him push the trailer into the median. Evidence shows damage to the front and undercarriage of V1."
903512423,ISP BLOOMINGTON 33,2.019E+11,MONROE,INDIAN CREEK,BLOOMINGTON,12/11/2019,18:05 M,1,,0,0,0,,I-69,,,,,,,,111.5,,N,,0,S,39.07807195,-86.58349282,INTERSTATE,,,,RURAL,N,N,N,,DARK (NOT LIGHTED),CLEAR,DRY,,NO JUNCTION INVOLVED,,CONCRETE,TOW HITCH FAILURE,$1001 TO $2500,RAN OFF ROAD,1811,1813,Y,Y,,0,,"On Wednesday, December 11, 2019 at 18:05, I responded to a crash on I69 northbound near the 111.5 mile marker. At the time of the crash, the weather was clear and the road surface was dry. I69 is a multi-lane divided interstate that runs primarily in a north/south direction with a grass median in the area of this collision.V1, red Ford with trailer, was traveling north on I69 near the 111.5 mile marker. The trailer became separated from V1 as V1 continued north on I69. The trailer moved off the right side of the roadway and struck a guardrail face with the passenger side of the trailer. The trailer then rotated clockwise after impact with the guardrail. The trailer came to final rest across both of the northbound lanes. D1, Woodcock, stated he was traveling north on I69 while towing a trailer. D1 stated the trailer became separated from V1 as he was traveling north. D1 stated the trailer traveled off the right side of the road and struck a guardrail. D1 stated the trailer came to final rest in both of the northbound lanes of I69. Evidence shows damage to the passenger side fender of the trailer. Evidence shows damage to the guardrail face consistent with an impact by the trailer. Evidence shows no visible damage to the rear of V1. Evidence shows the ball hitch was still locked into the tongue of the trailer but the retaining nut was missing. Evidence shows the trailer was struck by a vehicle that was traveling north on I69, Crash # 201900421300.Cause of this collision was the retaining nut of the ball hitch became loose while installed on V1. The trailer separated from V1 and struck the guardrail face."
903504676,MONROE SD,M19A40502,MONROE,RICHLAND,BLOOMINGTON,12/11/2019,9:46 AM,2,0,0,0,0,,W WOODYARD,RD,,,,W WOODYARD,W WALCOTT,,,,N,,2300,W,39.201488,-86.601968,LOCAL/CITY ROAD,,N,N,RURAL,N,N,N,,DAYLIGHT,CLEAR,DRY,,NO JUNCTION INVOLVED,STRAIGHT/LEVEL,ASPHALT,IMPROPER PASSING,UNDER $1001,RAN OFF ROAD,950,1002,Y,Y,WWALCOTTLNWWOODYARDRD,0,NONE,Both drivers blamed the other party being responsible for the accident. Drivers stated that the vehicles did not collide with each other. Drivers stated that both were traveling east on W Woodyard Road with D1 behind D2.D1 admitted that she tried to pass D2 (illegally) on a double yellow. D1 claimed D2 was traveling under the posted speed limit. D1 claimed that D2 intentionally tried to run her off the road. D1 ran off the roadway to left side. D1 continued off road and side swiped a traffic sign with the vehicles right side mirror. D2 claimed he was traveling at the posted speed limit and slowed down for the approaching curve. D2 stated he observed D1 passing him in his driver side mirror. D2 admitted he traveled left of center but claimed this was because was looking at D1 in his driver side mirror.
903505406,MONROE SD,M19A40528,MONROE,RICHLAND,BLOOMINGTON,12/11/2019,11:31 AM,2,0,0,0,0,,SMITH,PIKE,,,,N SMITH,WOODYARD,,,,N,,,,0,0,COUNTY ROAD,,N,N,RURAL,N,N,N,,DAYLIGHT,CLEAR,DRY,,T-INTERSECTION,STRAIGHT/LEVEL,ASPHALT,FAILURE TO YIELD RIGHT OF WAY,$1001 TO $2500,RIGHT ANGLE,1135,1155,Y,N,NSMITHPIKEWWOODYARDRD,0,STOP SIGN,"V1 MADE AN EB TURN ONTO W WOODYARD ROAD FROM N SMITH PIKE AND STRUCK V2 THAT WAS TRAVELING EB ON W WOODYARD RD. D1 STATED THAT HE WAS FOLLOWING A VEHICLE IN FRONT OF HIM AND DID NOT SEE V2 UNTILL IT WAS TOO LATE.D2 STATED THAT V1 STRUCK HER VEHICLE.BOTH VEHICLES MOVED FROM THE POINT THE COLLISION OFF THE ROADWAY AT AN ADDRESS OFF OF W VERNAL PK, THEREFORE NO DIAGRAM COMPLETED."
903506033,ELLETTSVILLE PD,E1906809,MONROE,RICHLAND,ELLETTSVILLE,12/12/2019,12:43 AM,2,0,0,0,0,,,,SR46W,,,SR46W,SMITH,,,,Y,,,,39.210144,-86.5832,STATE ROAD,Y,N,N,URBAN,N,N,N,,DAYLIGHT,CLEAR,DRY,,FOUR-WAY INTERSECTION,STRAIGHT/GRADE,ASPHALT,BRAKE FAILURE OR DEFECTIVE,$1001 TO $2500,REAR END,1245,1252,Y,N,SMITHPIKESR46W,0,TRAFFIC CONTROL SIGNAL,"Driver, one who was westbound on state road 46 near the intersection of Smith Pike, came up to the light. Driver one stated that he tried to stop and hit the breaks, and when he did, he heard a pop, which caused the brake pedal to go all the way to the floor and would not allow him to stop before he hit Driver two. No diagram vehicles moved prior to arrival."
903505844,MONROE SD,M19A40836,MONROE,BLOOMINGTON,BLOOMINGTON,12/12/2019,5:42 AM,2,0,0,0,1,,,,I69S,,,I69S,,I121S,,,N,,200,S,,,INTERSTATE,,N,N,RURAL,N,Y,N,,DARK (NOT LIGHTED),CLOUDY,DRY,,NO JUNCTION INVOLVED,STRAIGHT/LEVEL,ASPHALT,ANIMAL/OBJECT IN ROADWAY,$5001 TO $10000,COLLISION WITH DEER,547,554,Y,N,I121SI69S,0,NONE,V1 was traveling South on I69 near mile marker 121 when a deer ran into the roadway. V1 hit the deer head on causing damage to the front end of the vehicle. D1 said that he did not see the deer prior to hitting it. V2 was traveling South on I69. D2 said that he hit the deer in the roadway after V1 hit it. D2 said that his car was disabled because of the deer. D2 said he had a friend coming to tow the vehicle.
903504829,INDIANA UNIV BLOOMINGTON PD,192944,MONROE,BLOOMINGTON,BLOOMINGTON,12/12/2019,10:18 AM,2,0,0,0,0,,3RD,ST,,,,3RD,JORDAN,,,,Y,,,,,,LOCAL/CITY ROAD,Y,N,N,URBAN,N,N,N,,DAYLIGHT,CLOUDY,DRY,,FOUR-WAY INTERSECTION,STRAIGHT/LEVEL,ASPHALT,IMPROPER TURNING,$25001 TO $50000,SAME DIRECTION SIDESWIPE,1019,1025,Y,Y,3RDSTJORDANAVE,0,TRAFFIC CONTROL SIGNAL,"V2 was traveling West on Third Street approaching Jordan Ave in the left lane. V1 was traveling West on Third Street approaching Jordan Ave in the Right Lane. At Jordan Ave, V1 attempted to turn left from the right lane striking V2. As a result of this collision, V2 ran off of the roadway and struck an ATM owned by First Financial Bank and a Sign Pole owned by Village Pantry. V1 sustained minor damage to the front driver side corner and wheel, V2 sustained damage to the entire front half of the vehicle and undercarriage. D2 said that she was driving West on 3rd Street while in the left lane. She said that D1 was beside her in the right lane also traveling West. D2 said that D1 then began to move into her lane and she could not avoid the collision. D2 said that she could not stop in time to avoid running off of the roadway and into the ATM structure and sign post. D1 agreed with D2's statement and confirmed that she was trying to turn Left onto Jordan Ave from the right lane of 3rd Street. D1 said that she did not see V2 beside her."
903505087,INDIANA UNIV BLOOMINGTON PD,192950,MONROE,BLOOMINGTON,BLOOMINGTON,12/12/2019,5:49 PM,2,0,0,0,0,,,,SR46E,,,SR46E,RANGE,,,,Y,,,,39.171504,-86.495312,STATE ROAD,,N,N,URBAN,N,N,N,,DARK (LIGHTED),CLEAR,DRY,,T-INTERSECTION,STRAIGHT/LEVEL,ASPHALT,FOLLOWING TOO CLOSELY,UNDER $1001,REAR END,551,600,Y,N,RANGERDSR46E,0,NONE,On 12/12/2019 at approximately 1800 hours I arrived at the State Road 45/46 Bypass and Range Rd in regards to a traffic accident. I spoke with D1 who stated that she didn't brake hard enough and rear ended V2. D1 was traveling in the left lane of the 45/46 Bypass traveling southeast. D1 stated she was trying to stop behind V2 and did not apply enough pressure to the brakes and rear ended V2. V1 sustained damage to the hood in the center. The hood had a large dent in it and that front grill of the car was also cracked.D2 stated he was also in the left lane traveling southeast. He stated he had been at a complete stop in traffic for about 30 seconds and was then rear ended by V1. V2 sustained damage to the rear end where the spare tire is. He stated the tire was loose and he had to tie it down because he was afraid it would fall off. D2 also stated the tire itself might be damaged but he would have to look at it.
903505077,BLOOMINGTON PD,B1951766,MONROE,PERRY,BLOOMINGTON,12/12/2019,3:24 PM,2,0,0,0,0,,WALNUT,ST,,,,S WALNUT,COUNTRY CLUB,,,,Y,,,,0,0,LOCAL/CITY ROAD,Y,N,Y,URBAN,N,N,N,,DAYLIGHT,CLEAR,DRY,,FOUR-WAY INTERSECTION,STRAIGHT/GRADE,ASPHALT,DRIVER DISTRACTED - EXPLAIN IN NARRATIVE,UNDER $1001,REAR END,328,331,Y,Y,SWALNUTSTWCOUNTRYCLUBDR,0,TRAFFIC CONTROL SIGNAL,"D2 STATED HE WAS STOPPED ON THE WEST SIDE OF THE INTERSECTION OF S WALNUT ST AND W COUNTRY CLUB DR IN A LINE OF CARS, HEADING EASTBOUND. D2 STATED HE WAS SUDDENLY STRUCK FROM BEHIND BY WHAT LOOKED TO BE A GOLD COLORED CHRYSLER CONCORD BEARING PLATE BNH218. D2 STATED THAT AFTER BEING STRUCK, V1 STOPPED FOR APPROXIMATELY 15 SECONDS, THEN WENT ON IN AN UNKNOWN DIRECTION OF TRAVEL AFTER D2 TURNED OFF. THE PLATE NUMBER GIVEN DOES NOT RETURN TO THE VEHICLE D2 DESCRIBED."
903507623,MONROE SD,M19A40714,MONROE,CLEAR CREEK,BLOOMINGTON,12/12/2019,6:25 PM,1,0,0,0,0,,KETCHAM,RD,,,,W KETCHAM,OLD STATE ROAD 37,,,,N,,,,0,0,LOCAL/CITY ROAD,,N,N,RURAL,N,N,N,,DARK (NOT LIGHTED),CLEAR,DRY,,NO JUNCTION INVOLVED,CURVE/GRADE,ASPHALT,OTHER (DRIVER) - EXPLAIN IN NARRATIVE,$10001 TO $25000,NON-COLLISION,630,642,N,Y,SOLDSTATEROAD37RDWKETCHAMRD,0,NONE,"MCSO WAS DISPATCHED TO AN ACCIDENT IN THE AREA OF W KETCHAM RD AND S OLD STATE RODA 37 INVOLVING A VEHICLE ROLLOVER. DISPATCH THEN ADVISED THE DRIVER OF UNIT 1 HAD GOTTEN INTO ANOTHER VEHICLE, AD LEFT THE SCENE. UPON ARRIVAL, WE LOCATED A VEHICLE THAT HAD ROLLED AN UNKNOWN AMOUNT OF TIMES, LEAVING A PATH OF DEBRIS APPROX. 50 YARDS LONG. DUE TO THE MARKS LEFT ON THE ROADWAY, IT APPEARED AS THOUGH UNIT 1 SLIGHTLY LEFT THE ROADWAY ON SOUTH OLD STATE ROAD 37 ON THE WEST SIDE OF THE ROAD. UNIT 1 THEN RETURNED TO THE ROAD, BUT NEVER MAINTAINED CONTROL, AND LEFT EH ROADWAY ON THE WEST SIDE AGAIN, STRIKING A TREE AND ROLLING MULTIPLE TIMES. UPON SOME DEBRIS LEFT ON THE ROADSIDE WAS MULTIPLE PIECES OF MAIL RETURNING TO THE REGISTERED OWNER, OTHER DOCUMENTS WITH OTHER NAMES, AND A CASE OF BEER MISSING SEVERAL BOTTLES. PHOTOS WERE TAKEN AND SUBMITTED INTO EVIDENCE AT THE MCSO. THE WITNESS STATED THAT THE DRIVER WAS A WHITE FEMALE AND APPEARED TO BE STUMBLING WHEN SHE EXITED THE VEHICLE. THE WITNESS STATED HE COULD IDENTIFY THE DRIVER IF NEEDED. THE REGISTERED OWNER WAS UNABLE TO BE CONTACTED DUE TO A BAD ADRESS. NO DROVER WAS IDENTIFIED."
903505309,INDIANA UNIV BLOOMINGTON PD,192955,MONROE,BLOOMINGTON,BLOOMINGTON,12/13/2019,8:05 AM,1,0,1,0,0,,ATWATER,AVE,,,,E ATWATER,FESS,,,,Y,,,,0,0,LOCAL/CITY ROAD,,N,N,URBAN,N,N,N,,DAYLIGHT,CLOUDY,DRY,,FOUR-WAY INTERSECTION,STRAIGHT/LEVEL,ASPHALT,VIEW OBSTRUCTED,$1001 TO $2500,LEFT TURN,808,813,Y,N,EATWATERAVESFESSAVE,1,STOP SIGN,"V1 was turning from southbound S Fess Avenue turning eastbound onto E Atwater Avenue. P1 was crossing at the east crosswalk from north to south at the intersection of E Atwater and S Fess. D1 stated that he began to turn V1 from S Fess to E Atwater, when V1 struck P1. D1 stated that P1 was in his blind spot and he did not see her crossing.P1 stated she was already crossing in the intersection when V1 turned into her. P1 had a contusion/bruise to her right ankle. P1 was not transported by the ambulance but her husband transported her to the hospital. P1 also mentioned that she had hit her head on V1, but had only complained of pain.There was no damage to V1."
903505443,INDIANA UNIV BLOOMINGTON PD,192956,MONROE,BLOOMINGTON,BLOOMINGTON,12/13/2019,11:45 AM,2,0,0,0,0,,JEFFERSON,ST,,,,JEFFERSON,EIGHTH,,,,Y,,181,W,,,UNKNOWN,,N,N,URBAN,N,N,N,,DAYLIGHT,CLOUDY,DRY,,NO JUNCTION INVOLVED,STRAIGHT/LEVEL,ASPHALT,UNSAFE BACKING,$1001 TO $2500,BACKING CRASH,1147,1154,Y,N,EIGHTHSTJEFFERSONST,0,NONE,"V2 entered the parking lot and began to back into a parking space at the Southeast corner of the parking lot. As V2 was backing into the space, V1 began to back out of a nearby space striking V2. Minor damage to the rear driver side corner of V1 and minor damage to the driver side just behind the front wheel.D1 said she began to back out and did not see V2 before the collision. D2 said as he was backing in, and he did not see V1 before the collision."
903505916,INDIANA UNIV BLOOMINGTON PD,192961,MONROE,BLOOMINGTON,BLOOMINGTON,12/13/2019,9:34 PM,2,0,2,0,0,,THIRD,ST,,,,THIRD,UNION,,,,Y,,,,,,LOCAL/CITY ROAD,,N,N,URBAN,N,N,N,,DARK (LIGHTED),RAIN,WET,,T-INTERSECTION,STRAIGHT/LEVEL,ASPHALT,FAILURE TO YIELD RIGHT OF WAY,$50001 TO $100000,RIGHT ANGLE,935,943,Y,Y,THIRDSTUNIONST,0,STOP SIGN,"V1 was faced southbound and stopped at the stop sign located at the intersection of South Union Street and East 3rd Street. D1 stated that he was having difficulty seeing traffic traveling on East 3rd Street due to the weather conditions. He stated that he looked east and west before attempting to make a left turn onto East 3rd Street. D1 said that as he pulled onto East 3rd Street V2 struck the left side of his vehicle. V2 was traveling westbound on East 3rd Street at 33mph. D2 stated that as he was traveling westbound he observed V1 pull into the intersection of East 3rd Street and South Union Street. D2 said that he ""slammed"" on the brakes in an attempt to avoid a collision with V1. However, due to the wet road way conditions D2 said he could not come to a stop before striking the driver side of V1. D2 complained of pain in his left forearm and the front passenger of V2 complained of pain in his right wrist and nasal area. Both subjects were treated by EMS on scene and released."
903505860,MONROE SD,M19A40835,MONROE,PERRY,BLOOMINGTON,12/13/2019,5:46 PM,2,0,0,0,0,,TAPP,RD,,,,WEST TAPP,KEGG,,,,Y,,,,0,0,LOCAL/CITY ROAD,,N,N,URBAN,N,N,N,,DARK (NOT LIGHTED),CLEAR,DRY,,T-INTERSECTION,STRAIGHT/LEVEL,ASPHALT,FOLLOWING TOO CLOSELY,$5001 TO $10000,REAR END,546,546,Y,Y,SOUTHKEGGRDWESTTAPPRD,0,NONE,Vehicle 1 and 2 were traveling eastbound on West Tapp Road approaching the intersection of Kegg Road. Vehicles in front of vehicle 2 began to slow to a stop for vehicles that were yielding to westbound Tapp Road traffic before turning northbound onto Kegg Road. Vehicle 2 was nearly stopped while vehicle 1 was unable to stop before colliding with the rear passenger side of vehicle 2. Vehicle 1 sustained damage to the driver's side front quarter panel. Both drivers stated they were uninjured. No other vehicles were contacted/damaged during this collision and no other witnesses remained at the scene or contacted law enforcement during this investigation.
903506067,ELLETTSVILLE PD,E1906823,MONROE,RICHLAND,ELLETTSVILLE,12/13/2019,8:39 AM,2,0,0,0,0,,TEMPERTANCE,ST,,,,TEMPERTANCE,RIDGESPRING,,,,Y,,,,,,LOCAL/CITY ROAD,,N,N,URBAN,N,N,N,,DAYLIGHT,CLOUDY,DRY,,NO JUNCTION INVOLVED,STRAIGHT/GRADE,ASPHALT,DRIVER ILLNESS,$10001 TO $25000,REAR END,839,843,Y,Y,RIDGESPRINGLNTEMPERTANCEST,0,LANE CONTROL,Narrative By Chief DeputyWilliam Jay HumphreyEllettsville Police DepartmentDecember 12th 2019Report #19E-06823Driver #1 Daniel HesterDriver #2 Janice Payne Driver #1 Vehicle struck rear of Vehicle #2 School Bus on Temperance St. Both Vehicles going East Bound . This took place approximate 30 FT. From Ridgesprings Lane.Note Driver #1 possible had illness before accident. I done follow up at Bloomington Hospital Driver #1 did not remember the crash or what happen. List of Kids on bus checked out by Ambulance Crew.Elijah ChuppPeyton ChuppAnna LoydHayley ScottElijah LirotMason BartlettLily BrownAva KaleKadance ParrishDriver Janice Payne