Master Record Number,Agency,Local Code,County,Township,City,Collision Date,Collision Time,Vehicles Involved,Trailers Involved,Number Injured,Number Dead,Number Deer,House Number,Roadway Name,Roadway Suffix,Roadway Number,Roadway Interchange,Roadway Ramp,Roadway Id,Intersecting Road,Intersecting Road Number,Mile Marker,Interchange,Corporate Limits?,Property Type,Feet From,Direction,Latitude,Longitude,Roadway Class,Traffic Control Devices?,Aggressive Driving?,Hit and Run?,Locality,School Zone?,Rumble Strips?,Construction?,Construction Type,Light Condition,Weather Conditions,Surface Condition,Type of Median,Roadway Junction Type,Road Character,Roadway Surface,Primary Factor,Damage Estimate,Manner of Collision,Time Notified,Time Arrived,Investigation Complete?,Photos Taken?,Unique Location Id,State Property Damage?,Traffic Control,NARRATIVE
903509782,MONROE SD,M19A41351,MONROE,BEAN BLOSSOM,ELLETTSVILLE,12/17/2019,8:30 PM,1,0,0,0,0,9315,,,SR46,,,W STATE ROAD 46,,,,,N,,,,39.281192,-86.682704,UNKNOWN,,N,Y,RURAL,N,N,N,,DARK (NOT LIGHTED),CLEAR,DRY,,NO JUNCTION INVOLVED,CURVE/GRADE,ASPHALT,RAN OFF ROAD RIGHT,$2501 TO $5000,RAN OFF ROAD,830,600,Y,Y,WSTATEROAD46RD,0,NONE,"V1 was east bound on W SR 46 when D1 ran off the roadway for an unknown reason colliding with the mailbox at 9355 W State Road 46 and the mailbox and post at 9315 W. SR 46. D1 also went down the embankment through the fence into a grove of pine trees at 9315 W. SR. 46. V1 came to rest approximately 200' from the roadway. As a result, 2 mailboxes, fence line, and V1 sustained damage.D1 stated he knew he hit the fence but did not know what to do. Criminal Charges of failure to stop after an accident, class B misdemeanor will be sought after.D1 and P2 gave the time of 8:30 PM"
903508657,INDIANA UNIV BLOOMINGTON PD,193003,MONROE,BLOOMINGTON,BLOOMINGTON,12/17/2019,1:28 PM,2,0,1,0,0,,,,SR46,,,SR46,17TH,,,,Y,,,,39.17984,-86.507088,STATE ROAD,Y,N,N,URBAN,N,N,N,,DAYLIGHT,CLEAR,WET,,T-INTERSECTION,STRAIGHT/LEVEL,ASPHALT,FAILURE TO YIELD RIGHT OF WAY,$25001 TO $50000,LEFT TURN,130,135,Y,Y,EAST17THSTSR46,0,TRAFFIC CONTROL SIGNAL,"V2 was traveling South on SR 45/46. As V2 entered the intersection of SR 45/46 and 17th Street, V1 turned left in front of V2 and collided with V2. V1 sustained disabling damage to the front of the vehicle. V2 sustained disabling damage to the front of the vehicle as well. D1 said she was in the Northbound lanes of SR 45/46 attempting to turn left, or West, onto 17th Street. D1 said that the traffic signal turned yellow and she began to turn. D1 said that V2 did not stop and struck the front of her vehicle. D1 was checked by EMS but was not transported. D2 said that he was traveling straight in the Southbound lanes of SR45/46. D2 said that the light turned yellow as he was entering the intersection and that V1 turned left in front of him. D2 said he veered to the right in an attempt to avoid the collision but was still struck. Passenger 1 (P1) was a passenger in V2. P1 agreed that as V2 entered the intersection, the light was yellow and that V1 turned in front of V2. P1 sustained an abrasion to his right wrist. P1 was checked by EMS at the scene but was not transported.Photographs of the scene were taken and are attached to the case."
903508775,BLOOMINGTON PD,B1952444,MONROE,BLOOMINGTON,BLOOMINGTON,12/17/2019,6:45 PM,2,0,0,0,0,220,N MORTON,ST,,,,N MORTON,,,,,Y,,,,39.16786971,-86.536,LOCAL/CITY ROAD,,,Y,URBAN,N,N,N,,UNKNOWN,CLEAR,DRY,,T-INTERSECTION,STRAIGHT/LEVEL,ASPHALT,UNSAFE BACKING,UNDER $1001,BACKING CRASH,645,645,Y,Y,NMORTONST,0,NONE,V1 and V2 were parked at 220 N Morton ST. V1 struck V2. D1 left the scene of the accident. D2 advised that he parked his vehicle at the above mentioned address at 8:50am. D2 advised that he departed at 5:45pm when he noticed that V2 had been struck on the rear passenger side. D2 advised that V2 was not damaged prior to parking at the above mentioned address. It should be noted that I did observed a scuff mark to V2.
903508022,BLOOMINGTON PD,B1952369,MONROE,BLOOMINGTON,BLOOMINGTON,12/17/2019,3:45 AM,2,0,0,0,0,,HENDERSON,ST,,,,HENDERSON,MILLER,,,,Y,,200,S,,,LOCAL/CITY ROAD,,N,N,URBAN,N,N,N,,DARK (LIGHTED),SNOW,SNOW/SLUSH,,NO JUNCTION INVOLVED,STRAIGHT/LEVEL,ASPHALT,DISREGARD SIGNAL/REG SIGN,$2501 TO $5000,RIGHT ANGLE,345,350,Y,Y,HENDERSONSTMILLERDR,0,STOP SIGN,"On December 17th 2019 at appoximately 03:45 hours I was dispatched to 600 E MILLER DR; UTILITY CENTER in reference to an accident in progress. Upon arrival, I observed V1 parked facing west in the utility drive that runs east to west just north of the fire station on the east side of Henderson Street. The driver's side ""cheater stick"" that was connected to the snow plow was bent from the collision. I observed V2 facing southeast on the east part of Henderson Street in the grass between the road and sidewalk. V2 had damage to the passenger rear of the vehicle. It appeared that V2 had been hit in the passenger rear and spun around to the position that it was parked in facing southeast. D1 explained that he was exiting city utilities when he looked both ways at the entrance onto Henderson Street. D1 stated that he did not see anyone coming, but then realized that he had collided with V2. D1 stated that he realized that he had struck the vehicle with his plow that was partially in the roadway of Henderson Street. D2 stated that he was driving northbound on Henderson Street when V1 did not stop before entering traffic onto Henderson Street. D2 stated that V1 continued onto Henderson Street colliding with the rear of his vehicle. D2 stated that V1 did not stop prior to colliding with him. Due to D1 failing to stop at the stop sign before entering onto Henderson Street resulted in the collision between V1 and V2."
903508658,INDIANA UNIV BLOOMINGTON PD,193008,MONROE,BLOOMINGTON,BLOOMINGTON,12/17/2019,3:00 PM,2,0,0,0,0,,TENTH,ST,,,,TENTH,FEE,,,,Y,,,,,,LOCAL/CITY ROAD,Y,N,N,URBAN,N,N,N,,DAYLIGHT,CLEAR,WET,,T-INTERSECTION,STRAIGHT/LEVEL,ASPHALT,FOLLOWING TOO CLOSELY,$2501 TO $5000,REAR END,303,308,Y,N,FEELNTENTHST,0,TRAFFIC CONTROL SIGNAL,"V1 was traveling East on 10th Street behind V2. V2 came to a stop in the intersection of 10th Street and Fee Lane due to a traffic backup. V1 was unable to stop in time striking V2 in the rear. Although there was very minor damage to the exterior of both vehicles, the airbags in V1 deployed.D1 said that as he was following V2, it stopped abruptly in the intersection. D1 said that he tried to stop but was unable to do so and rear ended V2. D2 said that traffic in front of her was backed up and stopped. D2 said that as she stopped she was struck by V1."
903509331,BLOOMINGTON PD,B1952516,MONROE,PERRY,BLOOMINGTON,12/18/2019,11:10 AM,2,0,0,0,0,903,S COLLEGE MALL,RD,,,,S COLLEGE MALL,,,,,Y,,,,39.15809861,-86.49779396,UNKNOWN,,N,N,URBAN,N,N,N,,DAYLIGHT,CLOUDY,DRY,,NO JUNCTION INVOLVED,STRAIGHT/LEVEL,ASPHALT,UNSAFE BACKING,$2501 TO $5000,BACKING CRASH,1115,1125,Y,N,SCOLLEGEMALLRD,0,NONE,"V1 was backing east from a parking space in a private lot. V2 was traveling southbound in the private lot. While backing V1 struck V2.D1 stated that she was backing from a parking space and did not see any other vehicles. As she backed and started to turn the wheel, she struck V2.D2 stated that she was traveling through the parking lot when V1 back and struck her.V1 did strike V2 causing damage to both vehicles."
903510718,ISP BLOOMINGTON 33,2019-00430559,MONROE,VAN BUREN,BLOOMINGTON,12/18/2019,16:55 M,3,,0,0,0,,W 3RD ST,,,,,,STATE RD 37,,,,Y,,264,W,39.16452978,-86.57382882,STATE ROAD,,,,URBAN,N,N,N,,DAYLIGHT,CLEAR,DRY,,RAMP,,CONCRETE,FAILURE TO YIELD RIGHT OF WAY,$10001 TO $25000,LEFT TURN,1656,1656,Y,Y,,0,,"SR48 is a multi-lane roadway that is undivided and double yellow lane control lines to separate the two-way traffic. SR48 primarily travels east and west. The location of this crash is an overpass over I69. Vehicle 1, white ford fusion, was traveling westbound and turning left. V1 entered into the path of V2, a tan toyota corolla, that was traveling eastbound in the northern lane. After V1 spun V2 and it continued to travel southbound, V2 was struck by V3, a dark blue, ford fusion that was traveling eastbound in the southern lane. V1's initial impact into V2 was with the front center of V1 into the driver's side of V2. V3 then struck the right rear of V2 with the front center of V3.Driver 1, Breonna Charles stated that she was traveling westbound on SR48 and that she was attempting to turn south onto I69 form SR48. D1 stated that she began her turn when V2 hit her. When asked about what color her light was, D1 stated that she had a flashing yellow arrow. Driver 2, Steven Mcatee stated that he was traveling eastbound in the northern lane when V1 turned into the side of his car. He stated that he is unsure of what all happened after that and that he came to a stop sideways in the roadway. Driver 3, Megan Sipes stated that she was traveling eastbound in the southern lane and that everything happened so quickly that she was unsure of what had happened. But markings on the vehicles would indicated that after V2 struck V1, V2 continued southbound into the path of V3 and V2 was struck by V3.It is the opinion of the investigating officer that the primary cause of this crash would be failure to yield and that D1 is at fault for both impacts."
903508947,MONROE SD,M19A41296,MONROE,PERRY,BLOOMINGTON,12/18/2019,4:50 AM,1,0,0,0,1,,OLD 37,RD,,,,S OLD 37,WAYSIDE,,,,N,,600,N,0,0,LOCAL/CITY ROAD,,N,N,URBAN,N,N,N,,DARK (LIGHTED),CLEAR,DRY,,NO JUNCTION INVOLVED,STRAIGHT/GRADE,ASPHALT,ANIMAL/OBJECT IN ROADWAY,$5001 TO $10000,COLLISION WITH DEER,530,530,Y,N,SOLD37RDWAYSIDEDR,0,LANE CONTROL,Spoke to D1 and she stated V1 was traveling north on S Old SR 37 in the area of the 5000 block. D1 stated a deer jumped out in front of V1 from the west traveling east. D1 stated she could not avoid striking the deer with the front of V1. The impact with the deer caused damage to the front of V1 but V1 was drivable. D1 was not injured during the crash and she drove V1 from the scene. D1 continued to work and called for a report.
903509068,INDIANA UNIV BLOOMINGTON PD,193014,MONROE,BLOOMINGTON,BLOOMINGTON,12/18/2019,8:30 AM,2,0,0,0,0,,LINGELBACH,LN,,,,LINGELBACH,JORDAN,,,,Y,,,,39.177248,-86.512496,LOCAL/CITY ROAD,,N,N,URBAN,N,N,N,,DAYLIGHT,CLOUDY,DRY,,T-INTERSECTION,STRAIGHT/LEVEL,ASPHALT,FAILURE TO YIELD RIGHT OF WAY,$1001 TO $2500,RIGHT ANGLE,837,843,Y,N,JORDANAVELINGELBACHLN,0,STOP SIGN,"When I arrived on scene, the vehicles had been moved from where the crash occurred. The crash involved a silver Volkswagen (V1), driven by Jing Zhao, and a beige Toyota (V2), driven by Lindsay Feske (D2). None of the parties involved in the crash complained of any injuries. D1 stated that she was driving west on Lingelbach Lane approaching Jordan Ave and came to a stop beyond the stop sign as V2 was attempting to turn left onto Lingelbach Lane from coming southbound on Jordan Ave. The front bumper of V1 crashed into the driver side rear wheel/fender of V2.D2 stated that the windshield of V1 was not defrosted at the time of the crash. When I arrived on scene, the front windshield was mostly clear but the other windows were very frosted and were not clear to see through.V1 sustained moderate damage to the entire front bumper and headlights. V2 sustained minor damage to the driver side rear wheel and fender/bumper.Both vehicles were able to be driven from the scene."
903510076,MONROE SD,M19A41337,MONROE,PERRY,BLOOMINGTON,12/18/2019,1:50 PM,2,0,0,0,0,,VICTOR PIKE,RD,,,,S VICTOR PIKE,,SR37,,,N,,,,39.105552,-86.551104,COUNTY ROAD,,N,N,RURAL,N,N,N,,DAYLIGHT,CLEAR,DRY,,FOUR-WAY INTERSECTION,STRAIGHT/LEVEL,ASPHALT,FOLLOWING TOO CLOSELY,$1001 TO $2500,REAR END,153,209,Y,N,SVICTORPIKERDSOUTHSTATEROAD37RD,0,NONE,V1 REAR ENDED V2 WHILE BOTH VEHICLES WERE ATTEMPTING TO TURN NORTHBOUND ON SOUTH STATE ROAD 37 FROM SOUTH VICTOR PIKE ROAD. D1 ADMITTED FAULT
903509669,BLOOMINGTON PD,B1952556,MONROE,VAN BUREN,BLOOMINGTON,12/18/2019,3:00 PM,2,0,0,0,0,,BLOOMFIELD,RD,,,,WEST BLOOMFIELD,,I69,,,Y,,,,0,0,LOCAL/CITY ROAD,Y,N,Y,URBAN,N,N,N,,DAYLIGHT,CLEAR,DRY,,FOUR-WAY INTERSECTION,STRAIGHT/LEVEL,CONCRETE,FAILURE TO YIELD RIGHT OF WAY,UNDER $1001,SAME DIRECTION SIDESWIPE,401,410,N,Y,SOUTHINTERSTATE69RAMPWESTBLOOMFIELDRD,0,TRAFFIC CONTROL SIGNAL,"D2 STATED THEY WERE TURNING LEFT TO GO EASTBOUND ON W BLOOMFIELD RD FROM THE I69 RAMP. D2 STATED THEY HAD THE GREEN LIGHT TO TURN LEFT, SO HE WAS IN THE PROCESS OF TURNING LEFT, V1 CAME OUT OF NOWHERE AND SIDESWIPED V2. D2 STATED HE WASN'T SURE IF V1 STRUCK V2 UNTIL THEY STOPPED AND NOTICED DAMAGE.D2 STATED THE LICENSE PLATE OF V1 WAS, DREAMZ AND IT WAS A BLACK SEDAN. D2 STATED THE VEHICLES DID NOT MAKE MUCH CONTACT SO HE BELIEVES THAT V1 MAY NOT KNOW THEY STRUCK V2.PHOTOGRAPHS OF V2 WERE TAKEN AND UPLOADED INTO EVIDENCE.NO INJURIES REPORTED."
903510442,MONROE SD,M19A41302,MONROE,PERRY,BLOOMINGTON,12/18/2019,7:23 AM,2,0,0,0,0,,E SMITHVILLE,RD,,,,E SMITHVILLE,,,,,N,,,,39.16424,-86.480688,COUNTY ROAD,,N,N,RURAL,N,N,N,,DAYLIGHT,CLEAR,LOOSE MATERIAL ON ROAD,,NO JUNCTION INVOLVED,STRAIGHT/GRADE,ASPHALT,FOLLOWING TOO CLOSELY,$10001 TO $25000,REAR TO REAR,729,739,Y,N,ESMITHVILLERDSR37S,0,LANE CONTROL,V1 REAR ENDED V2 AS BOTH VEHICLES WERE TRAVELING WB ON E SMITHVILLE ROAD APPROACHING S SR 37. THERE WAS SAND ON THE ROAWAY FROM THE PREVIOUS DAY'S SNOW HOWEVER IT DID NOT PLAY A SIGNIFICAT ROLE IN THE COLLISION.D1 ADMITTED TO REAR ENDING V2.
903511654,ISP BLOOMINGTON 33,2.019E+11,MONROE,RICHLAND,BLOOMINGTON,12/18/2019,08:30 M,2,,0,0,0,6030,W STATE ROAD 48,,,,,,N HARTSTRAIT RD,,,,N,,158,W,39.16503872,-86.61127154,,,,,RURAL,N,N,N,,DAYLIGHT,CLOUDY,DRY,,NO JUNCTION INVOLVED,,ASPHALT,OTHER (DRIVER) - EXPLAIN IN NARRATIVE,$2501 TO $5000,OPPOSITE DIRECTION SIDESWIPE,835,849,Y,Y,,0,,"Primary Cause-Driver Factor: V1 was parked next to V2 in a church parking lot. D1 observed a traffic violation on SR48 and attempted to make a traffic stop. V1 traveled forward and struck V2.The crash occurred in the parking lot of Cross Roads United Methodist Church located at 6030 W. SR48, Monroe County.V1 (2014 white Dodge Charger commission #2514, mileage 117,763) was parked next to V2 (2010 white Dodge Charger commission #4666, mileage 115,410) in the Cross Roads church parking lot. V1 was facing south and V2 was facing north. V1 began to travel south through the parking lot and sideswiped V2 on the driver side rear door and fender area.D1 (Allen Deel) stated he was parked facing south next to V2. D1 observed a traffic violation and started traveling forward when he struck the driver side of V2.D2 (Julie Deel) stated she was parked next to V1 facing north. V1 began to travel forward and struck the driver side of her commission.During the course of my investigation, I observed damage to the driver side front fender, door, and rear fender area of V1. I also observed minor damage to the driver side rear fender and bumper area of V2. No injuries were reported as a result of this crash."
903509759,BLOOMINGTON PD,B1952542,MONROE,BLOOMINGTON,BLOOMINGTON,12/18/2019,2:49 PM,2,0,0,0,0,,E 17TH,ST,,,,E 17TH,N LINCOLN,,,,Y,,,,39.17904,-86.530848,LOCAL/CITY ROAD,,N,N,URBAN,N,N,N,,DAYLIGHT,CLEAR,DRY,,FOUR-WAY INTERSECTION,STRAIGHT/GRADE,ASPHALT,FAILURE TO YIELD RIGHT OF WAY,$5001 TO $10000,RIGHT ANGLE,252,304,Y,Y,E17THSTNLINCOLNST,0,STOP SIGN,"DRIVER 2 STATED THAT SHE WAS DRIVING V2 EAST ON E. 17TH ST. SHE ALSO STATED THAT WHEN SHE ARRIVED AT THE INTERSECTION OF E. 17TH ST. AND N. LINCOLN ST., V1 ENTERED THE INTERSECTION FROM THE SOUTHBOND LANE OF N. LINCOLN ST., THEREFORE V1'S FRONT END STRUCK V2 IN THE DRIVER SIDE. DRIVER 2 STATED THAT SHE HAD RIGHT OF WAY AND DRIVER 1 HAD A STOP SIGN.DRIVER 1 STATED THAT HE WAS DRIVING V1 SOUTH ON N. LINCOLN ST. HE EXPLAINED THAT V1'S WINDSHIELD WIPER WAS NOT FUNCTIONAL, THEREFORE THE WINDSHIELD HAD SOME ICE ON THE OUTSIDE. DRIVER 1 ALSO STATED TAHT HIS WINDSHIELD ALSO HAD SOME CONDENSATION INSIDE. ACCORDING TO DRIVER 1, WHEN HE ARRIVED AT THE INTERSECTION OF E. 17TH ST. AND N. LINCOLN ST., HE FAILED TO SEE THE STOP SIGN DUE TO THE SUNLIGH CREATING A GLARE ON HIS WINDSHIELD. DRIVER 1 MENTIONED THAT HE THEN PROCEEDED THROUGH THE INTERSECTION WITHOUT STOPPING, WICH CAUSED V1'S FRONT END TO STIKE V2 IN THE DRIVER SIDE.WITNESS STATED THAT HE OBSERVED DRIVER 1 PROCEEDED THROUGH THE INTERSECTION, WITHOUT STOPPING AT THE STOP SIGN, AND CAUSED V1 STRIKE V2."
903509528,INDIANA UNIV BLOOMINGTON PD,193015,MONROE,BLOOMINGTON,BLOOMINGTON,12/18/2019,12:19 PM,2,0,0,0,0,,SWAIN,AVE,,,,SWAIN,THIRD,,,,Y,,,,,,LOCAL/CITY ROAD,,N,N,URBAN,N,N,N,,DAYLIGHT,CLEAR,DRY,,T-INTERSECTION,STRAIGHT/GRADE,ASPHALT,FOLLOWING TOO CLOSELY,$10001 TO $25000,REAR END,1223,1232,Y,N,SWAINAVETHIRDST,0,NONE,"V1 and v2 were both traveling west on 3rd street, approaching the intersection of 3rd street and swain avenue. V1 was directly behind v2 in the left lane. 3rd street is a two lane, one way road in that location. V2 had to come to an abrupt stop to avoid hitting another vehicle. When v2 stopped, v1 struck v2 in the rear end. D2 stated she was traveling west in the left lane of 3rd street, approaching the intersection of 3rd street and swain avenue. D2 said there was a vehicle in the right lane just ahead of her. D2 said the other vehicle made a left hand turn from the right lane onto swain avenue, cutting across all the traffic in the left lane. D2 said she had to make an abrupt stop to avoid hitting that vehicle. D2 said when she stopped, v1 struck her in the rear end. D1 said she was traveling in the left lane on 3rd street following v2. D1 said she saw a vehicle try to turn left, and then V2 came to a sudden stop in front of her. D1 said she didn't have enough time to react, and struck v2 in the rear end......I eventually spoke with the driver of the vehicle that made the left hand turn. The driver said she was traveling in the left lane, and made a left hand turn. The driver said she then heard a crash behind her. The driver said she did not turn left from the right lane."
903508913,BLOOMINGTON PD,B1952475,MONROE,PERRY,BLOOMINGTON,12/18/2019,1:22 AM,1,0,0,0,0,,,,I69S,,,I69S,TAPP,,,,Y,,400,S,,,INTERSTATE,,N,N,URBAN,N,N,N,,DARK (NOT LIGHTED),CLOUDY,WET,,NO JUNCTION INVOLVED,STRAIGHT/LEVEL,CONCRETE,DRIVER ASLEEP OR FATIGUED,$5001 TO $10000,RAN OFF ROAD,122,134,Y,N,I69STAPPRD,0,NONE,"V1 WAS TRAVELING SOUTH ON INTERSTATE 69, JUST SOUTH OF TAPP RD.D1 EXPLAINED THAT SHE FELL ASLEEP WHILE TRAVELINGD1 STATED SHE STRUCK THE CONCRETE BARRIER MEDIAN, WHICH CAUSED HER VEHICLE TO SLIDE SIDEWAYS TOWARDS THE WESTV1 THEN SLID ACROSS THE SOUTHBOUND LANES AND FURTHER ACROSS THE OFF RAMP OF TAPP RD. ONTO INTERSTATE 69, WHERE V1 CAME TO RESTV1 WAS REMOVED FROM THE ROADWAY"
903509810,BLOOMINGTON PD,B1952547,MONROE,BLOOMINGTON,BLOOMINGTON,12/18/2019,2:55 PM,2,0,0,0,0,605,2ND,ST,,,,W 2ND,,,,,Y,,,,0,0,UNKNOWN,,,Y,URBAN,N,N,N,,UNKNOWN,CLOUDY,DRY,,NO JUNCTION INVOLVED,STRAIGHT/GRADE,ASPHALT,,$1001 TO $2500,,259,313,Y,Y,W2NDST,0,NONE,D1 is unknown as they left the scene.Owner of V2 stated she was working from 0600 hours until 1400 hours. Owner stated she returned to her vehicle and noticed her vehicle had sustained damage to the drivers side door and drivers side rear quarter panel. No video footage was available for review.
903509941,BLOOMINGTON PD,B1952595,MONROE,BLOOMINGTON,BLOOMINGTON,12/18/2019,10:05 PM,3,0,0,0,0,,3RD,ST,,,,3RD,LANDMARK,,,,Y,,,,,,LOCAL/CITY ROAD,Y,N,N,URBAN,N,N,N,,DARK (LIGHTED),CLEAR,DRY,,FOUR-WAY INTERSECTION,STRAIGHT/GRADE,ASPHALT,FOLLOWING TOO CLOSELY,$2501 TO $5000,REAR END,1011,1017,Y,N,3RDSTLANDMARKAVE,0,TRAFFIC CONTROL SIGNAL,"WHILE TRAVELING EAST ON 3RD ST, V1 REAR ENDED V2 WHICH PUSHED V2 INTO V3. WHILE TRAVELING EAST ON 3RD ST, V2, WHICH WAS SLOWING DOWN, WAS REAR ENDED BY V1 PUSHING IT INTO V3. WHILE STARTING TO TRAVEL EAST ON 3RD ST, V3 WAS REAR ENDED BY V2. D1 STATED THAT WHILE TRAVELING EAST ON 3RD ST, SHE COLLIDED WITH V2. D2 STATED THAT WHILE SLOWING DOWN FACING EAST, SHE WAS REAR ENDED BY V1 PUSHING HER INTO THE REAR OF V3. D3 STATED THAT WHILE BEGING TO TRAVEL EAST ON 3RD ST, HE WAS HIT BY V2."
903510669,BLOOMINGTON PD,B1952665,MONROE,BLOOMINGTON,BLOOMINGTON,12/19/2019,9:00 AM,2,0,0,0,0,1800,N WALNUT,ST,,,,N WALNUT,,,,,Y,,,,39.232544,-86.540704,UNKNOWN,,Y,Y,URBAN,N,N,N,,UNKNOWN,CLEAR,DRY,,NO JUNCTION INVOLVED,STRAIGHT/GRADE,ASPHALT,IMPROPER TURNING,UNDER $1001,SAME DIRECTION SIDESWIPE,228,232,Y,Y,NWALNUTST,0,NONE,"DRIVER 2 STATED THAT AT 07:30 PM OF 12/18/2019, HE PARKED V2 IN THE PARKING LOT OF 1800 N. WALNUT ST. ACCORDING TO DRIVER 2, WHEN HE CAME BACK TO V2 AT 09:00 AM OF 12/19/2019, HE NOTICED DAMAGE MARKES IN THE PASSANGER SIDE OF V2. DRIVER 2 SUSPECTED THAT WHILE HE WAS AWAY FROM V2, AN UNKNOWN VEHICLE (V1) HAD ATTEMPTED TO PARK NEXT TO V2, AND STRUCK IT IN THE PROCESS."
903510674,BLOOMINGTON PD,B1952710,MONROE,BLOOMINGTON,BLOOMINGTON,12/19/2019,7:07 PM,2,0,0,0,0,,HENDERSON,ST,,,,S HENDERSON,GRIMES,,,,Y,,,,0,0,LOCAL/CITY ROAD,,N,N,URBAN,N,N,N,,DARK (LIGHTED),CLEAR,DRY,,FOUR-WAY INTERSECTION,STRAIGHT/LEVEL,ASPHALT,FAILURE TO YIELD RIGHT OF WAY,$2501 TO $5000,RIGHT ANGLE,707,719,Y,N,EGRIMESLNSHENDERSONST,0,STOP SIGN,"D1 stated that she was traveling northbound on S Henderson Street and came to a complete stop at the intersection of E Grimes Lane. D1 stated that she believed the intersection was clear and began to proceed, however she then realized that V2 was already proceeding through the intersection eastbound on E Grimes Lane. V2 attempted to slow but V1 still collided with the passenger side of V2. D1 stated that she believes V2 did have the right of way, she just did not see it.D2 stated that she was traveling eastbound on E Grimes Lane, and continued eastbound through the S Henderson Street intersection after coming to a complete stop. D2 stated that as she was most of the way through the intersection, V1 failed to yield and collided into her vehicle. D2 stated that she did not notice V1 approaching until it was too late, so she was unable to swerve away. Both drivers advised that they were uninjured and both declined an ambulance. Neither vehicle suffered disabling damage and both were able to be driven from the scene."
903510415,BLOOMINGTON PD,B1952625,MONROE,BLOOMINGTON,BLOOMINGTON,12/19/2019,6:40 AM,2,0,1,0,0,,,,SR4546E,,,SR4546E,N WALNUT,,,,Y,,,,39.186368,-86.5344,STATE ROAD,Y,N,Y,URBAN,N,N,N,,DARK (LIGHTED),CLEAR,DRY,,NO JUNCTION INVOLVED,STRAIGHT/LEVEL,ASPHALT,DISREGARD SIGNAL/REG SIGN,$2501 TO $5000,RIGHT ANGLE,640,648,Y,Y,NWALNUTSTSR4546E,0,TRAFFIC CONTROL SIGNAL,"DONALD HODZIC (VEHICLE1) WAS TRAVELING NORTHBOUND ON WALNUT ST, APPROACHING SR 45 46 BYPASS.VEHICLE 1 FAILED TO YIELD RIGHT OF WAY TO TRAFFIC TRAVELING EASTBOUND ON BYPASS.VEHICLE 1 TURNED EASTBOUND ONTO BYPASS AND COLLIDED WITH VEHICLE 2.VEHICLE 1 LEFT THE SCENE.VEHICLE 2 WAS EASTBOUND ON BYPASS. VEHICLE 2 WAS STOPPED AT RED LIGHT AT WALNUT ST. ONCE LIGHT TURNED GREEN, VEHICLE 2 CONTINUED EASTBOUND ON BYPASS.VEHICLE 2 WAS STRUCK BY VEHICLE 1 (NORTHEAST BOUND) WHO DISREGARDED LIGHT."
903510134,BLOOMINGTON PD,B1952634,MONROE,PERRY,BLOOMINGTON,12/19/2019,8:55 AM,2,0,0,0,0,528,S COLLEGE,AVE,,,,S COLLEGE,,,,,Y,,,,39.16115717,-86.53485253,UNKNOWN,,N,N,URBAN,N,N,N,,DAYLIGHT,CLEAR,DRY,,NO JUNCTION INVOLVED,STRAIGHT/LEVEL,ASPHALT,IMPROPER TURNING,$1001 TO $2500,RIGHT TURN,854,859,Y,N,SCOLLEGEAVE,0,NONE,"BOTH VEHICLES IN THE KROGER PARKING LOT, 528 S. COLLEGE AVE. A CUSTOMER REPORTED TO SECURITY THEY THOUGHT THE TWO VEHICLES MADE CONTACT IN THE LOT AS V1 WAS LEAVING. THEY LOOKED, AND FOUND DAMAGE TO V2, AND RECOGNIZED THE OTHER VEHICLE AS A FREQUENT CUSTOMER, AND PROVIDED ME HIS NAME.I LOCATED D1 AT HIS OFFICE AROUND THE CORNER, AND HE HAD NO IDEA THE CRASH HAD OCCURRED. HE SAID HE WAS TURNING RIGHT OUT OF THE PARKING SPACE AND DID NOT FEEL / HEAR THE CONTACT. NO REPORTED INJURIES."
903510869,MONROE SD,M19A41391,MONROE,VAN BUREN,BLOOMINGTON,12/19/2019,6:17 AM,2,0,0,0,0,,FAIRINGTON,DR,,,,FAIRINGTON,LEONARD SPRINGS,,,,N,,1100,E,39.13614401,-86.57861661,LOCAL/CITY ROAD,,N,N,URBAN,N,N,N,,DARK (NOT LIGHTED),CLEAR,DRY,,NO JUNCTION INVOLVED,STRAIGHT/LEVEL,ASPHALT,UNSAFE BACKING,$1001 TO $2500,BACKING CRASH,619,628,Y,N,FAIRINGTONDRLEONARDSPRINGSRD,0,NONE,"V1 WAS A TRASH TRUCK PICKING UP TRASH. D1 STATED THAT HE WAS BACKING UP FOR TRASH REMOVAL AND STRUCK V2 WITH THE REAR STEP OF V1 CAUSING DAMAGE TO THE FRONT DRIVERS SIDE OF V2. THE DAMAGE WAS NOT SEVERE AND IT ALSO POPPED THE FRONT DRIVERS SIDE TIRE. V2 WAS UNOCCUPIED, PARKED AND NOT RUNNING. I LEFT A DRUVERS EXCHANGE FORM AT THE ADDRES THAT THE CAR WAS SITTING IN FRONT OF FOR THE OWNER OF THE V2. THE TRASH TRUCK HAD A US DOT # 2835875 BUT IT DIDNT COME BACK TO ANYTHING. NEITHER VEHICLE NEEDED TO BE TOWED FROM THE SCENE. D1 WAS FIRED BY THE TRASH COMPANY FOR REPORTING/ HAVING AN ACCIDENT."