Master Record Number,Agency,Local Code,County,Township,City,Collision Date,Collision Time,Vehicles Involved,Trailers Involved,Number Injured,Number Dead,Number Deer,House Number,Roadway Name,Roadway Suffix,Roadway Number,Roadway Interchange,Roadway Ramp,Roadway Id,Intersecting Road,Intersecting Road Number,Mile Marker,Interchange,Corporate Limits?,Property Type,Feet From,Direction,Latitude,Longitude,Roadway Class,Traffic Control Devices?,Aggressive Driving?,Hit and Run?,Locality,School Zone?,Rumble Strips?,Construction?,Construction Type,Light Condition,Weather Conditions,Surface Condition,Type of Median,Roadway Junction Type,Road Character,Roadway Surface,Primary Factor,Damage Estimate,Manner of Collision,Time Notified,Time Arrived,Investigation Complete?,Photos Taken?,Unique Location Id,State Property Damage?,Traffic Control,NARRATIVE
903513000,MONROE SD,M19A41661,MONROE,PERRY,BLOOMINGTON,12/21/2019,2:50 PM,2,0,0,0,0,,ORCHARD,LN,,,,ORCHARD,WALNUT,,,,N,,,,0,0,COUNTY ROAD,,N,N,RURAL,N,N,N,,DAYLIGHT,CLEAR,DRY,,NO JUNCTION INVOLVED,STRAIGHT/HILLCREST,ASPHALT,FOLLOWING TOO CLOSELY,$10001 TO $25000,REAR END,250,305,Y,N,ORCHARDLNWALNUTST,0,NONE,Driver 1 and 2 were traveling southbound on South Old State Road 37 just north of South Orchard Lane. Driver 2 stated that the vehicle in front of him came to an abrupt stop to turn and he was able to stop in time however looked up and saw Driver 1 attempting to stop in time however collided with him. Driver 1 stated he was behind Driver 2 and attempted to stop and avoid colliding with Driver 2 but still collided with him. Vehicle 1 sustained heavy front end damage and was towed by Pritchard's Tow Service. Vehicle 2 sustained heavy right rear end damage and the rear windshield was busted out. Both driver's were out of their vehicle's upon arrival and declined medical personnel.
903511825,INDIANA UNIV BLOOMINGTON PD,193040,MONROE,BLOOMINGTON,BLOOMINGTON,12/21/2019,4:15 PM,2,0,0,0,0,,THIRD,ST,,,,THIRD,MITCHELL,,,,Y,,,,,,LOCAL/CITY ROAD,,N,N,URBAN,N,N,N,,DAYLIGHT,CLEAR,DRY,,Y-INTERSECTION,STRAIGHT/LEVEL,ASPHALT,UNSAFE LANE MOVEMENT,$1001 TO $2500,SAME DIRECTION SIDESWIPE,614,417,Y,N,MITCHELLSTTHIRDST,0,NONE,"D1 advised he was driving V1 west bound on Third Street in the right lane. D1 advised while he was driving straight in the right lane, V2 was turning onto Third Street from Mitchell Street. D1 advised when V2 turned onto Third Street V2 entered the right lane of travel, crashing into V1. D2 advised he was turning V2 west bound onto Third Street from Mitchell Street. D2 advised V1 was in the right lane of Third Street. D2 advised when he was V2 turning west bound, V1 entered the left lane of travel, crashing into V2."
903511693,MONROE SD,M19A41636,MONROE,PERRY,BLOOMINGTON,12/21/2019,9:18 AM,2,0,1,0,0,,E RHORER,RD,,,,E RHORER,S HARRELL,,,,N,,,,39.121808,-86.498784,LOCAL/CITY ROAD,,N,N,RURAL,N,N,N,,DAYLIGHT,CLEAR,DRY,,T-INTERSECTION,STRAIGHT/LEVEL,ASPHALT,FAILURE TO YIELD RIGHT OF WAY,$10001 TO $25000,LEFT TURN,919,926,Y,Y,ERHORERRDSHARRELLRD,0,STOP SIGN,"DRIVER OF VEHICLE 1 STATED HE STOPPED AT THE STOP SIGN LOCATED AT THE INTERSECTION OF S. HARROL RD AND E RHORER RD. HE STATED HE SAW A CAR GOING WEST ON RHORER AND SAW NO OTHER VEHICLES, PULLED OUT TO TURN LEFT (WEST) WHEN VEHICLE 2 APPEARED AND COLLIDED WITH VEHICLE 1.DRIVER OF VEHICLE 2 STATED SHE WAS TRAVELLING EAST ON RHORER RD WHEN SHE SAW VEHICLE 1 PULL OUT FROM THE STOP SIGN AT HARROL RD. SHE STATED SHE HONKED HER HORN BUT VEHICLE 1 CONTINUED THE LEFT TURN ON TO RHORER COLLIDING WITH HER VEHICLE.VEHICLE 1 HAD AIRBAG DEPLOYMENT AND HEAVY FRONT END DAMAGE REQUIRING TOW. VEHICLE 2 HAD DAMAGE TO THE PASSENGER SIDE FRONT OF THE VEHICLE REQUIRING A TOW."
903511712,BLOOMINGTON PD,B1952909,MONROE,BLOOMINGTON,BLOOMINGTON,12/21/2019,6:23 AM,2,0,0,0,0,1909,S WALNUT,ST,,,,S WALNUT,,,,,Y,,,,39.18360937,-86.53427556,UNKNOWN,,N,Y,URBAN,N,N,N,,DARK (LIGHTED),CLEAR,DRY,,NO JUNCTION INVOLVED,STRAIGHT/LEVEL,ASPHALT,OTHER (DRIVER) - EXPLAIN IN NARRATIVE,$5001 TO $10000,OPPOSITE DIRECTION SIDESWIPE,623,638,Y,Y,SWALNUTST,0,NONE,DRIVER OF VEHICLE 1 STATED HE HAD DRIVEN THROUGH THE PARKING LOT OF 1909 S WALNUT STREET AND REMEMBERED STRIKING THE RETAINING WALL ON THE SOUTH SIDE OF THE LOT. D1 DID NOT REMEMBER STRIKING V2. V2 WAS PARKED IN A LINE CONSISTENT WITH THE PATH OF TRAVEL FOR V1. V2 HAD DAMAGE CONSISTENT WITH THE DAMAGE TO V1. VEHICLE WAS PARKED AND UNOCCUPPIED. OWNER OF VEHICLE 2 ADVISED IT HAD NOT BEEN DAMAGED PRIOR BEING PARKED ON THE LOT.
903511686,BLOOMINGTON PD,B1952926,MONROE,BLOOMINGTON,BLOOMINGTON,12/21/2019,11:00 AM,2,0,2,0,0,,WILLIAMSBURG,DR,,,,WILLIAMSBURG,3RD,,,,Y,,,,,,LOCAL/CITY ROAD,,N,N,URBAN,N,N,N,,DAYLIGHT,CLEAR,DRY,,T-INTERSECTION,STRAIGHT/LEVEL,ASPHALT,OTHER (DRIVER) - EXPLAIN IN NARRATIVE,$2501 TO $5000,REAR END,1104,1109,Y,N,3RDSTWILLIAMSBURGDR,0,STOP SIGN,"V1 and V2 were stopped on Williamsburg Dr, facing south, attempting to pull onto E 3rd Street. V1 struck V2 in the rear.D1 stated that his foot slipped and he struck V2 in the rear as it was stationary.V1 did strike V2 in the rear causing damage to both vehicles."
903513630,MONROE SD,M19A41763,MONROE,BLOOMINGTON,BLOOMINGTON,12/22/2019,1:13 PM,1,0,1,0,0,,KYLIE,CT,,,,KYLIE,AMBER,,,,N,,200,W,39.11335,-86.50026269,LOCAL/CITY ROAD,,N,N,URBAN,N,N,N,,DAYLIGHT,CLEAR,DRY,,NO JUNCTION INVOLVED,STRAIGHT/LEVEL,ASPHALT,OTHER (ENVIRONMENTAL) - EXPLAIN IN NARR,$1001 TO $2500,OTHER - EXPLAIN IN NARRATIVE,116,128,Y,Y,AMBERCTKYLIECT,0,NONE,D1 traveling east on Kylie Court struck a dumpster parked along the curb at 2920 E Kylie Ct. D1 stated that she didn't see the roll off dumpster. D1 also stated that she's missing a tooth and a busted lip. No airbag deployment.
903512237,MONROE SD,M19A41797,MONROE,VAN BUREN,BLOOMINGTON,12/22/2019,5:42 PM,2,0,0,0,0,3585,,,SR45,,,W SR 45,,,,,N,,,,39.125312,-86.610496,UNKNOWN,,N,Y,URBAN,N,N,N,,DARK (NOT LIGHTED),CLEAR,DRY,,NO JUNCTION INVOLVED,STRAIGHT/LEVEL,ASPHALT,UNSAFE BACKING,$1001 TO $2500,OTHER - EXPLAIN IN NARRATIVE,548,600,N,N,WSR45RD,0,NONE,V1 was in the parking lot of 3585 W State Road 45. D1 stated that he was facing the south waiting in traffic. D1 stated that while waiting for the car in front of him to move forward a dark colored SUV backed out of a parking space and hit his rear end. D1 stated that a female got out of the car to look at damage and then left the scene of the crash.Spoke to the owner of the other vehicle. She stated she was the driver of the vehicle and that she didn't think either vehicle had damage so she thought it was okay to leave the scene.
903512089,BLOOMINGTON PD,B1953064,MONROE,BLOOMINGTON,BLOOMINGTON,12/22/2019,11:17 AM,2,0,0,0,0,,N COLLEGE,AVE,,,,N COLLEGE,W 14TH,,,,Y,,,,39.175984,-86.534736,LOCAL/CITY ROAD,,N,N,URBAN,N,N,N,,DAYLIGHT,CLEAR,DRY,,T-INTERSECTION,STRAIGHT/GRADE,ASPHALT,FAILURE TO YIELD RIGHT OF WAY,$10001 TO $25000,RIGHT ANGLE,1104,1104,Y,N,NCOLLEGEAVEW14THST,0,STOP SIGN,"Vehicle 1 was westbound on W. 14th Street, crossing N. College Avenue when Vehicle 1 was struck by southbound Vehicle 2. Vehicle 2 was southbound on N. College Avenue when Vehicle 1 crossed his path of travel and he struck Vehicle 1. Vehicle 1 had the stop sign westbound at N. College Avenue. Vehicle 2 had no stop sign southbound and therefore had the right-of-way.Vehicle 1 failure to yield right-of-way to thru traffic."
903512869,BLOOMINGTON PD,B1953233,MONROE,BLOOMINGTON,BLOOMINGTON,12/23/2019,3:00 PM,2,0,0,0,0,,GATES,DR,,,,GATES,JACOB,,,,Y,,,,,,LOCAL/CITY ROAD,,N,N,URBAN,N,N,N,,DAYLIGHT,CLEAR,DRY,,T-INTERSECTION,STRAIGHT/LEVEL,ASPHALT,FAILURE TO YIELD RIGHT OF WAY,$1001 TO $2500,OTHER - EXPLAIN IN NARRATIVE,302,322,Y,Y,GATESDRJACOBDR,0,STOP SIGN,"V1 was sitting at a stop sign on North Jacobs waiting to merge into the southbound lane of N Gates Drive when D1 pulled out into the Northbound lane of N Gates Drive stiking V2 on the passengers side causing damage. V1 stated another vehicle had waved at him, allowing him to merge into traffic and he didn't see V2 and accidently struck his vehicle. D2 stated he was driving V2 and was traveling Northbound on N Gates drive when V1pulled into his lane and struck his vehicle causing damage to both vehicles. Both driver's stories match each other about the incident. Field forms were given to both drivers."
903512507,INDIANA UNIV BLOOMINGTON PD,193047,MONROE,BLOOMINGTON,BLOOMINGTON,12/23/2019,8:50 AM,2,0,0,0,0,,,,SR46,,,SR46,10TH,,,,Y,,68,N,39.17181798,-86.50219542,STATE ROAD,,N,N,URBAN,N,N,N,,DAYLIGHT,CLEAR,DRY,,NO JUNCTION INVOLVED,STRAIGHT/GRADE,ASPHALT,UNSAFE LANE MOVEMENT,$5001 TO $10000,SAME DIRECTION SIDESWIPE,850,903,Y,N,SR45SR46,0,NONE,"V2 was traveling straight in the right hand turn lane of Southbound SR46. V1 attempted to change lanes into the same turn lane striking V2. V2 sustained minor damage to the passenger side of the vehicle. V1 sustained moderate damage to the front and driver side of the vehicle. D1 said that she was in the right lane that is designated as a left turn lane. D1 said that she thought V2 was in the left lane that is designated as a left turn lane. D1 said she thought that V2 veered into her lane striking her vehicle. D1 said she was traveling less than 40 mph. D2 said that she was in the right lane that is designated as left turn lane. D2 said that V1 was in the left straight lane and changed lanes into her lane causing the collision. D2 said she was traveling less than 40 mph. Upon arriving at the scene, prior to speaking with either driver, I noticed vehicle parts from the collision on the solid white line separating the turn lanes from the left straight lane. The location of this debris in relation to the damage to the vehicles indicates that the collision did occur with V1 in the straight lane. Both Drivers complained of glare from the sun when the crash occurred. D1 was cited for expired license plates. D2 was cited for no proof of insurance. When I arrived, V2 was in a private parking lot. V2 was parked in a space and not towed."
903512981,INDIANA UNIV BLOOMINGTON PD,193054,MONROE,BLOOMINGTON,BLOOMINGTON,12/23/2019,6:10 PM,2,0,0,0,0,,,,SR46,,,SR46,10TH,,,,Y,,300,S,39.17088014,-86.50171207,STATE ROAD,,N,N,URBAN,N,N,N,,DARK (NOT LIGHTED),CLEAR,WET,,RAILROAD CROSSINGS,STRAIGHT/LEVEL,ASPHALT,FOLLOWING TOO CLOSELY,$1001 TO $2500,REAR END,618,624,Y,N,SR4610THST,0,NONE,Vehicle 1 is a commercial vehicle rented by Cort Business Services Corporation from Ryder Truck Rental LT.Vehicle 1 was stopped in traffic facing north on the State Road 46 Bypass just south of the railroad crossing south of 10th Street in the left lane behind Vehicle 2. Vehicle 2 was stopped in traffic facing north on the State Road 46 Bypass just south of the railroad crossing south of 10th Street in the left lane in front of Vehicle 1.Driver 1 stated he was stopped behind Vehicle 2 in traffic just south of the railroad crossing. Driver 1 advised Vehicle 2 moved forward across the railroad tracks and stopped again. Driver 1 advised he moved forward slowly and stopped. He stated that after stopping his foot slipped off the brake pedal and he rolled into the rear bumper of Vehicle 2.Driver 2 stated he was stopped in traffic just south of the railroad crossing. Driver 2 advised the vehicle in front of him moved forward a few feet and he began moving forwards as well. Driver 2 stated he stopped still south of the railroad crossing and noticed Vehicle 1 roll forward behind him. Driver 2 stated Vehicle 1 stopped extremely close to the rear of his vehicle. He stated that while still stopped he felt Vehicle 1 strike the rear of his vehicle. No one involved complained of any injuries.There was minor damage to the front bumper of Vehicle 1 but Driver 1 advised he believed this damage was there prior to the accident. Vehicle 2 had minor damage to the rear bumper and tire cover.Due to the vehicles being moved and the location not being exact a diagram was not completed.
903512833,BLOOMINGTON PD,B1953231,MONROE,BLOOMINGTON,BLOOMINGTON,12/23/2019,2:52 PM,2,0,0,0,0,3334,W 3RD,ST,,,,W 3RD,,,,,Y,,,,39.164816,-86.573888,UNKNOWN,,N,N,URBAN,N,N,N,,DAYLIGHT,CLEAR,DRY,,FOUR-WAY INTERSECTION,STRAIGHT/GRADE,ASPHALT,FAILURE TO YIELD RIGHT OF WAY,$2501 TO $5000,RIGHT ANGLE,258,315,Y,N,W3RDST,0,STOP SIGN,Driver 1 stated she was stopped at the stop sign eastbound on the drive that runs behind 3334 W 3rd St. Driver 1 stated she was turning right and pulled out into the path of vehicle 2 and collided with vehicle 2. Driver 2 stated he was south on the drive that runs next to 3334 W 3rd St when vehicle 1 pulled out and collided with him. Witness 1 was behind vehicle 1 and stated that vehicle 1 pulled out into the intersection and collided with vehicle 2 as vehicle 2 was driving south. Vehicle 2 had the right of way.
903513601,MONROE SD,M19A41847,MONROE,RICHLAND,BLOOMINGTON,12/23/2019,9:33 AM,2,1,0,0,0,4265,W VERNAL,PIKE,,,,W VERNAL,,,,,N,,,,39.172704,-86.655888,LOCAL/CITY ROAD,,N,N,RURAL,N,N,N,,DAYLIGHT,CLEAR,DRY,,NO JUNCTION INVOLVED,STRAIGHT/LEVEL,ASPHALT,UNSAFE BACKING,$2501 TO $5000,BACKING CRASH,936,944,Y,N,WVERNALPIKE,0,NONE,DRIVER 1 ADVISED SHE WAS MOVING V1 WHEN THE ATTACHED TRAILER STRUCK THE FRONT OF V2
903512997,BLOOMINGTON PD,B1953266,MONROE,PERRY,BLOOMINGTON,12/23/2019,6:40 PM,2,0,0,0,0,1175,S COLLEGE MALL,RD,,,,S COLLEGE MALL,,,,,Y,,,,39.15412578,-86.49786768,UNKNOWN,,N,Y,URBAN,N,N,N,,DARK (LIGHTED),CLEAR,DRY,,NO JUNCTION INVOLVED,STRAIGHT/GRADE,ASPHALT,UNSAFE BACKING,$1001 TO $2500,BACKING CRASH,645,653,N,Y,SCOLLEGEMALLRD,0,NONE,"BOTH W1 AND W2 STATED THEY OBSERVED A RED CHEVY S10 ATTEMPT TO BACK IN TO A PARKING SPACE AT THE KROGER PARKING LOT. WITNESSES STATED THE VEHICLE WAS BACKING UP AT AN UNSAFE SPEED, AND THE REAR OF V1 STRUCK THE FRONT OF V2, WHICH WAS PARKED IN A PARKING SPACE ACROSS FROM V1. THE OWNER OF V2 WAS NOT PRESENT FOR THIS ACCIDENT. THE LICENSE PLATE OF V1 IS UNKNOWN AT THIS TIME, BUT I WILL PERFORM A FOLLOW UP TO THIS CASE IN ATTEMPT TO IDENTIFY V1."
903513001,MONROE SD,M19A41877,MONROE,PERRY,BLOOMINGTON,12/23/2019,4:04 PM,1,0,0,0,0,,OLD 37 STATE,RD,,,,S OLD 37 STATE,37 STATE,,,,N,,285,S,39.06533607,-86.54264,LOCAL/CITY ROAD,,N,N,RURAL,N,N,N,,DAYLIGHT,CLEAR,WET,,NO JUNCTION INVOLVED,CURVE/LEVEL,ASPHALT,UNSAFE SPEED,$1001 TO $2500,RAN OFF ROAD,404,420,Y,N,37STATERDSOLD37STATERD,0,LANE CONTROL,"V1 was traveling south on Old State Road 37 just south of State Road 37. As V1 was coming around a turn in the road, D1 lost control and the vehicle ran off the roadway and hit a dirt mound on the side of the road. D1 stated he was traveling around the turn and hit the accelerator. D1 stated his vehicle lost traction and he lost control of V1. D1 stated he ran off the road, hit the dirt mound, and his truck spun around facing the opposite direction while off the road. V1 had damage to the front left head light and bumper. D1 refused any medical services."
903513006,BLOOMINGTON PD,B1953288,MONROE,PERRY,BLOOMINGTON,12/23/2019,9:22 PM,1,0,1,0,0,410,COLLEGE MALL,RD,,,,SOUTH COLLEGE MALL,,,,,Y,,,,0,0,LOCAL/CITY ROAD,,N,N,URBAN,N,N,N,,DARK (LIGHTED),CLEAR,DRY,,T-INTERSECTION,STRAIGHT/LEVEL,ASPHALT,FAILURE TO YIELD RIGHT OF WAY,UNDER $1001,LEFT TURN,922,928,Y,Y,SOUTHCOLLEGEMALLRD,1,STOP SIGN,"D1 STATED HE STOPPED AT THE STOP SIGN IN FRONT OF 410 S COLLEGE MALL RD AND PROCEEDED TO MAKE A LEFT HAND TURN AT THE INTERSECTION. D1 STATED THAT WAS WHEN HE COLLIDED WITH THE PEDESTRIAN WHO WAS CROSSING THE STREET. D2 STATED THERE WAS NO NEW DAMAGE TO V1.THE PEDESTRIAN STATED HE WAS CROSSING AT THE INTERSECTION AND WHEN HE WAS ABOUT HALFWAY, V1 TURNED LEFT INTO HIM. THE PEDESTRIAN STATED V1 HIT HIM AND THEN RAN OVER HIS RIGHT FOOT.PHOTOGRAPHS WERE TAKEN AND UPLOADED INTO EVIDENCE."
903513372,BLOOMINGTON PD,B1953388,MONROE,BLOOMINGTON,BLOOMINGTON,12/24/2019,6:00 PM,2,0,0,0,0,,KIRKWOOD,DR,,,,KIRKWOOD,S LINCOLN,,,,Y,,,,39.16664,-86.530992,LOCAL/CITY ROAD,,N,N,URBAN,N,N,N,,DARK (LIGHTED),CLEAR,DRY,,FOUR-WAY INTERSECTION,STRAIGHT/LEVEL,ASPHALT,FAILURE TO YIELD RIGHT OF WAY,$1001 TO $2500,OTHER - EXPLAIN IN NARRATIVE,555,555,Y,Y,KIRKWOODDRSLINCOLNST,0,STOP SIGN,"V1 was traveling northbound on Lincoln. D1 stated she stopped at the stop sign at the intersection of Kirkwood/ Lincoln and continued north through the intersection when she was to-boned by V2 causing damage. V2 was traveling westbound on Kirkwood. D2 stated she stopped at the stop sign at the intersection of Kirkwood/ Lincoln and continued West through the intersection and struck V1 on the right passenger side. D2 stated she had stopped and as she entered the interesection "" the vehicle was there and they hit"".Both drivers stated they thought the other was allowing them to continue. All parties denied medical treatment."
903513251,BLOOMINGTON PD,B1953342,MONROE,PERRY,BLOOMINGTON,12/24/2019,12:00 AM,2,0,0,0,0,3105,STRATUM,WAY,,,,E STRATUM,,,,,Y,,,,0,0,UNKNOWN,,N,Y,URBAN,N,N,N,,DARK (LIGHTED),CLEAR,DRY,,NO JUNCTION INVOLVED,STRAIGHT/LEVEL,ASPHALT,OTHER (DRIVER) - EXPLAIN IN NARRATIVE,$1001 TO $2500,OTHER - EXPLAIN IN NARRATIVE,1146,1157,N,Y,ESTRATUMWAY,0,NONE,"V2 was parked and unoccupied outside the address when it was struck by V1, which did not provide driver contact nor vehicle insurance information prior to leaving the scene. V1/D1 is unknown at time of report. V2 was parked and unoccupied outside the address when it was struck by V1. V2 sustained damage to the right rear 1/4 panel area. V1 damage is unknown."
903513289,BLOOMINGTON PD,B1953349,MONROE,BLOOMINGTON,BLOOMINGTON,12/24/2019,11:53 AM,2,0,0,0,0,,N ROGERS,ST,,,,N ROGERS,E KIRKWOOD,,,,Y,,,,39.166672,-86.538608,LOCAL/CITY ROAD,Y,N,N,URBAN,N,N,N,,DAYLIGHT,CLEAR,DRY,,FOUR-WAY INTERSECTION,STRAIGHT/LEVEL,ASPHALT,DISREGARD SIGNAL/REG SIGN,$1001 TO $2500,OTHER - EXPLAIN IN NARRATIVE,1156,1158,Y,Y,EKIRKWOODAVENROGERSST,0,TRAFFIC CONTROL SIGNAL,"V1 was traveling west on West Kirkwood when he disregarded the stop light and struck V2 who was traveling North on Rogers street causing damage to both vehicles. When asked if he saw if the light was red D1 stated that he was on his way to an AA meeting and had a lot on his mind and just didn't notice it had changed to red. D1 showed his license was suspended-infraction but had a hardship license that allV2 stated she was traveling North on Rogers and had the green light. D2 stated that as she passed through the intersection, V1 struck her vehicle causing damage to the right side passenger door. The outer panel of her door was stuck on V1's bumper. Field forms were given to both drivers."
903515452,ISP BLOOMINGTON 33,2.019E+11,MONROE,PERRY,BLOOMINGTON,12/24/2019,09:10 M,2,,0,0,0,,STATE RD 37,,,,,,VICTOR PIKE,,,,N,,0,S,39.105504,-86.551442,STATE ROAD,,,,RURAL,N,N,N,,DAYLIGHT,FOG/SMOKE/SMOG,DRY,,FOUR-WAY INTERSECTION,,ASPHALT,FAILURE TO YIELD RIGHT OF WAY,$10001 TO $25000,RIGHT ANGLE,911,913,Y,N,,0,,"On Tuesday, December 24, 2019 at 9:10AM, I Trp. Matthew Harris responded to a crash on SR 37 at the Victor Pike intersection. State Road 37 is a four lane two way highway that runs primarily north and south. The intersection at Victor Pike is run by a fully operational traffic light. At the time of the crash, the weather was foggy and the road surface was dry. Traffic was light to moderate at the time of the crash. Vehicle 1, a silver Chevrolet Avero, was traveling south on SR 37 approaching the Victor PIke traffic light. Vehicle 2, a white GMC Savana van, was traveling west on Victor Pike at the SR 37 intersection. V1 went through the intersection at the same time V2 went through the intersection. V1 stuck the front passenger side bumper of V2. Both vehicles came to a stop in the middle of the southbound lanes of SR 37 in the middle of the Victor Pike intersection. Driver 1, Eric Miller, stated he was traveling south on SR 37 approaching the Victor Pike intersection. D1 told me he thought he had the green light but wasn't sure because he couldn't see the light due to the glare from the sun that morning. D1 stated he continued through the intersection and struck V2. Driver 2, Tyler Gadberry, stated he was traveling west on Victor Pike traveling through the SR 37 intersection. D2 told me his light was green so he was attempting to cross the intersection. D2 said while he was going through the intersection V1 struck his van. D1 said that after he was hit he tried to pull his vehicle to the southwest corner of the intersection to get it out of the way of traffic. Witness 1, Clayton Southern, stated he was sitting in his truck at the light on Victor PIke at SR 37 facing east. W1 stated he watched as V1 traveled though the intersection and hit V2. W1 said that the light was red for V1 when it went through the intersection but it appeared as if it never tried to stop. Evidence show heavy damage to the front end of V1. Evidence shows heavy damage to the front end of V2. Evidence shows that the traffic light at SR 37 and Victor Pike was fully operation at the time of the crash. Evidence shows that W1 was at the traffic light at the time of the crash."
903519609,BLOOMINGTON PD,B1953345,MONROE,BLOOMINGTON,BLOOMINGTON,12/24/2019,11:53 AM,2,0,0,0,0,,N ROGERS,ST,,,,N ROGERS,E KIRKWOOD,,,,Y,,,,39.166672,-86.538608,LOCAL/CITY ROAD,,N,N,URBAN,N,N,N,,DAYLIGHT,CLEAR,DRY,,FOUR-WAY INTERSECTION,STRAIGHT/LEVEL,ASPHALT,DISREGARD SIGNAL/REG SIGN,$1001 TO $2500,OTHER - EXPLAIN IN NARRATIVE,1156,1158,Y,Y,EKIRKWOODAVENROGERSST,0,STOP SIGN,V1 was traveling westbound on Kirkwood and disregarded the stop sign at the intersection of Kirkwood and Rogers. Striking V2 on the right side passenger door causing damage. V1 stated he had a lot on his mind and just didn't see the sign. V2 was traveling north bound on Rogers when it was struck on the right passenger side by V2. Neither vehicle were towed from the scene.
903521173,ELLETTSVILLE PD,E1907012,MONROE,RICHLAND,ELLETTSVILLE,12/24/2019,1:13 PM,2,0,0,0,0,,HARTSTRAIT,RD,,,,HARTSTRAIT,DALLAS,,,,,,,,39.22075,-86.61201,COUNTY ROAD,,Y,Y,,N,N,N,,DAYLIGHT,CLEAR,DRY,,T-INTERSECTION,STRAIGHT/LEVEL,ASPHALT,FAILURE TO YIELD RIGHT OF WAY,$1001 TO $2500,SAME DIRECTION SIDESWIPE,113,118,Y,N,DALLASLNHARTSTRAITRD,0,LANE CONTROL,"Driver two stated that he was South on Harstrait when Driver one passed him on the left side of the vehicle. Vehicle 1 struck the front driver's corner panel of the car, causing minor damage. Then took off at what Driver 1 stated was a high rate of speed.On December 31, I was able to get a hold of the vehicle owner, who stated that his daughter drives the vehicle and that it was probably her boyfriend who was driving. The boyfriend showed up at the police department a short time later and stated that he passed a vehicle on that day but didn't think he hit it. No Diagram due to both cars moved before officer arrival.On January 7, I was able to get insurance information from the owner"
903516672,BLOOMINGTON PD,B1953335,MONROE,BLOOMINGTON,BLOOMINGTON,12/24/2019,11:03 AM,2,0,1,0,0,1275,S COLLEGE MALL,RD,,,,S COLLEGE MALL,,,,,Y,,,,39.152701,-86.49542,UNKNOWN,,N,N,URBAN,N,N,N,,DAYLIGHT,CLEAR,DRY,,NO JUNCTION INVOLVED,STRAIGHT/GRADE,ASPHALT,UNSAFE BACKING,UNDER $1001,BACKING CRASH,1103,1120,Y,Y,SCOLLEGEMALLRD,0,NONE,"D1 STATED HE WAS TRAVELING WEST IN A PARKING LANE AND SAW AN OPEN PARKING SPACE ON THE SOUTH SIDE OF THE LANE. THOUGH THE SPACE WAS INTENDED FOR EAST BOUND TRAFFIC, D1 SAID HE PROCEEDED TO MAKE A LEFT TURN INTO THE SPACE. D1 SAID HE DID NOT MAKE THE TURN PROPERLY TO GET INTO THE SPACE SO HE BEGAN TO BACK. WHILE BACKING HE STRUCK V2. D2 STATED SHE WAS TRAVELING WEST IN A PARKING LANE AND WAS STRUCK BY V1."
903513503,BLOOMINGTON PD,B1953404,MONROE,BLOOMINGTON,BLOOMINGTON,12/24/2019,10:34 PM,1,0,1,0,0,,N DUNN,ST,,,,N DUNN,E KENWOOD,,,,Y,,450,N,39.198528,-86.528624,LOCAL/CITY ROAD,,N,N,URBAN,N,N,N,,DARK (NOT LIGHTED),CLEAR,WET,,NO JUNCTION INVOLVED,CURVE/GRADE,ASPHALT,RAN OFF ROAD RIGHT,$10001 TO $25000,RAN OFF ROAD,1035,1040,Y,Y,EKENWOODDRNDUNNST,0,NONE,V1 WAS N/B ON N DUNN ST PASSING E KENWOOD DR. V1 WENT AROUND A DOWNHILL CURVE AND BEGAN TO SKID. V1 THEN RAN OFF THE ROADWAY AND COLLIDED WITH A TREE ON THE RIGHT SIDE OF THE ROAD. V1 TURNED BACKWARD AFTER STRIKING THE TREE AND SLID DOWN A HILL APPROXIMATELY 50 FEET BEFORE COMING TO A STOP. V1 BECAME FULLY ENGULFED IN FLAMES AFTER THE COLLISION. D1 WAS ABLE TO EXIT THE VEHICLE ON HER OWN.D1 STATED THAT SHE WAS LOOKING AT HER PHONE BEFORE RUNNING OFF THE ROADWAY.
903513162,MONROE SD,M19A41932,MONROE,CLEAR CREEK,BLOOMINGTON,12/24/2019,6:55 AM,1,0,0,0,0,1600,E MONROE DAM,RD,,,,E MONROE DAM,,,,,N,OTHER,,,39.008576,-86.517616,LOCAL/CITY ROAD,,N,N,RURAL,N,N,N,,DARK (LIGHTED),CLOUDY,ICE,,NO JUNCTION INVOLVED,CURVE/GRADE,ASPHALT,RAN OFF ROAD RIGHT,$2501 TO $5000,RAN OFF ROAD,658,720,Y,N,EMONROEDAMRD,0,NONE,DRIVER OF VEHICLE 1 STATED SHE HIT ICE AND SLID INTO THE CORP OF ENGINEERS OFFICE AT 1600 E MONROE DAM RD. ON ARRIVAL AT THE SCENE THE ROAD WAS COVERED OVER WITH ICE AND WAS SLICK
903514079,MONROE SD,M19A41942,MONROE,RICHLAND,ELLETTSVILLE,12/24/2019,9:42 AM,1,0,0,0,0,,,,SR46W,,,SR46W,W ARLINGTON,,,,N,,,,39.207648,-86.573792,STATE ROAD,Y,N,N,URBAN,N,Y,N,,DAYLIGHT,CLEAR,DRY,,FOUR-WAY INTERSECTION,STRAIGHT/LEVEL,ASPHALT,DRIVER ILLNESS,$10001 TO $25000,RAN OFF ROAD,942,943,Y,N,SR46WWARLINGTONRD,0,TRAFFIC CONTROL SIGNAL,DRIVER 1 ADVISED THEY WERE WB ON W SR 46 NEAR THE INTERSECTION OF W SR 46 AND W ARLINGTON RD WHEN THEY SUFFERED A LOW BLOOD SUGAR EPISODE CAUSING THEM TO RUN OFF THE NORTH SIDE OF THE ROADWAY AND STRIKE A TREE.