Master Record Number,Agency,Local Code,County,Township,City,Collision Date,Collision Time,Vehicles Involved,Trailers Involved,Number Injured,Number Dead,Number Deer,House Number,Roadway Name,Roadway Suffix,Roadway Number,Roadway Interchange,Roadway Ramp,Roadway Id,Intersecting Road,Intersecting Road Number,Mile Marker,Interchange,Corporate Limits?,Property Type,Feet From,Direction,Latitude,Longitude,Roadway Class,Traffic Control Devices?,Aggressive Driving?,Hit and Run?,Locality,School Zone?,Rumble Strips?,Construction?,Construction Type,Light Condition,Weather Conditions,Surface Condition,Type of Median,Roadway Junction Type,Road Character,Roadway Surface,Primary Factor,Damage Estimate,Manner of Collision,Time Notified,Time Arrived,Investigation Complete?,Photos Taken?,Unique Location Id,State Property Damage?,Traffic Control,NARRATIVE
903513521,BLOOMINGTON PD,B1953347,MONROE,BLOOMINGTON,BLOOMINGTON,12/24/2019,12:02 PM,2,0,0,0,0,,LIBERTY,ST,,,,S LIBERTY,3RD,,,,Y,,,,0,0,LOCAL/CITY ROAD,,N,N,URBAN,N,N,N,,DAYLIGHT,CLEAR,DRY,,T-INTERSECTION,STRAIGHT/LEVEL,ASPHALT,IMPROPER LANE USAGE,$10001 TO $25000,RIGHT ANGLE,1202,1219,Y,N,SLIBERTYSTW3RDST,0,STOP SIGN,"V1 was traveling northbound on S. Liberty approaching W. 3rd St.V2 was stopped at a stop sign, preparing to enter S. Liberty from an adjacent parking lot to the east.D2 states that approximately two vehicles were between V1 and V2. The lead vehicle reportedly stopped, allowing V2 to make a left hand turn traveling southbound onto S. Liberty. V1 reportedly began passing the two vehicles stopped on S. Liberty, traveling into the opposite lane of travel.As V2 entered S. Liberty, V1 struck V2 in the front driver side. D1 states that there were no vehicles between V1 and V2 and that V2 entered the lane of travel where V1 was unable to stop prior to impact."
903513527,BLOOMINGTON PD,B1953334,MONROE,BLOOMINGTON,BLOOMINGTON,12/24/2019,10:56 AM,3,0,1,0,0,,W 6TH,ST,,,,W 6TH,N COLLEGE,,,,Y,,,,39.167648,-86.534784,LOCAL/CITY ROAD,Y,N,N,URBAN,N,N,N,,DAYLIGHT,CLEAR,DRY,,FOUR-WAY INTERSECTION,STRAIGHT/GRADE,ASPHALT,DISREGARD SIGNAL/REG SIGN,$25001 TO $50000,RIGHT ANGLE,1056,1101,Y,Y,NCOLLEGEAVEW6THST,0,TRAFFIC CONTROL SIGNAL,"V1 was traveling eastbound on W. 6th St. While approaching the intersection of S. College Ave.V2 and V3 were both traveling southbound on S. College Ave. while approaching W. 6th St.V1 failed to obey the traffic control signal as it turned to red, and entered into the intersection as southbound traffic began to enter the intersection.V2 and V3 began traveling southbound into the intersection.V1 struck V2 in the passenger side.V3 struck V2 in the rear.V1 sustained heavy front end damage, with injuries. V2 sustained heavy damage to the front, sides and rear, deploying its airbags and causing D2 sustain minor injuries to right arm.V3 sustained light front end damage, with no injuries."
903513191,INDIANA UNIV BLOOMINGTON PD,193056,MONROE,BLOOMINGTON,BLOOMINGTON,12/24/2019,8:20 AM,2,0,1,0,0,,FEE,LN,,,,FEE,17TH,,,,Y,,,,39.178928,-86.518992,LOCAL/CITY ROAD,Y,N,N,URBAN,N,N,N,,DAYLIGHT,CLEAR,DRY,,FOUR-WAY INTERSECTION,STRAIGHT/GRADE,ASPHALT,DISREGARD SIGNAL/REG SIGN,$5001 TO $10000,RIGHT ANGLE,822,822,Y,Y,EAST17THSTFEELN,0,TRAFFIC CONTROL SIGNAL,"When I arrived on scene, I observed an older white male standing over a black female who was laying in the roadway next to her car. I immediately moved them to the nearby sidewalk. The crash involved a tan Jeep (V1), driven by Daniel Capps (D1), and a white Nissan (V2), driven by Talitha Meder (D2). D2 complained of chest pain and right knee pain. D1 did not complain of any injuries.D1 stated he was driving south on Fee Lane and drove straight through the intersection at 17th St. He could not tell me what color the traffic light was. D2 stated she was driving east on 17th St and had a green light for a while as she continued straight through Fee Lane.The front passenger side of V1 crashed into the front driver side of V2.V1 and V2 sustained heavy front end damage and were both leaking different fluids onto the roadway. The airbags of V2 deployed.Both vehicles were towed due to disabling damage. The Milestone camera that overlooks the intersection was inoperable at the time of the crash."
903513301,BLOOMINGTON PD,B1953337,MONROE,BLOOMINGTON,BLOOMINGTON,12/24/2019,11:00 AM,1,0,1,0,0,,1ST,ST,,,,1ST,ROGER,,,,,,,,,,LOCAL/CITY ROAD,,N,Y,,N,N,N,,DAYLIGHT,CLEAR,DRY,,FOUR-WAY INTERSECTION,STRAIGHT/LEVEL,ASPHALT,PEDESTRIAN ACTION,UNDER $1001,OTHER - EXPLAIN IN NARRATIVE,1119,1156,N,Y,1STSTROGERST,0,STOP SIGN,"Pedestrian 1 (P 1) stated he was walking northbound on Rogers at the intersection of 1st and Rogers when he was struck by V1.P1 stated the vehicle, which he described as a Maroon Jeep (unknown model) then left the scene. The witness, Stewart Arney stated he observed P1 get struck but was in shock and did not obtain any details regarding the incident other than it was what he believed to be a maroon Jeep. I asked P1 and Arney which way the vehicle was coming from. Both stated they were unsure but think the vehicle came from the east, hitting P1 on the right leg. P1 had what appeared to road rash on his right thigh. P1 could not give any other information about the incident. P1 declined further medical attention stating he had a Christmas Eve dinner to go to."
903513777,MONROE SD,M19A42039,MONROE,WASHINGTON,BLOOMINGTON,12/25/2019,11:12 PM,1,0,0,0,0,,ANDERSON,RD,,,,ANDERSON,,SR37,,,Y,,500,E,0,0,COUNTY ROAD,,N,N,RURAL,N,N,N,,DARK (NOT LIGHTED),BLOWING SAND/SOIL/SNOW,DRY,,NO JUNCTION INVOLVED,CURVE/GRADE,ASPHALT,DRIVER DISTRACTED - EXPLAIN IN NARRATIVE,$2501 TO $5000,RAN OFF ROAD,1113,1120,Y,N,ANDERSONRDNSR37RD,0,LANE CONTROL,V1 WAS TRAVELING EASTBOUND ON ANDERSON RD NEAR N STATE ROAD 37 WHEN D1 STATED HE SAW DEER OFF IN THE DISTANCE. V1 WAS ENTERING A CURVE AND D1 DID NOT SEE THE CURVE UNTIL HE WAS GOING OFF THE ROAD. V1 WENT OFF THE ROAD INT A DITCH CAUSING DAMAGE TO THE FRONT OF HIS CAR. D1 STATED NO DEER JUMPED IN FRONT OF THE CAR HE WAS JUST DISTRACTED.
903513769,MONROE SD,M19A42034,MONROE,RICHLAND,BLOOMINGTON,12/25/2019,9:32 PM,2,0,0,0,0,,SMITH,PIKE,,,,N SMITH,WOODYARD,,,,N,,,,0,0,LOCAL/CITY ROAD,,N,N,RURAL,N,N,N,,DARK (NOT LIGHTED),CLEAR,DRY,,T-INTERSECTION,STRAIGHT/LEVEL,ASPHALT,FAILURE TO YIELD RIGHT OF WAY,UNDER $1001,SAME DIRECTION SIDESWIPE,934,944,Y,N,NSMITHPIKEWWOODYARDRD,0,STOP SIGN,"UNIT 1 WAS TRAVELING EAST ON W WOODYARD RD IN THE AREA OF THE INTERSECTION WITH N SMITH PIKE. UNIT 2 WAS AT THE STOP SIGN ON N SMITH PIKE. WHEN UNIT 2 PROCEEDED INTO THE INTERSECTION, UNIT 2 WAS TURNING TO THE EAST. UNIT 2 PROCEEDED INTO THE INTERSECTION, INTO THE PATH OF UNIT 1. THE UNITS COLLIDED, BUT THE ONLY DAMAGE WAS A PAINT TRANSVER FROM THE BACK OF UNIT 2 TO THE FRONT OF UNIT 1. NEITHER PARTY WAS INJURED. THE DRIVER OF UNIT 1 STATED THAT UNIT 2 PROCEEDED INTO THE INTERSECTION AFTER ""GOING AROUND"" A VEHICLE THAT WAS STOPPED ON N SMITH PIKE AT THE INTERSECTION."
903513751,MONROE SD,M19A42035,MONROE,BLOOMINGTON,BLOOMINGTON,12/25/2019,9:33 PM,1,0,0,0,1,,OLD STATE 37,RD,,,,N OLD STATE 37,WYLIE,,,,N,,100,N,39.26195787,-86.50108,COUNTY ROAD,,N,N,RURAL,N,N,N,,DARK (NOT LIGHTED),CLEAR,DRY,,T-INTERSECTION,STRAIGHT/LEVEL,ASPHALT,ANIMAL/OBJECT IN ROADWAY,$1001 TO $2500,COLLISION WITH DEER,936,947,Y,N,EWYLIERDNOLDSTATE37RD,0,NONE,V1 was traveling southbound on N Old State Road 37 somewhere in between E Chambers Pike and E Whisnand Rd when a deer ran in the roadway and was struck by the front drivers side of V1. V1 sustained very minor damage.
903513730,MONROE SD,M19A42031,MONROE,BLOOMINGTON,BLOOMINGTON,12/25/2019,8:10 PM,1,0,0,0,0,,,,I69S,,,I69S,ARLINGTON,,,,N,,4752,N,0,0,INTERSTATE,,N,N,RURAL,N,Y,N,,DARK (NOT LIGHTED),CLEAR,DRY,,NO JUNCTION INVOLVED,STRAIGHT/LEVEL,ASPHALT,DRIVER ASLEEP OR FATIGUED,$5001 TO $10000,RAN OFF ROAD,810,820,Y,N,I69SWARLINGTONRD,0,NONE,"D1 WAS DRIVING V1 SB ON I-69, STATED HE IS ON ANTI-DEPRESSANTS AND BELIEVES THEY MIGHT HAVE BEEN THE CAUSE FOR HIM MOMENTARILY FALLING ASLEEP BEHIND THE WHEEL. HE WENT OFF THE ROAD TO THE WEST SIDE OF THE ROAD AND STRUCK A GUARDRAIL. THE VEHICLE CAME TO REST PART WAY IN LANE 3 OF I-69 AND HALF IN THE WB SHOULDER. DRIVER WAS CHECKED FOR INTOXICATION AND NO INDICATIONS WERE FOUND NOR WERE THERE ODORS OF ALCOHOL OR CONTAINERS LOCATED.UPON MY ARRIVAL THE DRIVER NO LONGER SEEMED SLEEPY OR FATIGUED."
903513833,MONROE SD,M19A42051,MONROE,POLK,BLOOMINGTON,12/26/2019,6:38 AM,1,0,0,0,0,,,,SR446S,,,SR446S,OLD RICHARDSON,,,,N,,2000,S,38.90099412,-86.43134,STATE ROAD,,N,N,RURAL,N,N,N,,DARK (NOT LIGHTED),CLEAR,WET,,NO JUNCTION INVOLVED,CURVE/GRADE,ASPHALT,RAN OFF ROAD RIGHT,$2501 TO $5000,RAN OFF ROAD,639,659,Y,N,SOLDRICHARDSONRDSR446S,0,NONE,D1 RAN OFF THE ROADWAY IN THE 4600 BLOCK OF SOUTH STATE ROAD 446 JUST SOUTH OF THE SCENIC VIEW RESTERAUNT. D1 WAS TRAVELING NORTHBOUND AND STATED HE HIT A SLICK SPOT IN THE ROADWAY CAUSING HIM TO RUN OFF AND STRIKE A GUARDRAIL. THE ROADWAY SURFACE CONDITION WAS WET. D1 SAFELY MOVED HIS VEHICLE OFF THE ROADWAY FROM THE COLLISION POINT OF THE GUARDRAIL.
903514274,ELLETTSVILLE PD,E1907065,MONROE,RICHLAND,ELLETTSVILLE,12/26/2019,10:34 PM,1,0,0,0,1,,,,SR46W,,,SR46W,,SR46W,,,Y,,400,E,39.20702132,-86.57263216,STATE ROAD,,N,N,RURAL,N,N,N,,DARK (NOT LIGHTED),CLEAR,DRY,,NO JUNCTION INVOLVED,STRAIGHT/LEVEL,ASPHALT,ANIMAL/OBJECT IN ROADWAY,$5001 TO $10000,COLLISION WITH DEER,1034,1045,Y,N,SR46WSR46W,0,NONE,Driver 1 reported he was driving westbound on 46 and struck a deer that ran into the road
903514022,BLOOMINGTON PD,B1953482,MONROE,BLOOMINGTON,BLOOMINGTON,12/26/2019,9:25 AM,1,0,1,0,0,2819,E 3RD,ST,,,,E 3RD,,,,,Y,,,,39.16422546,-86.49655709,UNKNOWN,,N,Y,URBAN,N,N,N,,DAYLIGHT,CLEAR,DRY,,NO JUNCTION INVOLVED,STRAIGHT/GRADE,ASPHALT,OTHER (DRIVER) - EXPLAIN IN NARRATIVE,UNDER $1001,OTHER - EXPLAIN IN NARRATIVE,930,935,Y,Y,E3RDST,1,NONE,"P1 stated she was walking through the parking lot at 2819 E 3rd Street; McDonalds East. P1 stated she noticed a gold 4 door passenger car coming through the lot towards her.P1 stated the vehicle was not slowing down so she stepped out of the way and put her hand out.P1 stated V1 struck her hand left hand and then stopped. P1 stated that D1 stated "" I am glad you are not hurt'P1 stated that D1 then left the area. P1 described the driver as a white male between 40-50 years old, with white hair. P1 had complaint of pain to her left palm and refused medical treatment."
903514096,MONROE SD,M19A42089,MONROE,CLEAR CREEK,BLOOMINGTON,12/26/2019,2:43 PM,1,0,1,0,0,,SOUTH POINTE RETREAT,DR,,,,SOUTH POINTE RETREAT,EAST POINTE CLUB,,,,N,,100,S,39.02287098,-86.51235,LOCAL/CITY ROAD,,N,N,RURAL,N,N,N,,DAYLIGHT,CLOUDY,DRY,,NO JUNCTION INVOLVED,CURVE/GRADE,ASPHALT,RAN OFF ROAD RIGHT,$5001 TO $10000,RAN OFF ROAD,246,258,Y,N,EASTPOINTECLUBDRSOUTHPOINTERETREATDR,0,NONE,"V1 WAS TRAVELING NORTH BOUND ON SOUTH POINTE RETREAT DRIVE. V1 RAN OFF THE EAST SIDE OF THE ROADWAY, TRAVELED DOWN A SMALL HILL AND CRASHED INTO A TREE. D1 WAS TAKEN BY AMBULANCE TO TO IU HEALTH BLOOMINGTON HOSPITAL TO BE TREATED FOR HIS INJURIES. D1 HAS A HISTORY OF SIEZURES AND BELIEVES HE MAY HAVE HAD ONE WHILE DRIVING."
903514659,MONROE SD,M19A42112,MONROE,VAN BUREN,BLOOMINGTON,12/26/2019,8:44 PM,1,0,0,0,0,,ROCKPORT,RD,,,,ROCKPORT,BOLIN,,,,N,PRIVATE,1000,S,38.99758147,-86.57509,LOCAL/CITY ROAD,,N,N,RURAL,N,N,N,,DARK (NOT LIGHTED),CLEAR,DRY,,NO JUNCTION INVOLVED,STRAIGHT/GRADE,ASPHALT,RAN OFF ROAD RIGHT,$5001 TO $10000,RAN OFF ROAD,844,848,Y,N,BOLINLNROCKPORTRD,0,NONE,V1 north bound on Rockport when he ran off the roadway at 5540 S. Rockport Road resulting in damaging the mailbox. D1 then over corrected/over steered running off the roadway and struck a utility pole. The pole snapped in half approximately 15 feet off the ground.Duke pole number M13271
903514204,MONROE SD,M19A42108,MONROE,CLEAR CREEK,BLOOMINGTON,12/26/2019,7:48 PM,1,0,0,0,0,1050,DILLMAN,RD,,,,W DILLMAN,,,,,N,,,,39.0931955,-86.55505283,UNKNOWN,,N,N,RURAL,N,N,N,,DARK (NOT LIGHTED),CLEAR,LOOSE MATERIAL ON ROAD,,NO JUNCTION INVOLVED,STRAIGHT/LEVEL,GRAVEL,UNSAFE BACKING,UNDER $1001,OTHER - EXPLAIN IN NARRATIVE,748,748,Y,Y,WDILLMANRD,0,NONE,Driver number one was backing out of a parking lot when he struck a sign that is in the middle of the parking lot. Minor damage done to the vehicle.
903514085,INDIANA UNIV BLOOMINGTON PD,193060,MONROE,BLOOMINGTON,BLOOMINGTON,12/26/2019,1:55 PM,2,0,0,0,0,,WOODLAWN,AVE,,,,WOODLAWN,TENTH,,,,Y,,,,,,LOCAL/CITY ROAD,Y,N,N,URBAN,N,N,N,,DAYLIGHT,CLOUDY,DRY,,FOUR-WAY INTERSECTION,STRAIGHT/GRADE,ASPHALT,OTHER (DRIVER) - EXPLAIN IN NARRATIVE,$2501 TO $5000,REAR END,158,204,Y,N,TENTHSTWOODLAWNAVE,0,TRAFFIC CONTROL SIGNAL,"V2 was stopped facing Northbound on Woodlawn Ave at 10th Street. V1 was stopped behind V2. V1 rolled forward striking V2 in the rear, before accelerating and hitting V2 again. V1 sustained moderate damage to the front of the vehicle. V2 did not have any visible damage due to a lift gate on the back. D1 said that he was stopped behind V2 at the traffic signal. D1 said he removed his foot from the brake and did not realize his vehicle was rolling forward. D1 said that initially his vehicle only tapped V2, although when he intended to push the brake pedal he inadvertently pushed the accelerator causing a more significant impact. D1 said he was traveling less than 5mph.D2 said that she was stopped for the red light when V1 rear ended V2. D2 said her vehicle was not moving at all at the time of the collision."
903521868,ISP BLOOMINGTON 33,2.019E+11,MONROE,RICHLAND,BLOOMINGTON,12/26/2019,08:56 M,2,,0,0,0,,N CURRY PIKE,,,,,,PROFILE PKWY,,,,N,,300,N,39.17532803,-86.58306109,COUNTY ROAD,,,,RURAL,N,N,N,,DAYLIGHT,CLOUDY,DRY,,T-INTERSECTION,,ASPHALT,FAILURE TO YIELD RIGHT OF WAY,$1001 TO $2500,RIGHT ANGLE,902,902,Y,N,,0,,"On Thursday, December 26, 2019 at 08:56, I responded to a crash on Curry Pike approximately 1100 feet north of Profile Parkway. At the time of the crash, the weather was cloudy and the road surface was dry. V1, Chevrolet, was stopped on a private drive along the east side of Curry Pike preparing to make a left, south, turn. V2, Freightliner, was traveling north on Curry Pike in the number 2, right, lane. V1 moved forward while checking north and southbound traffic. V2 struck the front of V1 with the right side drive axles of V2 as V2 passed V1. D1, Lindauer, stated he was preparing to make a left, south, turn onto Curry Pike from the private drive. D1 stated he moved forward while checking both north and southbound traffic. D1 stated he believed the front of V1 was partially in the northbound lane of Curry Pike. D1 stated V2 struck the front of V1. D2, Cullison, stated he was travelling north on Curry Pike in the number 2, right, lane. D2 stated there was traffic traveling north on Curry Pike in the number 1, left, lane. D2 stated he observed V1 moving forward as he approached the private drive. D2 stated he was unable to move to the number 1, left, lane due to other traffic. D2 stated he struck the front of V1 with the right side drive axles of V2. Evidence shows damage to the front of V1. Evidence shows rub marks on the tire and a small scratch on the wheel of the right side front drive axle. No other damage was visible on V2. ****Correct Location is Curry Pike approximately 1100 feet north of Profile Parkway*****"
903514689,MONROE SD,M19A42181,MONROE,RICHLAND,BLOOMINGTON,12/27/2019,9:21 PM,2,0,0,0,0,,FORREST PARK,DR,,,,FORREST PARK,SMITH,,,,N,,200,N,39.208144,-86.5832,COUNTY ROAD,,N,N,RURAL,N,N,N,,DARK (NOT LIGHTED),CLEAR,DRY,,NO JUNCTION INVOLVED,STRAIGHT/LEVEL,ASPHALT,FAILURE TO YIELD RIGHT OF WAY,$5001 TO $10000,RIGHT ANGLE,929,929,N,N,FORRESTPARKDRSMITHPIKE,0,NONE,D1 was pulling across Smith Pike from the Speedway gas station parking lot located at the corner of Smith Pike and SR 46W. D1 was going to the parking lot of Urban Air which is west of Speedway across Smith Pike. D1 stated that he looked both directions before crossing and did not see V2. V2 struck V1 in the right rear just behind the right rear tire causing V1 to spin around 180 degrees and came to a stop facing east bound in the south bound lane of Smith Pike.D2 stated that he was south bound on Smith Pike when V1 pulled across in front of him into his lane of travel. D2 struck V2 in the right rear with the right front of his vehicle causing damage to both vehicles.
903514568,BLOOMINGTON PD,B1953606,MONROE,PERRY,BLOOMINGTON,12/27/2019,11:00 AM,2,0,0,0,0,,MADISON,ST,,,,S MADISON,KIRKWOOD,,,,Y,,,,39.16661,-86.53742,LOCAL/CITY ROAD,,N,N,URBAN,N,N,N,,DAYLIGHT,CLOUDY,WET,,FOUR-WAY INTERSECTION,STRAIGHT/LEVEL,ASPHALT,FOLLOWING TOO CLOSELY,$2501 TO $5000,REAR END,1103,1108,Y,N,SMADISONSTWKIRKWOODAVE,0,STOP SIGN,"V1 and V2 were at the intersection of S Madison St and W Kirkwood Ave when V1 struck V2 from behind as it attempted to stop behind V2 due to the stop sign for the intersection. V1/D1 stated he attempted to stop behind V2 ahead of him, however, due to the close proximity of the vehicle he was unable to avoid colliding into the rear bumper portion of V2. V2/D2 stated he was stopped at the stop sign of the intersection when his vehicle was struck from behind by V1. V1 sustained damage to the front bumper area.V2 sustained damage to the rear bumper area."
903515476,ISP BLOOMINGTON 33,2019-00439775,MONROE,PERRY,BLOOMINGTON,12/27/2019,07:45 M,2,,0,0,0,,S VICTOR PIKE,,,,,,STATE RD 37,,,,N,,0,S,39.105677,-86.551245,LOCAL/CITY ROAD,,,,RURAL,N,N,N,,DAWN/DUSK,CLOUDY,DRY,,FOUR-WAY INTERSECTION,,ASPHALT,FAILURE TO YIELD RIGHT OF WAY,$1001 TO $2500,REAR END,750,758,Y,N,,0,,"On Friday, December 27, 2019 at 07:50, I Trp. Matthew Harris responded to a crash on S Victor Pike at intersection of State Rd 37. Victor Pike is a two lane two way road that runs primarily east and west. The intersection at Victor Pike and SR 37 is controlled by a traffic control light that was fully operational at the time of the crash. It was cloudy out at the time of the crash and the road surface was dry.Vehicle 1, a black Ford F150, was facing west on Victor Pike at the SR 37 stop light behind Vehicle 2. V2, a gray Chevrolet Equinox, was facing west on S Victor Pike at the SR 37 stop light getting ready to turn right onto SR 37. While V2 was attempting to turn onto SR 37 V1 rear ended V2. Both vehicles pulled over to the northeast corner of the intersection of the strike.Driver 1, Collin Todd, stated he was sitting behind V2 facing west bound on S Victor Pike getting ready to turn north onto SR 37. D1 said V2 was started to roll forward to turn right onto SR 37 so he started to move forward as well. D1 said he briefly looked down but that when he looked up V2 had stopped. D1 told me at that time he ran into the rear end of V2. Driver 2, Jonathan Karty, stated he was sitting facing west bound on S Victor Pike at the light getting ready to turn north onto SR 37. D2 said as he was sitting there getting ready to turn left he was struck from the rear by V1. Evidence shows minor damage to V2. Evidence shows no visual damage to V1. Evidence shows the traffic light was fully operational at the time of the crash."
903515013,MONROE SD,M19A42128,MONROE,RICHLAND,BLOOMINGTON,12/27/2019,6:32 AM,1,0,1,0,0,,,,SR48E,,,SR48E,VERNAL,,,,N,,1000,W,39.16898809,-86.66456348,STATE ROAD,,N,N,RURAL,N,N,N,,DARK (NOT LIGHTED),CLOUDY,WET,,NO JUNCTION INVOLVED,CURVE/LEVEL,ASPHALT,RAN OFF ROAD RIGHT,$2501 TO $5000,RAN OFF ROAD,632,630,Y,N,SR48EVERNALPIKE,0,NONE,D1 STATED HE WAS TRAVELING WB ON ST RD 48 JUST WEST OF VERNAL PIKE.D1 STATED HE CAME AROUND A BEND IN THE ROAD AND LOST CONTROL DUE TO THE FACT THAT THE ROADWAY WAS WET.D1 LEFT THE ROADWAY AND WENT INTO THE DITCH ON THE OPPOSITE SIDE OF THE ROADWAY.D1 STATED HE WAS ABLE TO DRIVE HIS TRUCK OUT OF THE DITCH AND PULLED OFF TO THE SIDE OF THE ROADWAY.UPON MY ARRIVAL THE VEHICLE WAS MOVED FROM THE CRASH SITE.THE DRIVER COMPLAINED OF BACK PAIN AND WAS TREATED ON SCENE.THE DRIVER WAS NOT TRANSPORTED AND THE VEHICLE WAS ABLE TO DRIVE AWAY FROM THE SCENE.
903514655,BLOOMINGTON PD,B19-53625,MONROE,BLOOMINGTON,BLOOMINGTON,12/27/2019,1:25 PM,2,0,0,0,0,1905,S WALNUT,ST,,,,S WALNUT,,,,,Y,,,,39.18365269,-86.53428978,UNKNOWN,,N,N,URBAN,N,N,N,,DAYLIGHT,CLOUDY,DRY,,NO JUNCTION INVOLVED,STRAIGHT/GRADE,ASPHALT,UNSAFE BACKING,$1001 TO $2500,BACKING CRASH,143,154,Y,Y,SWALNUTST,0,NONE,"Driver 1 stated that she parked V1 in the parking space in front of 100 E. Miller Dr, and was loading her dog in the car. She explained that while she was leaned halfway inside the vehicle, her dog knocked the gear shifter to ""R"", which caused the vehicle start moving backward motion. Driver 1 stated that she tried to shut off the car, but she was unable to do it without compromising her own safety. Driver 1 stated that she then removed her upper body from V1 in order to avoid getting run over by her own vehicle.According to Driver 1, the unoccupied V1 then crossed E. Miller Dr, went to the parking lot of 1905 S. Walnut St., which is locate across the street, and struck V2 in the rear. Driver 1 stated that V2 was unoccupied and parked at the time of collision.Owner 2 stated that he was not present on scene at the time of the incident, however, he was informed about it by Driver 1."
903514606,INDIANA UNIV BLOOMINGTON PD,193061,MONROE,BLOOMINGTON,BLOOMINGTON,12/27/2019,12:59 PM,2,0,0,0,0,,SWAIN,AVE,,,,SWAIN,THIRD,,,,Y,,,,39.16425,-86.51526,LOCAL/CITY ROAD,,N,N,URBAN,N,N,N,,DAYLIGHT,CLEAR,DRY,,NO JUNCTION INVOLVED,STRAIGHT/LEVEL,ASPHALT,IMPROPER LANE USAGE,$1001 TO $2500,SAME DIRECTION SIDESWIPE,101,105,Y,Y,SWAINAVETHIRDST,0,NONE,I was dispatched to the area of E 3rd Street and Swain Road for a property damage crash between an IU Bloomington Health Ambulance and a White Kia Optima. I was advised prior to my arrival the vehicles moved from the roadway to the parking lot on the south side of the Mother Bears Pizza. Upon arrival all parties advised they were fine. D1 said she was west bound on E. 3rd Street in the right hand lane in V1. D1 said she went to merge from the right lane to the left lane and did not see the ambulance in her blind spot when she merged causing V1 to strike V2. D2 said he was west bound on E. 3rd Street in the left hand lane in V2. D2 said he saw V1 have their turn signal on who was in the right hand lane with their intention to merge from the right hand lane to the left hand lane. D2 said V1 then slowed down and he thought they were going merge behind V2 for the lane change. D2 said that's when he felt a thump and V1 had struck V2. Pictures of the damage were taken for both vehicles.
903514840,BLOOMINGTON PD,B1953720,MONROE,BLOOMINGTON,BLOOMINGTON,12/28/2019,10:25 AM,2,0,0,0,0,,WASHINGTON,ST,,,,WASHINGTON,KIRKWOOD,,,,Y,,,,39.16664,-86.5324,LOCAL/CITY ROAD,,N,N,URBAN,N,N,N,,DAYLIGHT,CLOUDY,DRY,,FOUR-WAY INTERSECTION,STRAIGHT/GRADE,ASPHALT,UNSAFE BACKING,$1001 TO $2500,BACKING CRASH,1030,1040,Y,N,KIRKWOODAVEWASHINGTONST,0,STOP SIGN,"V1 and V2 were traveling southbound on Washington St. V1 stopped and attempted to back up and parallel park into a parking spot on the west side of the roadway. V2 was behind V1 and was struck as V1 backed up.D1 stated that he had stopped at the intersection of Waskington/Kirkwood Ave. He had turned on his turn signal to parallel park on the west side of the street. He then back up and while doing so, struck V2.D2 stated that she was behind V1 and saw the turn signal on. She thought he was turning right at the intersection and proceeded to pull up behind V1. V1 then started to back. She attempted to honk her horn but was struck by V1 before she could do so.V1 did strike V2 while backing, causing damage to both vehicles."
903515007,MONROE SD,M19A42238,MONROE,RICHLAND,ELLETTSVILLE,12/28/2019,4:32 PM,2,0,0,0,0,,,,SR46W,,,SR46W,SMITH,,,,N,,,,39.210144,-86.5832,STATE ROAD,,N,N,URBAN,N,N,N,,DAYLIGHT,CLOUDY,DRY,,FOUR-WAY INTERSECTION,STRAIGHT/GRADE,ASPHALT,FAILURE TO YIELD RIGHT OF WAY,$1001 TO $2500,RIGHT ANGLE,432,442,Y,N,SMITHPIKESR46W,0,NONE,V1 south west on SR 46 at Smith Pike turning left or south onto Smith Pike. V2 east bound on SR 46 at Smith Pike going straight through the light. Both D1 and D2 stated the light was changing to yellow when each of them entered the intersection.
903515322,ELLETTSVILLE PD,E1907086,MONROE,RICHLAND,ELLETTSVILLE,12/28/2019,4:28 PM,2,0,0,0,0,,46,HWY,,,,46,UNION VALLEY,,,,Y,,,,39.215152,-86.5928,LOCAL/CITY ROAD,,N,N,URBAN,N,N,N,,DAYLIGHT,CLOUDY,WET,,NO JUNCTION INVOLVED,STRAIGHT/LEVEL,ASPHALT,BRAKE FAILURE OR DEFECTIVE,$2501 TO $5000,OPPOSITE DIRECTION SIDESWIPE,430,445,Y,N,46HWYUNIONVALLEYRD,0,NONE,Driver 1 stated she was turning from 46 onto union valley and her breaks didn't properly work and she turned too wide and struck the vehicle.Driver 2 stated he was in the turn lane to turn onto 46 and said the vehicle turned too wide and struck him.Both vehicles were moved prior to my arrival off of the road